bootstrap_iteration,valid_players,rank_correlation_with_original,top_10_overlap_count,top_10_overlap_rate,top_20_overlap_count,top_20_overlap_rate
1,38,0.8152970784549731,8,0.8,17,0.85
2,38,0.8367436262173104,5,0.5,19,0.95
3,38,0.9026151657730606,8,0.8,19,0.95
4,38,0.8695699748331327,9,0.9,18,0.9
5,38,0.9365357260094103,8,0.8,19,0.95
6,38,0.9113688587372798,7,0.7,18,0.9
7,38,0.8078564394353869,7,0.7,18,0.9
8,38,0.9144326512747565,8,0.8,18,0.9
9,38,0.9185906554327607,8,0.8,19,0.95
10,38,0.9104934894408577,8,0.8,18,0.9
11,38,0.9076485392274865,8,0.8,16,0.8
12,38,0.8866396761133604,7,0.7,18,0.9
13,38,0.9058978006346428,7,0.7,17,0.85
14,38,0.7859722070248387,7,0.7,16,0.8
15,38,0.9509793194003721,8,0.8,19,0.95
16,38,0.9135572819783346,7,0.7,18,0.9
17,38,0.8454973191815297,7,0.7,16,0.8
18,38,0.9072108545792755,9,0.9,18,0.9
19,38,0.9139949666265456,8,0.8,18,0.9
20,38,0.8050114892220154,8,0.8,17,0.85
21,38,0.9166210745158112,7,0.7,18,0.9
22,38,0.8978006346427398,8,0.8,18,0.9
23,38,0.8612539665171244,7,0.7,18,0.9
24,38,0.8914542072436809,9,0.9,18,0.9
25,38,0.914651493598862,7,0.7,17,0.85
26,38,0.9107123317649634,6,0.6,18,0.9
27,38,0.9159645475434949,7,0.7,20,1.0
28,38,0.8750410329357698,7,0.7,20,1.0
29,38,0.9052412736623262,6,0.6,18,0.9
30,38,0.890578837947259,8,0.8,17,0.85
31,38,0.890141153299048,6,0.6,19,0.95
32,38,0.858409016303753,8,0.8,17,0.85
33,38,0.8573148046832257,7,0.7,18,0.9
34,38,0.8595032279242807,7,0.7,17,0.85
35,38,0.896049896049896,7,0.7,18,0.9
36,38,0.8907976802713643,7,0.7,17,0.85
37,38,0.8907976802713643,7,0.7,17,0.85
38,38,0.8726337673706095,8,0.8,17,0.85
39,38,0.8956122114016851,6,0.6,20,1.0
40,38,0.8080752817594923,7,0.7,15,0.75
41,38,0.8925484188642083,7,0.7,19,0.95
42,38,0.8997702155596893,7,0.7,18,0.9
43,38,0.8925484188642083,7,0.7,18,0.9
44,38,0.8912353649195754,7,0.7,18,0.9
45,38,0.8916730495677864,8,0.8,18,0.9
46,38,0.9096181201444359,7,0.7,18,0.9
47,38,0.9122442280337016,7,0.7,18,0.9
48,38,0.877885983149141,7,0.7,19,0.95
49,38,0.9028340080971659,8,0.8,17,0.85
50,38,0.9172776014881278,7,0.7,17,0.85
51,38,0.8761352445562971,8,0.8,17,0.85
52,38,0.8967064230222126,7,0.7,18,0.9
53,38,0.866506182295656,8,0.8,17,0.85
54,38,0.8253638253638254,7,0.7,16,0.8
55,38,0.872414925046504,8,0.8,16,0.8
56,38,0.8247072983915088,7,0.7,18,0.9
57,38,0.79800853485064,5,0.5,16,0.8
58,38,0.8697888171572382,8,0.8,18,0.9
59,38,0.8721960827223986,7,0.7,18,0.9
60,38,0.8255826676879308,7,0.7,17,0.85
61,38,0.8330233067075172,8,0.8,17,0.85
62,38,0.8829193566035671,9,0.9,16,0.8
63,38,0.901083269504322,7,0.7,18,0.9
64,38,0.8831381989276726,8,0.8,17,0.85
65,38,0.8214246635299266,7,0.7,16,0.8
66,38,0.9240617135353977,8,0.8,18,0.9
67,38,0.8610351241930189,7,0.7,18,0.9
68,38,0.9255936098041362,7,0.7,19,0.95
69,38,0.9067731699310646,8,0.8,18,0.9
70,38,0.8993325309114784,7,0.7,18,0.9
71,38,0.8934237881606302,7,0.7,19,0.95
72,38,0.8835758835758836,8,0.8,18,0.9
73,38,0.8406827880512091,9,0.9,18,0.9
74,38,0.8997702155596893,8,0.8,18,0.9
75,38,0.8662873399715505,7,0.7,17,0.85
76,38,0.9144326512747565,10,1.0,18,0.9
77,38,0.8809497756866177,8,0.8,18,0.9
78,38,0.841995841995842,8,0.8,18,0.9
79,38,0.8728526096947149,9,0.9,16,0.8
80,38,0.8951745267534742,8,0.8,18,0.9
81,38,0.8818251449830398,7,0.7,17,0.85
82,38,0.8999890578837948,8,0.8,17,0.85
83,38,0.8328044643834117,7,0.7,17,0.85
84,38,0.8844512528723055,8,0.8,17,0.85
85,38,0.9034905350694824,9,0.9,20,1.0
86,38,0.9170587591640224,8,0.8,18,0.9
87,38,0.8474669000984789,8,0.8,18,0.9
88,38,0.8242696137432979,7,0.7,16,0.8
89,38,0.9113688587372798,8,0.8,18,0.9
90,38,0.871539555750082,9,0.9,16,0.8
91,38,0.9244993981836086,7,0.7,19,0.95
92,38,0.8802932487143014,7,0.7,17,0.85
93,38,0.8864208337892548,7,0.7,15,0.75
94,38,0.8592843856001751,7,0.7,17,0.85
95,38,0.9144326512747565,7,0.7,19,0.95
96,38,0.8505306926359557,8,0.8,18,0.9
97,38,0.8662873399715505,8,0.8,15,0.75
98,38,0.9045847466900099,8,0.8,18,0.9
99,38,0.908305066199803,7,0.7,16,0.8
100,38,0.8982383192909508,7,0.7,18,0.9
101,38,0.9240617135353977,7,0.7,19,0.95
102,38,0.878323667797352,7,0.7,19,0.95
103,38,0.909180435496225,8,0.8,17,0.85
104,38,0.8756975599080862,8,0.8,16,0.8
105,38,0.8242696137432979,8,0.8,15,0.75
106,38,0.9056789583105371,8,0.8,18,0.9
107,38,0.9098369624685414,8,0.8,19,0.95
108,38,0.8846700951964108,8,0.8,18,0.9
109,38,0.8927672611883138,10,1.0,17,0.85
110,38,0.8713207134259766,7,0.7,17,0.85
111,38,0.8345552029762556,7,0.7,17,0.85
112,38,0.9098369624685414,7,0.7,17,0.85
113,38,0.8404639457271036,7,0.7,16,0.8
114,38,0.9063354852828537,7,0.7,18,0.9
115,38,0.8700076594813436,7,0.7,17,0.85
116,38,0.8654119706751285,7,0.7,18,0.9
117,38,0.9288762446657184,9,0.9,18,0.9
118,38,0.9017397964766386,7,0.7,17,0.85
119,38,0.9374110953058321,8,0.8,18,0.9
120,38,0.9041470620417988,7,0.7,16,0.8
121,38,0.8728526096947149,8,0.8,18,0.9
122,38,0.8695699748331327,8,0.8,17,0.85
123,38,0.793850530692636,8,0.8,15,0.75
124,38,0.9271255060728744,7,0.7,19,0.95
125,38,0.9216544479702374,8,0.8,17,0.85
126,38,0.8892657840026261,7,0.7,19,0.95
127,38,0.933690775796039,7,0.7,19,0.95
128,38,0.9207790786738155,8,0.8,18,0.9
129,38,0.9006455848561111,8,0.8,18,0.9
130,38,0.8516249042564832,8,0.8,17,0.85
131,38,0.9080862238756976,8,0.8,18,0.9
132,38,0.854251012145749,8,0.8,16,0.8
133,38,0.9238428712112922,8,0.8,18,0.9
134,38,0.8927672611883138,7,0.7,18,0.9
135,38,0.9323777218514061,7,0.7,19,0.95
136,38,0.9280008753692964,8,0.8,19,0.95
137,38,0.9249370828318196,8,0.8,19,0.95
138,38,0.8984571616150564,7,0.7,18,0.9
139,38,0.8371813108655214,6,0.6,18,0.9
140,38,0.903271692745377,9,0.9,18,0.9
141,38,0.8612539665171244,7,0.7,17,0.85
142,38,0.8632235474340738,7,0.7,18,0.9
143,38,0.8789801947696685,8,0.8,16,0.8
144,38,0.8645366013787066,7,0.7,18,0.9
145,38,0.8855454644928329,7,0.7,18,0.9
146,38,0.9142138089506511,9,0.9,18,0.9
147,38,0.8975817923186344,8,0.8,19,0.95
148,38,0.9236240288871868,7,0.7,18,0.9
149,38,0.8925484188642083,10,1.0,17,0.85
150,38,0.8069810701389648,8,0.8,17,0.85
151,38,0.8575336470073311,7,0.7,16,0.8
152,38,0.8881715723820987,8,0.8,17,0.85
153,38,0.8573148046832257,7,0.7,18,0.9
154,38,0.9238428712112922,9,0.9,19,0.95
155,38,0.896925265346318,6,0.6,18,0.9
156,38,0.9026151657730606,8,0.8,17,0.85
157,38,0.8630047051099682,6,0.6,17,0.85
158,38,0.891891891891892,7,0.7,17,0.85
159,38,0.8312725681146734,6,0.6,18,0.9
160,38,0.945070576649524,8,0.8,18,0.9
161,38,0.8144217091585513,6,0.6,16,0.8
162,38,0.8560017507385929,7,0.7,17,0.85
163,38,0.8881715723820987,7,0.7,18,0.9
164,38,0.920122551701499,7,0.7,17,0.85
165,38,0.8721960827223986,6,0.6,18,0.9
166,38,0.8995513732355837,8,0.8,18,0.9
167,38,0.8868585184374658,6,0.6,18,0.9
168,38,0.9048035890141154,6,0.6,18,0.9
169,38,0.9174964438122333,7,0.7,18,0.9
170,38,0.901520954152533,6,0.6,16,0.8
171,38,0.8713207134259766,8,0.8,15,0.75
172,38,0.8881715723820987,8,0.8,17,0.85
173,38,0.8247072983915088,7,0.7,17,0.85
174,38,0.8336798336798338,9,0.9,15,0.75
175,38,0.9280008753692964,8,0.8,19,0.95
176,38,0.8492176386913229,7,0.7,19,0.95
177,38,0.8621293358135463,6,0.6,18,0.9
178,38,0.9074296969033812,9,0.9,18,0.9
179,38,0.8457161615056351,8,0.8,17,0.85
180,38,0.8494364810154285,7,0.7,18,0.9
181,38,0.8975817923186344,7,0.7,19,0.95
182,38,0.8875150454097821,7,0.7,18,0.9
183,38,0.8728526096947149,7,0.7,17,0.85
184,38,0.8973629499945289,9,0.9,17,0.85
185,38,0.8907976802713643,7,0.7,16,0.8
186,38,0.9131195973301236,8,0.8,18,0.9
187,38,0.8128898128898129,6,0.6,19,0.95
188,38,0.9137761243024399,9,0.9,17,0.85
189,38,0.8271145639566692,7,0.7,16,0.8
190,38,0.8299595141700404,7,0.7,16,0.8
191,38,0.8479045847466901,9,0.9,16,0.8
192,38,0.8953933690775795,7,0.7,18,0.9
193,38,0.889703468650837,7,0.7,18,0.9
194,38,0.9290950869898239,9,0.9,18,0.9
195,38,0.913338439654229,7,0.7,19,0.95
196,38,0.908742750848014,8,0.8,17,0.85
197,38,0.9343473027683553,6,0.6,19,0.95
198,38,0.8951745267534742,7,0.7,17,0.85
199,38,0.9089615931721193,8,0.8,16,0.8
200,38,0.8857643068169385,7,0.7,18,0.9
201,38,0.8818251449830398,8,0.8,19,0.95
202,38,0.8763540868804026,7,0.7,19,0.95
203,38,0.7881606302658934,8,0.8,15,0.75
204,38,0.8684757632126053,8,0.8,19,0.95
205,38,0.8551263814421708,8,0.8,15,0.75
206,38,0.8988948462632673,8,0.8,19,0.95
207,38,0.945070576649524,8,0.8,19,0.95
208,38,0.8706641864536601,8,0.8,16,0.8
209,38,0.8365247838932051,8,0.8,16,0.8
210,38,0.8925484188642083,7,0.7,18,0.9
211,38,0.8875150454097821,8,0.8,18,0.9
212,38,0.9107123317649634,9,0.9,18,0.9
213,38,0.8503118503118502,7,0.7,16,0.8
214,38,0.8750410329357698,7,0.7,19,0.95
215,38,0.8612539665171244,7,0.7,18,0.9
216,38,0.8065433854907539,8,0.8,15,0.75
217,38,0.8691322901849217,7,0.7,18,0.9
218,38,0.9216544479702374,7,0.7,19,0.95
219,38,0.908305066199803,7,0.7,17,0.85
220,38,0.901083269504322,9,0.9,18,0.9
221,38,0.8995513732355837,10,1.0,19,0.95
222,38,0.8949556844293686,7,0.7,19,0.95
223,38,0.890141153299048,9,0.9,17,0.85
224,38,0.8155159207790788,6,0.6,18,0.9
225,38,0.8080752817594923,5,0.5,16,0.8
226,38,0.8671627092679723,8,0.8,16,0.8
227,38,0.8772294561768246,6,0.6,18,0.9
228,38,0.8831381989276726,8,0.8,18,0.9
229,38,0.9023963234489549,9,0.9,17,0.85
230,38,0.9052412736623262,7,0.7,19,0.95
231,38,0.8586278586278586,9,0.9,16,0.8
232,38,0.8881715723820987,7,0.7,17,0.85
233,38,0.9203413940256046,7,0.7,19,0.95
234,38,0.8575336470073311,7,0.7,18,0.9
235,38,0.8940803151329467,7,0.7,18,0.9
236,38,0.9076485392274865,7,0.7,19,0.95
237,38,0.9341284604442499,9,0.9,16,0.8
238,38,0.9100558047926468,8,0.8,17,0.85
239,38,0.8719772403982929,9,0.9,18,0.9
240,38,0.8942991574570521,8,0.8,18,0.9
241,38,0.8643177590546011,8,0.8,17,0.85
242,38,0.8988948462632673,7,0.7,19,0.95
243,38,0.8872962030856767,7,0.7,18,0.9
244,38,0.9069920122551701,8,0.8,17,0.85
245,38,0.9098369624685414,9,0.9,18,0.9
246,38,0.9104934894408577,8,0.8,18,0.9
247,38,0.9096181201444359,6,0.6,19,0.95
248,38,0.9074296969033812,7,0.7,18,0.9
249,38,0.8159536054272897,6,0.6,17,0.85
250,38,0.8352117299485722,6,0.6,18,0.9
251,38,0.9013021118284277,7,0.7,17,0.85
252,38,0.8842324105481999,7,0.7,18,0.9
253,38,0.8669438669438669,7,0.7,18,0.9
254,38,0.7991027464711675,7,0.7,17,0.85
255,38,0.8660684976474451,7,0.7,17,0.85
256,38,0.8756975599080862,9,0.9,18,0.9
257,38,0.9100558047926468,9,0.9,18,0.9
258,38,0.890578837947259,6,0.6,19,0.95
259,38,0.9199037093773936,8,0.8,18,0.9
260,38,0.8973629499945289,8,0.8,19,0.95
261,38,0.8932049458365248,8,0.8,19,0.95
262,38,0.8770106138527192,8,0.8,18,0.9
263,38,0.9089615931721193,6,0.6,19,0.95
264,38,0.8967064230222126,8,0.8,18,0.9
265,38,0.8654119706751285,7,0.7,17,0.85
266,38,0.8796367217419849,8,0.8,17,0.85
267,38,0.9034905350694824,9,0.9,17,0.85
268,38,0.8695699748331327,5,0.5,18,0.9
269,38,0.8352117299485722,9,0.9,16,0.8
270,38,0.9378487799540431,9,0.9,18,0.9
271,38,0.8632235474340738,8,0.8,17,0.85
272,38,0.9124630703578072,8,0.8,18,0.9
273,38,0.9227486595907649,7,0.7,19,0.95
274,38,0.9238428712112922,7,0.7,18,0.9
275,38,0.8573148046832257,8,0.8,17,0.85
276,38,0.8198927672611882,7,0.7,17,0.85
277,38,0.8730714520188204,8,0.8,17,0.85
278,38,0.9144326512747565,8,0.8,17,0.85
279,38,0.9253747674800306,8,0.8,19,0.95
280,38,0.8796367217419849,8,0.8,17,0.85
281,38,0.9367545683335156,7,0.7,17,0.85
282,38,0.945070576649524,8,0.8,18,0.9
283,38,0.8800744063901959,7,0.7,18,0.9
284,38,0.9100558047926468,7,0.7,19,0.95
285,38,0.9061166429587483,9,0.9,18,0.9
286,38,0.8616916511653352,8,0.8,17,0.85
287,38,0.9023963234489549,7,0.7,18,0.9
288,38,0.8914542072436809,7,0.7,18,0.9
289,38,0.8603785972207025,7,0.7,17,0.85
290,38,0.9255936098041362,7,0.7,17,0.85
291,38,0.8809497756866177,6,0.6,17,0.85
292,38,0.9345661450924608,9,0.9,19,0.95
293,38,0.8426523689681585,7,0.7,18,0.9
294,38,0.9067731699310646,6,0.6,18,0.9
295,38,0.891891891891892,8,0.8,17,0.85
296,38,0.8439654229127913,7,0.7,17,0.85
297,38,0.8827005142794616,7,0.7,18,0.9
298,38,0.9058978006346428,8,0.8,17,0.85
299,38,0.8286464602254076,8,0.8,16,0.8
300,38,0.8603785972207025,8,0.8,17,0.85
301,38,0.8735091366670313,6,0.6,18,0.9
302,38,0.8654119706751285,7,0.7,17,0.85
303,38,0.9461647882700515,8,0.8,18,0.9
304,38,0.8743845059634533,7,0.7,16,0.8
305,38,0.8721960827223986,8,0.8,18,0.9
306,38,0.8888280993544151,6,0.6,20,1.0
307,38,0.8244884560674035,7,0.7,18,0.9
308,38,0.8741656636393479,7,0.7,17,0.85
309,38,0.9021774811248495,9,0.9,18,0.9
310,38,0.890141153299048,7,0.7,18,0.9
311,38,0.8142028668344458,7,0.7,18,0.9
312,38,0.8770106138527192,8,0.8,18,0.9
313,38,0.8978006346427398,8,0.8,17,0.85
314,38,0.896487580698107,7,0.7,19,0.95
315,38,0.9139949666265456,7,0.7,19,0.95
316,38,0.8371813108655214,8,0.8,16,0.8
317,38,0.887952730057993,6,0.6,18,0.9
318,38,0.8695699748331327,7,0.7,16,0.8
319,38,0.8829193566035671,7,0.7,19,0.95
320,38,0.8225188751504541,5,0.5,19,0.95
321,38,0.9308458255826677,8,0.8,17,0.85
322,38,0.8546886967939599,8,0.8,16,0.8
323,38,0.8735091366670313,8,0.8,16,0.8
324,38,0.8835758835758836,8,0.8,17,0.85
325,38,0.8422146843199475,7,0.7,17,0.85
326,38,0.8741656636393479,6,0.6,19,0.95
327,38,0.8595032279242807,7,0.7,17,0.85
328,38,0.8380566801619432,6,0.6,19,0.95
329,38,0.9080862238756976,6,0.6,18,0.9
330,38,0.8229565597986651,6,0.6,17,0.85
331,38,0.8603785972207025,8,0.8,17,0.85
332,38,0.9026151657730606,8,0.8,18,0.9
333,38,0.8925484188642083,8,0.8,17,0.85
334,38,0.9286574023416128,8,0.8,19,0.95
335,38,0.921435605646132,9,0.9,18,0.9
336,38,0.8761352445562971,7,0.7,17,0.85
337,38,0.9288762446657184,7,0.7,20,1.0
338,38,0.8949556844293686,7,0.7,18,0.9
339,38,0.8973629499945289,8,0.8,17,0.85
340,38,0.9404748878433089,8,0.8,19,0.95
341,38,0.8553452237662764,8,0.8,17,0.85
342,38,0.9365357260094103,9,0.9,17,0.85
343,38,0.8967064230222126,8,0.8,18,0.9
344,38,0.8927672611883138,6,0.6,18,0.9
345,38,0.8605974395448079,5,0.5,18,0.9
346,38,0.8428712112922638,5,0.5,19,0.95
347,38,0.8505306926359557,8,0.8,18,0.9
348,38,0.8039172776014881,6,0.6,17,0.85
349,38,0.9078673815515921,7,0.7,17,0.85
350,38,0.8509683772841667,6,0.6,18,0.9
351,38,0.8945179997811576,7,0.7,19,0.95
352,38,0.8595032279242807,8,0.8,18,0.9
353,38,0.8549075391180654,8,0.8,18,0.9
354,38,0.8476857424225844,8,0.8,16,0.8
355,38,0.8774482985009301,8,0.8,15,0.75
356,38,0.9170587591640224,7,0.7,18,0.9
357,38,0.8529379582011161,9,0.9,17,0.85
358,38,0.8286464602254076,8,0.8,15,0.75
359,38,0.9013021118284277,7,0.7,18,0.9
360,38,0.8485611117190064,7,0.7,18,0.9
361,38,0.8209869788817157,6,0.6,16,0.8
362,38,0.9021774811248495,9,0.9,17,0.85
363,38,0.8610351241930189,6,0.6,16,0.8
364,38,0.8325856220593063,8,0.8,18,0.9
365,38,0.9395995185468871,7,0.7,19,0.95
366,38,0.835649414596783,9,0.9,17,0.85
367,38,0.933690775796039,8,0.8,19,0.95
368,38,0.8997702155596893,8,0.8,19,0.95
369,38,0.8763540868804026,8,0.8,17,0.85
370,38,0.8813874603348286,8,0.8,18,0.9
371,38,0.8511872196082723,9,0.9,18,0.9
372,38,0.9063354852828537,7,0.7,18,0.9
373,38,0.7997592734434839,6,0.6,17,0.85
374,38,0.8752598752598751,6,0.6,19,0.95
375,38,0.8616916511653352,7,0.7,17,0.85
376,38,0.8923295765401029,6,0.6,18,0.9
377,38,0.8610351241930189,6,0.6,17,0.85
378,38,0.8864208337892548,7,0.7,19,0.95
379,38,0.8632235474340738,6,0.6,18,0.9
380,38,0.8686946055367107,7,0.7,17,0.85
381,38,0.8078564394353869,7,0.7,17,0.85
382,38,0.877885983149141,8,0.8,18,0.9
383,38,0.8855454644928329,8,0.8,18,0.9
384,38,0.8781048254732464,7,0.7,16,0.8
385,38,0.8352117299485722,7,0.7,18,0.9
386,38,0.878761352445563,8,0.8,17,0.85
387,38,0.8306160411423569,8,0.8,16,0.8
388,38,0.9056789583105371,10,1.0,19,0.95
389,38,0.8986760039391618,8,0.8,17,0.85
390,38,0.8934237881606302,6,0.6,19,0.95
391,38,0.828427617901302,8,0.8,15,0.75
392,38,0.8603785972207025,7,0.7,16,0.8
393,38,0.9286574023416128,8,0.8,18,0.9
394,38,0.8573148046832257,8,0.8,15,0.75
395,38,0.9109311740890687,8,0.8,17,0.85
396,38,0.9249370828318196,8,0.8,17,0.85
397,38,0.8236130867709816,6,0.6,16,0.8
398,38,0.8997702155596893,7,0.7,19,0.95
399,38,0.8730714520188204,8,0.8,18,0.9
400,38,0.9069920122551701,8,0.8,17,0.85
401,38,0.8306160411423569,8,0.8,16,0.8
402,38,0.8840135682240945,8,0.8,19,0.95
403,38,0.8472480577743735,7,0.7,16,0.8
404,38,0.8514060619323777,7,0.7,17,0.85
405,38,0.8444031075610022,8,0.8,18,0.9
406,38,0.8557829084144873,8,0.8,18,0.9
407,38,0.8406827880512091,7,0.7,18,0.9
408,38,0.9002079002079002,9,0.9,17,0.85
409,38,0.8472480577743735,7,0.7,18,0.9
410,38,0.8932049458365248,7,0.7,18,0.9
411,38,0.8691322901849217,6,0.6,18,0.9
412,38,0.9199037093773936,8,0.8,19,0.95
413,38,0.8529379582011161,8,0.8,16,0.8
414,38,0.8389320494583653,7,0.7,18,0.9
415,38,0.8842324105481999,8,0.8,17,0.85
416,38,0.8133274975380238,6,0.6,18,0.9
417,38,0.931502352554984,8,0.8,18,0.9
418,38,0.8949556844293686,8,0.8,18,0.9
419,38,0.9076485392274865,7,0.7,19,0.95
420,38,0.8424335266440529,8,0.8,17,0.85
421,38,0.8678192362402888,8,0.8,18,0.9
422,38,0.8680380785643944,9,0.9,18,0.9
423,38,0.9124630703578072,8,0.8,17,0.85
424,38,0.8824816719553563,7,0.7,18,0.9
425,38,0.8227377174745595,7,0.7,17,0.85
426,38,0.8735091366670313,6,0.6,17,0.85
427,38,0.8673815515920779,8,0.8,16,0.8
428,38,0.9240617135353977,7,0.7,20,1.0
429,38,0.8997702155596893,6,0.6,19,0.95
430,38,0.8463726884779517,7,0.7,16,0.8
431,38,0.8912353649195754,5,0.5,18,0.9
432,38,0.8627858627858629,6,0.6,18,0.9
433,38,0.8638800744063901,8,0.8,18,0.9
434,38,0.8479045847466901,9,0.9,17,0.85
435,38,0.8929861035124192,6,0.6,18,0.9
436,38,0.9072108545792755,7,0.7,18,0.9
437,38,0.872414925046504,8,0.8,16,0.8
438,38,0.8338986760039392,8,0.8,17,0.85
439,38,0.9266878214246635,7,0.7,19,0.95
440,38,0.9096181201444359,7,0.7,17,0.85
441,38,0.8612539665171244,7,0.7,17,0.85
442,38,0.8695699748331327,6,0.6,17,0.85
443,38,0.9100558047926468,8,0.8,18,0.9
444,38,0.8953933690775795,7,0.7,17,0.85
445,38,0.9385053069263596,8,0.8,19,0.95
446,38,0.8293029871977239,8,0.8,17,0.85
447,38,0.8406827880512091,6,0.6,18,0.9
448,38,0.9120253857095963,8,0.8,17,0.85
449,38,0.876572929204508,8,0.8,17,0.85
450,38,0.9048035890141154,7,0.7,17,0.85
451,38,0.8691322901849217,9,0.9,17,0.85
452,38,0.8671627092679723,6,0.6,18,0.9
453,38,0.9216544479702374,9,0.9,18,0.9
454,38,0.873727978991137,7,0.7,16,0.8
455,38,0.8669438669438669,6,0.6,18,0.9
456,38,0.9231863442389758,9,0.9,17,0.85
457,38,0.8840135682240945,7,0.7,19,0.95
458,38,0.8855454644928329,7,0.7,18,0.9
459,38,0.8927672611883138,7,0.7,18,0.9
460,38,0.8494364810154285,6,0.6,17,0.85
461,38,0.8546886967939599,8,0.8,16,0.8
462,38,0.8076375971112812,7,0.7,15,0.75
463,38,0.9131195973301236,8,0.8,17,0.85
464,38,0.8686946055367107,8,0.8,17,0.85
465,38,0.9072108545792755,8,0.8,17,0.85
466,38,0.9153080205711785,7,0.7,18,0.9
467,38,0.8864208337892548,9,0.9,17,0.85
468,38,0.8816063026589342,7,0.7,17,0.85
469,38,0.8658496553233395,7,0.7,16,0.8
470,38,0.9177152861363387,8,0.8,18,0.9
471,38,0.9249370828318196,9,0.9,18,0.9
472,38,0.8936426304847357,9,0.9,16,0.8
473,38,0.8739468213152424,7,0.7,17,0.85
474,38,0.8791990370937739,8,0.8,17,0.85
475,38,0.8991136885873727,7,0.7,18,0.9
476,38,0.9102746471167523,9,0.9,17,0.85
477,38,0.9058978006346428,9,0.9,17,0.85
478,38,0.8503118503118502,8,0.8,16,0.8
479,38,0.8980194769668455,8,0.8,17,0.85
480,38,0.9045847466900099,7,0.7,19,0.95
481,38,0.8927672611883138,9,0.9,17,0.85
482,38,0.9065543276069592,7,0.7,18,0.9
483,38,0.8387132071342597,7,0.7,17,0.85
484,38,0.9100558047926468,9,0.9,16,0.8
485,38,0.8781048254732464,9,0.9,17,0.85
486,38,0.835649414596783,6,0.6,16,0.8
487,38,0.921435605646132,10,1.0,19,0.95
488,38,0.8507495349600613,7,0.7,18,0.9
489,38,0.9288762446657184,7,0.7,18,0.9
490,38,0.9295327716380348,8,0.8,17,0.85
491,38,0.8360870992449939,6,0.6,18,0.9
492,38,0.8360870992449939,7,0.7,18,0.9
493,38,0.9411314148156255,9,0.9,18,0.9
494,38,0.84112047269942,7,0.7,17,0.85
495,38,0.775686617791881,7,0.7,17,0.85
496,38,0.8988948462632673,9,0.9,19,0.95
497,38,0.8279899332530912,7,0.7,18,0.9
498,38,0.8693511325090273,7,0.7,18,0.9
499,38,0.8759164022321917,7,0.7,19,0.95
500,38,0.894736842105263,8,0.8,17,0.85
501,38,0.8124521282416018,7,0.7,17,0.85
502,38,0.8717583980741875,7,0.7,17,0.85
503,38,0.8352117299485722,6,0.6,19,0.95
504,38,0.9045847466900099,7,0.7,18,0.9
505,38,0.8374001531896269,6,0.6,16,0.8
506,38,0.8945179997811576,7,0.7,18,0.9
507,38,0.8667250246197614,7,0.7,19,0.95
508,38,0.9220921326184484,8,0.8,19,0.95
509,38,0.9398183608709925,8,0.8,19,0.95
510,38,0.8776671408250355,8,0.8,18,0.9
511,38,0.8236130867709816,6,0.6,18,0.9
512,38,0.8743845059634533,8,0.8,17,0.85
513,38,0.8089506510559143,6,0.6,19,0.95
514,38,0.8253638253638254,5,0.5,19,0.95
515,38,0.823394244446876,8,0.8,15,0.75
516,38,0.8951745267534742,7,0.7,16,0.8
517,38,0.8984571616150564,8,0.8,17,0.85
518,38,0.8781048254732464,8,0.8,17,0.85
519,38,0.8693511325090273,7,0.7,18,0.9
520,38,0.9107123317649634,8,0.8,18,0.9
521,38,0.8820439873071452,8,0.8,18,0.9
522,38,0.9487908961593171,9,0.9,19,0.95
523,38,0.9262501367764526,7,0.7,18,0.9
524,38,0.9280008753692964,8,0.8,19,0.95
525,38,0.8223000328263486,7,0.7,18,0.9
526,38,0.894736842105263,8,0.8,18,0.9
527,38,0.8273334062807747,9,0.9,17,0.85
528,38,0.8338986760039392,7,0.7,17,0.85
529,38,0.8995513732355837,8,0.8,18,0.9
530,38,0.8883904147062042,8,0.8,16,0.8
531,38,0.8855454644928329,8,0.8,17,0.85
532,38,0.9188094977568662,9,0.9,18,0.9
533,38,0.8951745267534742,7,0.7,18,0.9
534,38,0.887952730057993,8,0.8,16,0.8
535,38,0.9277820330451908,8,0.8,19,0.95
536,38,0.8619104934894408,7,0.7,16,0.8
537,38,0.8862019914651494,7,0.7,18,0.9
538,38,0.8844512528723055,8,0.8,17,0.85
539,38,0.8903599956231535,7,0.7,17,0.85
540,38,0.8242696137432979,8,0.8,17,0.85
541,38,0.8437465805886858,8,0.8,17,0.85
542,38,0.8693511325090273,8,0.8,16,0.8
543,38,0.8940803151329467,6,0.6,18,0.9
544,38,0.883357041251778,7,0.7,16,0.8
545,38,0.8271145639566692,7,0.7,17,0.85
546,38,0.926906663748769,9,0.9,17,0.85
547,38,0.8927672611883138,5,0.5,18,0.9
548,38,0.8767917715286137,5,0.5,18,0.9
549,38,0.9142138089506511,7,0.7,19,0.95
550,38,0.8544698544698545,8,0.8,17,0.85
551,38,0.9002079002079002,9,0.9,17,0.85
552,38,0.890141153299048,8,0.8,19,0.95
553,38,0.9249370828318196,8,0.8,19,0.95
554,38,0.8953933690775795,8,0.8,17,0.85
555,38,0.9236240288871868,7,0.7,18,0.9
556,38,0.9174964438122333,7,0.7,18,0.9
557,38,0.8481234270707955,7,0.7,16,0.8
558,38,0.9159645475434949,7,0.7,19,0.95
559,38,0.8743845059634533,7,0.7,18,0.9
560,38,0.9209979209979211,9,0.9,18,0.9
561,38,0.8516249042564832,7,0.7,18,0.9
562,38,0.9374110953058321,9,0.9,18,0.9
563,38,0.9021774811248495,9,0.9,18,0.9
564,38,0.8638800744063901,7,0.7,19,0.95
565,38,0.8384943648101544,8,0.8,17,0.85
566,38,0.8816063026589342,8,0.8,16,0.8
567,38,0.9050224313382208,8,0.8,17,0.85
568,38,0.8614728088412299,7,0.7,16,0.8
569,38,0.8796367217419849,9,0.9,17,0.85
570,38,0.9317211948790897,8,0.8,20,1.0
571,38,0.8382755224860488,6,0.6,19,0.95
572,38,0.9131195973301236,8,0.8,17,0.85
573,38,0.8927672611883138,7,0.7,17,0.85
574,38,0.9067731699310646,7,0.7,17,0.85
575,38,0.8805120910384068,7,0.7,17,0.85
576,38,0.8868585184374658,8,0.8,15,0.75
577,38,0.8439654229127913,7,0.7,18,0.9
578,38,0.9109311740890687,8,0.8,18,0.9
579,38,0.8991136885873727,6,0.6,18,0.9
580,38,0.919684867053288,8,0.8,19,0.95
581,38,0.8798555640660902,7,0.7,17,0.85
582,38,0.9164022321917058,8,0.8,18,0.9
583,38,0.878323667797352,7,0.7,18,0.9
584,38,0.8535944851734325,8,0.8,19,0.95
585,38,0.8951745267534742,8,0.8,17,0.85
586,38,0.9131195973301236,8,0.8,18,0.9
587,38,0.8678192362402888,8,0.8,16,0.8
588,38,0.8568771200350148,8,0.8,17,0.85
589,38,0.8936426304847357,8,0.8,19,0.95
590,38,0.8647554437028121,6,0.6,18,0.9
591,38,0.8704453441295545,6,0.6,18,0.9
592,38,0.8549075391180654,9,0.9,18,0.9
593,38,0.883794725899989,9,0.9,18,0.9
594,38,0.8474669000984789,8,0.8,17,0.85
595,38,0.8949556844293686,9,0.9,18,0.9
596,38,0.8796367217419849,9,0.9,17,0.85
597,38,0.8735091366670313,6,0.6,17,0.85
598,38,0.8748221906116642,8,0.8,17,0.85
599,38,0.8864208337892548,8,0.8,15,0.75
600,38,0.9266878214246635,8,0.8,18,0.9
601,38,0.9433198380566802,8,0.8,18,0.9
602,38,0.8430900536163695,7,0.7,17,0.85
603,38,0.9511981617244775,8,0.8,19,0.95
604,38,0.8796367217419849,7,0.7,17,0.85
605,38,0.8065433854907539,7,0.7,18,0.9
606,38,0.8794178794178794,7,0.7,16,0.8
607,38,0.8465915308020571,8,0.8,16,0.8
608,38,0.848779954043112,6,0.6,17,0.85
609,38,0.8365247838932051,8,0.8,17,0.85
610,38,0.7627749206696575,6,0.6,15,0.75
611,38,0.8811686180107233,7,0.7,18,0.9
612,38,0.8877338877338877,7,0.7,19,0.95
613,38,0.926906663748769,7,0.7,19,0.95
614,38,0.8581901739796477,7,0.7,16,0.8
615,38,0.7855345223766276,5,0.5,18,0.9
616,38,0.9308458255826677,8,0.8,18,0.9
617,38,0.8925484188642083,7,0.7,18,0.9
618,38,0.8262391946602473,6,0.6,16,0.8
619,38,0.8570959623591203,5,0.5,17,0.85
620,38,0.8870773607615712,6,0.6,16,0.8
621,38,0.8255826676879308,6,0.6,16,0.8
622,38,0.9330342488237224,8,0.8,20,1.0
623,38,0.8752598752598751,8,0.8,18,0.9
624,38,0.9301892986103512,8,0.8,18,0.9
625,38,0.873727978991137,8,0.8,18,0.9
626,38,0.9104934894408577,9,0.9,18,0.9
627,38,0.848342269394901,6,0.6,17,0.85
628,38,0.8323667797352008,8,0.8,16,0.8
629,38,0.8945179997811576,7,0.7,18,0.9
630,38,0.9144326512747565,8,0.8,19,0.95
631,38,0.8308348834664625,6,0.6,17,0.85
632,38,0.9150891782470729,9,0.9,16,0.8
633,38,0.8389320494583653,9,0.9,16,0.8
634,38,0.8875150454097821,10,1.0,18,0.9
635,38,0.878323667797352,7,0.7,18,0.9
636,38,0.9153080205711785,7,0.7,19,0.95
637,38,0.9124630703578072,7,0.7,18,0.9
638,38,0.9170587591640224,8,0.8,17,0.85
639,38,0.8282087755771966,5,0.5,17,0.85
640,38,0.9113688587372798,7,0.7,19,0.95
641,38,0.9247182405077142,8,0.8,18,0.9
642,38,0.920122551701499,9,0.9,18,0.9
643,38,0.854251012145749,7,0.7,17,0.85
644,38,0.914651493598862,6,0.6,19,0.95
645,38,0.9129007550060181,7,0.7,18,0.9
646,38,0.8562205930626983,6,0.6,18,0.9
647,38,0.9054601159864318,7,0.7,17,0.85
648,38,0.9148703359229676,7,0.7,18,0.9
649,38,0.877885983149141,8,0.8,17,0.85
650,38,0.8643177590546011,7,0.7,17,0.85
651,38,0.9017397964766386,8,0.8,17,0.85
652,38,0.8997702155596893,7,0.7,17,0.85
653,38,0.8743845059634533,7,0.7,17,0.85
654,38,0.9098369624685414,9,0.9,16,0.8
655,38,0.829740671845935,6,0.6,18,0.9
656,38,0.9148703359229676,8,0.8,18,0.9
657,38,0.9111500164131743,6,0.6,18,0.9
658,38,0.903271692745377,9,0.9,17,0.85
659,38,0.8325856220593063,8,0.8,19,0.95
660,38,0.9113688587372798,8,0.8,19,0.95
661,38,0.878323667797352,8,0.8,16,0.8
662,38,0.8730714520188204,9,0.9,17,0.85
663,38,0.8984571616150564,7,0.7,17,0.85
664,38,0.9048035890141154,8,0.8,18,0.9
665,38,0.8627858627858629,5,0.5,19,0.95
666,38,0.9159645475434949,8,0.8,17,0.85
667,38,0.8697888171572382,7,0.7,18,0.9
668,38,0.860159754896597,6,0.6,18,0.9
669,38,0.8975817923186344,8,0.8,19,0.95
670,38,0.9199037093773936,8,0.8,18,0.9
671,38,0.8743845059634533,8,0.8,16,0.8
672,38,0.8907976802713643,6,0.6,17,0.85
673,38,0.7717474559579822,5,0.5,16,0.8
674,38,0.8831381989276726,7,0.7,19,0.95
675,38,0.908742750848014,8,0.8,17,0.85
676,38,0.8844512528723055,7,0.7,16,0.8
677,38,0.8807309333625123,9,0.9,16,0.8
678,38,0.8660684976474451,5,0.5,19,0.95
679,38,0.7999781157675895,8,0.8,17,0.85
680,38,0.8949556844293686,7,0.7,18,0.9
681,38,0.8713207134259766,8,0.8,17,0.85
682,38,0.8384943648101544,5,0.5,17,0.85
683,38,0.931940037203195,7,0.7,18,0.9
684,38,0.8853266221687274,7,0.7,17,0.85
685,38,0.8824816719553563,8,0.8,17,0.85
686,38,0.8619104934894408,6,0.6,18,0.9
687,38,0.8387132071342597,6,0.6,18,0.9
688,38,0.8980194769668455,6,0.6,18,0.9
689,38,0.878761352445563,8,0.8,16,0.8
690,38,0.8798555640660902,6,0.6,18,0.9
691,38,0.7877229456176824,8,0.8,17,0.85
692,38,0.9536054272896377,9,0.9,19,0.95
693,38,0.8868585184374658,9,0.9,18,0.9
694,38,0.8717583980741875,7,0.7,18,0.9
695,38,0.8870773607615712,8,0.8,17,0.85
696,38,0.878323667797352,7,0.7,18,0.9
697,38,0.8505306926359557,7,0.7,17,0.85
698,38,0.9069920122551701,6,0.6,19,0.95
699,38,0.9293139293139293,9,0.9,18,0.9
700,38,0.889703468650837,9,0.9,17,0.85
701,38,0.8927672611883138,7,0.7,18,0.9
702,38,0.9231863442389758,7,0.7,19,0.95
703,38,0.8676003939161835,7,0.7,17,0.85
704,38,0.9093992778203305,8,0.8,18,0.9
705,38,0.876572929204508,6,0.6,18,0.9
706,38,0.830178356494146,7,0.7,16,0.8
707,38,0.8813874603348286,6,0.6,18,0.9
708,38,0.8936426304847357,6,0.6,18,0.9
709,38,0.8855454644928329,6,0.6,17,0.85
710,38,0.8608162818689135,6,0.6,19,0.95
711,38,0.9255936098041362,7,0.7,18,0.9
712,38,0.8570959623591203,7,0.7,18,0.9
713,38,0.8522814312287995,8,0.8,17,0.85
714,38,0.8743845059634533,6,0.6,18,0.9
715,38,0.9308458255826677,10,1.0,19,0.95
716,38,0.8862019914651494,7,0.7,18,0.9
717,38,0.8500930079877448,9,0.9,15,0.75
718,38,0.8746033482875588,8,0.8,16,0.8
719,38,0.8818251449830398,8,0.8,19,0.95
720,38,0.8822628296312507,8,0.8,17,0.85
721,38,0.8358682569208885,8,0.8,16,0.8
722,38,0.8492176386913229,7,0.7,18,0.9
723,38,0.9058978006346428,7,0.7,17,0.85
724,38,0.8756975599080862,8,0.8,17,0.85
725,38,0.9345661450924608,9,0.9,18,0.9
726,38,0.9212167633220264,6,0.6,19,0.95
727,38,0.9100558047926468,9,0.9,18,0.9
728,38,0.938724149250465,7,0.7,18,0.9
729,38,0.8807309333625123,7,0.7,18,0.9
730,38,0.8921107342159973,7,0.7,18,0.9
731,38,0.9065543276069592,7,0.7,18,0.9
732,38,0.8439654229127913,7,0.7,17,0.85
733,38,0.8791990370937739,7,0.7,18,0.9
734,38,0.9231863442389758,7,0.7,17,0.85
735,38,0.8575336470073311,7,0.7,17,0.85
736,38,0.8511872196082723,9,0.9,17,0.85
737,38,0.8660684976474451,6,0.6,20,1.0
738,38,0.9098369624685414,8,0.8,18,0.9
739,38,0.9212167633220264,8,0.8,18,0.9
740,38,0.8811686180107233,8,0.8,17,0.85
741,38,0.9048035890141154,9,0.9,18,0.9
742,38,0.9452894189736296,9,0.9,19,0.95
743,38,0.8945179997811576,8,0.8,19,0.95
744,38,0.9069920122551701,8,0.8,18,0.9
745,38,0.9437575227048911,8,0.8,18,0.9
746,38,0.8862019914651494,5,0.5,18,0.9
747,38,0.8441842652368967,6,0.6,16,0.8
748,38,0.9122442280337016,7,0.7,19,0.95
749,38,0.926906663748769,8,0.8,19,0.95
750,38,0.8540321698216435,7,0.7,16,0.8
751,38,0.9069920122551701,7,0.7,19,0.95
752,38,0.8479045847466901,7,0.7,16,0.8
753,38,0.9266878214246635,8,0.8,17,0.85
754,38,0.8868585184374658,8,0.8,18,0.9
755,38,0.8975817923186344,7,0.7,18,0.9
756,38,0.7656198708830287,6,0.6,15,0.75
757,38,0.9135572819783346,8,0.8,19,0.95
758,38,0.818798555640661,7,0.7,17,0.85
759,38,0.8791990370937739,8,0.8,18,0.9
760,38,0.8616916511653352,6,0.6,18,0.9
761,38,0.877885983149141,9,0.9,17,0.85
762,38,0.8268957216325638,8,0.8,17,0.85
763,38,0.8741656636393479,7,0.7,18,0.9
764,38,0.9131195973301236,7,0.7,20,1.0
765,38,0.9190283400809717,8,0.8,19,0.95
766,38,0.8973629499945289,9,0.9,17,0.85
767,38,0.8796367217419849,8,0.8,17,0.85
768,38,0.9076485392274865,8,0.8,18,0.9
769,38,0.8820439873071452,8,0.8,17,0.85
770,38,0.9225298172666593,8,0.8,19,0.95
771,38,0.926468979100558,7,0.7,20,1.0
772,38,0.8868585184374658,7,0.7,19,0.95
773,38,0.9126819126819127,7,0.7,18,0.9
774,38,0.8636612320822847,7,0.7,19,0.95
775,38,0.920122551701499,7,0.7,19,0.95
776,38,0.909180435496225,8,0.8,18,0.9
777,38,0.8636612320822847,7,0.7,19,0.95
778,38,0.8568771200350148,7,0.7,17,0.85
779,38,0.9004267425320057,8,0.8,17,0.85
780,38,0.8831381989276726,8,0.8,17,0.85
781,38,0.8759164022321917,6,0.6,18,0.9
782,38,0.901083269504322,8,0.8,18,0.9
783,38,0.8702265018054491,7,0.7,19,0.95
784,38,0.9188094977568662,8,0.8,20,1.0
785,38,0.894736842105263,7,0.7,17,0.85
786,38,0.9008644271802166,7,0.7,19,0.95
787,38,0.8610351241930189,7,0.7,17,0.85
788,38,0.8785425101214573,7,0.7,18,0.9
789,38,0.8179231863442389,8,0.8,17,0.85
790,38,0.9391618338986759,6,0.6,19,0.95
791,38,0.8791990370937739,7,0.7,16,0.8
792,38,0.848779954043112,6,0.6,17,0.85
793,38,0.926468979100558,8,0.8,18,0.9
794,38,0.908742750848014,7,0.7,17,0.85
795,38,0.8713207134259766,6,0.6,17,0.85
796,38,0.9150891782470729,8,0.8,18,0.9
797,38,0.9164022321917058,8,0.8,19,0.95
798,38,0.8452784768574242,6,0.6,18,0.9
799,38,0.8818251449830398,7,0.7,19,0.95
800,38,0.9069920122551701,7,0.7,19,0.95
801,38,0.8616916511653352,9,0.9,17,0.85
802,38,0.7888171572382098,6,0.6,16,0.8
803,38,0.8338986760039392,8,0.8,16,0.8
804,38,0.8570959623591203,9,0.9,17,0.85
805,38,0.887952730057993,7,0.7,16,0.8
806,38,0.9179341284604442,8,0.8,19,0.95
807,38,0.8640989167304957,9,0.9,17,0.85
808,38,0.8940803151329467,6,0.6,18,0.9
809,38,0.8910165225954699,9,0.9,18,0.9
810,38,0.9306269832585621,8,0.8,18,0.9
811,38,0.846153846153846,7,0.7,16,0.8
812,38,0.8700076594813436,8,0.8,16,0.8
813,38,0.9546996389101653,8,0.8,18,0.9
814,38,0.9253747674800306,7,0.7,19,0.95
815,38,0.873727978991137,7,0.7,18,0.9
816,38,0.828427617901302,6,0.6,18,0.9
817,38,0.8967064230222126,7,0.7,18,0.9
818,38,0.8404639457271036,8,0.8,17,0.85
819,38,0.8774482985009301,8,0.8,17,0.85
820,38,0.9446328920013131,9,0.9,19,0.95
821,38,0.8413393150235257,8,0.8,18,0.9
822,38,0.9164022321917058,8,0.8,17,0.85
823,38,0.8953933690775795,8,0.8,16,0.8
824,38,0.836962468541416,5,0.5,19,0.95
825,38,0.9098369624685414,8,0.8,16,0.8
826,38,0.9240617135353977,8,0.8,18,0.9
827,38,0.8474669000984789,8,0.8,17,0.85
828,38,0.8286464602254076,8,0.8,15,0.75
829,38,0.8820439873071452,7,0.7,19,0.95
830,38,0.8767917715286137,7,0.7,18,0.9
831,38,0.891891891891892,7,0.7,16,0.8
832,38,0.9096181201444359,8,0.8,18,0.9
833,38,0.7818142028668345,6,0.6,16,0.8
834,38,0.9153080205711785,8,0.8,18,0.9
835,38,0.9164022321917058,6,0.6,18,0.9
836,38,0.8868585184374658,7,0.7,17,0.85
837,38,0.8855454644928329,7,0.7,19,0.95
838,38,0.9065543276069592,8,0.8,18,0.9
839,38,0.9129007550060181,8,0.8,18,0.9
840,38,0.8894846263267316,8,0.8,19,0.95
841,38,0.8805120910384068,7,0.7,18,0.9
842,38,0.8113579166210745,6,0.6,19,0.95
843,38,0.9334719334719334,7,0.7,18,0.9
844,38,0.8756975599080862,9,0.9,17,0.85
845,38,0.9058978006346428,8,0.8,17,0.85
846,38,0.885107779844622,8,0.8,17,0.85
847,38,0.8406827880512091,8,0.8,17,0.85
848,38,0.8343363606521501,7,0.7,17,0.85
849,38,0.908305066199803,6,0.6,18,0.9
850,38,0.9069920122551701,9,0.9,17,0.85
851,38,0.9380676222781485,9,0.9,18,0.9
852,38,0.8465915308020571,8,0.8,17,0.85
853,38,0.8500930079877448,7,0.7,17,0.85
854,38,0.8621293358135463,8,0.8,17,0.85
855,38,0.9161833898676003,9,0.9,18,0.9
856,38,0.8299595141700404,9,0.9,17,0.85
857,38,0.8938614728088413,9,0.9,17,0.85
858,38,0.8912353649195754,8,0.8,19,0.95
859,38,0.846153846153846,8,0.8,18,0.9
860,38,0.9102746471167523,9,0.9,17,0.85
861,38,0.8914542072436809,5,0.5,18,0.9
862,38,0.8525002735529051,8,0.8,17,0.85
863,38,0.9052412736623262,8,0.8,18,0.9
864,38,0.9207790786738155,8,0.8,18,0.9
865,38,0.9039282197176933,6,0.6,20,1.0
866,38,0.9188094977568662,7,0.7,17,0.85
867,38,0.8923295765401029,8,0.8,18,0.9
868,38,0.9131195973301236,8,0.8,17,0.85
869,38,0.8980194769668455,6,0.6,17,0.85
870,38,0.8862019914651494,9,0.9,17,0.85
871,38,0.8492176386913229,5,0.5,18,0.9
872,38,0.9102746471167523,7,0.7,18,0.9
873,38,0.8971441076704235,9,0.9,19,0.95
874,38,0.8124521282416018,9,0.9,17,0.85
875,38,0.9052412736623262,7,0.7,18,0.9
876,38,0.8824816719553563,8,0.8,19,0.95
877,38,0.9026151657730606,7,0.7,18,0.9
878,38,0.8748221906116642,6,0.6,18,0.9
879,38,0.932815406499617,8,0.8,19,0.95
880,38,0.8929861035124192,6,0.6,18,0.9
881,38,0.9192471824050771,8,0.8,17,0.85
882,38,0.8872962030856767,7,0.7,18,0.9
883,38,0.9676113360323885,8,0.8,19,0.95
884,38,0.9249370828318196,8,0.8,18,0.9
885,38,0.8956122114016851,7,0.7,18,0.9
886,38,0.8827005142794616,9,0.9,18,0.9
887,38,0.890578837947259,8,0.8,18,0.9
888,38,0.8630047051099682,7,0.7,18,0.9
889,38,0.8962687383740015,7,0.7,18,0.9
890,38,0.8317102527628844,7,0.7,17,0.85
891,38,0.876572929204508,7,0.7,17,0.85
892,38,0.8689134478608164,7,0.7,18,0.9
893,38,0.9076485392274865,8,0.8,18,0.9
894,38,0.9166210745158112,8,0.8,18,0.9
895,38,0.9037093773935879,8,0.8,18,0.9
896,38,0.8295218295218295,7,0.7,17,0.85
897,38,0.9037093773935879,7,0.7,19,0.95
898,38,0.8754787175839808,9,0.9,17,0.85
899,38,0.9446328920013131,7,0.7,19,0.95
900,38,0.8549075391180654,8,0.8,16,0.8
901,38,0.8811686180107233,6,0.6,19,0.95
902,38,0.84112047269942,8,0.8,16,0.8
903,38,0.8748221906116642,8,0.8,18,0.9
904,38,0.877885983149141,8,0.8,17,0.85
905,38,0.901958638800744,9,0.9,17,0.85
906,38,0.9078673815515921,7,0.7,17,0.85
907,38,0.9002079002079002,6,0.6,17,0.85
908,38,0.8949556844293686,7,0.7,17,0.85
909,38,0.8899223109749426,7,0.7,18,0.9
910,38,0.9170587591640224,7,0.7,18,0.9
911,38,0.890578837947259,7,0.7,19,0.95
912,38,0.8802932487143014,7,0.7,17,0.85
913,38,0.9466024729182624,9,0.9,18,0.9
914,38,0.8967064230222126,8,0.8,17,0.85
915,38,0.8638800744063901,7,0.7,16,0.8
916,38,0.9244993981836086,9,0.9,20,1.0
917,38,0.8448407922092132,6,0.6,17,0.85
918,38,0.8489987963672173,9,0.9,17,0.85
919,38,0.8019476966845388,7,0.7,16,0.8
920,38,0.890141153299048,8,0.8,18,0.9
921,38,0.9115877010613852,8,0.8,18,0.9
922,38,0.9164022321917058,8,0.8,19,0.95
923,38,0.9297516139621402,7,0.7,17,0.85
924,38,0.8645366013787066,9,0.9,18,0.9
925,38,0.9280008753692964,8,0.8,19,0.95
926,38,0.894736842105263,8,0.8,18,0.9
927,38,0.8673815515920779,7,0.7,17,0.85
928,38,0.901520954152533,7,0.7,19,0.95
929,38,0.8767917715286137,7,0.7,18,0.9
930,38,0.8934237881606302,7,0.7,18,0.9
931,38,0.8310537257905679,8,0.8,16,0.8
932,38,0.8877338877338877,8,0.8,18,0.9
933,38,0.9052412736623262,7,0.7,18,0.9
934,38,0.9371922529817267,9,0.9,18,0.9
935,38,0.9417879417879418,9,0.9,18,0.9
936,38,0.8575336470073311,8,0.8,17,0.85
937,38,0.8831381989276726,8,0.8,16,0.8
938,38,0.9061166429587483,7,0.7,18,0.9
939,38,0.9041470620417988,8,0.8,17,0.85
940,38,0.8945179997811576,9,0.9,18,0.9
941,38,0.8892657840026261,8,0.8,18,0.9
942,38,0.8271145639566692,7,0.7,17,0.85
943,38,0.9030528504212715,8,0.8,18,0.9
944,38,0.9109311740890687,8,0.8,18,0.9
945,38,0.836962468541416,6,0.6,17,0.85
946,38,0.8643177590546011,4,0.4,19,0.95
947,38,0.8857643068169385,8,0.8,17,0.85
948,38,0.9271255060728744,8,0.8,18,0.9
949,38,0.8702265018054491,8,0.8,19,0.95
950,38,0.9126819126819127,7,0.7,18,0.9
951,38,0.8971441076704235,10,1.0,17,0.85
952,38,0.9343473027683553,9,0.9,17,0.85
953,38,0.8827005142794616,7,0.7,19,0.95
954,38,0.8995513732355837,7,0.7,18,0.9
955,38,0.8741656636393479,8,0.8,17,0.85
956,38,0.8645366013787066,9,0.9,16,0.8
957,38,0.9347849874165662,10,1.0,18,0.9
958,38,0.8336798336798338,6,0.6,16,0.8
959,38,0.8888280993544151,8,0.8,19,0.95
960,38,0.8608162818689135,7,0.7,16,0.8
961,38,0.9185906554327607,10,1.0,18,0.9
962,38,0.8374001531896269,7,0.7,17,0.85
963,38,0.8358682569208885,9,0.9,16,0.8
964,38,0.8605974395448079,6,0.6,18,0.9
965,38,0.8678192362402888,8,0.8,16,0.8
966,38,0.817485501696028,7,0.7,16,0.8
967,38,0.8862019914651494,8,0.8,18,0.9
968,38,0.8973629499945289,7,0.7,18,0.9
969,38,0.8921107342159973,9,0.9,17,0.85
970,38,0.9183718131086551,7,0.7,18,0.9
971,38,0.8293029871977239,6,0.6,17,0.85
972,38,0.8772294561768246,8,0.8,17,0.85
973,38,0.8853266221687274,7,0.7,17,0.85
974,38,0.8866396761133604,6,0.6,18,0.9
975,38,0.920122551701499,7,0.7,19,0.95
976,38,0.8669438669438669,8,0.8,17,0.85
977,38,0.8643177590546011,8,0.8,17,0.85
978,38,0.8827005142794616,6,0.6,19,0.95
979,38,0.8853266221687274,7,0.7,19,0.95
980,38,0.8544698544698545,8,0.8,17,0.85
981,38,0.8870773607615712,8,0.8,18,0.9
982,38,0.9139949666265456,8,0.8,18,0.9
983,38,0.8201116095852938,7,0.7,18,0.9
984,38,0.9168399168399168,9,0.9,18,0.9
985,38,0.8098260203523362,6,0.6,17,0.85
986,38,0.889703468650837,7,0.7,18,0.9
987,38,0.8756975599080862,8,0.8,17,0.85
988,38,0.8973629499945289,7,0.7,18,0.9
989,38,0.8800744063901959,7,0.7,17,0.85
990,38,0.9074296969033812,7,0.7,17,0.85
991,38,0.9124630703578072,8,0.8,19,0.95
992,38,0.8719772403982929,9,0.9,17,0.85
993,38,0.846153846153846,8,0.8,18,0.9
994,38,0.8503118503118502,8,0.8,18,0.9
995,38,0.8868585184374658,7,0.7,18,0.9
996,38,0.9023963234489549,7,0.7,18,0.9
997,38,0.9179341284604442,8,0.8,17,0.85
998,38,0.8433088959404749,7,0.7,17,0.85
999,38,0.8109202319728636,8,0.8,17,0.85
1000,38,0.8253638253638254,7,0.7,17,0.85
1001,38,0.8702265018054491,6,0.6,17,0.85
1002,38,0.8986760039391618,7,0.7,18,0.9
1003,38,0.9058978006346428,9,0.9,18,0.9
1004,38,0.9113688587372798,7,0.7,19,0.95
1005,38,0.9115877010613852,8,0.8,19,0.95
1006,38,0.9069920122551701,7,0.7,18,0.9
1007,38,0.9393806762227814,9,0.9,18,0.9
1008,38,0.9135572819783346,7,0.7,17,0.85
1009,38,0.9376299376299376,8,0.8,19,0.95
1010,38,0.8835758835758836,6,0.6,18,0.9
1011,38,0.9194660247291827,8,0.8,18,0.9
1012,38,0.8649742860269176,8,0.8,17,0.85
1013,38,0.9045847466900099,8,0.8,17,0.85
1014,38,0.9115877010613852,8,0.8,17,0.85
1015,38,0.8914542072436809,8,0.8,17,0.85
1016,38,0.9203413940256046,8,0.8,18,0.9
1017,38,0.8827005142794616,7,0.7,19,0.95
1018,38,0.9199037093773936,7,0.7,19,0.95
1019,38,0.9166210745158112,6,0.6,20,1.0
1020,38,0.8798555640660902,7,0.7,18,0.9
1021,38,0.8982383192909508,8,0.8,18,0.9
1022,38,0.8251449830397198,7,0.7,18,0.9
1023,38,0.9190283400809717,8,0.8,19,0.95
1024,38,0.8857643068169385,8,0.8,17,0.85
1025,38,0.8422146843199475,7,0.7,18,0.9
1026,38,0.8446219498851079,7,0.7,17,0.85
1027,38,0.9045847466900099,8,0.8,17,0.85
1028,38,0.8605974395448079,9,0.9,17,0.85
1029,38,0.8293029871977239,6,0.6,17,0.85
1030,38,0.8759164022321917,7,0.7,17,0.85
1031,38,0.9098369624685414,8,0.8,16,0.8
1032,38,0.8811686180107233,7,0.7,16,0.8
1033,38,0.8877338877338877,7,0.7,19,0.95
1034,38,0.8945179997811576,8,0.8,17,0.85
1035,38,0.9409125724915198,8,0.8,18,0.9
1036,38,0.8516249042564832,7,0.7,18,0.9
1037,38,0.8382755224860488,7,0.7,16,0.8
1038,38,0.9343473027683553,9,0.9,19,0.95
1039,38,0.9111500164131743,8,0.8,16,0.8
1040,38,0.908742750848014,8,0.8,18,0.9
1041,38,0.9043659043659042,8,0.8,17,0.85
1042,38,0.9150891782470729,8,0.8,17,0.85
1043,38,0.8805120910384068,6,0.6,18,0.9
1044,38,0.8772294561768246,8,0.8,17,0.85
1045,38,0.8914542072436809,7,0.7,17,0.85
1046,38,0.8912353649195754,8,0.8,18,0.9
1047,38,0.909180435496225,8,0.8,17,0.85
1048,38,0.9080862238756976,8,0.8,19,0.95
1049,38,0.889703468650837,8,0.8,17,0.85
1050,38,0.9244993981836086,8,0.8,19,0.95
1051,38,0.891891891891892,8,0.8,18,0.9
1052,38,0.9185906554327607,9,0.9,19,0.95
1053,38,0.8761352445562971,8,0.8,18,0.9
1054,38,0.9166210745158112,7,0.7,19,0.95
1055,38,0.8630047051099682,7,0.7,16,0.8
1056,38,0.8925484188642083,8,0.8,16,0.8
1057,38,0.9096181201444359,9,0.9,17,0.85
1058,38,0.8293029871977239,5,0.5,17,0.85
1059,38,0.8967064230222126,9,0.9,18,0.9
1060,38,0.9139949666265456,8,0.8,18,0.9
1061,38,0.8658496553233395,7,0.7,17,0.85
1062,38,0.896049896049896,9,0.9,18,0.9
1063,38,0.8870773607615712,7,0.7,18,0.9
1064,38,0.8599409125724916,8,0.8,17,0.85
1065,38,0.8741656636393479,7,0.7,17,0.85
1066,38,0.9212167633220264,8,0.8,18,0.9
1067,38,0.9365357260094103,8,0.8,18,0.9
1068,38,0.9034905350694824,8,0.8,17,0.85
1069,38,0.9124630703578072,7,0.7,18,0.9
1070,38,0.9330342488237224,7,0.7,19,0.95
1071,38,0.9168399168399168,8,0.8,18,0.9
1072,38,0.9041470620417988,7,0.7,17,0.85
1073,38,0.8794178794178794,7,0.7,17,0.85
1074,38,0.9043659043659042,8,0.8,18,0.9
1075,38,0.9120253857095963,7,0.7,18,0.9
1076,38,0.9118065433854907,9,0.9,18,0.9
1077,38,0.9056789583105371,7,0.7,17,0.85
1078,38,0.9166210745158112,9,0.9,20,1.0
1079,38,0.8846700951964108,9,0.9,19,0.95
1080,38,0.8426523689681585,5,0.5,18,0.9
1081,38,0.8754787175839808,6,0.6,19,0.95
1082,38,0.8444031075610022,8,0.8,18,0.9
1083,38,0.9142138089506511,7,0.7,18,0.9
1084,38,0.8949556844293686,8,0.8,17,0.85
1085,38,0.8984571616150564,8,0.8,19,0.95
1086,38,0.8485611117190064,7,0.7,18,0.9
1087,38,0.8872962030856767,7,0.7,18,0.9
1088,38,0.9067731699310646,7,0.7,19,0.95
1089,38,0.8881715723820987,8,0.8,17,0.85
1090,38,0.9238428712112922,7,0.7,19,0.95
1091,38,0.903271692745377,7,0.7,18,0.9
1092,38,0.9369734106576212,8,0.8,19,0.95
1093,38,0.9352226720647772,9,0.9,18,0.9
1094,38,0.9008644271802166,8,0.8,19,0.95
1095,38,0.8907976802713643,7,0.7,17,0.85
1096,38,0.8592843856001751,8,0.8,17,0.85
1097,38,0.8605974395448079,5,0.5,20,1.0
1098,38,0.8973629499945289,8,0.8,19,0.95
1099,38,0.9350038297406719,8,0.8,17,0.85
1100,38,0.9166210745158112,9,0.9,17,0.85
1101,38,0.8951745267534742,9,0.9,18,0.9
1102,38,0.9102746471167523,9,0.9,17,0.85
1103,38,0.9496662654557391,8,0.8,18,0.9
1104,38,0.8914542072436809,8,0.8,19,0.95
1105,38,0.8936426304847357,7,0.7,18,0.9
1106,38,0.8568771200350148,7,0.7,17,0.85
1107,38,0.8562205930626983,6,0.6,17,0.85
1108,38,0.8899223109749426,8,0.8,17,0.85
1109,38,0.8921107342159973,9,0.9,17,0.85
1110,38,0.914651493598862,8,0.8,17,0.85
1111,38,0.9058978006346428,9,0.9,18,0.9
1112,38,0.877885983149141,7,0.7,18,0.9
1113,38,0.8914542072436809,7,0.7,17,0.85
1114,38,0.8586278586278586,7,0.7,17,0.85
1115,38,0.9339096181201443,8,0.8,19,0.95
1116,38,0.8748221906116642,9,0.9,17,0.85
1117,38,0.9118065433854907,10,1.0,17,0.85
1118,38,0.8387132071342597,8,0.8,17,0.85
1119,38,0.9282197176934018,9,0.9,16,0.8
1120,38,0.8695699748331327,6,0.6,17,0.85
1121,38,0.9006455848561111,8,0.8,19,0.95
1122,38,0.9056789583105371,8,0.8,17,0.85
1123,38,0.8862019914651494,6,0.6,18,0.9
1124,38,0.9339096181201443,9,0.9,18,0.9
1125,38,0.8608162818689135,7,0.7,17,0.85
1126,38,0.891891891891892,7,0.7,18,0.9
1127,38,0.8800744063901959,6,0.6,19,0.95
1128,38,0.8763540868804026,7,0.7,18,0.9
1129,38,0.8732902943429258,8,0.8,18,0.9
1130,38,0.9161833898676003,8,0.8,17,0.85
1131,38,0.8772294561768246,8,0.8,18,0.9
1132,38,0.8962687383740015,9,0.9,17,0.85
1133,38,0.8816063026589342,8,0.8,18,0.9
1134,38,0.9120253857095963,9,0.9,18,0.9
1135,38,0.9236240288871868,7,0.7,18,0.9
1136,38,0.9255936098041362,8,0.8,18,0.9
1137,38,0.8704453441295545,7,0.7,18,0.9
1138,38,0.887952730057993,6,0.6,18,0.9
1139,38,0.8691322901849217,7,0.7,17,0.85
1140,38,0.9104934894408577,7,0.7,19,0.95
1141,38,0.8566582777109094,7,0.7,16,0.8
1142,38,0.9113688587372798,8,0.8,19,0.95
1143,38,0.8155159207790788,8,0.8,16,0.8
1144,38,0.9242805558595033,7,0.7,18,0.9
1145,38,0.9104934894408577,7,0.7,19,0.95
1146,38,0.9323777218514061,9,0.9,17,0.85
1147,38,0.8752598752598751,7,0.7,17,0.85
1148,38,0.9113688587372798,8,0.8,18,0.9
1149,38,0.8113579166210745,7,0.7,17,0.85
1150,38,0.8614728088412299,10,1.0,16,0.8
1151,38,0.9002079002079002,7,0.7,17,0.85
1152,38,0.896487580698107,8,0.8,18,0.9
1153,38,0.9139949666265456,8,0.8,17,0.85
1154,38,0.8761352445562971,8,0.8,17,0.85
1155,38,0.8835758835758836,7,0.7,18,0.9
1156,38,0.8693511325090273,7,0.7,18,0.9
1157,38,0.8816063026589342,7,0.7,17,0.85
1158,38,0.8371813108655214,7,0.7,17,0.85
1159,38,0.9002079002079002,7,0.7,17,0.85
1160,38,0.9085239085239085,9,0.9,18,0.9
1161,38,0.9266878214246635,7,0.7,18,0.9
1162,38,0.8507495349600613,8,0.8,19,0.95
1163,38,0.8268957216325638,7,0.7,18,0.9
1164,38,0.878761352445563,6,0.6,17,0.85
1165,38,0.8374001531896269,8,0.8,16,0.8
1166,38,0.9297516139621402,8,0.8,17,0.85
1167,38,0.8883904147062042,8,0.8,17,0.85
1168,38,0.9354415143888828,9,0.9,19,0.95
1169,38,0.8827005142794616,8,0.8,18,0.9
1170,38,0.8439654229127913,8,0.8,16,0.8
1171,38,0.8511872196082723,8,0.8,18,0.9
1172,38,0.891891891891892,7,0.7,17,0.85
1173,38,0.9054601159864318,7,0.7,19,0.95
1174,38,0.8984571616150564,8,0.8,17,0.85
1175,38,0.8669438669438669,7,0.7,16,0.8
1176,38,0.8336798336798338,7,0.7,19,0.95
1177,38,0.9271255060728744,9,0.9,17,0.85
1178,38,0.9137761243024399,8,0.8,18,0.9
1179,38,0.9096181201444359,8,0.8,18,0.9
1180,38,0.8555640660903817,6,0.6,18,0.9
1181,38,0.9039282197176933,8,0.8,17,0.85
1182,38,0.8730714520188204,6,0.6,19,0.95
1183,38,0.9115877010613852,7,0.7,18,0.9
1184,38,0.8890469416785207,7,0.7,18,0.9
1185,38,0.8476857424225844,6,0.6,17,0.85
1186,38,0.9048035890141154,8,0.8,18,0.9
1187,38,0.9006455848561111,8,0.8,18,0.9
1188,38,0.8625670204617573,6,0.6,18,0.9
1189,38,0.8789801947696685,7,0.7,17,0.85
1190,38,0.8752598752598751,9,0.9,18,0.9
1191,38,0.9054601159864318,8,0.8,16,0.8
1192,38,0.8258015100120364,8,0.8,16,0.8
1193,38,0.9113688587372798,9,0.9,18,0.9
1194,38,0.8728526096947149,8,0.8,16,0.8
1195,38,0.9017397964766386,7,0.7,18,0.9
1196,38,0.8914542072436809,7,0.7,18,0.9
1197,38,0.9080862238756976,8,0.8,17,0.85
1198,38,0.9216544479702374,8,0.8,17,0.85
1199,38,0.8625670204617573,7,0.7,18,0.9
1200,38,0.9037093773935879,9,0.9,17,0.85
1201,38,0.7772185140606194,6,0.6,18,0.9
1202,38,0.9069920122551701,7,0.7,18,0.9
1203,38,0.9496662654557391,10,1.0,18,0.9
1204,38,0.8886092570303098,8,0.8,18,0.9
1205,38,0.9093992778203305,7,0.7,17,0.85
1206,38,0.8927672611883138,8,0.8,17,0.85
1207,38,0.8886092570303098,8,0.8,17,0.85
1208,38,0.8892657840026261,8,0.8,16,0.8
1209,38,0.8840135682240945,8,0.8,17,0.85
1210,38,0.8899223109749426,9,0.9,16,0.8
1211,38,0.9111500164131743,7,0.7,18,0.9
1212,38,0.887952730057993,7,0.7,19,0.95
1213,38,0.8634423897581792,6,0.6,19,0.95
1214,38,0.9048035890141154,8,0.8,18,0.9
1215,38,0.8378378378378378,8,0.8,17,0.85
1216,38,0.7969143232301126,6,0.6,18,0.9
1217,38,0.8798555640660902,7,0.7,19,0.95
1218,38,0.896487580698107,8,0.8,17,0.85
1219,38,0.8144217091585513,6,0.6,17,0.85
1220,38,0.8938614728088413,8,0.8,18,0.9
1221,38,0.8649742860269176,7,0.7,17,0.85
1222,38,0.8393697341065761,7,0.7,19,0.95
1223,38,0.9078673815515921,7,0.7,18,0.9
1224,38,0.8811686180107233,8,0.8,17,0.85
1225,38,0.8796367217419849,8,0.8,17,0.85
1226,38,0.9258124521282415,7,0.7,18,0.9
1227,38,0.876572929204508,8,0.8,16,0.8
1228,38,0.9321588795273006,6,0.6,17,0.85
1229,38,0.9172776014881278,8,0.8,19,0.95
1230,38,0.8529379582011161,6,0.6,18,0.9
1231,38,0.9242805558595033,8,0.8,18,0.9
1232,38,0.8925484188642083,6,0.6,18,0.9
1233,38,0.9056789583105371,8,0.8,17,0.85
1234,38,0.9293139293139293,7,0.7,19,0.95
1235,38,0.8791990370937739,8,0.8,19,0.95
1236,38,0.8774482985009301,7,0.7,19,0.95
1237,38,0.8730714520188204,8,0.8,19,0.95
1238,38,0.8564394353868038,7,0.7,18,0.9
1239,38,0.9536054272896377,9,0.9,19,0.95
1240,38,0.8387132071342597,8,0.8,16,0.8
1241,38,0.8374001531896269,7,0.7,17,0.85
1242,38,0.913338439654229,8,0.8,18,0.9
1243,38,0.8647554437028121,7,0.7,16,0.8
1244,38,0.8862019914651494,7,0.7,18,0.9
1245,38,0.8527191158770107,7,0.7,18,0.9
1246,38,0.9056789583105371,8,0.8,19,0.95
1247,38,0.894736842105263,7,0.7,18,0.9
1248,38,0.8430900536163695,7,0.7,18,0.9
1249,38,0.9199037093773936,8,0.8,18,0.9
1250,38,0.878761352445563,8,0.8,16,0.8
1251,38,0.8678192362402888,7,0.7,17,0.85
1252,38,0.877885983149141,7,0.7,17,0.85
1253,38,0.931940037203195,8,0.8,18,0.9
1254,38,0.9150891782470729,7,0.7,18,0.9
1255,38,0.8654119706751285,7,0.7,17,0.85
1256,38,0.8995513732355837,7,0.7,18,0.9
1257,38,0.9030528504212715,8,0.8,18,0.9
1258,38,0.9006455848561111,8,0.8,17,0.85
1259,38,0.896487580698107,8,0.8,16,0.8
1260,38,0.7962577962577962,7,0.7,18,0.9
1261,38,0.8612539665171244,8,0.8,18,0.9
1262,38,0.8907976802713643,8,0.8,18,0.9
1263,38,0.9420067841120472,7,0.7,19,0.95
1264,38,0.885107779844622,7,0.7,17,0.85
1265,38,0.8921107342159973,6,0.6,19,0.95
1266,38,0.8113579166210745,7,0.7,16,0.8
1267,38,0.9242805558595033,7,0.7,19,0.95
1268,38,0.8846700951964108,8,0.8,18,0.9
1269,38,0.8888280993544151,7,0.7,16,0.8
1270,38,0.9277820330451908,9,0.9,19,0.95
1271,38,0.8457161615056351,5,0.5,17,0.85
1272,38,0.8728526096947149,7,0.7,16,0.8
1273,38,0.8888280993544151,8,0.8,17,0.85
1274,38,0.9113688587372798,8,0.8,19,0.95
1275,38,0.8956122114016851,8,0.8,17,0.85
1276,38,0.9124630703578072,9,0.9,19,0.95
1277,38,0.8645366013787066,7,0.7,17,0.85
1278,38,0.8645366013787066,6,0.6,19,0.95
1279,38,0.8273334062807747,8,0.8,15,0.75
1280,38,0.8435277382645804,7,0.7,17,0.85
1281,38,0.8940803151329467,6,0.6,19,0.95
1282,38,0.8831381989276726,7,0.7,17,0.85
1283,38,0.9054601159864318,8,0.8,17,0.85
1284,38,0.8807309333625123,6,0.6,19,0.95
1285,38,0.8430900536163695,6,0.6,17,0.85
1286,38,0.9179341284604442,8,0.8,19,0.95
1287,38,0.9098369624685414,7,0.7,17,0.85
1288,38,0.8835758835758836,7,0.7,17,0.85
1289,38,0.8505306926359557,8,0.8,18,0.9
1290,38,0.829740671845935,9,0.9,17,0.85
1291,38,0.9190283400809717,8,0.8,18,0.9
1292,38,0.8912353649195754,8,0.8,19,0.95
1293,38,0.896049896049896,8,0.8,16,0.8
1294,38,0.9260312944523471,9,0.9,19,0.95
1295,38,0.9260312944523471,8,0.8,18,0.9
1296,38,0.8743845059634533,7,0.7,17,0.85
1297,38,0.9058978006346428,8,0.8,17,0.85
1298,38,0.8951745267534742,9,0.9,18,0.9
1299,38,0.8465915308020571,9,0.9,16,0.8
1300,38,0.8986760039391618,9,0.9,17,0.85
1301,38,0.9389429915745705,8,0.8,18,0.9
1302,38,0.9113688587372798,8,0.8,18,0.9
1303,38,0.8568771200350148,7,0.7,17,0.85
1304,38,0.8735091366670313,7,0.7,17,0.85
1305,38,0.8627858627858629,7,0.7,18,0.9
1306,38,0.9188094977568662,6,0.6,18,0.9
1307,38,0.9339096181201443,8,0.8,17,0.85
1308,38,0.9063354852828537,7,0.7,19,0.95
1309,38,0.8936426304847357,7,0.7,18,0.9
1310,38,0.9045847466900099,7,0.7,19,0.95
1311,38,0.8827005142794616,6,0.6,19,0.95
1312,38,0.8590655432760695,8,0.8,17,0.85
1313,38,0.885107779844622,6,0.6,19,0.95
1314,38,0.8500930079877448,7,0.7,17,0.85
1315,38,0.872414925046504,8,0.8,16,0.8
1316,38,0.8295218295218295,6,0.6,17,0.85
1317,38,0.9085239085239085,5,0.5,19,0.95
1318,38,0.7640879746142903,6,0.6,17,0.85
1319,38,0.9131195973301236,7,0.7,19,0.95
1320,38,0.9100558047926468,6,0.6,18,0.9
1321,38,0.9122442280337016,6,0.6,19,0.95
1322,38,0.8934237881606302,8,0.8,17,0.85
1323,38,0.8975817923186344,7,0.7,18,0.9
1324,38,0.9209979209979211,8,0.8,19,0.95
1325,38,0.8634423897581792,7,0.7,18,0.9
1326,38,0.9028340080971659,8,0.8,17,0.85
1327,38,0.9406937301674143,9,0.9,19,0.95
1328,38,0.8603785972207025,8,0.8,18,0.9
1329,38,0.9021774811248495,6,0.6,19,0.95
1330,38,0.8317102527628844,8,0.8,15,0.75
1331,38,0.8907976802713643,7,0.7,18,0.9
1332,38,0.903271692745377,7,0.7,18,0.9
1333,38,0.8877338877338877,8,0.8,17,0.85
1334,38,0.8912353649195754,8,0.8,18,0.9
1335,38,0.8367436262173104,6,0.6,18,0.9
1336,38,0.9093992778203305,9,0.9,18,0.9
1337,38,0.8829193566035671,8,0.8,17,0.85
1338,38,0.8899223109749426,8,0.8,19,0.95
1339,38,0.8409016303753145,7,0.7,18,0.9
1340,38,0.8953933690775795,7,0.7,18,0.9
1341,38,0.8859831491410438,8,0.8,18,0.9
1342,38,0.8870773607615712,7,0.7,17,0.85
1343,38,0.9067731699310646,8,0.8,18,0.9
1344,38,0.817485501696028,7,0.7,17,0.85
1345,38,0.8406827880512091,8,0.8,15,0.75
1346,38,0.7969143232301126,7,0.7,17,0.85
1347,38,0.8888280993544151,7,0.7,18,0.9
1348,38,0.8813874603348286,8,0.8,17,0.85
1349,38,0.8277710909289857,7,0.7,16,0.8
1350,38,0.8214246635299266,7,0.7,16,0.8
1351,38,0.8271145639566692,7,0.7,17,0.85
1352,38,0.9398183608709925,10,1.0,19,0.95
1353,38,0.8940803151329467,7,0.7,18,0.9
1354,38,0.9054601159864318,7,0.7,18,0.9
1355,38,0.731699310646679,5,0.5,16,0.8
1356,38,0.887952730057993,7,0.7,17,0.85
1357,38,0.8956122114016851,9,0.9,18,0.9
1358,38,0.9034905350694824,8,0.8,18,0.9
1359,38,0.8756975599080862,9,0.9,15,0.75
1360,38,0.8927672611883138,7,0.7,19,0.95
1361,38,0.8973629499945289,7,0.7,16,0.8
1362,38,0.8914542072436809,8,0.8,18,0.9
1363,38,0.901083269504322,7,0.7,18,0.9
1364,38,0.8942991574570521,8,0.8,19,0.95
1365,38,0.9398183608709925,7,0.7,19,0.95
1366,38,0.8654119706751285,7,0.7,17,0.85
1367,38,0.9168399168399168,7,0.7,19,0.95
1368,38,0.8689134478608164,6,0.6,18,0.9
1369,38,0.8844512528723055,6,0.6,18,0.9
1370,38,0.9129007550060181,9,0.9,18,0.9
1371,38,0.8525002735529051,8,0.8,19,0.95
1372,38,0.8870773607615712,7,0.7,15,0.75
1373,38,0.9089615931721193,7,0.7,18,0.9
1374,38,0.8087318087318087,8,0.8,17,0.85
1375,38,0.8686946055367107,7,0.7,16,0.8
1376,38,0.903271692745377,7,0.7,18,0.9
1377,38,0.7960389539336907,7,0.7,17,0.85
1378,38,0.9111500164131743,8,0.8,19,0.95
1379,38,0.8371813108655214,6,0.6,17,0.85
1380,38,0.8929861035124192,7,0.7,17,0.85
1381,38,0.8592843856001751,8,0.8,16,0.8
1382,38,0.7789692526534632,6,0.6,16,0.8
1383,38,0.8866396761133604,8,0.8,17,0.85
1384,38,0.8220811905022432,7,0.7,16,0.8
1385,38,0.8649742860269176,6,0.6,19,0.95
1386,38,0.9249370828318196,8,0.8,19,0.95
1387,38,0.9393806762227814,9,0.9,19,0.95
1388,38,0.919684867053288,6,0.6,19,0.95
1389,38,0.9330342488237224,8,0.8,18,0.9
1390,38,0.9244993981836086,8,0.8,19,0.95
1391,38,0.8380566801619432,7,0.7,18,0.9
1392,38,0.8934237881606302,8,0.8,19,0.95
1393,38,0.8389320494583653,8,0.8,18,0.9
1394,38,0.8656308129992342,8,0.8,17,0.85
1395,38,0.8689134478608164,7,0.7,18,0.9
1396,38,0.9463836305941569,8,0.8,19,0.95
1397,38,0.8942991574570521,6,0.6,18,0.9
1398,38,0.8805120910384068,8,0.8,18,0.9
1399,38,0.8393697341065761,7,0.7,17,0.85
1400,38,0.9249370828318196,8,0.8,17,0.85
1401,38,0.9107123317649634,7,0.7,18,0.9
1402,38,0.8319290950869898,6,0.6,16,0.8
1403,38,0.9076485392274865,8,0.8,18,0.9
1404,38,0.9150891782470729,9,0.9,17,0.85
1405,38,0.8616916511653352,7,0.7,18,0.9
1406,38,0.8691322901849217,6,0.6,17,0.85
1407,38,0.8802932487143014,8,0.8,18,0.9
1408,38,0.8953933690775795,7,0.7,18,0.9
1409,38,0.8848889375205164,7,0.7,18,0.9
1410,38,0.8949556844293686,9,0.9,18,0.9
1411,38,0.8684757632126053,7,0.7,17,0.85
1412,38,0.9006455848561111,7,0.7,19,0.95
1413,38,0.8984571616150564,6,0.6,17,0.85
1414,38,0.9466024729182624,9,0.9,19,0.95
1415,38,0.8796367217419849,7,0.7,18,0.9
1416,38,0.891891891891892,7,0.7,17,0.85
1417,38,0.9452894189736296,8,0.8,19,0.95
1418,38,0.8776671408250355,7,0.7,18,0.9
1419,38,0.9174964438122333,7,0.7,19,0.95
1420,38,0.8218623481781375,6,0.6,17,0.85
1421,38,0.8614728088412299,8,0.8,17,0.85
1422,38,0.8831381989276726,9,0.9,17,0.85
1423,38,0.9056789583105371,7,0.7,19,0.95
1424,38,0.873727978991137,6,0.6,17,0.85
1425,38,0.8846700951964108,8,0.8,18,0.9
1426,38,0.891891891891892,8,0.8,17,0.85
1427,38,0.9166210745158112,8,0.8,18,0.9
1428,38,0.8743845059634533,7,0.7,19,0.95
1429,38,0.9476966845387899,8,0.8,19,0.95
1430,38,0.908742750848014,8,0.8,18,0.9
1431,38,0.8912353649195754,9,0.9,17,0.85
1432,38,0.9008644271802166,7,0.7,19,0.95
1433,38,0.8980194769668455,8,0.8,17,0.85
1434,38,0.9325965641755115,8,0.8,18,0.9
1435,38,0.8623481781376517,8,0.8,18,0.9
1436,38,0.9369734106576212,8,0.8,18,0.9
1437,38,0.9111500164131743,9,0.9,18,0.9
1438,38,0.9063354852828537,8,0.8,18,0.9
1439,38,0.9166210745158112,7,0.7,18,0.9
1440,38,0.9290950869898239,9,0.9,18,0.9
1441,38,0.9157457052193895,8,0.8,18,0.9
1442,38,0.8619104934894408,7,0.7,18,0.9
1443,38,0.919684867053288,8,0.8,18,0.9
1444,38,0.8842324105481999,7,0.7,18,0.9
1445,38,0.9120253857095963,8,0.8,18,0.9
1446,38,0.9253747674800306,8,0.8,17,0.85
1447,38,0.9341284604442499,8,0.8,18,0.9
1448,38,0.9398183608709925,8,0.8,19,0.95
1449,38,0.8610351241930189,9,0.9,16,0.8
1450,38,0.8732902943429258,8,0.8,16,0.8
1451,38,0.9203413940256046,8,0.8,19,0.95
1452,38,0.8796367217419849,8,0.8,17,0.85
1453,38,0.896487580698107,7,0.7,19,0.95
1454,38,0.8588467009519641,6,0.6,18,0.9
1455,38,0.7947258999890578,7,0.7,16,0.8
1456,38,0.8995513732355837,8,0.8,17,0.85
1457,38,0.8929861035124192,8,0.8,18,0.9
1458,38,0.8827005142794616,8,0.8,17,0.85
1459,38,0.9404748878433089,9,0.9,19,0.95
1460,38,0.8934237881606302,7,0.7,19,0.95
1461,38,0.9080862238756976,7,0.7,18,0.9
1462,38,0.9037093773935879,7,0.7,18,0.9
1463,38,0.8746033482875588,9,0.9,18,0.9
1464,38,0.8295218295218295,7,0.7,18,0.9
1465,38,0.8426523689681585,7,0.7,18,0.9
1466,38,0.8260203523361417,7,0.7,17,0.85
1467,38,0.8899223109749426,7,0.7,18,0.9
1468,38,0.8638800744063901,8,0.8,17,0.85
1469,38,0.7621183936973411,6,0.6,18,0.9
1470,38,0.8669438669438669,6,0.6,16,0.8
1471,38,0.9185906554327607,8,0.8,19,0.95
1472,38,0.9109311740890687,10,1.0,17,0.85
1473,38,0.8767917715286137,6,0.6,17,0.85
1474,38,0.8562205930626983,7,0.7,17,0.85
1475,38,0.9522923733450049,8,0.8,18,0.9
1476,38,0.866506182295656,7,0.7,15,0.75
1477,38,0.8435277382645804,6,0.6,17,0.85
1478,38,0.8945179997811576,7,0.7,18,0.9
1479,38,0.8748221906116642,7,0.7,17,0.85
1480,38,0.8962687383740015,6,0.6,18,0.9
1481,38,0.8531568005252216,9,0.9,15,0.75
1482,38,0.9468213152423678,9,0.9,19,0.95
1483,38,0.8282087755771966,6,0.6,18,0.9
1484,38,0.8662873399715505,6,0.6,17,0.85
1485,38,0.8741656636393479,6,0.6,17,0.85
1486,38,0.9174964438122333,8,0.8,18,0.9
1487,38,0.8978006346427398,7,0.7,18,0.9
1488,38,0.9039282197176933,7,0.7,19,0.95
1489,38,0.9118065433854907,7,0.7,19,0.95
1490,38,0.8798555640660902,9,0.9,17,0.85
1491,38,0.8645366013787066,7,0.7,17,0.85
1492,38,0.7826895721632563,4,0.4,16,0.8
1493,38,0.8936426304847357,8,0.8,17,0.85
1494,38,0.8640989167304957,7,0.7,18,0.9
1495,38,0.9043659043659042,8,0.8,18,0.9
1496,38,0.8640989167304957,7,0.7,18,0.9
1497,38,0.8748221906116642,7,0.7,18,0.9
1498,38,0.9111500164131743,8,0.8,20,1.0
1499,38,0.894736842105263,6,0.6,18,0.9
1500,38,0.951417004048583,8,0.8,19,0.95
1501,38,0.878761352445563,8,0.8,16,0.8
1502,38,0.9236240288871868,8,0.8,19,0.95
1503,38,0.9360980413611992,8,0.8,18,0.9
1504,38,0.8934237881606302,8,0.8,19,0.95
1505,38,0.9045847466900099,7,0.7,19,0.95
1506,38,0.8242696137432979,6,0.6,16,0.8
1507,38,0.9273443483969799,8,0.8,18,0.9
1508,38,0.9061166429587483,8,0.8,18,0.9
1509,38,0.9102746471167523,7,0.7,18,0.9
1510,38,0.9126819126819127,8,0.8,18,0.9
1511,38,0.883357041251778,8,0.8,18,0.9
1512,38,0.8813874603348286,6,0.6,19,0.95
1513,38,0.8522814312287995,5,0.5,19,0.95
1514,38,0.9295327716380348,8,0.8,20,1.0
1515,38,0.8676003939161835,7,0.7,17,0.85
1516,38,0.8588467009519641,7,0.7,18,0.9
1517,38,0.8805120910384068,9,0.9,18,0.9
1518,38,0.8859831491410438,8,0.8,17,0.85
1519,38,0.8430900536163695,7,0.7,17,0.85
1520,38,0.8888280993544151,9,0.9,18,0.9
1521,38,0.8910165225954699,7,0.7,18,0.9
1522,38,0.8719772403982929,7,0.7,17,0.85
1523,38,0.8829193566035671,8,0.8,16,0.8
1524,38,0.8892657840026261,7,0.7,18,0.9
1525,38,0.8883904147062042,6,0.6,18,0.9
1526,38,0.8914542072436809,9,0.9,17,0.85
1527,38,0.9137761243024399,10,1.0,16,0.8
1528,38,0.926468979100558,8,0.8,19,0.95
1529,38,0.8978006346427398,7,0.7,17,0.85
1530,38,0.896049896049896,6,0.6,19,0.95
1531,38,0.896049896049896,7,0.7,17,0.85
1532,38,0.9236240288871868,8,0.8,19,0.95
1533,38,0.853813327497538,8,0.8,15,0.75
1534,38,0.9052412736623262,7,0.7,18,0.9
1535,38,0.8772294561768246,8,0.8,18,0.9
1536,38,0.9135572819783346,7,0.7,18,0.9
1537,38,0.920122551701499,6,0.6,19,0.95
1538,38,0.8065433854907539,8,0.8,15,0.75
1539,38,0.848342269394901,8,0.8,17,0.85
1540,38,0.9244993981836086,8,0.8,19,0.95
1541,38,0.8986760039391618,7,0.7,17,0.85
1542,38,0.896925265346318,8,0.8,18,0.9
1543,38,0.887952730057993,7,0.7,17,0.85
1544,38,0.8997702155596893,7,0.7,18,0.9
1545,38,0.890141153299048,7,0.7,18,0.9
1546,38,0.8702265018054491,8,0.8,17,0.85
1547,38,0.8111390742969691,9,0.9,16,0.8
1548,38,0.9153080205711785,8,0.8,17,0.85
1549,38,0.8903599956231535,6,0.6,19,0.95
1550,38,0.8945179997811576,9,0.9,18,0.9
1551,38,0.9522923733450049,9,0.9,19,0.95
1552,38,0.9023963234489549,8,0.8,17,0.85
1553,38,0.8756975599080862,7,0.7,17,0.85
1554,38,0.8763540868804026,8,0.8,18,0.9
1555,38,0.8721960827223986,8,0.8,17,0.85
1556,38,0.9212167633220264,7,0.7,18,0.9
1557,38,0.8912353649195754,6,0.6,18,0.9
1558,38,0.8135463398621294,7,0.7,16,0.8
1559,38,0.8975817923186344,7,0.7,17,0.85
1560,38,0.8131086552139184,8,0.8,17,0.85
1561,38,0.877885983149141,8,0.8,17,0.85
1562,38,0.9004267425320057,8,0.8,18,0.9
1563,38,0.8669438669438669,8,0.8,16,0.8
1564,38,0.7664952401794506,6,0.6,16,0.8
1565,38,0.8927672611883138,9,0.9,17,0.85
1566,38,0.8441842652368967,8,0.8,16,0.8
1567,38,0.9229675019148704,8,0.8,20,1.0
1568,38,0.8888280993544151,7,0.7,16,0.8
1569,38,0.8634423897581792,6,0.6,18,0.9
1570,38,0.8630047051099682,7,0.7,17,0.85
1571,38,0.887952730057993,8,0.8,16,0.8
1572,38,0.8820439873071452,7,0.7,17,0.85
1573,38,0.8647554437028121,8,0.8,18,0.9
1574,38,0.9280008753692964,8,0.8,17,0.85
1575,38,0.8400262610788926,8,0.8,18,0.9
1576,38,0.8805120910384068,8,0.8,17,0.85
1577,38,0.9118065433854907,7,0.7,19,0.95
1578,38,0.9185906554327607,8,0.8,19,0.95
1579,38,0.8032607506291717,7,0.7,17,0.85
1580,38,0.8500930079877448,6,0.6,17,0.85
1581,38,0.9150891782470729,8,0.8,17,0.85
1582,38,0.8743845059634533,8,0.8,16,0.8
1583,38,0.8982383192909508,7,0.7,19,0.95
1584,38,0.8910165225954699,7,0.7,18,0.9
1585,38,0.8608162818689135,8,0.8,16,0.8
1586,38,0.9069920122551701,7,0.7,17,0.85
1587,38,0.9330342488237224,7,0.7,18,0.9
1588,38,0.9199037093773936,8,0.8,18,0.9
1589,38,0.8608162818689135,8,0.8,17,0.85
1590,38,0.909180435496225,8,0.8,18,0.9
1591,38,0.896925265346318,7,0.7,17,0.85
1592,38,0.9457271036218405,8,0.8,19,0.95
1593,38,0.890141153299048,8,0.8,18,0.9
1594,38,0.9242805558595033,8,0.8,19,0.95
1595,38,0.8813874603348286,6,0.6,18,0.9
1596,38,0.9345661450924608,8,0.8,19,0.95
1597,38,0.8691322901849217,7,0.7,17,0.85
1598,38,0.8881715723820987,8,0.8,18,0.9
1599,38,0.8562205930626983,9,0.9,18,0.9
1600,38,0.8669438669438669,7,0.7,17,0.85
1601,38,0.8978006346427398,9,0.9,18,0.9
1602,38,0.920122551701499,8,0.8,18,0.9
1603,38,0.9030528504212715,7,0.7,18,0.9
1604,38,0.9113688587372798,9,0.9,18,0.9
1605,38,0.9266878214246635,9,0.9,18,0.9
1606,38,0.9227486595907649,8,0.8,19,0.95
1607,38,0.7730605099026152,7,0.7,15,0.75
1608,38,0.9144326512747565,7,0.7,18,0.9
1609,38,0.8767917715286137,7,0.7,18,0.9
1610,38,0.8314914104387788,7,0.7,17,0.85
1611,38,0.8999890578837948,8,0.8,18,0.9
1612,38,0.9203413940256046,8,0.8,19,0.95
1613,38,0.9080862238756976,8,0.8,19,0.95
1614,38,0.9058978006346428,8,0.8,18,0.9
1615,38,0.9153080205711785,9,0.9,19,0.95
1616,38,0.887952730057993,8,0.8,16,0.8
1617,38,0.8323667797352008,6,0.6,16,0.8
1618,38,0.9041470620417988,9,0.9,18,0.9
1619,38,0.9102746471167523,7,0.7,17,0.85
1620,38,0.9054601159864318,8,0.8,20,1.0
1621,38,0.9102746471167523,10,1.0,17,0.85
1622,38,0.8570959623591203,8,0.8,17,0.85
1623,38,0.8973629499945289,7,0.7,18,0.9
1624,38,0.913338439654229,7,0.7,17,0.85
1625,38,0.8216435058540322,7,0.7,17,0.85
1626,38,0.878761352445563,7,0.7,18,0.9
1627,38,0.8697888171572382,7,0.7,18,0.9
1628,38,0.8739468213152424,6,0.6,18,0.9
1629,38,0.8925484188642083,8,0.8,17,0.85
1630,38,0.9045847466900099,7,0.7,19,0.95
1631,38,0.9164022321917058,6,0.6,19,0.95
1632,38,0.921435605646132,7,0.7,19,0.95
1633,38,0.9115877010613852,9,0.9,18,0.9
1634,38,0.871539555750082,6,0.6,19,0.95
1635,38,0.896487580698107,7,0.7,17,0.85
1636,38,0.9113688587372798,9,0.9,18,0.9
1637,38,0.8610351241930189,9,0.9,17,0.85
1638,38,0.8798555640660902,8,0.8,17,0.85
1639,38,0.9153080205711785,8,0.8,16,0.8
1640,38,0.9166210745158112,7,0.7,19,0.95
1641,38,0.8890469416785207,7,0.7,17,0.85
1642,38,0.8789801947696685,7,0.7,19,0.95
1643,38,0.8148593938067622,7,0.7,17,0.85
1644,38,0.8481234270707955,8,0.8,18,0.9
1645,38,0.9008644271802166,8,0.8,17,0.85
1646,38,0.889703468650837,8,0.8,17,0.85
1647,38,0.9374110953058321,9,0.9,18,0.9
1648,38,0.8805120910384068,8,0.8,17,0.85
1649,38,0.9050224313382208,9,0.9,17,0.85
1650,38,0.9093992778203305,9,0.9,19,0.95
1651,38,0.8875150454097821,9,0.9,17,0.85
1652,38,0.8995513732355837,8,0.8,18,0.9
1653,38,0.8520625889046942,8,0.8,18,0.9
1654,38,0.8378378378378378,8,0.8,17,0.85
1655,38,0.9137761243024399,6,0.6,18,0.9
1656,38,0.8853266221687274,8,0.8,18,0.9
1657,38,0.8454973191815297,7,0.7,18,0.9
1658,38,0.8590655432760695,6,0.6,18,0.9
1659,38,0.8741656636393479,6,0.6,18,0.9
1660,38,0.9028340080971659,8,0.8,16,0.8
1661,38,0.9253747674800306,8,0.8,19,0.95
1662,38,0.9002079002079002,8,0.8,18,0.9
1663,38,0.8179231863442389,8,0.8,16,0.8
1664,38,0.9161833898676003,9,0.9,19,0.95
1665,38,0.860159754896597,7,0.7,18,0.9
1666,38,0.889703468650837,7,0.7,19,0.95
1667,38,0.9063354852828537,8,0.8,19,0.95
1668,38,0.8827005142794616,7,0.7,18,0.9
1669,38,0.9212167633220264,9,0.9,17,0.85
1670,38,0.890141153299048,9,0.9,17,0.85
1671,38,0.9043659043659042,9,0.9,18,0.9
1672,38,0.8754787175839808,8,0.8,18,0.9
1673,38,0.8767917715286137,7,0.7,16,0.8
1674,38,0.8516249042564832,7,0.7,16,0.8
1675,38,0.8789801947696685,10,1.0,17,0.85
1676,38,0.92056023634971,9,0.9,18,0.9
1677,38,0.926906663748769,9,0.9,19,0.95
1678,38,0.8706641864536601,8,0.8,16,0.8
1679,38,0.9093992778203305,8,0.8,18,0.9
1680,38,0.9330342488237224,10,1.0,16,0.8
1681,38,0.8656308129992342,6,0.6,18,0.9
1682,38,0.8527191158770107,8,0.8,18,0.9
1683,38,0.9034905350694824,8,0.8,18,0.9
1684,38,0.8903599956231535,7,0.7,18,0.9
1685,38,0.9321588795273006,8,0.8,18,0.9
1686,38,0.8770106138527192,8,0.8,18,0.9
1687,38,0.8590655432760695,7,0.7,19,0.95
1688,38,0.8743845059634533,7,0.7,17,0.85
1689,38,0.8962687383740015,7,0.7,18,0.9
1690,38,0.8811686180107233,8,0.8,18,0.9
1691,38,0.9045847466900099,9,0.9,17,0.85
1692,38,0.8805120910384068,8,0.8,17,0.85
1693,38,0.896487580698107,6,0.6,17,0.85
1694,38,0.8433088959404749,7,0.7,18,0.9
1695,38,0.9026151657730606,8,0.8,16,0.8
1696,38,0.8741656636393479,7,0.7,18,0.9
1697,38,0.834774045300361,7,0.7,16,0.8
1698,38,0.8735091366670313,8,0.8,18,0.9
1699,38,0.913338439654229,9,0.9,17,0.85
1700,38,0.8855454644928329,6,0.6,18,0.9
1701,38,0.9170587591640224,10,1.0,18,0.9
1702,38,0.8551263814421708,8,0.8,19,0.95
1703,38,0.919684867053288,9,0.9,18,0.9
1704,38,0.8505306926359557,8,0.8,17,0.85
1705,38,0.9122442280337016,8,0.8,18,0.9
1706,38,0.8682569208884998,7,0.7,18,0.9
1707,38,0.9190283400809717,8,0.8,18,0.9
1708,38,0.9168399168399168,7,0.7,17,0.85
1709,38,0.9113688587372798,8,0.8,19,0.95
1710,38,0.9479155268628953,8,0.8,19,0.95
1711,38,0.8870773607615712,8,0.8,18,0.9
1712,38,0.873727978991137,7,0.7,17,0.85
1713,38,0.8549075391180654,6,0.6,18,0.9
1714,38,0.9476966845387899,9,0.9,17,0.85
1715,38,0.8203304519093993,7,0.7,15,0.75
1716,38,0.9058978006346428,8,0.8,17,0.85
1717,38,0.9111500164131743,8,0.8,19,0.95
1718,38,0.8750410329357698,8,0.8,18,0.9
1719,38,0.8772294561768246,7,0.7,17,0.85
1720,38,0.8627858627858629,8,0.8,17,0.85
1721,38,0.8903599956231535,6,0.6,18,0.9
1722,38,0.8535944851734325,7,0.7,18,0.9
1723,38,0.8627858627858629,7,0.7,17,0.85
1724,38,0.8645366013787066,6,0.6,18,0.9
1725,38,0.8085129664077032,7,0.7,16,0.8
1726,38,0.8201116095852938,6,0.6,18,0.9
1727,38,0.8303971988182514,6,0.6,18,0.9
1728,38,0.8982383192909508,8,0.8,17,0.85
1729,38,0.8610351241930189,8,0.8,16,0.8
1730,38,0.8398074187547873,7,0.7,18,0.9
1731,38,0.9104934894408577,8,0.8,17,0.85
1732,38,0.8511872196082723,6,0.6,18,0.9
1733,38,0.8750410329357698,6,0.6,19,0.95
1734,38,0.9028340080971659,8,0.8,17,0.85
1735,38,0.9124630703578072,7,0.7,19,0.95
1736,38,0.901083269504322,8,0.8,16,0.8
1737,38,0.8212058212058211,7,0.7,17,0.85
1738,38,0.9253747674800306,7,0.7,19,0.95
1739,38,0.848342269394901,5,0.5,18,0.9
1740,38,0.8566582777109094,5,0.5,18,0.9
1741,38,0.8560017507385929,7,0.7,15,0.75
1742,38,0.8914542072436809,8,0.8,19,0.95
1743,38,0.8914542072436809,8,0.8,18,0.9
1744,38,0.8711018711018711,8,0.8,18,0.9
1745,38,0.8785425101214573,7,0.7,17,0.85
1746,38,0.8393697341065761,6,0.6,19,0.95
1747,38,0.9330342488237224,8,0.8,19,0.95
1748,38,0.9004267425320057,6,0.6,18,0.9
1749,38,0.903271692745377,8,0.8,16,0.8
1750,38,0.8223000328263486,8,0.8,16,0.8
1751,38,0.9058978006346428,8,0.8,19,0.95
1752,38,0.9017397964766386,7,0.7,17,0.85
1753,38,0.8988948462632673,8,0.8,17,0.85
1754,38,0.8409016303753145,7,0.7,18,0.9
1755,38,0.9065543276069592,6,0.6,20,1.0
1756,38,0.9365357260094103,9,0.9,18,0.9
1757,38,0.9093992778203305,8,0.8,17,0.85
1758,38,0.8476857424225844,7,0.7,17,0.85
1759,38,0.9284385600175075,7,0.7,18,0.9
1760,38,0.8638800744063901,8,0.8,17,0.85
1761,38,0.8748221906116642,5,0.5,18,0.9
1762,38,0.8807309333625123,8,0.8,18,0.9
1763,38,0.8485611117190064,8,0.8,16,0.8
1764,38,0.9098369624685414,8,0.8,18,0.9
1765,38,0.8630047051099682,8,0.8,17,0.85
1766,38,0.914651493598862,7,0.7,20,1.0
1767,38,0.8726337673706095,7,0.7,18,0.9
1768,38,0.8476857424225844,7,0.7,18,0.9
1769,38,0.919684867053288,9,0.9,19,0.95
1770,38,0.8820439873071452,8,0.8,16,0.8
1771,38,0.885107779844622,8,0.8,18,0.9
1772,38,0.9159645475434949,9,0.9,18,0.9
1773,38,0.8612539665171244,6,0.6,18,0.9
1774,38,0.92056023634971,8,0.8,19,0.95
1775,38,0.9236240288871868,8,0.8,18,0.9
1776,38,0.9023963234489549,8,0.8,18,0.9
1777,38,0.8831381989276726,7,0.7,18,0.9
1778,38,0.8973629499945289,8,0.8,17,0.85
1779,38,0.9023963234489549,9,0.9,18,0.9
1780,38,0.9157457052193895,8,0.8,17,0.85
1781,38,0.901083269504322,6,0.6,19,0.95
1782,38,0.9129007550060181,7,0.7,18,0.9
1783,38,0.9179341284604442,8,0.8,18,0.9
1784,38,0.8945179997811576,8,0.8,16,0.8
1785,38,0.8479045847466901,7,0.7,17,0.85
1786,38,0.841558157347631,8,0.8,17,0.85
1787,38,0.9238428712112922,9,0.9,17,0.85
1788,38,0.908742750848014,7,0.7,18,0.9
1789,38,0.8859831491410438,7,0.7,18,0.9
1790,38,0.9529489003173213,8,0.8,18,0.9
1791,38,0.9192471824050771,7,0.7,17,0.85
1792,38,0.8831381989276726,8,0.8,16,0.8
1793,38,0.8194550826129773,7,0.7,15,0.75
1794,38,0.871539555750082,8,0.8,18,0.9
1795,38,0.9251559251559252,8,0.8,19,0.95
1796,38,0.877885983149141,7,0.7,19,0.95
1797,38,0.8927672611883138,6,0.6,19,0.95
1798,38,0.9360980413611992,8,0.8,17,0.85
1799,38,0.8697888171572382,6,0.6,17,0.85
1800,38,0.9008644271802166,8,0.8,18,0.9
1801,38,0.922310974942554,8,0.8,19,0.95
1802,38,0.8662873399715505,8,0.8,16,0.8
1803,38,0.8489987963672173,6,0.6,18,0.9
1804,38,0.8590655432760695,8,0.8,16,0.8
1805,38,0.9236240288871868,7,0.7,19,0.95
1806,38,0.8299595141700404,8,0.8,17,0.85
1807,38,0.9216544479702374,7,0.7,18,0.9
1808,38,0.8627858627858629,8,0.8,18,0.9
1809,38,0.8656308129992342,8,0.8,17,0.85
1810,38,0.8945179997811576,8,0.8,15,0.75
1811,38,0.8435277382645804,8,0.8,17,0.85
1812,38,0.8912353649195754,7,0.7,19,0.95
1813,38,0.9295327716380348,8,0.8,19,0.95
1814,38,0.8557829084144873,5,0.5,17,0.85
1815,38,0.8566582777109094,7,0.7,17,0.85
1816,38,0.9240617135353977,8,0.8,18,0.9
1817,38,0.8616916511653352,7,0.7,17,0.85
1818,38,0.9013021118284277,9,0.9,17,0.85
1819,38,0.8676003939161835,8,0.8,18,0.9
1820,38,0.9231863442389758,9,0.9,18,0.9
1821,38,0.848342269394901,9,0.9,19,0.95
1822,38,0.9273443483969799,8,0.8,19,0.95
1823,38,0.8888280993544151,8,0.8,17,0.85
1824,38,0.9122442280337016,7,0.7,18,0.9
1825,38,0.8413393150235257,8,0.8,17,0.85
1826,38,0.8689134478608164,7,0.7,18,0.9
1827,38,0.8932049458365248,8,0.8,17,0.85
1828,38,0.8956122114016851,8,0.8,18,0.9
1829,38,0.8868585184374658,8,0.8,19,0.95
1830,38,0.7713097713097713,8,0.8,17,0.85
1831,38,0.8883904147062042,6,0.6,19,0.95
1832,38,0.8785425101214573,7,0.7,18,0.9
1833,38,0.859722070248386,8,0.8,17,0.85
1834,38,0.9310646679067731,8,0.8,18,0.9
1835,38,0.8630047051099682,10,1.0,16,0.8
1836,38,0.841995841995842,7,0.7,17,0.85
1837,38,0.8984571616150564,7,0.7,19,0.95
1838,38,0.8982383192909508,8,0.8,16,0.8
1839,38,0.8848889375205164,7,0.7,18,0.9
1840,38,0.8417769996717366,6,0.6,18,0.9
1841,38,0.9244993981836086,8,0.8,19,0.95
1842,38,0.9100558047926468,8,0.8,18,0.9
1843,38,0.8938614728088413,8,0.8,18,0.9
1844,38,0.8949556844293686,7,0.7,17,0.85
1845,38,0.8750410329357698,8,0.8,17,0.85
1846,38,0.901083269504322,7,0.7,17,0.85
1847,38,0.8568771200350148,9,0.9,15,0.75
1848,38,0.876572929204508,8,0.8,19,0.95
1849,38,0.8883904147062042,8,0.8,18,0.9
1850,38,0.8279899332530912,8,0.8,15,0.75
1851,38,0.8835758835758836,7,0.7,17,0.85
1852,38,0.8835758835758836,6,0.6,16,0.8
1853,38,0.9376299376299376,8,0.8,18,0.9
1854,38,0.8640989167304957,7,0.7,17,0.85
1855,38,0.8450596345333188,8,0.8,15,0.75
1856,38,0.8603785972207025,7,0.7,17,0.85
1857,38,0.8776671408250355,8,0.8,18,0.9
1858,38,0.9039282197176933,8,0.8,18,0.9
1859,38,0.8669438669438669,6,0.6,15,0.75
1860,38,0.8520625889046942,9,0.9,17,0.85
1861,38,0.920122551701499,7,0.7,19,0.95
1862,38,0.8268957216325638,7,0.7,16,0.8
1863,38,0.8621293358135463,7,0.7,18,0.9
1864,38,0.8859831491410438,8,0.8,17,0.85
1865,38,0.8678192362402888,8,0.8,16,0.8
1866,38,0.8161724477513951,6,0.6,18,0.9
1867,38,0.9069920122551701,8,0.8,20,1.0
1868,38,0.8317102527628844,6,0.6,18,0.9
1869,38,0.8934237881606302,7,0.7,19,0.95
1870,38,0.8697888171572382,8,0.8,19,0.95
1871,38,0.8813874603348286,8,0.8,18,0.9
1872,38,0.8949556844293686,7,0.7,17,0.85
1873,38,0.8662873399715505,7,0.7,18,0.9
1874,38,0.938724149250465,8,0.8,19,0.95
1875,38,0.8827005142794616,8,0.8,19,0.95
1876,38,0.8579713316555421,6,0.6,18,0.9
1877,38,0.8866396761133604,8,0.8,17,0.85
1878,38,0.8721960827223986,6,0.6,19,0.95
1879,38,0.8133274975380238,6,0.6,17,0.85
1880,38,0.9037093773935879,8,0.8,17,0.85
1881,38,0.8984571616150564,8,0.8,18,0.9
1882,38,0.8021665390086443,7,0.7,15,0.75
1883,38,0.876572929204508,6,0.6,19,0.95
1884,38,0.901083269504322,9,0.9,18,0.9
1885,38,0.9323777218514061,7,0.7,18,0.9
1886,38,0.8192362402888719,7,0.7,19,0.95
1887,38,0.8864208337892548,7,0.7,17,0.85
1888,38,0.8811686180107233,6,0.6,19,0.95
1889,38,0.8678192362402888,7,0.7,19,0.95
1890,38,0.8921107342159973,8,0.8,18,0.9
1891,38,0.8796367217419849,9,0.9,19,0.95
1892,38,0.8888280993544151,6,0.6,19,0.95
1893,38,0.8704453441295545,6,0.6,18,0.9
1894,38,0.9360980413611992,8,0.8,19,0.95
1895,38,0.8212058212058211,7,0.7,17,0.85
1896,38,0.8489987963672173,7,0.7,17,0.85
1897,38,0.9023963234489549,8,0.8,18,0.9
1898,38,0.8894846263267316,8,0.8,18,0.9
1899,38,0.9085239085239085,8,0.8,18,0.9
1900,38,0.8986760039391618,8,0.8,18,0.9
1901,38,0.908305066199803,7,0.7,19,0.95
1902,38,0.8557829084144873,8,0.8,17,0.85
1903,38,0.8949556844293686,7,0.7,20,1.0
1904,38,0.9043659043659042,7,0.7,18,0.9
1905,38,0.8400262610788926,6,0.6,19,0.95
1906,38,0.9041470620417988,7,0.7,18,0.9
1907,38,0.883357041251778,6,0.6,17,0.85
1908,38,0.8916730495677864,8,0.8,18,0.9
1909,38,0.9148703359229676,8,0.8,17,0.85
1910,38,0.9131195973301236,8,0.8,17,0.85
1911,38,0.8916730495677864,8,0.8,19,0.95
1912,38,0.866506182295656,6,0.6,17,0.85
1913,38,0.8796367217419849,7,0.7,18,0.9
1914,38,0.9231863442389758,8,0.8,17,0.85
1915,38,0.8619104934894408,9,0.9,18,0.9
1916,38,0.885107779844622,7,0.7,16,0.8
1917,38,0.8940803151329467,9,0.9,18,0.9
1918,38,0.9190283400809717,7,0.7,18,0.9
1919,38,0.9058978006346428,9,0.9,16,0.8
1920,38,0.8719772403982929,8,0.8,17,0.85
1921,38,0.9623591202538571,7,0.7,19,0.95
1922,38,0.8877338877338877,8,0.8,17,0.85
1923,38,0.8746033482875588,6,0.6,17,0.85
1924,38,0.8938614728088413,8,0.8,17,0.85
1925,38,0.8621293358135463,8,0.8,16,0.8
1926,38,0.9266878214246635,9,0.9,19,0.95
1927,38,0.9159645475434949,7,0.7,18,0.9
1928,38,0.9118065433854907,8,0.8,18,0.9
1929,38,0.8592843856001751,7,0.7,16,0.8
1930,38,0.9452894189736296,9,0.9,18,0.9
1931,38,0.8761352445562971,9,0.9,17,0.85
1932,38,0.9398183608709925,9,0.9,18,0.9
1933,38,0.9365357260094103,9,0.9,19,0.95
1934,38,0.8890469416785207,6,0.6,19,0.95
1935,38,0.9179341284604442,8,0.8,18,0.9
1936,38,0.9275631907210855,7,0.7,19,0.95
1937,38,0.9369734106576212,8,0.8,18,0.9
1938,38,0.8800744063901959,6,0.6,17,0.85
1939,38,0.8772294561768246,8,0.8,16,0.8
1940,38,0.8676003939161835,8,0.8,16,0.8
1941,38,0.9266878214246635,9,0.9,16,0.8
1942,38,0.9323777218514061,8,0.8,19,0.95
1943,38,0.9139949666265456,6,0.6,19,0.95
1944,38,0.8463726884779517,6,0.6,17,0.85
1945,38,0.8643177590546011,7,0.7,16,0.8
1946,38,0.9358791990370937,8,0.8,19,0.95
1947,38,0.8599409125724916,7,0.7,18,0.9
1948,38,0.8781048254732464,7,0.7,17,0.85
1949,38,0.9109311740890687,9,0.9,17,0.85
1950,38,0.9115877010613852,8,0.8,17,0.85
1951,38,0.8892657840026261,8,0.8,18,0.9
1952,38,0.8800744063901959,7,0.7,18,0.9
1953,38,0.9406937301674143,8,0.8,19,0.95
1954,38,0.8791990370937739,6,0.6,18,0.9
1955,38,0.9209979209979211,8,0.8,18,0.9
1956,38,0.9131195973301236,7,0.7,18,0.9
1957,38,0.8794178794178794,7,0.7,18,0.9
1958,38,0.8868585184374658,7,0.7,19,0.95
1959,38,0.92056023634971,8,0.8,16,0.8
1960,38,0.8247072983915088,7,0.7,16,0.8
1961,38,0.9135572819783346,6,0.6,18,0.9
1962,38,0.8697888171572382,6,0.6,18,0.9
1963,38,0.8312725681146734,7,0.7,17,0.85
1964,38,0.9240617135353977,8,0.8,18,0.9
1965,38,0.8855454644928329,7,0.7,18,0.9
1966,38,0.853813327497538,7,0.7,16,0.8
1967,38,0.8671627092679723,6,0.6,19,0.95
1968,38,0.8997702155596893,8,0.8,18,0.9
1969,38,0.9023963234489549,7,0.7,18,0.9
1970,38,0.8888280993544151,7,0.7,17,0.85
1971,38,0.9255936098041362,7,0.7,18,0.9
1972,38,0.8995513732355837,8,0.8,19,0.95
1973,38,0.8991136885873727,8,0.8,17,0.85
1974,38,0.8995513732355837,8,0.8,17,0.85
1975,38,0.9183718131086551,8,0.8,17,0.85
1976,38,0.8229565597986651,7,0.7,15,0.75
1977,38,0.9104934894408577,8,0.8,18,0.9
1978,38,0.896925265346318,6,0.6,19,0.95
1979,38,0.8647554437028121,8,0.8,17,0.85
1980,38,0.9306269832585621,7,0.7,19,0.95
1981,38,0.9142138089506511,7,0.7,18,0.9
1982,38,0.8752598752598751,6,0.6,18,0.9
1983,38,0.8805120910384068,7,0.7,18,0.9
1984,38,0.8500930079877448,7,0.7,18,0.9
1985,38,0.8951745267534742,7,0.7,17,0.85
1986,38,0.894736842105263,9,0.9,16,0.8
1987,38,0.8986760039391618,7,0.7,17,0.85
1988,38,0.9238428712112922,9,0.9,17,0.85
1989,38,0.9002079002079002,8,0.8,17,0.85
1990,38,0.9299704562862458,8,0.8,18,0.9
1991,38,0.9293139293139293,8,0.8,18,0.9
1992,38,0.8853266221687274,7,0.7,17,0.85
1993,38,0.9080862238756976,8,0.8,18,0.9
1994,38,0.9115877010613852,9,0.9,17,0.85
1995,38,0.9571069044753255,8,0.8,18,0.9
1996,38,0.8050114892220154,7,0.7,17,0.85
1997,38,0.8809497756866177,9,0.9,16,0.8
1998,38,0.873727978991137,9,0.9,17,0.85
1999,38,0.9321588795273006,8,0.8,17,0.85
2000,38,0.9170587591640224,8,0.8,19,0.95
2001,38,0.9113688587372798,7,0.7,18,0.9
2002,38,0.8811686180107233,7,0.7,18,0.9
2003,38,0.9115877010613852,8,0.8,19,0.95
2004,38,0.8813874603348286,8,0.8,18,0.9
2005,38,0.9150891782470729,7,0.7,18,0.9
2006,38,0.8428712112922638,7,0.7,16,0.8
2007,38,0.8772294561768246,9,0.9,17,0.85
2008,38,0.8647554437028121,8,0.8,17,0.85
2009,38,0.8730714520188204,7,0.7,18,0.9
2010,38,0.860159754896597,7,0.7,17,0.85
2011,38,0.8264580369843528,7,0.7,18,0.9
2012,38,0.9078673815515921,7,0.7,17,0.85
2013,38,0.9028340080971659,9,0.9,17,0.85
2014,38,0.8352117299485722,9,0.9,15,0.75
2015,38,0.8997702155596893,9,0.9,18,0.9
2016,38,0.8903599956231535,8,0.8,19,0.95
2017,38,0.8870773607615712,7,0.7,17,0.85
2018,38,0.8266768793084582,6,0.6,17,0.85
2019,38,0.8422146843199475,6,0.6,17,0.85
2020,38,0.9247182405077142,8,0.8,19,0.95
2021,38,0.8945179997811576,8,0.8,17,0.85
2022,38,0.8888280993544151,9,0.9,19,0.95
2023,38,0.8634423897581792,8,0.8,17,0.85
2024,38,0.894736842105263,7,0.7,18,0.9
2025,38,0.8735091366670313,8,0.8,17,0.85
2026,38,0.9284385600175075,8,0.8,19,0.95
2027,38,0.920122551701499,8,0.8,17,0.85
2028,38,0.8365247838932051,8,0.8,17,0.85
2029,38,0.9109311740890687,8,0.8,18,0.9
2030,38,0.8894846263267316,8,0.8,17,0.85
2031,38,0.9177152861363387,8,0.8,18,0.9
2032,38,0.8993325309114784,7,0.7,19,0.95
2033,38,0.9013021118284277,8,0.8,17,0.85
2034,38,0.9363168836853046,8,0.8,17,0.85
2035,38,0.9174964438122333,8,0.8,18,0.9
2036,38,0.8409016303753145,7,0.7,17,0.85
2037,38,0.8881715723820987,8,0.8,18,0.9
2038,38,0.8763540868804026,8,0.8,18,0.9
2039,38,0.8789801947696685,8,0.8,16,0.8
2040,38,0.9312835102308786,8,0.8,18,0.9
2041,38,0.9102746471167523,8,0.8,19,0.95
2042,38,0.926468979100558,8,0.8,18,0.9
2043,38,0.9107123317649634,8,0.8,19,0.95
2044,38,0.8735091366670313,8,0.8,18,0.9
2045,38,0.9067731699310646,8,0.8,18,0.9
2046,38,0.9115877010613852,9,0.9,18,0.9
2047,38,0.8555640660903817,7,0.7,19,0.95
2048,38,0.8520625889046942,7,0.7,17,0.85
2049,38,0.8036984352773826,6,0.6,17,0.85
2050,38,0.921873290294343,9,0.9,17,0.85
2051,38,0.9350038297406719,8,0.8,20,1.0
2052,38,0.8354305722726775,6,0.6,18,0.9
2053,38,0.8680380785643944,6,0.6,18,0.9
2054,38,0.8531568005252216,6,0.6,18,0.9
2055,38,0.908742750848014,8,0.8,17,0.85
2056,38,0.883794725899989,7,0.7,17,0.85
2057,38,0.9144326512747565,8,0.8,18,0.9
2058,38,0.9153080205711785,7,0.7,19,0.95
2059,38,0.8735091366670313,9,0.9,17,0.85
2060,38,0.7934128460444251,8,0.8,16,0.8
2061,38,0.8244884560674035,5,0.5,18,0.9
2062,38,0.9065543276069592,8,0.8,18,0.9
2063,38,0.8822628296312507,8,0.8,18,0.9
2064,38,0.922310974942554,7,0.7,18,0.9
2065,38,0.8820439873071452,8,0.8,18,0.9
2066,38,0.8728526096947149,7,0.7,17,0.85
2067,38,0.9190283400809717,7,0.7,17,0.85
2068,38,0.8739468213152424,6,0.6,18,0.9
2069,38,0.8209869788817157,8,0.8,18,0.9
2070,38,0.8689134478608164,6,0.6,17,0.85
2071,38,0.896925265346318,8,0.8,17,0.85
2072,38,0.829740671845935,7,0.7,18,0.9
2073,38,0.8761352445562971,7,0.7,19,0.95
2074,38,0.8945179997811576,8,0.8,18,0.9
2075,38,0.9002079002079002,9,0.9,17,0.85
2076,38,0.8881715723820987,8,0.8,17,0.85
2077,38,0.933253091147828,8,0.8,18,0.9
2078,38,0.8271145639566692,7,0.7,17,0.85
2079,38,0.8557829084144873,9,0.9,15,0.75
2080,38,0.9089615931721193,6,0.6,19,0.95
2081,38,0.8781048254732464,8,0.8,18,0.9
2082,38,0.9008644271802166,7,0.7,18,0.9
2083,38,0.8540321698216435,6,0.6,19,0.95
2084,38,0.9406937301674143,8,0.8,18,0.9
2085,38,0.8387132071342597,6,0.6,16,0.8
2086,38,0.7977896925265346,8,0.8,17,0.85
2087,38,0.8984571616150564,7,0.7,18,0.9
2088,38,0.9174964438122333,7,0.7,19,0.95
2089,38,0.8774482985009301,8,0.8,17,0.85
2090,38,0.8907976802713643,7,0.7,17,0.85
2091,38,0.8654119706751285,8,0.8,18,0.9
2092,38,0.9457271036218405,7,0.7,19,0.95
2093,38,0.878323667797352,7,0.7,18,0.9
2094,38,0.8962687383740015,8,0.8,18,0.9
2095,38,0.9120253857095963,7,0.7,17,0.85
2096,38,0.8465915308020571,5,0.5,19,0.95
2097,38,0.9111500164131743,8,0.8,18,0.9
2098,38,0.8643177590546011,6,0.6,17,0.85
2099,38,0.9172776014881278,8,0.8,17,0.85
2100,38,0.8923295765401029,7,0.7,17,0.85
2101,38,0.9273443483969799,9,0.9,18,0.9
2102,38,0.8761352445562971,9,0.9,17,0.85
2103,38,0.9139949666265456,9,0.9,17,0.85
2104,38,0.9306269832585621,8,0.8,18,0.9
2105,38,0.8978006346427398,7,0.7,18,0.9
2106,38,0.8630047051099682,8,0.8,17,0.85
2107,38,0.8599409125724916,6,0.6,19,0.95
2108,38,0.889703468650837,8,0.8,18,0.9
2109,38,0.866506182295656,8,0.8,15,0.75
2110,38,0.8914542072436809,8,0.8,18,0.9
2111,38,0.8500930079877448,7,0.7,18,0.9
2112,38,0.8914542072436809,8,0.8,18,0.9
2113,38,0.8774482985009301,7,0.7,17,0.85
2114,38,0.9393806762227814,8,0.8,19,0.95
2115,38,0.883357041251778,7,0.7,17,0.85
2116,38,0.8636612320822847,7,0.7,18,0.9
2117,38,0.8824816719553563,8,0.8,19,0.95
2118,38,0.9253747674800306,7,0.7,19,0.95
2119,38,0.9288762446657184,7,0.7,18,0.9
2120,38,0.8844512528723055,6,0.6,19,0.95
2121,38,0.8848889375205164,7,0.7,16,0.8
2122,38,0.9002079002079002,8,0.8,17,0.85
2123,38,0.8476857424225844,8,0.8,17,0.85
2124,38,0.8741656636393479,6,0.6,19,0.95
2125,38,0.7774373563847248,6,0.6,18,0.9
2126,38,0.853813327497538,8,0.8,16,0.8
2127,38,0.8704453441295545,5,0.5,18,0.9
2128,38,0.873727978991137,8,0.8,18,0.9
2129,38,0.9030528504212715,7,0.7,18,0.9
2130,38,0.9295327716380348,7,0.7,18,0.9
2131,38,0.9343473027683553,9,0.9,19,0.95
2132,38,0.8956122114016851,8,0.8,17,0.85
2133,38,0.7986650618229566,7,0.7,16,0.8
2134,38,0.8967064230222126,7,0.7,19,0.95
2135,38,0.9295327716380348,10,1.0,19,0.95
2136,38,0.8750410329357698,8,0.8,17,0.85
2137,38,0.908742750848014,9,0.9,18,0.9
2138,38,0.9098369624685414,8,0.8,17,0.85
2139,38,0.8623481781376517,7,0.7,16,0.8
2140,38,0.830178356494146,7,0.7,17,0.85
2141,38,0.8859831491410438,9,0.9,17,0.85
2142,38,0.7745924061713535,6,0.6,17,0.85
2143,38,0.901520954152533,8,0.8,18,0.9
2144,38,0.8590655432760695,7,0.7,18,0.9
2145,38,0.8507495349600613,7,0.7,18,0.9
2146,38,0.940037203195098,10,1.0,18,0.9
2147,38,0.8686946055367107,8,0.8,17,0.85
2148,38,0.8984571616150564,7,0.7,18,0.9
2149,38,0.8855454644928329,6,0.6,18,0.9
2150,38,0.9231863442389758,8,0.8,18,0.9
2151,38,0.8717583980741875,8,0.8,18,0.9
2152,38,0.8691322901849217,7,0.7,18,0.9
2153,38,0.8730714520188204,8,0.8,16,0.8
2154,38,0.9258124521282415,8,0.8,18,0.9
2155,38,0.8991136885873727,8,0.8,17,0.85
2156,38,0.8732902943429258,7,0.7,17,0.85
2157,38,0.871539555750082,6,0.6,18,0.9
2158,38,0.8393697341065761,5,0.5,18,0.9
2159,38,0.8579713316555421,8,0.8,17,0.85
2160,38,0.920122551701499,9,0.9,18,0.9
2161,38,0.8848889375205164,8,0.8,18,0.9
2162,38,0.8080752817594923,7,0.7,18,0.9
2163,38,0.8991136885873727,7,0.7,19,0.95
2164,38,0.9253747674800306,8,0.8,19,0.95
2165,38,0.9142138089506511,9,0.9,18,0.9
2166,38,0.9072108545792755,7,0.7,18,0.9
2167,38,0.9124630703578072,8,0.8,17,0.85
2168,38,0.9194660247291827,9,0.9,19,0.95
2169,38,0.896049896049896,8,0.8,19,0.95
2170,38,0.9455082612977349,8,0.8,18,0.9
2171,38,0.896925265346318,8,0.8,17,0.85
2172,38,0.9463836305941569,8,0.8,19,0.95
2173,38,0.8932049458365248,8,0.8,17,0.85
2174,38,0.9113688587372798,7,0.7,18,0.9
2175,38,0.9192471824050771,8,0.8,18,0.9
2176,38,0.9227486595907649,7,0.7,18,0.9
2177,38,0.8662873399715505,8,0.8,18,0.9
2178,38,0.829740671845935,7,0.7,18,0.9
2179,38,0.8069810701389648,7,0.7,17,0.85
2180,38,0.8531568005252216,7,0.7,17,0.85
2181,38,0.9199037093773936,8,0.8,18,0.9
2182,38,0.8684757632126053,7,0.7,17,0.85
2183,38,0.8820439873071452,7,0.7,17,0.85
2184,38,0.8938614728088413,9,0.9,19,0.95
2185,38,0.8732902943429258,7,0.7,17,0.85
2186,38,0.8654119706751285,6,0.6,16,0.8
2187,38,0.8212058212058211,9,0.9,17,0.85
2188,38,0.8927672611883138,8,0.8,18,0.9
2189,38,0.8689134478608164,7,0.7,18,0.9
2190,38,0.8325856220593063,7,0.7,17,0.85
2191,38,0.848342269394901,8,0.8,17,0.85
2192,38,0.8750410329357698,6,0.6,18,0.9
2193,38,0.8942991574570521,8,0.8,16,0.8
2194,38,0.858409016303753,7,0.7,17,0.85
2195,38,0.8700076594813436,7,0.7,18,0.9
2196,38,0.8321479374110952,8,0.8,16,0.8
2197,38,0.9301892986103512,7,0.7,19,0.95
2198,38,0.8568771200350148,9,0.9,15,0.75
2199,38,0.859722070248386,7,0.7,18,0.9
2200,38,0.890578837947259,6,0.6,18,0.9
2201,38,0.9266878214246635,9,0.9,18,0.9
2202,38,0.8938614728088413,9,0.9,16,0.8
2203,38,0.8872962030856767,9,0.9,18,0.9
2204,38,0.8627858627858629,8,0.8,19,0.95
2205,38,0.8888280993544151,9,0.9,17,0.85
2206,38,0.8253638253638254,6,0.6,16,0.8
2207,38,0.9056789583105371,5,0.5,18,0.9
2208,38,0.8855454644928329,7,0.7,18,0.9
2209,38,0.9299704562862458,8,0.8,18,0.9
2210,38,0.915526862895284,8,0.8,19,0.95
2211,38,0.8492176386913229,6,0.6,17,0.85
2212,38,0.8980194769668455,6,0.6,19,0.95
2213,38,0.8349928876244666,7,0.7,17,0.85
2214,38,0.8654119706751285,6,0.6,18,0.9
2215,38,0.9249370828318196,7,0.7,18,0.9
2216,38,0.8063245431666484,8,0.8,17,0.85
2217,38,0.866506182295656,8,0.8,16,0.8
2218,38,0.9076485392274865,9,0.9,17,0.85
2219,38,0.9192471824050771,9,0.9,17,0.85
2220,38,0.8914542072436809,9,0.9,18,0.9
2221,38,0.8999890578837948,8,0.8,17,0.85
2222,38,0.9188094977568662,8,0.8,20,1.0
2223,38,0.9135572819783346,7,0.7,18,0.9
2224,38,0.9039282197176933,7,0.7,18,0.9
2225,38,0.9280008753692964,7,0.7,18,0.9
2226,38,0.8951745267534742,7,0.7,19,0.95
2227,38,0.853813327497538,6,0.6,18,0.9
2228,38,0.8660684976474451,7,0.7,17,0.85
2229,38,0.8671627092679723,7,0.7,16,0.8
2230,38,0.8293029871977239,7,0.7,17,0.85
2231,38,0.9170587591640224,7,0.7,19,0.95
2232,38,0.9069920122551701,8,0.8,19,0.95
2233,38,0.828865302549513,8,0.8,17,0.85
2234,38,0.9295327716380348,6,0.6,19,0.95
2235,38,0.8892657840026261,9,0.9,17,0.85
2236,38,0.8514060619323777,6,0.6,18,0.9
2237,38,0.865193128351023,6,0.6,17,0.85
2238,38,0.8485611117190064,7,0.7,18,0.9
2239,38,0.8984571616150564,6,0.6,18,0.9
2240,38,0.8739468213152424,8,0.8,18,0.9
2241,38,0.8907976802713643,8,0.8,18,0.9
2242,38,0.871539555750082,5,0.5,18,0.9
2243,38,0.8936426304847357,7,0.7,19,0.95
2244,38,0.8494364810154285,8,0.8,17,0.85
2245,38,0.8704453441295545,9,0.9,16,0.8
2246,38,0.8934237881606302,9,0.9,18,0.9
2247,38,0.8820439873071452,6,0.6,17,0.85
2248,38,0.8135463398621294,9,0.9,16,0.8
2249,38,0.847029215450268,9,0.9,17,0.85
2250,38,0.9144326512747565,7,0.7,17,0.85
2251,38,0.8907976802713643,7,0.7,17,0.85
2252,38,0.9072108545792755,7,0.7,18,0.9
2253,38,0.8936426304847357,8,0.8,18,0.9
2254,38,0.841558157347631,8,0.8,16,0.8
2255,38,0.921873290294343,8,0.8,17,0.85
2256,38,0.8673815515920779,5,0.5,17,0.85
2257,38,0.8855454644928329,7,0.7,17,0.85
2258,38,0.8078564394353869,7,0.7,17,0.85
2259,38,0.8862019914651494,6,0.6,16,0.8
2260,38,0.8430900536163695,8,0.8,17,0.85
2261,38,0.8660684976474451,8,0.8,17,0.85
2262,38,0.8551263814421708,6,0.6,18,0.9
2263,38,0.8393697341065761,7,0.7,17,0.85
2264,38,0.9080862238756976,7,0.7,17,0.85
2265,38,0.8409016303753145,8,0.8,17,0.85
2266,38,0.773498194550826,6,0.6,17,0.85
2267,38,0.9096181201444359,8,0.8,18,0.9
2268,38,0.8899223109749426,8,0.8,17,0.85
2269,38,0.8988948462632673,8,0.8,17,0.85
2270,38,0.901520954152533,6,0.6,18,0.9
2271,38,0.9142138089506511,8,0.8,18,0.9
2272,38,0.913338439654229,9,0.9,17,0.85
2273,38,0.896925265346318,7,0.7,17,0.85
2274,38,0.8741656636393479,6,0.6,18,0.9
2275,38,0.9413502571397308,8,0.8,19,0.95
2276,38,0.9312835102308786,8,0.8,19,0.95
2277,38,0.8870773607615712,8,0.8,17,0.85
2278,38,0.8844512528723055,8,0.8,18,0.9
2279,38,0.7713097713097713,7,0.7,17,0.85
2280,38,0.8772294561768246,7,0.7,19,0.95
2281,38,0.9013021118284277,8,0.8,20,1.0
2282,38,0.8940803151329467,8,0.8,17,0.85
2283,38,0.8413393150235257,7,0.7,17,0.85
2284,38,0.8363059415690994,8,0.8,16,0.8
2285,38,0.8822628296312507,7,0.7,18,0.9
2286,38,0.9028340080971659,8,0.8,18,0.9
2287,38,0.8844512528723055,8,0.8,18,0.9
2288,38,0.8750410329357698,9,0.9,17,0.85
2289,38,0.8573148046832257,6,0.6,18,0.9
2290,38,0.8999890578837948,8,0.8,19,0.95
2291,38,0.876572929204508,7,0.7,18,0.9
2292,38,0.8811686180107233,9,0.9,17,0.85
2293,38,0.9080862238756976,9,0.9,17,0.85
2294,38,0.8686946055367107,7,0.7,17,0.85
2295,38,0.9286574023416128,8,0.8,17,0.85
2296,38,0.8741656636393479,6,0.6,17,0.85
2297,38,0.9253747674800306,7,0.7,17,0.85
2298,38,0.8509683772841667,7,0.7,16,0.8
2299,38,0.841558157347631,8,0.8,16,0.8
2300,38,0.8645366013787066,8,0.8,18,0.9
2301,38,0.885107779844622,9,0.9,17,0.85
2302,38,0.8827005142794616,7,0.7,18,0.9
2303,38,0.8363059415690994,7,0.7,16,0.8
2304,38,0.8658496553233395,8,0.8,17,0.85
2305,38,0.8527191158770107,8,0.8,16,0.8
2306,38,0.9004267425320057,8,0.8,19,0.95
2307,38,0.9630156472261736,9,0.9,18,0.9
2308,38,0.8743845059634533,8,0.8,18,0.9
2309,38,0.8669438669438669,8,0.8,17,0.85
2310,38,0.8868585184374658,7,0.7,18,0.9
2311,38,0.9304081409344568,7,0.7,18,0.9
2312,38,0.8435277382645804,7,0.7,17,0.85
2313,38,0.9039282197176933,6,0.6,17,0.85
2314,38,0.8857643068169385,8,0.8,17,0.85
2315,38,0.8573148046832257,8,0.8,16,0.8
2316,38,0.8859831491410438,5,0.5,19,0.95
2317,38,0.8599409125724916,7,0.7,16,0.8
2318,38,0.889703468650837,6,0.6,19,0.95
2319,38,0.9306269832585621,8,0.8,18,0.9
2320,38,0.9437575227048911,9,0.9,18,0.9
2321,38,0.8406827880512091,8,0.8,16,0.8
2322,38,0.8888280993544151,7,0.7,19,0.95
2323,38,0.9339096181201443,8,0.8,19,0.95
2324,38,0.8684757632126053,7,0.7,18,0.9
2325,38,0.9129007550060181,8,0.8,19,0.95
2326,38,0.8384943648101544,7,0.7,18,0.9
2327,38,0.8422146843199475,7,0.7,18,0.9
2328,38,0.8378378378378378,9,0.9,15,0.75
2329,38,0.9212167633220264,7,0.7,18,0.9
2330,38,0.8980194769668455,8,0.8,18,0.9
2331,38,0.8581901739796477,8,0.8,17,0.85
2332,38,0.8279899332530912,8,0.8,17,0.85
2333,38,0.8489987963672173,7,0.7,17,0.85
2334,38,0.8535944851734325,6,0.6,18,0.9
2335,38,0.8831381989276726,8,0.8,17,0.85
2336,38,0.8818251449830398,6,0.6,19,0.95
2337,38,0.8314914104387788,8,0.8,17,0.85
2338,38,0.8953933690775795,7,0.7,19,0.95
2339,38,0.8800744063901959,7,0.7,16,0.8
2340,38,0.8798555640660902,7,0.7,18,0.9
2341,38,0.7833460991355727,7,0.7,17,0.85
2342,38,0.8452784768574242,8,0.8,17,0.85
2343,38,0.8853266221687274,7,0.7,17,0.85
2344,38,0.8831381989276726,7,0.7,17,0.85
2345,38,0.8260203523361417,8,0.8,17,0.85
2346,38,0.9229675019148704,8,0.8,19,0.95
2347,38,0.9525112156691103,9,0.9,20,1.0
2348,38,0.8984571616150564,7,0.7,18,0.9
2349,38,0.8938614728088413,6,0.6,17,0.85
2350,38,0.8056680161943319,7,0.7,16,0.8
2351,38,0.896925265346318,8,0.8,18,0.9
2352,38,0.8713207134259766,7,0.7,17,0.85
2353,38,0.8676003939161835,7,0.7,17,0.85
2354,38,0.8988948462632673,8,0.8,17,0.85
2355,38,0.8866396761133604,6,0.6,17,0.85
2356,38,0.9100558047926468,7,0.7,18,0.9
2357,38,0.9207790786738155,8,0.8,17,0.85
2358,38,0.8980194769668455,7,0.7,18,0.9
2359,38,0.8975817923186344,7,0.7,18,0.9
2360,38,0.8566582777109094,8,0.8,17,0.85
2361,38,0.9008644271802166,7,0.7,18,0.9
2362,38,0.8148593938067622,8,0.8,17,0.85
2363,38,0.9159645475434949,5,0.5,18,0.9
2364,38,0.9131195973301236,7,0.7,18,0.9
2365,38,0.8489987963672173,8,0.8,18,0.9
2366,38,0.9190283400809717,7,0.7,19,0.95
2367,38,0.8498741656636394,7,0.7,17,0.85
2368,38,0.878323667797352,8,0.8,19,0.95
2369,38,0.8454973191815297,5,0.5,18,0.9
2370,38,0.8194550826129773,8,0.8,16,0.8
2371,38,0.8599409125724916,6,0.6,17,0.85
2372,38,0.8643177590546011,8,0.8,18,0.9
2373,38,0.8686946055367107,8,0.8,17,0.85
2374,38,0.7995404311193784,7,0.7,16,0.8
2375,38,0.8459350038297407,6,0.6,18,0.9
2376,38,0.8857643068169385,9,0.9,18,0.9
2377,38,0.8352117299485722,8,0.8,18,0.9
2378,38,0.8953933690775795,8,0.8,17,0.85
2379,38,0.896925265346318,8,0.8,19,0.95
2380,38,0.9028340080971659,7,0.7,18,0.9
2381,38,0.8735091366670313,8,0.8,18,0.9
2382,38,0.9153080205711785,8,0.8,19,0.95
2383,38,0.8711018711018711,6,0.6,18,0.9
2384,38,0.8678192362402888,8,0.8,17,0.85
2385,38,0.8770106138527192,7,0.7,16,0.8
2386,38,0.8794178794178794,8,0.8,18,0.9
2387,38,0.8529379582011161,6,0.6,18,0.9
2388,38,0.889703468650837,7,0.7,20,1.0
2389,38,0.8568771200350148,7,0.7,16,0.8
2390,38,0.8636612320822847,8,0.8,16,0.8
2391,38,0.8678192362402888,7,0.7,18,0.9
2392,38,0.8275522486048801,5,0.5,18,0.9
2393,38,0.8662873399715505,10,1.0,17,0.85
2394,38,0.9157457052193895,8,0.8,19,0.95
2395,38,0.9244993981836086,8,0.8,18,0.9
2396,38,0.9085239085239085,9,0.9,17,0.85
2397,38,0.8627858627858629,8,0.8,18,0.9
2398,38,0.865193128351023,5,0.5,19,0.95
2399,38,0.8343363606521501,6,0.6,18,0.9
2400,38,0.9109311740890687,8,0.8,17,0.85
2401,38,0.8759164022321917,5,0.5,19,0.95
2402,38,0.9382864646022541,8,0.8,19,0.95
2403,38,0.871539555750082,7,0.7,16,0.8
2404,38,0.8956122114016851,8,0.8,17,0.85
2405,38,0.8951745267534742,7,0.7,18,0.9
2406,38,0.8435277382645804,6,0.6,17,0.85
2407,38,0.8638800744063901,8,0.8,18,0.9
2408,38,0.8247072983915088,8,0.8,17,0.85
2409,38,0.9037093773935879,9,0.9,19,0.95
2410,38,0.9043659043659042,10,1.0,18,0.9
2411,38,0.7940693730167415,8,0.8,16,0.8
2412,38,0.8894846263267316,7,0.7,18,0.9
2413,38,0.9107123317649634,10,1.0,16,0.8
2414,38,0.8135463398621294,6,0.6,17,0.85
2415,38,0.9115877010613852,7,0.7,18,0.9
2416,38,0.9048035890141154,7,0.7,18,0.9
2417,38,0.8697888171572382,8,0.8,18,0.9
2418,38,0.901958638800744,8,0.8,17,0.85
2419,38,0.8890469416785207,7,0.7,16,0.8
2420,38,0.8527191158770107,9,0.9,17,0.85
2421,38,0.8840135682240945,8,0.8,17,0.85
2422,38,0.8743845059634533,8,0.8,18,0.9
2423,38,0.8395885764306816,7,0.7,18,0.9
2424,38,0.903271692745377,8,0.8,17,0.85
2425,38,0.8586278586278586,9,0.9,18,0.9
2426,38,0.8932049458365248,7,0.7,18,0.9
2427,38,0.8489987963672173,7,0.7,18,0.9
2428,38,0.9271255060728744,9,0.9,17,0.85
2429,38,0.8391508917824707,8,0.8,18,0.9
2430,38,0.8732902943429258,7,0.7,17,0.85
2431,38,0.9420067841120472,8,0.8,19,0.95
2432,38,0.8953933690775795,7,0.7,20,1.0
2433,38,0.8840135682240945,8,0.8,17,0.85
2434,38,0.8535944851734325,8,0.8,17,0.85
2435,38,0.9363168836853046,9,0.9,18,0.9
2436,38,0.8564394353868038,10,1.0,16,0.8
2437,38,0.8662873399715505,7,0.7,16,0.8
2438,38,0.8623481781376517,7,0.7,17,0.85
2439,38,0.913338439654229,7,0.7,17,0.85
2440,38,0.9159645475434949,8,0.8,18,0.9
2441,38,0.9229675019148704,7,0.7,18,0.9
2442,38,0.9282197176934018,9,0.9,19,0.95
2443,38,0.8910165225954699,8,0.8,19,0.95
2444,38,0.8923295765401029,9,0.9,17,0.85
2445,38,0.9008644271802166,8,0.8,17,0.85
2446,38,0.8890469416785207,8,0.8,17,0.85
2447,38,0.8693511325090273,6,0.6,18,0.9
2448,38,0.8842324105481999,8,0.8,18,0.9
2449,38,0.9505416347521611,8,0.8,20,1.0
2450,38,0.8395885764306816,7,0.7,17,0.85
2451,38,0.9227486595907649,8,0.8,18,0.9
2452,38,0.9148703359229676,7,0.7,18,0.9
2453,38,0.9039282197176933,7,0.7,20,1.0
2454,38,0.8645366013787066,6,0.6,17,0.85
2455,38,0.9120253857095963,6,0.6,18,0.9
2456,38,0.908742750848014,7,0.7,18,0.9
2457,38,0.8448407922092132,8,0.8,18,0.9
2458,38,0.8395885764306816,7,0.7,18,0.9
2459,38,0.9052412736623262,7,0.7,19,0.95
2460,38,0.8117956012692854,8,0.8,16,0.8
2461,38,0.9240617135353977,8,0.8,18,0.9
2462,38,0.84112047269942,7,0.7,17,0.85
2463,38,0.9100558047926468,7,0.7,18,0.9
2464,38,0.9096181201444359,7,0.7,18,0.9
2465,38,0.9034905350694824,6,0.6,18,0.9
2466,38,0.9050224313382208,7,0.7,18,0.9
2467,38,0.9113688587372798,7,0.7,17,0.85
2468,38,0.9271255060728744,8,0.8,18,0.9
2469,38,0.9098369624685414,8,0.8,17,0.85
2470,38,0.8848889375205164,7,0.7,18,0.9
2471,38,0.908305066199803,7,0.7,19,0.95
2472,38,0.8888280993544151,7,0.7,17,0.85
2473,38,0.8551263814421708,6,0.6,18,0.9
2474,38,0.9050224313382208,9,0.9,18,0.9
2475,38,0.8770106138527192,7,0.7,19,0.95
2476,38,0.9056789583105371,6,0.6,18,0.9
2477,38,0.926468979100558,7,0.7,19,0.95
2478,38,0.8903599956231535,8,0.8,19,0.95
2479,38,0.8929861035124192,8,0.8,17,0.85
2480,38,0.8334609913557282,8,0.8,18,0.9
2481,38,0.8846700951964108,5,0.5,18,0.9
2482,38,0.932815406499617,10,1.0,18,0.9
2483,38,0.8914542072436809,7,0.7,18,0.9
2484,38,0.8630047051099682,8,0.8,19,0.95
2485,38,0.8894846263267316,8,0.8,18,0.9
2486,38,0.8312725681146734,6,0.6,18,0.9
2487,38,0.9076485392274865,8,0.8,17,0.85
2488,38,0.8984571616150564,8,0.8,17,0.85
2489,38,0.8588467009519641,6,0.6,18,0.9
2490,38,0.8367436262173104,8,0.8,17,0.85
2491,38,0.8527191158770107,6,0.6,18,0.9
2492,38,0.9166210745158112,8,0.8,18,0.9
2493,38,0.8426523689681585,7,0.7,17,0.85
2494,38,0.9135572819783346,7,0.7,18,0.9
2495,38,0.8875150454097821,8,0.8,17,0.85
2496,38,0.8741656636393479,8,0.8,17,0.85
2497,38,0.9067731699310646,8,0.8,19,0.95
2498,38,0.9393806762227814,8,0.8,17,0.85
2499,38,0.8511872196082723,8,0.8,15,0.75
2500,38,0.8735091366670313,7,0.7,17,0.85
2501,38,0.8625670204617573,6,0.6,18,0.9
2502,38,0.8190173979647664,7,0.7,17,0.85
2503,38,0.9080862238756976,8,0.8,18,0.9
2504,38,0.8374001531896269,7,0.7,16,0.8
2505,38,0.8971441076704235,6,0.6,19,0.95
2506,38,0.8999890578837948,8,0.8,18,0.9
2507,38,0.9021774811248495,6,0.6,19,0.95
2508,38,0.8888280993544151,7,0.7,18,0.9
2509,38,0.8568771200350148,7,0.7,17,0.85
2510,38,0.9006455848561111,7,0.7,18,0.9
2511,38,0.9069920122551701,8,0.8,18,0.9
2512,38,0.8498741656636394,8,0.8,18,0.9
2513,38,0.8654119706751285,8,0.8,18,0.9
2514,38,0.9006455848561111,7,0.7,18,0.9
2515,38,0.9161833898676003,7,0.7,19,0.95
2516,38,0.8654119706751285,8,0.8,19,0.95
2517,38,0.8726337673706095,8,0.8,17,0.85
2518,38,0.8544698544698545,7,0.7,16,0.8
2519,38,0.9056789583105371,7,0.7,19,0.95
2520,38,0.8991136885873727,9,0.9,18,0.9
2521,38,0.8945179997811576,8,0.8,19,0.95
2522,38,0.8967064230222126,9,0.9,17,0.85
2523,38,0.9072108545792755,8,0.8,17,0.85
2524,38,0.901520954152533,8,0.8,19,0.95
2525,38,0.9065543276069592,7,0.7,19,0.95
2526,38,0.878323667797352,8,0.8,17,0.85
2527,38,0.9174964438122333,8,0.8,17,0.85
2528,38,0.8640989167304957,9,0.9,16,0.8
2529,38,0.8798555640660902,7,0.7,19,0.95
2530,38,0.920122551701499,8,0.8,18,0.9
2531,38,0.8711018711018711,8,0.8,17,0.85
2532,38,0.816610132399606,7,0.7,17,0.85
2533,38,0.9069920122551701,7,0.7,18,0.9
2534,38,0.872414925046504,8,0.8,16,0.8
2535,38,0.8951745267534742,5,0.5,19,0.95
2536,38,0.8404639457271036,9,0.9,17,0.85
2537,38,0.8341175183280447,8,0.8,17,0.85
2538,38,0.848342269394901,7,0.7,19,0.95
2539,38,0.8984571616150564,8,0.8,16,0.8
2540,38,0.9052412736623262,8,0.8,17,0.85
2541,38,0.8809497756866177,8,0.8,19,0.95
2542,38,0.9236240288871868,7,0.7,20,1.0
2543,38,0.8984571616150564,9,0.9,19,0.95
2544,38,0.8433088959404749,7,0.7,17,0.85
2545,38,0.9181529707845498,8,0.8,16,0.8
2546,38,0.8770106138527192,7,0.7,16,0.8
2547,38,0.885107779844622,7,0.7,19,0.95
2548,38,0.8384943648101544,8,0.8,16,0.8
2549,38,0.792975161396214,6,0.6,17,0.85
2550,38,0.8404639457271036,5,0.5,17,0.85
2551,38,0.8380566801619432,8,0.8,16,0.8
2552,38,0.876572929204508,8,0.8,17,0.85
2553,38,0.8481234270707955,7,0.7,16,0.8
2554,38,0.9004267425320057,8,0.8,18,0.9
2555,38,0.8435277382645804,9,0.9,17,0.85
2556,38,0.9137761243024399,7,0.7,18,0.9
2557,38,0.8967064230222126,7,0.7,18,0.9
2558,38,0.8632235474340738,8,0.8,17,0.85
2559,38,0.8632235474340738,6,0.6,19,0.95
2560,38,0.9021774811248495,7,0.7,18,0.9
2561,38,0.8881715723820987,8,0.8,17,0.85
2562,38,0.9017397964766386,6,0.6,18,0.9
2563,38,0.8877338877338877,9,0.9,16,0.8
2564,38,0.8236130867709816,5,0.5,18,0.9
2565,38,0.8888280993544151,8,0.8,18,0.9
2566,38,0.932815406499617,10,1.0,18,0.9
2567,38,0.8886092570303098,9,0.9,18,0.9
2568,38,0.9350038297406719,8,0.8,19,0.95
2569,38,0.9109311740890687,8,0.8,18,0.9
2570,38,0.938724149250465,8,0.8,19,0.95
2571,38,0.8894846263267316,6,0.6,18,0.9
2572,38,0.8345552029762556,8,0.8,14,0.7
2573,38,0.896487580698107,8,0.8,18,0.9
2574,38,0.9074296969033812,8,0.8,16,0.8
2575,38,0.872414925046504,7,0.7,18,0.9
2576,38,0.8382755224860488,7,0.7,17,0.85
2577,38,0.878323667797352,8,0.8,18,0.9
2578,38,0.9290950869898239,7,0.7,18,0.9
2579,38,0.9028340080971659,9,0.9,19,0.95
2580,38,0.9334719334719334,8,0.8,18,0.9
2581,38,0.8936426304847357,8,0.8,19,0.95
2582,38,0.8949556844293686,8,0.8,18,0.9
2583,38,0.9363168836853046,7,0.7,19,0.95
2584,38,0.8857643068169385,8,0.8,17,0.85
2585,38,0.8798555640660902,7,0.7,17,0.85
2586,38,0.9188094977568662,8,0.8,18,0.9
2587,38,0.9199037093773936,9,0.9,17,0.85
2588,38,0.8494364810154285,8,0.8,18,0.9
2589,38,0.8986760039391618,9,0.9,18,0.9
2590,38,0.8988948462632673,8,0.8,19,0.95
2591,38,0.8481234270707955,7,0.7,17,0.85
2592,38,0.9277820330451908,8,0.8,17,0.85
2593,38,0.890141153299048,8,0.8,17,0.85
2594,38,0.9107123317649634,8,0.8,18,0.9
2595,38,0.8746033482875588,7,0.7,17,0.85
2596,38,0.8958310537257905,7,0.7,18,0.9
2597,38,0.7227267753583543,6,0.6,16,0.8
2598,38,0.9363168836853046,8,0.8,19,0.95
2599,38,0.8991136885873727,8,0.8,19,0.95
2600,38,0.9041470620417988,9,0.9,17,0.85
2601,38,0.8962687383740015,7,0.7,18,0.9
2602,38,0.8155159207790788,7,0.7,15,0.75
2603,38,0.8437465805886858,7,0.7,17,0.85
2604,38,0.8929861035124192,8,0.8,17,0.85
2605,38,0.8875150454097821,7,0.7,19,0.95
2606,38,0.8185797133165553,8,0.8,17,0.85
2607,38,0.885107779844622,7,0.7,18,0.9
2608,38,0.8570959623591203,8,0.8,16,0.8
2609,38,0.9216544479702374,8,0.8,17,0.85
2610,38,0.8835758835758836,7,0.7,19,0.95
2611,38,0.8899223109749426,8,0.8,18,0.9
2612,38,0.9312835102308786,7,0.7,19,0.95
2613,38,0.890578837947259,7,0.7,19,0.95
2614,38,0.8892657840026261,7,0.7,15,0.75
2615,38,0.9026151657730606,8,0.8,17,0.85
2616,38,0.8244884560674035,7,0.7,17,0.85
2617,38,0.8413393150235257,9,0.9,17,0.85
2618,38,0.9107123317649634,7,0.7,19,0.95
2619,38,0.8875150454097821,8,0.8,17,0.85
2620,38,0.8728526096947149,9,0.9,16,0.8
2621,38,0.9350038297406719,8,0.8,17,0.85
2622,38,0.8824816719553563,7,0.7,17,0.85
2623,38,0.913338439654229,9,0.9,17,0.85
2624,38,0.8855454644928329,7,0.7,18,0.9
2625,38,0.8590655432760695,5,0.5,19,0.95
2626,38,0.8303971988182514,8,0.8,17,0.85
2627,38,0.8785425101214573,7,0.7,18,0.9
2628,38,0.9177152861363387,9,0.9,16,0.8
2629,38,0.8426523689681585,8,0.8,17,0.85
2630,38,0.8853266221687274,6,0.6,18,0.9
2631,38,0.8439654229127913,7,0.7,17,0.85
2632,38,0.8398074187547873,7,0.7,17,0.85
2633,38,0.8973629499945289,8,0.8,19,0.95
2634,38,0.9159645475434949,8,0.8,17,0.85
2635,38,0.9100558047926468,8,0.8,19,0.95
2636,38,0.8982383192909508,9,0.9,19,0.95
2637,38,0.9286574023416128,7,0.7,19,0.95
2638,38,0.931940037203195,7,0.7,18,0.9
2639,38,0.9131195973301236,7,0.7,19,0.95
2640,38,0.8840135682240945,8,0.8,18,0.9
2641,38,0.8986760039391618,8,0.8,18,0.9
2642,38,0.9236240288871868,7,0.7,17,0.85
2643,38,0.9365357260094103,8,0.8,18,0.9
2644,38,0.8752598752598751,8,0.8,16,0.8
2645,38,0.865193128351023,7,0.7,18,0.9
2646,38,0.8671627092679723,6,0.6,18,0.9
2647,38,0.8743845059634533,7,0.7,17,0.85
2648,38,0.8120144435933909,7,0.7,18,0.9
2649,38,0.8319290950869898,8,0.8,16,0.8
2650,38,0.8770106138527192,8,0.8,19,0.95
2651,38,0.9159645475434949,9,0.9,18,0.9
2652,38,0.8824816719553563,8,0.8,17,0.85
2653,38,0.8877338877338877,9,0.9,17,0.85
2654,38,0.9181529707845498,8,0.8,18,0.9
2655,38,0.9104934894408577,9,0.9,18,0.9
2656,38,0.8529379582011161,8,0.8,17,0.85
2657,38,0.9109311740890687,7,0.7,18,0.9
2658,38,0.8986760039391618,10,1.0,17,0.85
2659,38,0.8691322901849217,8,0.8,18,0.9
2660,38,0.913338439654229,7,0.7,17,0.85
2661,38,0.8426523689681585,8,0.8,15,0.75
2662,38,0.8973629499945289,7,0.7,19,0.95
2663,38,0.8126709705657075,7,0.7,16,0.8
2664,38,0.922310974942554,7,0.7,18,0.9
2665,38,0.8229565597986651,8,0.8,17,0.85
2666,38,0.8656308129992342,6,0.6,18,0.9
2667,38,0.8581901739796477,9,0.9,16,0.8
2668,38,0.9131195973301236,8,0.8,18,0.9
2669,38,0.8012911697122223,7,0.7,16,0.8
2670,38,0.8743845059634533,8,0.8,16,0.8
2671,38,0.8818251449830398,8,0.8,16,0.8
2672,38,0.8566582777109094,8,0.8,16,0.8
2673,38,0.8798555640660902,8,0.8,16,0.8
2674,38,0.896049896049896,6,0.6,19,0.95
2675,38,0.8735091366670313,8,0.8,19,0.95
2676,38,0.866506182295656,7,0.7,18,0.9
2677,38,0.9203413940256046,7,0.7,18,0.9
2678,38,0.8730714520188204,6,0.6,17,0.85
2679,38,0.9240617135353977,9,0.9,18,0.9
2680,38,0.9439763650289965,8,0.8,18,0.9
2681,38,0.9253747674800306,8,0.8,17,0.85
2682,38,0.9080862238756976,7,0.7,17,0.85
2683,38,0.896925265346318,8,0.8,17,0.85
2684,38,0.9041470620417988,9,0.9,18,0.9
2685,38,0.873727978991137,6,0.6,17,0.85
2686,38,0.7997592734434839,6,0.6,16,0.8
2687,38,0.8807309333625123,7,0.7,18,0.9
2688,38,0.889703468650837,8,0.8,17,0.85
2689,38,0.8921107342159973,7,0.7,19,0.95
2690,38,0.9216544479702374,8,0.8,17,0.85
2691,38,0.9529489003173213,8,0.8,19,0.95
2692,38,0.8428712112922638,7,0.7,16,0.8
2693,38,0.8802932487143014,8,0.8,17,0.85
2694,38,0.9496662654557391,8,0.8,19,0.95
2695,38,0.8978006346427398,7,0.7,18,0.9
2696,38,0.8446219498851079,6,0.6,17,0.85
2697,38,0.8890469416785207,9,0.9,16,0.8
2698,38,0.9286574023416128,8,0.8,19,0.95
2699,38,0.9258124521282415,8,0.8,18,0.9
2700,38,0.8848889375205164,6,0.6,19,0.95
2701,38,0.9026151657730606,7,0.7,18,0.9
2702,38,0.9067731699310646,8,0.8,19,0.95
2703,38,0.913338439654229,8,0.8,19,0.95
2704,38,0.8557829084144873,8,0.8,17,0.85
2705,38,0.8363059415690994,8,0.8,17,0.85
2706,38,0.8330233067075172,7,0.7,18,0.9
2707,38,0.908742750848014,8,0.8,17,0.85
2708,38,0.919684867053288,9,0.9,19,0.95
2709,38,0.9093992778203305,7,0.7,17,0.85
2710,38,0.8789801947696685,7,0.7,18,0.9
2711,38,0.8682569208884998,7,0.7,17,0.85
2712,38,0.8093883357041253,7,0.7,17,0.85
2713,38,0.8938614728088413,7,0.7,17,0.85
2714,38,0.8984571616150564,7,0.7,18,0.9
2715,38,0.9153080205711785,6,0.6,18,0.9
2716,38,0.9244993981836086,5,0.5,19,0.95
2717,38,0.933253091147828,8,0.8,19,0.95
2718,38,0.878323667797352,6,0.6,18,0.9
2719,38,0.8945179997811576,7,0.7,19,0.95
2720,38,0.920122551701499,7,0.7,19,0.95
2721,38,0.8816063026589342,8,0.8,18,0.9
2722,38,0.9209979209979211,8,0.8,19,0.95
2723,38,0.8813874603348286,8,0.8,16,0.8
2724,38,0.8441842652368967,7,0.7,18,0.9
2725,38,0.828865302549513,8,0.8,17,0.85
2726,38,0.9360980413611992,9,0.9,18,0.9
2727,38,0.8555640660903817,9,0.9,18,0.9
2728,38,0.8706641864536601,8,0.8,18,0.9
2729,38,0.9107123317649634,8,0.8,18,0.9
2730,38,0.9085239085239085,7,0.7,18,0.9
2731,38,0.8409016303753145,7,0.7,16,0.8
2732,38,0.9026151657730606,7,0.7,17,0.85
2733,38,0.9164022321917058,9,0.9,18,0.9
2734,38,0.8343363606521501,7,0.7,15,0.75
2735,38,0.8796367217419849,6,0.6,20,1.0
2736,38,0.8645366013787066,6,0.6,18,0.9
2737,38,0.9485720538352118,10,1.0,18,0.9
2738,38,0.8925484188642083,6,0.6,18,0.9
2739,38,0.8680380785643944,7,0.7,17,0.85
2740,38,0.9093992778203305,7,0.7,18,0.9
2741,38,0.8921107342159973,8,0.8,17,0.85
2742,38,0.8682569208884998,8,0.8,18,0.9
2743,38,0.8995513732355837,6,0.6,18,0.9
2744,38,0.9074296969033812,7,0.7,17,0.85
2745,38,0.8921107342159973,9,0.9,18,0.9
2746,38,0.9028340080971659,9,0.9,17,0.85
2747,38,0.9052412736623262,7,0.7,18,0.9
2748,38,0.8984571616150564,8,0.8,19,0.95
2749,38,0.9129007550060181,8,0.8,18,0.9
2750,38,0.8656308129992342,8,0.8,18,0.9
2751,38,0.8938614728088413,7,0.7,19,0.95
2752,38,0.894736842105263,8,0.8,18,0.9
2753,38,0.7958201116095853,8,0.8,14,0.7
2754,38,0.9096181201444359,7,0.7,18,0.9
2755,38,0.9161833898676003,8,0.8,19,0.95
2756,38,0.9188094977568662,7,0.7,19,0.95
2757,38,0.8225188751504541,7,0.7,17,0.85
2758,38,0.890578837947259,7,0.7,17,0.85
2759,38,0.8450596345333188,7,0.7,17,0.85
2760,38,0.8553452237662764,9,0.9,19,0.95
2761,38,0.920122551701499,8,0.8,18,0.9
2762,38,0.8047926468979101,6,0.6,18,0.9
2763,38,0.883357041251778,8,0.8,18,0.9
2764,38,0.9013021118284277,7,0.7,18,0.9
2765,38,0.8925484188642083,7,0.7,18,0.9
2766,38,0.8711018711018711,7,0.7,18,0.9
2767,38,0.8152970784549731,7,0.7,17,0.85
2768,38,0.7724039829302988,8,0.8,16,0.8
2769,38,0.8535944851734325,9,0.9,17,0.85
2770,38,0.9104934894408577,8,0.8,19,0.95
2771,38,0.8881715723820987,7,0.7,18,0.9
2772,38,0.921873290294343,7,0.7,18,0.9
2773,38,0.8586278586278586,7,0.7,18,0.9
2774,38,0.8927672611883138,9,0.9,18,0.9
2775,38,0.8921107342159973,8,0.8,16,0.8
2776,38,0.8581901739796477,8,0.8,16,0.8
2777,38,0.8391508917824707,7,0.7,17,0.85
2778,38,0.8822628296312507,7,0.7,17,0.85
2779,38,0.9129007550060181,8,0.8,18,0.9
2780,38,0.8763540868804026,7,0.7,19,0.95
2781,38,0.909180435496225,8,0.8,17,0.85
2782,38,0.7949447423131634,6,0.6,16,0.8
2783,38,0.9234051865630812,8,0.8,18,0.9
2784,38,0.8494364810154285,7,0.7,17,0.85
2785,38,0.8662873399715505,6,0.6,18,0.9
2786,38,0.865193128351023,5,0.5,18,0.9
2787,38,0.8247072983915088,7,0.7,18,0.9
2788,38,0.9166210745158112,7,0.7,18,0.9
2789,38,0.920122551701499,8,0.8,19,0.95
2790,38,0.9194660247291827,7,0.7,18,0.9
2791,38,0.9085239085239085,7,0.7,19,0.95
2792,38,0.8673815515920779,7,0.7,18,0.9
2793,38,0.8680380785643944,6,0.6,18,0.9
2794,38,0.8890469416785207,7,0.7,20,1.0
2795,38,0.8984571616150564,7,0.7,19,0.95
2796,38,0.9343473027683553,9,0.9,17,0.85
2797,38,0.9273443483969799,8,0.8,19,0.95
2798,38,0.8568771200350148,9,0.9,18,0.9
2799,38,0.8365247838932051,9,0.9,16,0.8
2800,38,0.8194550826129773,8,0.8,17,0.85
2801,38,0.8868585184374658,8,0.8,18,0.9
2802,38,0.8940803151329467,7,0.7,18,0.9
2803,38,0.9369734106576212,8,0.8,19,0.95
2804,38,0.908305066199803,8,0.8,18,0.9
2805,38,0.8932049458365248,9,0.9,18,0.9
2806,38,0.8971441076704235,8,0.8,15,0.75
2807,38,0.9054601159864318,9,0.9,17,0.85
2808,38,0.913338439654229,9,0.9,18,0.9
2809,38,0.878323667797352,8,0.8,18,0.9
2810,38,0.8026042236568552,7,0.7,16,0.8
2811,38,0.9109311740890687,7,0.7,19,0.95
2812,38,0.9220921326184484,8,0.8,18,0.9
2813,38,0.9017397964766386,8,0.8,18,0.9
2814,38,0.828427617901302,9,0.9,16,0.8
2815,38,0.8424335266440529,8,0.8,16,0.8
2816,38,0.8840135682240945,8,0.8,18,0.9
2817,38,0.8708830287777657,8,0.8,17,0.85
2818,38,0.8945179997811576,7,0.7,18,0.9
2819,38,0.8875150454097821,8,0.8,18,0.9
2820,38,0.8711018711018711,9,0.9,16,0.8
2821,38,0.9096181201444359,6,0.6,18,0.9
2822,38,0.8435277382645804,9,0.9,18,0.9
2823,38,0.828865302549513,7,0.7,16,0.8
2824,38,0.8468103731261626,6,0.6,18,0.9
2825,38,0.8424335266440529,7,0.7,18,0.9
2826,38,0.7853156800525222,5,0.5,17,0.85
2827,38,0.8848889375205164,7,0.7,18,0.9
2828,38,0.8730714520188204,7,0.7,18,0.9
2829,38,0.8218623481781375,7,0.7,18,0.9
2830,38,0.8452784768574242,9,0.9,17,0.85
2831,38,0.8934237881606302,9,0.9,17,0.85
2832,38,0.8654119706751285,8,0.8,16,0.8
2833,38,0.9472589998905789,7,0.7,19,0.95
2834,38,0.818798555640661,7,0.7,16,0.8
2835,38,0.8971441076704235,7,0.7,18,0.9
2836,38,0.8864208337892548,7,0.7,19,0.95
2837,38,0.7855345223766276,5,0.5,17,0.85
2838,38,0.8446219498851079,7,0.7,17,0.85
2839,38,0.7168180326075062,6,0.6,15,0.75
2840,38,0.8982383192909508,8,0.8,16,0.8
2841,38,0.8914542072436809,8,0.8,16,0.8
2842,38,0.847029215450268,7,0.7,16,0.8
2843,38,0.8872962030856767,7,0.7,18,0.9
2844,38,0.9199037093773936,8,0.8,19,0.95
2845,38,0.8590655432760695,9,0.9,18,0.9
2846,38,0.8872962030856767,8,0.8,18,0.9
2847,38,0.889703468650837,8,0.8,16,0.8
2848,38,0.8800744063901959,8,0.8,17,0.85
2849,38,0.8888280993544151,6,0.6,17,0.85
2850,38,0.8886092570303098,6,0.6,18,0.9
2851,38,0.8721960827223986,8,0.8,17,0.85
2852,38,0.9080862238756976,8,0.8,18,0.9
2853,38,0.9258124521282415,7,0.7,19,0.95
2854,38,0.9100558047926468,7,0.7,19,0.95
2855,38,0.8680380785643944,9,0.9,18,0.9
2856,38,0.8938614728088413,7,0.7,18,0.9
2857,38,0.853813327497538,5,0.5,17,0.85
2858,38,0.9461647882700515,7,0.7,19,0.95
2859,38,0.8643177590546011,5,0.5,19,0.95
2860,38,0.8767917715286137,7,0.7,16,0.8
2861,38,0.8962687383740015,7,0.7,19,0.95
2862,38,0.8216435058540322,7,0.7,16,0.8
2863,38,0.8262391946602473,7,0.7,16,0.8
2864,38,0.8439654229127913,8,0.8,17,0.85
2865,38,0.7662763978553453,5,0.5,17,0.85
2866,38,0.9170587591640224,8,0.8,19,0.95
2867,38,0.8446219498851079,8,0.8,16,0.8
2868,38,0.891891891891892,8,0.8,16,0.8
2869,38,0.8890469416785207,7,0.7,18,0.9
2870,38,0.908305066199803,6,0.6,19,0.95
2871,38,0.8991136885873727,8,0.8,17,0.85
2872,38,0.9150891782470729,7,0.7,18,0.9
2873,38,0.903271692745377,9,0.9,17,0.85
2874,38,0.8290841448736186,8,0.8,16,0.8
2875,38,0.8711018711018711,8,0.8,18,0.9
2876,38,0.8925484188642083,8,0.8,17,0.85
2877,38,0.901520954152533,8,0.8,18,0.9
2878,38,0.8809497756866177,8,0.8,16,0.8
2879,38,0.8647554437028121,8,0.8,17,0.85
2880,38,0.9124630703578072,9,0.9,19,0.95
2881,38,0.8864208337892548,7,0.7,17,0.85
2882,38,0.9157457052193895,8,0.8,19,0.95
2883,38,0.873727978991137,6,0.6,17,0.85
2884,38,0.9431009957325747,8,0.8,18,0.9
2885,38,0.908742750848014,8,0.8,18,0.9
2886,38,0.9234051865630812,8,0.8,18,0.9
2887,38,0.8846700951964108,8,0.8,17,0.85
2888,38,0.8231754021227704,8,0.8,16,0.8
2889,38,0.7391399496662655,7,0.7,16,0.8
2890,38,0.891891891891892,7,0.7,18,0.9
2891,38,0.8875150454097821,7,0.7,18,0.9
2892,38,0.9277820330451908,8,0.8,18,0.9
2893,38,0.9056789583105371,8,0.8,16,0.8
2894,38,0.8798555640660902,8,0.8,18,0.9
2895,38,0.8831381989276726,8,0.8,18,0.9
2896,38,0.8934237881606302,9,0.9,18,0.9
2897,38,0.8678192362402888,7,0.7,18,0.9
2898,38,0.9096181201444359,7,0.7,18,0.9
2899,38,0.8588467009519641,8,0.8,17,0.85
2900,38,0.9212167633220264,8,0.8,18,0.9
2901,38,0.8236130867709816,8,0.8,16,0.8
2902,38,0.9006455848561111,8,0.8,18,0.9
2903,38,0.8995513732355837,7,0.7,18,0.9
2904,38,0.9139949666265456,8,0.8,17,0.85
2905,38,0.8894846263267316,8,0.8,18,0.9
2906,38,0.8503118503118502,8,0.8,18,0.9
2907,38,0.8671627092679723,7,0.7,17,0.85
2908,38,0.7826895721632563,8,0.8,17,0.85
2909,38,0.8632235474340738,6,0.6,18,0.9
2910,38,0.9166210745158112,9,0.9,17,0.85
2911,38,0.8393697341065761,7,0.7,17,0.85
2912,38,0.9157457052193895,7,0.7,17,0.85
2913,38,0.8831381989276726,8,0.8,18,0.9
2914,38,0.8844512528723055,9,0.9,18,0.9
2915,38,0.8616916511653352,7,0.7,17,0.85
2916,38,0.889703468650837,7,0.7,18,0.9
2917,38,0.8870773607615712,7,0.7,18,0.9
2918,38,0.9179341284604442,8,0.8,18,0.9
2919,38,0.9220921326184484,8,0.8,19,0.95
2920,38,0.9129007550060181,6,0.6,19,0.95
2921,38,0.9185906554327607,9,0.9,19,0.95
2922,38,0.9172776014881278,7,0.7,19,0.95
2923,38,0.8518437465805886,6,0.6,17,0.85
2924,38,0.823394244446876,7,0.7,18,0.9
2925,38,0.919684867053288,7,0.7,18,0.9
2926,38,0.9063354852828537,8,0.8,16,0.8
2927,38,0.8726337673706095,6,0.6,19,0.95
2928,38,0.8262391946602473,8,0.8,16,0.8
2929,38,0.8890469416785207,8,0.8,17,0.85
2930,38,0.887952730057993,7,0.7,18,0.9
2931,38,0.8203304519093993,6,0.6,17,0.85
2932,38,0.8549075391180654,8,0.8,16,0.8
2933,38,0.896487580698107,7,0.7,19,0.95
2934,38,0.9131195973301236,8,0.8,17,0.85
2935,38,0.9028340080971659,8,0.8,18,0.9
2936,38,0.8925484188642083,9,0.9,17,0.85
2937,38,0.8555640660903817,6,0.6,20,1.0
2938,38,0.8489987963672173,6,0.6,16,0.8
2939,38,0.8912353649195754,7,0.7,19,0.95
2940,38,0.8875150454097821,9,0.9,17,0.85
2941,38,0.8942991574570521,8,0.8,18,0.9
2942,38,0.8319290950869898,7,0.7,17,0.85
2943,38,0.9115877010613852,6,0.6,19,0.95
2944,38,0.9347849874165662,7,0.7,19,0.95
2945,38,0.9220921326184484,9,0.9,18,0.9
2946,38,0.896925265346318,9,0.9,17,0.85
2947,38,0.853375642849327,7,0.7,16,0.8
2948,38,0.9164022321917058,8,0.8,18,0.9
2949,38,0.8225188751504541,7,0.7,17,0.85
2950,38,0.8721960827223986,7,0.7,17,0.85
2951,38,0.8752598752598751,8,0.8,18,0.9
2952,38,0.8938614728088413,7,0.7,19,0.95
2953,38,0.8800744063901959,7,0.7,18,0.9
2954,38,0.9048035890141154,8,0.8,19,0.95
2955,38,0.876572929204508,7,0.7,17,0.85
2956,38,0.8730714520188204,8,0.8,18,0.9
2957,38,0.8888280993544151,8,0.8,17,0.85
2958,38,0.8697888171572382,7,0.7,18,0.9
2959,38,0.9231863442389758,8,0.8,19,0.95
2960,38,0.8437465805886858,5,0.5,17,0.85
2961,38,0.8907976802713643,8,0.8,17,0.85
2962,38,0.8951745267534742,8,0.8,18,0.9
2963,38,0.8656308129992342,9,0.9,17,0.85
2964,38,0.9247182405077142,7,0.7,18,0.9
2965,38,0.7772185140606194,7,0.7,15,0.75
2966,38,0.8829193566035671,8,0.8,19,0.95
2967,38,0.8848889375205164,8,0.8,19,0.95
2968,38,0.8991136885873727,8,0.8,18,0.9
2969,38,0.9194660247291827,8,0.8,19,0.95
2970,38,0.8730714520188204,6,0.6,17,0.85
2971,38,0.823394244446876,6,0.6,17,0.85
2972,38,0.8555640660903817,7,0.7,15,0.75
2973,38,0.9072108545792755,8,0.8,18,0.9
2974,38,0.8645366013787066,7,0.7,19,0.95
2975,38,0.9148703359229676,7,0.7,18,0.9
2976,38,0.9236240288871868,9,0.9,17,0.85
2977,38,0.8619104934894408,8,0.8,18,0.9
2978,38,0.8993325309114784,8,0.8,18,0.9
2979,38,0.8319290950869898,7,0.7,16,0.8
2980,38,0.9150891782470729,8,0.8,18,0.9
2981,38,0.885107779844622,8,0.8,18,0.9
2982,38,0.9284385600175075,8,0.8,18,0.9
2983,38,0.805230331546121,8,0.8,15,0.75
2984,38,0.8236130867709816,7,0.7,16,0.8
2985,38,0.8921107342159973,8,0.8,18,0.9
2986,38,0.9104934894408577,8,0.8,19,0.95
2987,38,0.8691322901849217,8,0.8,17,0.85
2988,38,0.883357041251778,8,0.8,16,0.8
2989,38,0.9109311740890687,8,0.8,17,0.85
2990,38,0.8973629499945289,7,0.7,18,0.9
2991,38,0.8958310537257905,8,0.8,18,0.9
2992,38,0.8387132071342597,8,0.8,16,0.8
2993,38,0.8881715723820987,7,0.7,18,0.9
2994,38,0.8809497756866177,7,0.7,18,0.9
2995,38,0.9069920122551701,9,0.9,18,0.9
2996,38,0.9282197176934018,9,0.9,18,0.9
2997,38,0.8986760039391618,9,0.9,18,0.9
2998,38,0.9288762446657184,7,0.7,18,0.9
2999,38,0.9054601159864318,7,0.7,17,0.85
3000,38,0.9192471824050771,7,0.7,17,0.85
3001,38,0.9104934894408577,7,0.7,19,0.95
3002,38,0.8522814312287995,6,0.6,18,0.9
3003,38,0.9148703359229676,6,0.6,18,0.9
3004,38,0.8881715723820987,9,0.9,18,0.9
3005,38,0.8695699748331327,7,0.7,18,0.9
3006,38,0.9172776014881278,7,0.7,18,0.9
3007,38,0.9271255060728744,6,0.6,18,0.9
3008,38,0.8689134478608164,8,0.8,17,0.85
3009,38,0.8437465805886858,7,0.7,17,0.85
3010,38,0.8531568005252216,8,0.8,19,0.95
3011,38,0.8844512528723055,6,0.6,19,0.95
3012,38,0.8203304519093993,6,0.6,18,0.9
3013,38,0.8676003939161835,6,0.6,18,0.9
3014,38,0.8848889375205164,7,0.7,18,0.9
3015,38,0.9037093773935879,7,0.7,19,0.95
3016,38,0.8489987963672173,5,0.5,18,0.9
3017,38,0.7660575555312397,7,0.7,17,0.85
3018,38,0.9244993981836086,9,0.9,19,0.95
3019,38,0.8465915308020571,5,0.5,18,0.9
3020,38,0.931502352554984,8,0.8,18,0.9
3021,38,0.9444140496772077,8,0.8,19,0.95
3022,38,0.9251559251559252,8,0.8,19,0.95
3023,38,0.9104934894408577,8,0.8,17,0.85
3024,38,0.9363168836853046,8,0.8,18,0.9
3025,38,0.8704453441295545,7,0.7,17,0.85
3026,38,0.8273334062807747,9,0.9,16,0.8
3027,38,0.9056789583105371,7,0.7,19,0.95
3028,38,0.9209979209979211,8,0.8,18,0.9
3029,38,0.919684867053288,9,0.9,17,0.85
3030,38,0.8794178794178794,7,0.7,18,0.9
3031,38,0.8886092570303098,8,0.8,18,0.9
3032,38,0.8489987963672173,6,0.6,18,0.9
3033,38,0.921873290294343,7,0.7,18,0.9
3034,38,0.9301892986103512,8,0.8,19,0.95
3035,38,0.8813874603348286,8,0.8,17,0.85
3036,38,0.859722070248386,6,0.6,18,0.9
3037,38,0.9174964438122333,8,0.8,18,0.9
3038,38,0.9109311740890687,8,0.8,18,0.9
3039,38,0.8763540868804026,7,0.7,17,0.85
3040,38,0.9043659043659042,7,0.7,18,0.9
3041,38,0.8890469416785207,7,0.7,17,0.85
3042,38,0.9225298172666593,9,0.9,18,0.9
3043,38,0.9118065433854907,7,0.7,19,0.95
3044,38,0.9026151657730606,8,0.8,18,0.9
3045,38,0.9048035890141154,8,0.8,17,0.85
3046,38,0.9389429915745705,8,0.8,18,0.9
3047,38,0.9111500164131743,8,0.8,19,0.95
3048,38,0.8225188751504541,7,0.7,16,0.8
3049,38,0.8743845059634533,8,0.8,17,0.85
3050,38,0.8953933690775795,8,0.8,18,0.9
3051,38,0.8991136885873727,7,0.7,18,0.9
3052,38,0.885107779844622,7,0.7,17,0.85
3053,38,0.8953933690775795,8,0.8,16,0.8
3054,38,0.8857643068169385,6,0.6,17,0.85
3055,38,0.8774482985009301,7,0.7,18,0.9
3056,38,0.896487580698107,9,0.9,17,0.85
3057,38,0.92056023634971,8,0.8,19,0.95
3058,38,0.9468213152423678,7,0.7,18,0.9
3059,38,0.9048035890141154,8,0.8,18,0.9
3060,38,0.8599409125724916,7,0.7,17,0.85
3061,38,0.9120253857095963,7,0.7,17,0.85
3062,38,0.9076485392274865,7,0.7,18,0.9
3063,38,0.9089615931721193,8,0.8,18,0.9
3064,38,0.883357041251778,7,0.7,17,0.85
3065,38,0.9109311740890687,8,0.8,17,0.85
3066,38,0.8991136885873727,8,0.8,17,0.85
3067,38,0.8306160411423569,6,0.6,17,0.85
3068,38,0.873727978991137,6,0.6,18,0.9
3069,38,0.8752598752598751,9,0.9,18,0.9
3070,38,0.9435386803807856,9,0.9,19,0.95
3071,38,0.8866396761133604,6,0.6,18,0.9
3072,38,0.9234051865630812,10,1.0,17,0.85
3073,38,0.8967064230222126,7,0.7,19,0.95
3074,38,0.8844512528723055,7,0.7,18,0.9
3075,38,0.9236240288871868,7,0.7,19,0.95
3076,38,0.8988948462632673,6,0.6,19,0.95
3077,38,0.9286574023416128,8,0.8,18,0.9
3078,38,0.9063354852828537,7,0.7,19,0.95
3079,38,0.858409016303753,7,0.7,18,0.9
3080,38,0.8726337673706095,6,0.6,18,0.9
3081,38,0.890578837947259,8,0.8,17,0.85
3082,38,0.8706641864536601,6,0.6,18,0.9
3083,38,0.8595032279242807,8,0.8,17,0.85
3084,38,0.9054601159864318,8,0.8,17,0.85
3085,38,0.8932049458365248,7,0.7,17,0.85
3086,38,0.8509683772841667,8,0.8,17,0.85
3087,38,0.8463726884779517,7,0.7,17,0.85
3088,38,0.9113688587372798,7,0.7,19,0.95
3089,38,0.8798555640660902,9,0.9,18,0.9
3090,38,0.9048035890141154,8,0.8,16,0.8
3091,38,0.9404748878433089,8,0.8,18,0.9
3092,38,0.9118065433854907,8,0.8,17,0.85
3093,38,0.890141153299048,9,0.9,17,0.85
3094,38,0.8485611117190064,7,0.7,17,0.85
3095,38,0.9129007550060181,9,0.9,18,0.9
3096,38,0.8308348834664625,7,0.7,17,0.85
3097,38,0.8444031075610022,8,0.8,16,0.8
3098,38,0.9365357260094103,9,0.9,17,0.85
3099,38,0.7971331655542182,7,0.7,16,0.8
3100,38,0.8645366013787066,8,0.8,17,0.85
3101,38,0.8916730495677864,8,0.8,17,0.85
3102,38,0.8706641864536601,8,0.8,19,0.95
3103,38,0.8671627092679723,7,0.7,16,0.8
3104,38,0.8794178794178794,8,0.8,17,0.85
3105,38,0.9098369624685414,7,0.7,19,0.95
3106,38,0.8802932487143014,8,0.8,16,0.8
3107,38,0.8376189955137323,6,0.6,17,0.85
3108,38,0.921435605646132,9,0.9,19,0.95
3109,38,0.9393806762227814,9,0.9,18,0.9
3110,38,0.8781048254732464,8,0.8,17,0.85
3111,38,0.9104934894408577,7,0.7,18,0.9
3112,38,0.8649742860269176,8,0.8,16,0.8
3113,38,0.8791990370937739,6,0.6,18,0.9
3114,38,0.8570959623591203,6,0.6,18,0.9
3115,38,0.9306269832585621,8,0.8,19,0.95
3116,38,0.8376189955137323,8,0.8,15,0.75
3117,38,0.8921107342159973,7,0.7,17,0.85
3118,38,0.8951745267534742,7,0.7,17,0.85
3119,38,0.8719772403982929,7,0.7,17,0.85
3120,38,0.9089615931721193,8,0.8,19,0.95
3121,38,0.9107123317649634,7,0.7,18,0.9
3122,38,0.834774045300361,8,0.8,16,0.8
3123,38,0.8654119706751285,8,0.8,16,0.8
3124,38,0.8866396761133604,9,0.9,16,0.8
3125,38,0.9043659043659042,9,0.9,18,0.9
3126,38,0.9002079002079002,7,0.7,16,0.8
3127,38,0.8929861035124192,9,0.9,17,0.85
3128,38,0.9275631907210855,7,0.7,18,0.9
3129,38,0.8813874603348286,8,0.8,17,0.85
3130,38,0.8557829084144873,7,0.7,18,0.9
3131,38,0.9093992778203305,8,0.8,18,0.9
3132,38,0.9312835102308786,9,0.9,19,0.95
3133,38,0.9356603567129883,8,0.8,17,0.85
3134,38,0.8590655432760695,8,0.8,17,0.85
3135,38,0.9104934894408577,8,0.8,19,0.95
3136,38,0.896049896049896,8,0.8,18,0.9
3137,38,0.834774045300361,8,0.8,17,0.85
3138,38,0.9286574023416128,8,0.8,18,0.9
3139,38,0.8907976802713643,7,0.7,17,0.85
3140,38,0.8603785972207025,8,0.8,18,0.9
3141,38,0.8185797133165553,8,0.8,17,0.85
3142,38,0.7811576758945179,7,0.7,17,0.85
3143,38,0.8888280993544151,7,0.7,19,0.95
3144,38,0.8319290950869898,8,0.8,16,0.8
3145,38,0.9069920122551701,9,0.9,19,0.95
3146,38,0.890578837947259,8,0.8,17,0.85
3147,38,0.8840135682240945,8,0.8,18,0.9
3148,38,0.8822628296312507,9,0.9,19,0.95
3149,38,0.8717583980741875,8,0.8,18,0.9
3150,38,0.8855454644928329,7,0.7,18,0.9
3151,38,0.8886092570303098,7,0.7,18,0.9
3152,38,0.9107123317649634,8,0.8,16,0.8
3153,38,0.9118065433854907,8,0.8,17,0.85
3154,38,0.8962687383740015,8,0.8,18,0.9
3155,38,0.9496662654557391,8,0.8,17,0.85
3156,38,0.887952730057993,9,0.9,17,0.85
3157,38,0.9041470620417988,8,0.8,17,0.85
3158,38,0.8603785972207025,8,0.8,16,0.8
3159,38,0.8855454644928329,7,0.7,16,0.8
3160,38,0.8903599956231535,8,0.8,18,0.9
3161,38,0.8452784768574242,7,0.7,18,0.9
3162,38,0.9242805558595033,9,0.9,19,0.95
3163,38,0.9199037093773936,7,0.7,18,0.9
3164,38,0.8886092570303098,7,0.7,18,0.9
3165,38,0.944195207353102,8,0.8,19,0.95
3166,38,0.9006455848561111,7,0.7,18,0.9
3167,38,0.8796367217419849,8,0.8,18,0.9
3168,38,0.848342269394901,7,0.7,17,0.85
3169,38,0.8693511325090273,9,0.9,17,0.85
3170,38,0.896925265346318,8,0.8,18,0.9
3171,38,0.8004158004158004,6,0.6,19,0.95
3172,38,0.872414925046504,7,0.7,18,0.9
3173,38,0.7945070576649524,7,0.7,17,0.85
3174,38,0.8551263814421708,7,0.7,16,0.8
3175,38,0.8671627092679723,8,0.8,16,0.8
3176,38,0.9389429915745705,8,0.8,19,0.95
3177,38,0.8384943648101544,7,0.7,17,0.85
3178,38,0.9080862238756976,7,0.7,18,0.9
3179,38,0.922310974942554,8,0.8,18,0.9
3180,38,0.8459350038297407,7,0.7,18,0.9
3181,38,0.908305066199803,9,0.9,17,0.85
3182,38,0.7831272568114674,8,0.8,18,0.9
3183,38,0.9107123317649634,8,0.8,18,0.9
3184,38,0.9433198380566802,9,0.9,19,0.95
3185,38,0.8813874603348286,9,0.9,18,0.9
3186,38,0.8958310537257905,9,0.9,17,0.85
3187,38,0.872414925046504,6,0.6,17,0.85
3188,38,0.9306269832585621,9,0.9,18,0.9
3189,38,0.816610132399606,7,0.7,16,0.8
3190,38,0.8756975599080862,7,0.7,17,0.85
3191,38,0.8586278586278586,8,0.8,17,0.85
3192,38,0.9277820330451908,7,0.7,18,0.9
3193,38,0.8942991574570521,10,1.0,17,0.85
3194,38,0.9030528504212715,8,0.8,17,0.85
3195,38,0.873727978991137,8,0.8,18,0.9
3196,38,0.873727978991137,7,0.7,18,0.9
3197,38,0.8846700951964108,7,0.7,17,0.85
3198,38,0.8857643068169385,7,0.7,19,0.95
3199,38,0.8424335266440529,9,0.9,17,0.85
3200,38,0.8934237881606302,7,0.7,18,0.9
3201,38,0.8711018711018711,7,0.7,18,0.9
3202,38,0.9034905350694824,6,0.6,18,0.9
3203,38,0.8255826676879308,7,0.7,18,0.9
3204,38,0.8570959623591203,8,0.8,19,0.95
3205,38,0.8892657840026261,7,0.7,18,0.9
3206,38,0.853375642849327,8,0.8,18,0.9
3207,38,0.8726337673706095,9,0.9,17,0.85
3208,38,0.8809497756866177,6,0.6,18,0.9
3209,38,0.8544698544698545,8,0.8,17,0.85
3210,38,0.8717583980741875,8,0.8,18,0.9
3211,38,0.792975161396214,6,0.6,18,0.9
3212,38,0.8592843856001751,6,0.6,16,0.8
3213,38,0.8605974395448079,8,0.8,19,0.95
3214,38,0.8993325309114784,7,0.7,18,0.9
3215,38,0.8914542072436809,7,0.7,18,0.9
3216,38,0.9050224313382208,7,0.7,18,0.9
3217,38,0.8903599956231535,8,0.8,17,0.85
3218,38,0.8612539665171244,6,0.6,16,0.8
3219,38,0.8842324105481999,7,0.7,17,0.85
3220,38,0.8835758835758836,7,0.7,18,0.9
3221,38,0.8781048254732464,7,0.7,19,0.95
3222,38,0.9076485392274865,8,0.8,18,0.9
3223,38,0.914651493598862,7,0.7,18,0.9
3224,38,0.9096181201444359,6,0.6,19,0.95
3225,38,0.8507495349600613,8,0.8,16,0.8
3226,38,0.8676003939161835,8,0.8,18,0.9
3227,38,0.8802932487143014,8,0.8,18,0.9
3228,38,0.8717583980741875,6,0.6,18,0.9
3229,38,0.9069920122551701,8,0.8,19,0.95
3230,38,0.9260312944523471,8,0.8,17,0.85
3231,38,0.8945179997811576,8,0.8,16,0.8
3232,38,0.9052412736623262,9,0.9,19,0.95
3233,38,0.9380676222781485,8,0.8,19,0.95
3234,38,0.8109202319728636,7,0.7,17,0.85
3235,38,0.8929861035124192,7,0.7,18,0.9
3236,38,0.8982383192909508,8,0.8,17,0.85
3237,38,0.8457161615056351,7,0.7,16,0.8
3238,38,0.8457161615056351,7,0.7,17,0.85
3239,38,0.9181529707845498,7,0.7,20,1.0
3240,38,0.8754787175839808,8,0.8,18,0.9
3241,38,0.8496553233395339,7,0.7,17,0.85
3242,38,0.8422146843199475,7,0.7,16,0.8
3243,38,0.8590655432760695,7,0.7,16,0.8
3244,38,0.8435277382645804,8,0.8,18,0.9
3245,38,0.8240507714191925,7,0.7,17,0.85
3246,38,0.9065543276069592,9,0.9,18,0.9
3247,38,0.7995404311193784,7,0.7,16,0.8
3248,38,0.9199037093773936,10,1.0,19,0.95
3249,38,0.8684757632126053,8,0.8,17,0.85
3250,38,0.8514060619323777,6,0.6,19,0.95
3251,38,0.8925484188642083,8,0.8,17,0.85
3252,38,0.8253638253638254,7,0.7,16,0.8
3253,38,0.8951745267534742,8,0.8,18,0.9
3254,38,0.8336798336798338,6,0.6,17,0.85
3255,38,0.8962687383740015,8,0.8,17,0.85
3256,38,0.8802932487143014,6,0.6,17,0.85
3257,38,0.8953933690775795,9,0.9,17,0.85
3258,38,0.9139949666265456,9,0.9,17,0.85
3259,38,0.9286574023416128,7,0.7,19,0.95
3260,38,0.8402451034029982,6,0.6,18,0.9
3261,38,0.7702155596892438,8,0.8,16,0.8
3262,38,0.8417769996717366,7,0.7,18,0.9
3263,38,0.9293139293139293,7,0.7,19,0.95
3264,38,0.8325856220593063,10,1.0,16,0.8
3265,38,0.8433088959404749,6,0.6,16,0.8
3266,38,0.9242805558595033,10,1.0,19,0.95
3267,38,0.8988948462632673,8,0.8,18,0.9
3268,38,0.8973629499945289,8,0.8,17,0.85
3269,38,0.8835758835758836,8,0.8,16,0.8
3270,38,0.9124630703578072,8,0.8,20,1.0
3271,38,0.858409016303753,8,0.8,16,0.8
3272,38,0.8529379582011161,7,0.7,18,0.9
3273,38,0.9194660247291827,7,0.7,18,0.9
3274,38,0.9089615931721193,9,0.9,17,0.85
3275,38,0.9017397964766386,7,0.7,15,0.75
3276,38,0.92056023634971,8,0.8,18,0.9
3277,38,0.8424335266440529,6,0.6,18,0.9
3278,38,0.9207790786738155,8,0.8,18,0.9
3279,38,0.8603785972207025,7,0.7,17,0.85
3280,38,0.9433198380566802,8,0.8,18,0.9
3281,38,0.8805120910384068,9,0.9,18,0.9
3282,38,0.8811686180107233,7,0.7,16,0.8
3283,38,0.8732902943429258,7,0.7,18,0.9
3284,38,0.8892657840026261,6,0.6,18,0.9
3285,38,0.8756975599080862,9,0.9,18,0.9
3286,38,0.9111500164131743,8,0.8,18,0.9
3287,38,0.8391508917824707,7,0.7,17,0.85
3288,38,0.8894846263267316,8,0.8,17,0.85
3289,38,0.9457271036218405,7,0.7,20,1.0
3290,38,0.9142138089506511,8,0.8,18,0.9
3291,38,0.9179341284604442,8,0.8,17,0.85
3292,38,0.9402560455192034,8,0.8,19,0.95
3293,38,0.8809497756866177,7,0.7,18,0.9
3294,38,0.8864208337892548,7,0.7,17,0.85
3295,38,0.859722070248386,8,0.8,16,0.8
3296,38,0.8932049458365248,7,0.7,18,0.9
3297,38,0.933690775796039,7,0.7,18,0.9
3298,38,0.8706641864536601,7,0.7,18,0.9
3299,38,0.8325856220593063,7,0.7,16,0.8
3300,38,0.8756975599080862,8,0.8,16,0.8
3301,38,0.9242805558595033,8,0.8,18,0.9
3302,38,0.8599409125724916,7,0.7,17,0.85
3303,38,0.9183718131086551,9,0.9,18,0.9
3304,38,0.8595032279242807,7,0.7,18,0.9
3305,38,0.901083269504322,9,0.9,18,0.9
3306,38,0.9466024729182624,9,0.9,18,0.9
3307,38,0.9236240288871868,8,0.8,17,0.85
3308,38,0.8540321698216435,10,1.0,17,0.85
3309,38,0.9039282197176933,7,0.7,17,0.85
3310,38,0.8581901739796477,8,0.8,17,0.85
3311,38,0.84112047269942,7,0.7,17,0.85
3312,38,0.8759164022321917,7,0.7,18,0.9
3313,38,0.8509683772841667,7,0.7,19,0.95
3314,38,0.889703468650837,9,0.9,18,0.9
3315,38,0.9052412736623262,8,0.8,17,0.85
3316,38,0.9072108545792755,8,0.8,18,0.9
3317,38,0.8877338877338877,7,0.7,18,0.9
3318,38,0.9280008753692964,8,0.8,19,0.95
3319,38,0.8595032279242807,7,0.7,18,0.9
3320,38,0.8829193566035671,8,0.8,16,0.8
3321,38,0.8934237881606302,8,0.8,19,0.95
3322,38,0.8446219498851079,8,0.8,16,0.8
3323,38,0.8883904147062042,7,0.7,17,0.85
3324,38,0.9093992778203305,8,0.8,18,0.9
3325,38,0.9170587591640224,8,0.8,17,0.85
3326,38,0.896049896049896,8,0.8,17,0.85
3327,38,0.8553452237662764,7,0.7,17,0.85
3328,38,0.890578837947259,8,0.8,17,0.85
3329,38,0.9273443483969799,9,0.9,18,0.9
3330,38,0.9052412736623262,9,0.9,18,0.9
3331,38,0.8610351241930189,7,0.7,16,0.8
3332,38,0.9096181201444359,6,0.6,17,0.85
3333,38,0.9063354852828537,8,0.8,17,0.85
3334,38,0.9297516139621402,9,0.9,17,0.85
3335,38,0.8824816719553563,8,0.8,18,0.9
3336,38,0.9076485392274865,8,0.8,18,0.9
3337,38,0.9126819126819127,6,0.6,19,0.95
3338,38,0.914651493598862,8,0.8,18,0.9
3339,38,0.8835758835758836,9,0.9,17,0.85
3340,38,0.8888280993544151,8,0.8,18,0.9
3341,38,0.8520625889046942,7,0.7,18,0.9
3342,38,0.9085239085239085,9,0.9,19,0.95
3343,38,0.9181529707845498,8,0.8,20,1.0
3344,38,0.9290950869898239,8,0.8,18,0.9
3345,38,0.9058978006346428,6,0.6,19,0.95
3346,38,0.8890469416785207,8,0.8,17,0.85
3347,38,0.9325965641755115,10,1.0,19,0.95
3348,38,0.8489987963672173,7,0.7,17,0.85
3349,38,0.8816063026589342,7,0.7,16,0.8
3350,38,0.9037093773935879,8,0.8,18,0.9
3351,38,0.9240617135353977,8,0.8,18,0.9
3352,38,0.853813327497538,8,0.8,17,0.85
3353,38,0.8608162818689135,8,0.8,18,0.9
3354,38,0.8240507714191925,9,0.9,18,0.9
3355,38,0.853375642849327,7,0.7,18,0.9
3356,38,0.8662873399715505,7,0.7,19,0.95
3357,38,0.9030528504212715,8,0.8,18,0.9
3358,38,0.9249370828318196,7,0.7,18,0.9
3359,38,0.8404639457271036,8,0.8,15,0.75
3360,38,0.9212167633220264,7,0.7,19,0.95
3361,38,0.841558157347631,6,0.6,19,0.95
3362,38,0.9301892986103512,8,0.8,19,0.95
3363,38,0.8848889375205164,7,0.7,19,0.95
3364,38,0.9474778422146842,9,0.9,18,0.9
3365,38,0.8831381989276726,8,0.8,17,0.85
3366,38,0.8827005142794616,7,0.7,17,0.85
3367,38,0.7964766385819017,7,0.7,16,0.8
3368,38,0.9067731699310646,7,0.7,18,0.9
3369,38,0.8654119706751285,7,0.7,17,0.85
3370,38,0.9102746471167523,7,0.7,18,0.9
3371,38,0.8500930079877448,8,0.8,16,0.8
3372,38,0.8496553233395339,7,0.7,18,0.9
3373,38,0.8505306926359557,8,0.8,16,0.8
3374,38,0.9378487799540431,9,0.9,18,0.9
3375,38,0.9021774811248495,7,0.7,18,0.9
3376,38,0.9174964438122333,7,0.7,18,0.9
3377,38,0.8614728088412299,8,0.8,19,0.95
3378,38,0.9365357260094103,8,0.8,18,0.9
3379,38,0.8978006346427398,7,0.7,18,0.9
3380,38,0.9061166429587483,9,0.9,18,0.9
3381,38,0.8625670204617573,7,0.7,18,0.9
3382,38,0.9115877010613852,9,0.9,18,0.9
3383,38,0.9308458255826677,7,0.7,18,0.9
3384,38,0.8557829084144873,8,0.8,17,0.85
3385,38,0.9194660247291827,8,0.8,18,0.9
3386,38,0.8763540868804026,8,0.8,18,0.9
3387,38,0.9017397964766386,7,0.7,17,0.85
3388,38,0.8875150454097821,8,0.8,17,0.85
3389,38,0.9172776014881278,8,0.8,19,0.95
3390,38,0.8811686180107233,8,0.8,18,0.9
3391,38,0.8700076594813436,7,0.7,18,0.9
3392,38,0.891891891891892,7,0.7,17,0.85
3393,38,0.8855454644928329,8,0.8,18,0.9
3394,38,0.9339096181201443,7,0.7,18,0.9
3395,38,0.8660684976474451,8,0.8,18,0.9
3396,38,0.8437465805886858,6,0.6,18,0.9
3397,38,0.8942991574570521,9,0.9,19,0.95
3398,38,0.9238428712112922,9,0.9,19,0.95
3399,38,0.8967064230222126,8,0.8,19,0.95
3400,38,0.8610351241930189,8,0.8,17,0.85
3401,38,0.8936426304847357,9,0.9,17,0.85
3402,38,0.9354415143888828,7,0.7,19,0.95
3403,38,0.8940803151329467,9,0.9,18,0.9
3404,38,0.9052412736623262,8,0.8,18,0.9
3405,38,0.8752598752598751,7,0.7,17,0.85
3406,38,0.8844512528723055,7,0.7,18,0.9
3407,38,0.8708830287777657,7,0.7,17,0.85
3408,38,0.9185906554327607,7,0.7,18,0.9
3409,38,0.8522814312287995,5,0.5,16,0.8
3410,38,0.877885983149141,6,0.6,18,0.9
3411,38,0.7594922858080753,7,0.7,17,0.85
3412,38,0.9069920122551701,9,0.9,17,0.85
3413,38,0.8999890578837948,9,0.9,18,0.9
3414,38,0.8378378378378378,6,0.6,19,0.95
3415,38,0.8730714520188204,7,0.7,18,0.9
3416,38,0.9253747674800306,9,0.9,18,0.9
3417,38,0.8894846263267316,8,0.8,18,0.9
3418,38,0.8923295765401029,7,0.7,18,0.9
3419,38,0.9229675019148704,8,0.8,17,0.85
3420,38,0.8614728088412299,7,0.7,17,0.85
3421,38,0.9168399168399168,7,0.7,18,0.9
3422,38,0.8649742860269176,8,0.8,17,0.85
3423,38,0.8980194769668455,10,1.0,18,0.9
3424,38,0.9069920122551701,9,0.9,18,0.9
3425,38,0.9061166429587483,9,0.9,17,0.85
3426,38,0.9288762446657184,8,0.8,18,0.9
3427,38,0.9203413940256046,9,0.9,19,0.95
3428,38,0.9061166429587483,7,0.7,19,0.95
3429,38,0.8711018711018711,8,0.8,19,0.95
3430,38,0.9352226720647772,10,1.0,17,0.85
3431,38,0.847029215450268,8,0.8,17,0.85
3432,38,0.8938614728088413,7,0.7,19,0.95
3433,38,0.919684867053288,8,0.8,19,0.95
3434,38,0.8953933690775795,6,0.6,18,0.9
3435,38,0.872414925046504,7,0.7,17,0.85
3436,38,0.8627858627858629,7,0.7,17,0.85
3437,38,0.9008644271802166,8,0.8,16,0.8
3438,38,0.9100558047926468,7,0.7,18,0.9
3439,38,0.8069810701389648,7,0.7,16,0.8
3440,38,0.8953933690775795,6,0.6,19,0.95
3441,38,0.9150891782470729,7,0.7,19,0.95
3442,38,0.830178356494146,8,0.8,17,0.85
3443,38,0.8152970784549731,7,0.7,16,0.8
3444,38,0.9304081409344568,7,0.7,18,0.9
3445,38,0.8735091366670313,8,0.8,17,0.85
3446,38,0.8809497756866177,9,0.9,17,0.85
3447,38,0.9089615931721193,8,0.8,17,0.85
3448,38,0.9380676222781485,9,0.9,17,0.85
3449,38,0.8658496553233395,6,0.6,19,0.95
3450,38,0.8472480577743735,8,0.8,16,0.8
3451,38,0.8789801947696685,8,0.8,18,0.9
3452,38,0.8295218295218295,7,0.7,16,0.8
3453,38,0.9002079002079002,5,0.5,17,0.85
3454,38,0.8719772403982929,8,0.8,17,0.85
3455,38,0.9308458255826677,9,0.9,19,0.95
3456,38,0.9393806762227814,8,0.8,18,0.9
3457,38,0.8662873399715505,6,0.6,17,0.85
3458,38,0.8236130867709816,7,0.7,15,0.75
3459,38,0.8087318087318087,6,0.6,17,0.85
3460,38,0.9098369624685414,7,0.7,18,0.9
3461,38,0.8242696137432979,6,0.6,18,0.9
3462,38,0.8505306926359557,7,0.7,15,0.75
3463,38,0.9536054272896377,8,0.8,19,0.95
3464,38,0.9050224313382208,7,0.7,19,0.95
3465,38,0.8529379582011161,7,0.7,18,0.9
3466,38,0.8949556844293686,7,0.7,17,0.85
3467,38,0.8608162818689135,8,0.8,16,0.8
3468,38,0.8472480577743735,6,0.6,18,0.9
3469,38,0.8728526096947149,7,0.7,19,0.95
3470,38,0.8441842652368967,9,0.9,15,0.75
3471,38,0.8349928876244666,8,0.8,16,0.8
3472,38,0.9153080205711785,8,0.8,18,0.9
3473,38,0.8934237881606302,8,0.8,17,0.85
3474,38,0.8936426304847357,6,0.6,18,0.9
3475,38,0.9096181201444359,7,0.7,18,0.9
3476,38,0.8500930079877448,7,0.7,16,0.8
3477,38,0.8367436262173104,7,0.7,15,0.75
3478,38,0.7809388335704125,5,0.5,15,0.75
3479,38,0.835649414596783,7,0.7,17,0.85
3480,38,0.7794069373016741,7,0.7,17,0.85
3481,38,0.8816063026589342,7,0.7,18,0.9
3482,38,0.8809497756866177,7,0.7,18,0.9
3483,38,0.8717583980741875,7,0.7,17,0.85
3484,38,0.8899223109749426,7,0.7,17,0.85
3485,38,0.8827005142794616,7,0.7,18,0.9
3486,38,0.8991136885873727,8,0.8,18,0.9
3487,38,0.9188094977568662,7,0.7,19,0.95
3488,38,0.8621293358135463,7,0.7,18,0.9
3489,38,0.8295218295218295,6,0.6,17,0.85
3490,38,0.8995513732355837,9,0.9,18,0.9
3491,38,0.8967064230222126,9,0.9,17,0.85
3492,38,0.8802932487143014,7,0.7,18,0.9
3493,38,0.8540321698216435,9,0.9,17,0.85
3494,38,0.8422146843199475,8,0.8,16,0.8
3495,38,0.8927672611883138,8,0.8,18,0.9
3496,38,0.9131195973301236,8,0.8,17,0.85
3497,38,0.8179231863442389,7,0.7,15,0.75
3498,38,0.8492176386913229,7,0.7,19,0.95
3499,38,0.9098369624685414,9,0.9,19,0.95
3500,38,0.8859831491410438,7,0.7,18,0.9
3501,38,0.9017397964766386,7,0.7,17,0.85
3502,38,0.9277820330451908,9,0.9,18,0.9
3503,38,0.8986760039391618,7,0.7,19,0.95
3504,38,0.8986760039391618,7,0.7,17,0.85
3505,38,0.8875150454097821,9,0.9,19,0.95
3506,38,0.9244993981836086,8,0.8,18,0.9
3507,38,0.8940803151329467,7,0.7,19,0.95
3508,38,0.8798555640660902,9,0.9,16,0.8
3509,38,0.9304081409344568,8,0.8,18,0.9
3510,38,0.8323667797352008,8,0.8,16,0.8
3511,38,0.8991136885873727,8,0.8,17,0.85
3512,38,0.8489987963672173,7,0.7,18,0.9
3513,38,0.9063354852828537,8,0.8,19,0.95
3514,38,0.9118065433854907,8,0.8,19,0.95
3515,38,0.9107123317649634,7,0.7,18,0.9
3516,38,0.8739468213152424,8,0.8,19,0.95
3517,38,0.9231863442389758,9,0.9,20,1.0
3518,38,0.8921107342159973,7,0.7,19,0.95
3519,38,0.9452894189736296,8,0.8,20,1.0
3520,38,0.854251012145749,7,0.7,16,0.8
3521,38,0.894736842105263,6,0.6,19,0.95
3522,38,0.8111390742969691,6,0.6,16,0.8
3523,38,0.894736842105263,8,0.8,17,0.85
3524,38,0.8866396761133604,7,0.7,18,0.9
3525,38,0.9004267425320057,8,0.8,18,0.9
3526,38,0.8441842652368967,7,0.7,16,0.8
3527,38,0.7809388335704125,6,0.6,19,0.95
3528,38,0.8844512528723055,8,0.8,19,0.95
3529,38,0.8717583980741875,7,0.7,18,0.9
3530,38,0.877885983149141,7,0.7,16,0.8
3531,38,0.9122442280337016,9,0.9,18,0.9
3532,38,0.9111500164131743,8,0.8,18,0.9
3533,38,0.8800744063901959,9,0.9,18,0.9
3534,38,0.8581901739796477,6,0.6,18,0.9
3535,38,0.9124630703578072,8,0.8,18,0.9
3536,38,0.9290950869898239,9,0.9,17,0.85
3537,38,0.8770106138527192,8,0.8,17,0.85
3538,38,0.8894846263267316,8,0.8,18,0.9
3539,38,0.921435605646132,8,0.8,18,0.9
3540,38,0.8761352445562971,7,0.7,18,0.9
3541,38,0.8063245431666484,8,0.8,16,0.8
3542,38,0.8612539665171244,9,0.9,16,0.8
3543,38,0.878323667797352,6,0.6,18,0.9
3544,38,0.919684867053288,7,0.7,18,0.9
3545,38,0.933690775796039,8,0.8,19,0.95
3546,38,0.9078673815515921,8,0.8,17,0.85
3547,38,0.836962468541416,9,0.9,17,0.85
3548,38,0.9220921326184484,8,0.8,18,0.9
3549,38,0.858409016303753,8,0.8,16,0.8
3550,38,0.8638800744063901,6,0.6,17,0.85
3551,38,0.8667250246197614,7,0.7,17,0.85
3552,38,0.9085239085239085,7,0.7,19,0.95
3553,38,0.8704453441295545,8,0.8,16,0.8
3554,38,0.8474669000984789,6,0.6,17,0.85
3555,38,0.8560017507385929,9,0.9,16,0.8
3556,38,0.8945179997811576,8,0.8,17,0.85
3557,38,0.786191049348944,8,0.8,16,0.8
3558,38,0.8588467009519641,8,0.8,17,0.85
3559,38,0.8669438669438669,8,0.8,19,0.95
3560,38,0.8544698544698545,8,0.8,16,0.8
3561,38,0.9074296969033812,8,0.8,20,1.0
3562,38,0.8980194769668455,7,0.7,18,0.9
3563,38,0.9306269832585621,9,0.9,17,0.85
3564,38,0.890141153299048,8,0.8,18,0.9
3565,38,0.8505306926359557,8,0.8,18,0.9
3566,38,0.848779954043112,8,0.8,18,0.9
3567,38,0.8454973191815297,8,0.8,17,0.85
3568,38,0.8573148046832257,6,0.6,19,0.95
3569,38,0.9194660247291827,8,0.8,18,0.9
3570,38,0.8840135682240945,7,0.7,17,0.85
3571,38,0.9043659043659042,8,0.8,17,0.85
3572,38,0.8899223109749426,6,0.6,19,0.95
3573,38,0.8067622278148594,8,0.8,15,0.75
3574,38,0.7629937629937631,7,0.7,16,0.8
3575,38,0.8573148046832257,6,0.6,18,0.9
3576,38,0.8741656636393479,8,0.8,18,0.9
3577,38,0.7942882153408469,7,0.7,15,0.75
3578,38,0.8776671408250355,6,0.6,18,0.9
3579,38,0.8277710909289857,8,0.8,17,0.85
3580,38,0.860159754896597,7,0.7,17,0.85
3581,38,0.8894846263267316,8,0.8,17,0.85
3582,38,0.8973629499945289,8,0.8,19,0.95
3583,38,0.9505416347521611,9,0.9,18,0.9
3584,38,0.9023963234489549,6,0.6,18,0.9
3585,38,0.8932049458365248,9,0.9,17,0.85
3586,38,0.889703468650837,6,0.6,17,0.85
3587,38,0.8932049458365248,7,0.7,17,0.85
3588,38,0.8868585184374658,7,0.7,19,0.95
3589,38,0.9004267425320057,8,0.8,17,0.85
3590,38,0.9275631907210855,8,0.8,18,0.9
3591,38,0.8962687383740015,8,0.8,17,0.85
3592,38,0.8367436262173104,6,0.6,18,0.9
3593,38,0.8903599956231535,8,0.8,19,0.95
3594,38,0.8452784768574242,7,0.7,17,0.85
3595,38,0.8846700951964108,8,0.8,18,0.9
3596,38,0.9139949666265456,8,0.8,18,0.9
3597,38,0.9536054272896377,9,0.9,18,0.9
3598,38,0.8978006346427398,7,0.7,19,0.95
3599,38,0.9067731699310646,7,0.7,19,0.95
3600,38,0.8866396761133604,9,0.9,17,0.85
3601,38,0.873727978991137,6,0.6,18,0.9
3602,38,0.8726337673706095,6,0.6,18,0.9
3603,38,0.9085239085239085,6,0.6,17,0.85
3604,38,0.9299704562862458,8,0.8,19,0.95
3605,38,0.903271692745377,9,0.9,17,0.85
3606,38,0.8820439873071452,8,0.8,18,0.9
3607,38,0.848342269394901,7,0.7,17,0.85
3608,38,0.8465915308020571,7,0.7,18,0.9
3609,38,0.9089615931721193,9,0.9,17,0.85
3610,38,0.872414925046504,8,0.8,17,0.85
3611,38,0.8995513732355837,7,0.7,19,0.95
3612,38,0.8310537257905679,7,0.7,17,0.85
3613,38,0.896487580698107,8,0.8,18,0.9
3614,38,0.8844512528723055,6,0.6,18,0.9
3615,38,0.8354305722726775,7,0.7,17,0.85
3616,38,0.8835758835758836,7,0.7,19,0.95
3617,38,0.8623481781376517,8,0.8,16,0.8
3618,38,0.8697888171572382,8,0.8,17,0.85
3619,38,0.8785425101214573,7,0.7,17,0.85
3620,38,0.8855454644928329,8,0.8,18,0.9
3621,38,0.8371813108655214,7,0.7,17,0.85
3622,38,0.805230331546121,4,0.4,19,0.95
3623,38,0.8864208337892548,8,0.8,16,0.8
3624,38,0.9185906554327607,8,0.8,18,0.9
3625,38,0.8393697341065761,6,0.6,17,0.85
3626,38,0.8702265018054491,6,0.6,17,0.85
3627,38,0.8525002735529051,8,0.8,18,0.9
3628,38,0.9037093773935879,7,0.7,18,0.9
3629,38,0.9577634314476419,9,0.9,19,0.95
3630,38,0.9061166429587483,8,0.8,19,0.95
3631,38,0.8818251449830398,6,0.6,19,0.95
3632,38,0.8660684976474451,8,0.8,17,0.85
3633,38,0.8678192362402888,6,0.6,17,0.85
3634,38,0.9555750082065871,9,0.9,18,0.9
3635,38,0.9065543276069592,9,0.9,18,0.9
3636,38,0.8785425101214573,6,0.6,17,0.85
3637,38,0.8877338877338877,8,0.8,19,0.95
3638,38,0.9157457052193895,7,0.7,19,0.95
3639,38,0.9262501367764526,9,0.9,18,0.9
3640,38,0.8551263814421708,7,0.7,18,0.9
3641,38,0.8857643068169385,8,0.8,16,0.8
3642,38,0.9028340080971659,9,0.9,17,0.85
3643,38,0.8520625889046942,8,0.8,17,0.85
3644,38,0.9174964438122333,6,0.6,18,0.9
3645,38,0.8855454644928329,6,0.6,18,0.9
3646,38,0.8903599956231535,8,0.8,18,0.9
3647,38,0.9021774811248495,7,0.7,18,0.9
3648,38,0.8468103731261626,8,0.8,16,0.8
3649,38,0.9004267425320057,9,0.9,19,0.95
3650,38,0.8973629499945289,8,0.8,19,0.95
3651,38,0.9286574023416128,7,0.7,18,0.9
3652,38,0.8892657840026261,8,0.8,18,0.9
3653,38,0.8616916511653352,6,0.6,18,0.9
3654,38,0.9048035890141154,8,0.8,18,0.9
3655,38,0.8995513732355837,8,0.8,19,0.95
3656,38,0.9142138089506511,9,0.9,18,0.9
3657,38,0.8945179997811576,9,0.9,18,0.9
3658,38,0.8568771200350148,9,0.9,17,0.85
3659,38,0.9157457052193895,9,0.9,18,0.9
3660,38,0.914651493598862,9,0.9,18,0.9
3661,38,0.8890469416785207,8,0.8,16,0.8
3662,38,0.8818251449830398,7,0.7,17,0.85
3663,38,0.8570959623591203,7,0.7,18,0.9
3664,38,0.9277820330451908,7,0.7,18,0.9
3665,38,0.9170587591640224,8,0.8,16,0.8
3666,38,0.8936426304847357,7,0.7,19,0.95
3667,38,0.9157457052193895,9,0.9,17,0.85
3668,38,0.9052412736623262,8,0.8,18,0.9
3669,38,0.9085239085239085,8,0.8,19,0.95
3670,38,0.9006455848561111,8,0.8,18,0.9
3671,38,0.8212058212058211,8,0.8,17,0.85
3672,38,0.8859831491410438,7,0.7,17,0.85
3673,38,0.9118065433854907,8,0.8,18,0.9
3674,38,0.9325965641755115,8,0.8,17,0.85
3675,38,0.8859831491410438,8,0.8,18,0.9
3676,38,0.9183718131086551,8,0.8,18,0.9
3677,38,0.9203413940256046,7,0.7,17,0.85
3678,38,0.8772294561768246,7,0.7,17,0.85
3679,38,0.9244993981836086,8,0.8,18,0.9
3680,38,0.9236240288871868,7,0.7,19,0.95
3681,38,0.8785425101214573,8,0.8,16,0.8
3682,38,0.9284385600175075,8,0.8,18,0.9
3683,38,0.9135572819783346,7,0.7,19,0.95
3684,38,0.841995841995842,6,0.6,16,0.8
3685,38,0.8247072983915088,8,0.8,18,0.9
3686,38,0.8540321698216435,6,0.6,18,0.9
3687,38,0.8702265018054491,7,0.7,19,0.95
3688,38,0.890141153299048,7,0.7,18,0.9
3689,38,0.9113688587372798,8,0.8,17,0.85
3690,38,0.9107123317649634,9,0.9,17,0.85
3691,38,0.871539555750082,5,0.5,18,0.9
3692,38,0.7877229456176824,7,0.7,17,0.85
3693,38,0.8811686180107233,9,0.9,17,0.85
3694,38,0.7879417879417879,6,0.6,18,0.9
3695,38,0.901520954152533,9,0.9,16,0.8
3696,38,0.8982383192909508,9,0.9,17,0.85
3697,38,0.8910165225954699,8,0.8,18,0.9
3698,38,0.8704453441295545,7,0.7,17,0.85
3699,38,0.8984571616150564,8,0.8,18,0.9
3700,38,0.8728526096947149,7,0.7,18,0.9
3701,38,0.8942991574570521,7,0.7,19,0.95
3702,38,0.9159645475434949,7,0.7,18,0.9
3703,38,0.8875150454097821,9,0.9,17,0.85
3704,38,0.8630047051099682,7,0.7,18,0.9
3705,38,0.9030528504212715,8,0.8,17,0.85
3706,38,0.9212167633220264,8,0.8,19,0.95
3707,38,0.9054601159864318,7,0.7,20,1.0
3708,38,0.9030528504212715,8,0.8,16,0.8
3709,38,0.9343473027683553,8,0.8,19,0.95
3710,38,0.8956122114016851,7,0.7,19,0.95
3711,38,0.9240617135353977,7,0.7,18,0.9
3712,38,0.8903599956231535,8,0.8,17,0.85
3713,38,0.9120253857095963,7,0.7,17,0.85
3714,38,0.8975817923186344,9,0.9,19,0.95
3715,38,0.8700076594813436,8,0.8,16,0.8
3716,38,0.8627858627858629,8,0.8,17,0.85
3717,38,0.8754787175839808,7,0.7,17,0.85
3718,38,0.8640989167304957,8,0.8,18,0.9
3719,38,0.9039282197176933,7,0.7,18,0.9
3720,38,0.8824816719553563,9,0.9,18,0.9
3721,38,0.9013021118284277,6,0.6,18,0.9
3722,38,0.7721851406061931,6,0.6,16,0.8
3723,38,0.9290950869898239,8,0.8,19,0.95
3724,38,0.8951745267534742,9,0.9,17,0.85
3725,38,0.9026151657730606,8,0.8,19,0.95
3726,38,0.9185906554327607,8,0.8,17,0.85
3727,38,0.9249370828318196,7,0.7,18,0.9
3728,38,0.8958310537257905,7,0.7,17,0.85
3729,38,0.9157457052193895,9,0.9,18,0.9
3730,38,0.8612539665171244,6,0.6,18,0.9
3731,38,0.9107123317649634,8,0.8,18,0.9
3732,38,0.8323667797352008,8,0.8,18,0.9
3733,38,0.8702265018054491,10,1.0,16,0.8
3734,38,0.908742750848014,8,0.8,18,0.9
3735,38,0.8179231863442389,8,0.8,18,0.9
3736,38,0.8704453441295545,8,0.8,16,0.8
3737,38,0.9148703359229676,7,0.7,18,0.9
3738,38,0.8866396761133604,7,0.7,17,0.85
3739,38,0.8573148046832257,7,0.7,17,0.85
3740,38,0.9067731699310646,7,0.7,17,0.85
3741,38,0.9378487799540431,7,0.7,19,0.95
3742,38,0.9258124521282415,9,0.9,18,0.9
3743,38,0.9056789583105371,7,0.7,18,0.9
3744,38,0.8684757632126053,9,0.9,17,0.85
3745,38,0.9065543276069592,8,0.8,18,0.9
3746,38,0.8945179997811576,7,0.7,18,0.9
3747,38,0.9144326512747565,9,0.9,18,0.9
3748,38,0.9275631907210855,7,0.7,18,0.9
3749,38,0.9061166429587483,8,0.8,18,0.9
3750,38,0.8463726884779517,7,0.7,18,0.9
3751,38,0.878761352445563,8,0.8,19,0.95
3752,38,0.8205492942335048,8,0.8,17,0.85
3753,38,0.8500930079877448,7,0.7,18,0.9
3754,38,0.8848889375205164,8,0.8,16,0.8
3755,38,0.8400262610788926,7,0.7,17,0.85
3756,38,0.8903599956231535,7,0.7,17,0.85
3757,38,0.8560017507385929,7,0.7,17,0.85
3758,38,0.9111500164131743,8,0.8,18,0.9
3759,38,0.8706641864536601,7,0.7,18,0.9
3760,38,0.9168399168399168,8,0.8,17,0.85
3761,38,0.901520954152533,7,0.7,18,0.9
3762,38,0.9393806762227814,8,0.8,18,0.9
3763,38,0.9334719334719334,8,0.8,18,0.9
3764,38,0.9227486595907649,7,0.7,19,0.95
3765,38,0.896487580698107,7,0.7,18,0.9
3766,38,0.8984571616150564,8,0.8,18,0.9
3767,38,0.890578837947259,8,0.8,17,0.85
3768,38,0.8621293358135463,7,0.7,17,0.85
3769,38,0.8827005142794616,7,0.7,18,0.9
3770,38,0.8529379582011161,6,0.6,16,0.8
3771,38,0.9111500164131743,8,0.8,18,0.9
3772,38,0.9161833898676003,8,0.8,17,0.85
3773,38,0.834774045300361,6,0.6,17,0.85
3774,38,0.8796367217419849,6,0.6,17,0.85
3775,38,0.9056789583105371,7,0.7,18,0.9
3776,38,0.908742750848014,9,0.9,18,0.9
3777,38,0.9096181201444359,8,0.8,17,0.85
3778,38,0.9030528504212715,8,0.8,17,0.85
3779,38,0.8557829084144873,7,0.7,17,0.85
3780,38,0.9225298172666593,8,0.8,19,0.95
3781,38,0.8590655432760695,8,0.8,18,0.9
3782,38,0.8986760039391618,8,0.8,16,0.8
3783,38,0.9297516139621402,7,0.7,18,0.9
3784,38,0.8262391946602473,7,0.7,17,0.85
3785,38,0.908305066199803,7,0.7,17,0.85
3786,38,0.8006346427399059,6,0.6,17,0.85
3787,38,0.8732902943429258,8,0.8,17,0.85
3788,38,0.9039282197176933,7,0.7,17,0.85
3789,38,0.8739468213152424,8,0.8,18,0.9
3790,38,0.8643177590546011,8,0.8,17,0.85
3791,38,0.8656308129992342,8,0.8,18,0.9
3792,38,0.9220921326184484,8,0.8,19,0.95
3793,38,0.8785425101214573,7,0.7,18,0.9
3794,38,0.9234051865630812,7,0.7,18,0.9
3795,38,0.8728526096947149,7,0.7,19,0.95
3796,38,0.860159754896597,8,0.8,17,0.85
3797,38,0.9192471824050771,8,0.8,17,0.85
3798,38,0.8422146843199475,8,0.8,19,0.95
3799,38,0.8916730495677864,8,0.8,18,0.9
3800,38,0.8643177590546011,6,0.6,17,0.85
3801,38,0.8509683772841667,6,0.6,16,0.8
3802,38,0.8820439873071452,8,0.8,17,0.85
3803,38,0.9076485392274865,8,0.8,17,0.85
3804,38,0.9317211948790897,9,0.9,18,0.9
3805,38,0.9474778422146842,10,1.0,18,0.9
3806,38,0.9209979209979211,7,0.7,18,0.9
3807,38,0.8754787175839808,7,0.7,17,0.85
3808,38,0.8562205930626983,7,0.7,17,0.85
3809,38,0.8549075391180654,6,0.6,18,0.9
3810,38,0.901520954152533,7,0.7,18,0.9
3811,38,0.877885983149141,8,0.8,18,0.9
3812,38,0.9150891782470729,8,0.8,18,0.9
3813,38,0.8844512528723055,6,0.6,17,0.85
3814,38,0.8474669000984789,9,0.9,16,0.8
3815,38,0.8881715723820987,7,0.7,19,0.95
3816,38,0.8697888171572382,9,0.9,18,0.9
3817,38,0.8603785972207025,8,0.8,17,0.85
3818,38,0.8719772403982929,6,0.6,17,0.85
3819,38,0.922310974942554,9,0.9,16,0.8
3820,38,0.8400262610788926,7,0.7,18,0.9
3821,38,0.8949556844293686,7,0.7,19,0.95
3822,38,0.8338986760039392,7,0.7,18,0.9
3823,38,0.8717583980741875,8,0.8,17,0.85
3824,38,0.8702265018054491,9,0.9,18,0.9
3825,38,0.9240617135353977,9,0.9,18,0.9
3826,38,0.9013021118284277,7,0.7,18,0.9
3827,38,0.8767917715286137,8,0.8,17,0.85
3828,38,0.9249370828318196,8,0.8,18,0.9
3829,38,0.8616916511653352,6,0.6,18,0.9
3830,38,0.8781048254732464,8,0.8,16,0.8
3831,38,0.8658496553233395,6,0.6,17,0.85
3832,38,0.9177152861363387,8,0.8,18,0.9
3833,38,0.890141153299048,7,0.7,17,0.85
3834,38,0.8945179997811576,7,0.7,18,0.9
3835,38,0.8120144435933909,8,0.8,16,0.8
3836,38,0.8868585184374658,7,0.7,18,0.9
3837,38,0.8426523689681585,7,0.7,19,0.95
3838,38,0.8131086552139184,7,0.7,16,0.8
3839,38,0.9164022321917058,7,0.7,17,0.85
3840,38,0.8697888171572382,7,0.7,17,0.85
3841,38,0.9074296969033812,7,0.7,17,0.85
3842,38,0.8761352445562971,8,0.8,19,0.95
3843,38,0.8514060619323777,5,0.5,17,0.85
3844,38,0.8978006346427398,9,0.9,17,0.85
3845,38,0.9225298172666593,9,0.9,18,0.9
3846,38,0.8579713316555421,7,0.7,17,0.85
3847,38,0.7778750410329357,7,0.7,16,0.8
3848,38,0.853375642849327,7,0.7,18,0.9
3849,38,0.919684867053288,8,0.8,16,0.8
3850,38,0.8829193566035671,6,0.6,16,0.8
3851,38,0.9142138089506511,8,0.8,19,0.95
3852,38,0.8923295765401029,8,0.8,19,0.95
3853,38,0.8527191158770107,8,0.8,16,0.8
3854,38,0.8691322901849217,6,0.6,19,0.95
3855,38,0.9115877010613852,8,0.8,18,0.9
3856,38,0.9045847466900099,8,0.8,18,0.9
3857,38,0.8686946055367107,6,0.6,16,0.8
3858,38,0.9258124521282415,9,0.9,17,0.85
3859,38,0.9030528504212715,6,0.6,18,0.9
3860,38,0.9358791990370937,8,0.8,19,0.95
3861,38,0.8459350038297407,7,0.7,17,0.85
3862,38,0.887952730057993,9,0.9,18,0.9
3863,38,0.8953933690775795,8,0.8,17,0.85
3864,38,0.9433198380566802,8,0.8,19,0.95
3865,38,0.8518437465805886,8,0.8,16,0.8
3866,38,0.8770106138527192,7,0.7,16,0.8
3867,38,0.8835758835758836,8,0.8,17,0.85
3868,38,0.8612539665171244,7,0.7,17,0.85
3869,38,0.8754787175839808,8,0.8,17,0.85
3870,38,0.914651493598862,8,0.8,19,0.95
3871,38,0.9444140496772077,8,0.8,19,0.95
3872,38,0.9446328920013131,7,0.7,19,0.95
3873,38,0.8012911697122223,7,0.7,17,0.85
3874,38,0.8822628296312507,8,0.8,17,0.85
3875,38,0.9339096181201443,7,0.7,19,0.95
3876,38,0.8942991574570521,8,0.8,18,0.9
3877,38,0.8573148046832257,7,0.7,18,0.9
3878,38,0.8748221906116642,8,0.8,19,0.95
3879,38,0.8293029871977239,7,0.7,17,0.85
3880,38,0.9100558047926468,8,0.8,17,0.85
3881,38,0.8494364810154285,8,0.8,17,0.85
3882,38,0.9113688587372798,5,0.5,19,0.95
3883,38,0.8310537257905679,8,0.8,15,0.75
3884,38,0.9037093773935879,8,0.8,17,0.85
3885,38,0.9236240288871868,7,0.7,18,0.9
3886,38,0.8862019914651494,8,0.8,18,0.9
3887,38,0.853813327497538,7,0.7,16,0.8
3888,38,0.8800744063901959,8,0.8,17,0.85
3889,38,0.8739468213152424,7,0.7,17,0.85
3890,38,0.920122551701499,8,0.8,19,0.95
3891,38,0.8949556844293686,9,0.9,17,0.85
3892,38,0.891891891891892,8,0.8,17,0.85
3893,38,0.8886092570303098,7,0.7,18,0.9
3894,38,0.8890469416785207,6,0.6,18,0.9
3895,38,0.8074187547871757,6,0.6,18,0.9
3896,38,0.8927672611883138,5,0.5,17,0.85
3897,38,0.816610132399606,5,0.5,19,0.95
3898,38,0.9426633110843636,9,0.9,19,0.95
3899,38,0.8881715723820987,8,0.8,17,0.85
3900,38,0.8829193566035671,7,0.7,16,0.8
3901,38,0.8465915308020571,8,0.8,17,0.85
3902,38,0.921873290294343,8,0.8,19,0.95
3903,38,0.8811686180107233,7,0.7,18,0.9
3904,38,0.8914542072436809,8,0.8,18,0.9
3905,38,0.9056789583105371,8,0.8,17,0.85
3906,38,0.8507495349600613,7,0.7,18,0.9
3907,38,0.8800744063901959,6,0.6,17,0.85
3908,38,0.8796367217419849,8,0.8,16,0.8
3909,38,0.883794725899989,8,0.8,18,0.9
3910,38,0.9150891782470729,8,0.8,19,0.95
3911,38,0.8693511325090273,7,0.7,18,0.9
3912,38,0.7947258999890578,6,0.6,16,0.8
3913,38,0.901083269504322,7,0.7,18,0.9
3914,38,0.8682569208884998,6,0.6,18,0.9
3915,38,0.9310646679067731,9,0.9,18,0.9
3916,38,0.8446219498851079,7,0.7,17,0.85
3917,38,0.8496553233395339,7,0.7,16,0.8
3918,38,0.9089615931721193,8,0.8,18,0.9
3919,38,0.8551263814421708,6,0.6,18,0.9
3920,38,0.8767917715286137,8,0.8,17,0.85
3921,38,0.8945179997811576,7,0.7,19,0.95
3922,38,0.8669438669438669,6,0.6,18,0.9
3923,38,0.8277710909289857,8,0.8,15,0.75
3924,38,0.9185906554327607,9,0.9,18,0.9
3925,38,0.8774482985009301,7,0.7,17,0.85
3926,38,0.9023963234489549,8,0.8,16,0.8
3927,38,0.887952730057993,8,0.8,17,0.85
3928,38,0.8855454644928329,6,0.6,19,0.95
3929,38,0.8669438669438669,6,0.6,18,0.9
3930,38,0.9008644271802166,8,0.8,18,0.9
3931,38,0.8982383192909508,8,0.8,18,0.9
3932,38,0.9308458255826677,7,0.7,18,0.9
3933,38,0.8973629499945289,8,0.8,18,0.9
3934,38,0.8914542072436809,8,0.8,17,0.85
3935,38,0.8321479374110952,8,0.8,17,0.85
3936,38,0.786191049348944,7,0.7,17,0.85
3937,38,0.8686946055367107,7,0.7,15,0.75
3938,38,0.8021665390086443,7,0.7,17,0.85
3939,38,0.9247182405077142,9,0.9,19,0.95
3940,38,0.9045847466900099,10,1.0,17,0.85
3941,38,0.8732902943429258,6,0.6,18,0.9
3942,38,0.9172776014881278,7,0.7,17,0.85
3943,38,0.9085239085239085,8,0.8,18,0.9
3944,38,0.9004267425320057,8,0.8,18,0.9
3945,38,0.8822628296312507,6,0.6,17,0.85
3946,38,0.9045847466900099,8,0.8,16,0.8
3947,38,0.8929861035124192,9,0.9,17,0.85
3948,38,0.8750410329357698,7,0.7,19,0.95
3949,38,0.7358573148046833,6,0.6,17,0.85
3950,38,0.8951745267534742,7,0.7,17,0.85
3951,38,0.8437465805886858,7,0.7,17,0.85
3952,38,0.8732902943429258,9,0.9,18,0.9
3953,38,0.8774482985009301,6,0.6,18,0.9
3954,38,0.9100558047926468,6,0.6,19,0.95
3955,38,0.8514060619323777,8,0.8,18,0.9
3956,38,0.9229675019148704,7,0.7,19,0.95
3957,38,0.8409016303753145,6,0.6,17,0.85
3958,38,0.8940803151329467,6,0.6,18,0.9
3959,38,0.9188094977568662,8,0.8,18,0.9
3960,38,0.9085239085239085,8,0.8,17,0.85
3961,38,0.8034795929532772,6,0.6,19,0.95
3962,38,0.8951745267534742,9,0.9,17,0.85
3963,38,0.926468979100558,8,0.8,18,0.9
3964,38,0.9069920122551701,8,0.8,16,0.8
3965,38,0.8279899332530912,8,0.8,16,0.8
3966,38,0.8271145639566692,7,0.7,16,0.8
3967,38,0.8463726884779517,8,0.8,18,0.9
3968,38,0.8697888171572382,7,0.7,17,0.85
3969,38,0.9072108545792755,8,0.8,18,0.9
3970,38,0.8634423897581792,7,0.7,19,0.95
3971,38,0.8603785972207025,9,0.9,18,0.9
3972,38,0.921873290294343,7,0.7,18,0.9
3973,38,0.878323667797352,9,0.9,18,0.9
3974,38,0.9485720538352118,8,0.8,19,0.95
3975,38,0.8949556844293686,7,0.7,18,0.9
3976,38,0.8266768793084582,9,0.9,16,0.8
3977,38,0.8800744063901959,8,0.8,17,0.85
3978,38,0.8912353649195754,9,0.9,17,0.85
3979,38,0.9415690994638363,8,0.8,19,0.95
3980,38,0.9231863442389758,8,0.8,18,0.9
3981,38,0.8684757632126053,8,0.8,17,0.85
3982,38,0.8824816719553563,6,0.6,19,0.95
3983,38,0.9013021118284277,8,0.8,17,0.85
3984,38,0.9129007550060181,8,0.8,19,0.95
3985,38,0.8809497756866177,8,0.8,17,0.85
3986,38,0.8454973191815297,7,0.7,18,0.9
3987,38,0.8840135682240945,7,0.7,18,0.9
3988,38,0.8468103731261626,6,0.6,19,0.95
3989,38,0.8859831491410438,8,0.8,17,0.85
3990,38,0.9371922529817267,8,0.8,18,0.9
3991,38,0.8509683772841667,7,0.7,18,0.9
3992,38,0.8334609913557282,8,0.8,18,0.9
3993,38,0.9122442280337016,8,0.8,16,0.8
3994,38,0.909180435496225,9,0.9,19,0.95
3995,38,0.896487580698107,7,0.7,19,0.95
3996,38,0.8015100120363279,7,0.7,17,0.85
3997,38,0.8454973191815297,8,0.8,17,0.85
3998,38,0.8914542072436809,7,0.7,19,0.95
3999,38,0.9008644271802166,7,0.7,18,0.9
4000,38,0.8894846263267316,8,0.8,19,0.95
4001,38,0.9192471824050771,7,0.7,19,0.95
4002,38,0.9177152861363387,9,0.9,18,0.9
4003,38,0.891891891891892,8,0.8,18,0.9
4004,38,0.8395885764306816,7,0.7,17,0.85
4005,38,0.8772294561768246,6,0.6,18,0.9
4006,38,0.9306269832585621,8,0.8,19,0.95
4007,38,0.9056789583105371,9,0.9,18,0.9
4008,38,0.8163912900755007,7,0.7,16,0.8
4009,38,0.9048035890141154,8,0.8,16,0.8
4010,38,0.9056789583105371,8,0.8,18,0.9
4011,38,0.9050224313382208,8,0.8,18,0.9
4012,38,0.8886092570303098,6,0.6,17,0.85
4013,38,0.8511872196082723,8,0.8,17,0.85
4014,38,0.8566582777109094,6,0.6,18,0.9
4015,38,0.9026151657730606,8,0.8,17,0.85
4016,38,0.8732902943429258,7,0.7,16,0.8
4017,38,0.8384943648101544,9,0.9,15,0.75
4018,38,0.8827005142794616,7,0.7,17,0.85
4019,38,0.8074187547871757,7,0.7,19,0.95
4020,38,0.7971331655542182,6,0.6,16,0.8
4021,38,0.8802932487143014,8,0.8,17,0.85
4022,38,0.9255936098041362,8,0.8,19,0.95
4023,38,0.9437575227048911,8,0.8,18,0.9
4024,38,0.890578837947259,7,0.7,18,0.9
4025,38,0.8439654229127913,8,0.8,17,0.85
4026,38,0.8750410329357698,7,0.7,17,0.85
4027,38,0.8767917715286137,7,0.7,18,0.9
4028,38,0.9006455848561111,7,0.7,19,0.95
4029,38,0.8271145639566692,8,0.8,16,0.8
4030,38,0.9137761243024399,9,0.9,18,0.9
4031,38,0.841995841995842,7,0.7,18,0.9
4032,38,0.9131195973301236,6,0.6,19,0.95
4033,38,0.9536054272896377,9,0.9,19,0.95
4034,38,0.8927672611883138,9,0.9,18,0.9
4035,38,0.9139949666265456,6,0.6,18,0.9
4036,38,0.8907976802713643,8,0.8,17,0.85
4037,38,0.8907976802713643,6,0.6,19,0.95
4038,38,0.8752598752598751,8,0.8,17,0.85
4039,38,0.8435277382645804,6,0.6,17,0.85
4040,38,0.9129007550060181,6,0.6,18,0.9
4041,38,0.8203304519093993,7,0.7,16,0.8
4042,38,0.8647554437028121,7,0.7,18,0.9
4043,38,0.9050224313382208,8,0.8,17,0.85
4044,38,0.8433088959404749,7,0.7,17,0.85
4045,38,0.8476857424225844,8,0.8,17,0.85
4046,38,0.8006346427399059,8,0.8,15,0.75
4047,38,0.8997702155596893,9,0.9,18,0.9
4048,38,0.890141153299048,7,0.7,17,0.85
4049,38,0.8975817923186344,8,0.8,19,0.95
4050,38,0.913338439654229,7,0.7,18,0.9
4051,38,0.8689134478608164,7,0.7,18,0.9
4052,38,0.8647554437028121,8,0.8,17,0.85
4053,38,0.878761352445563,8,0.8,18,0.9
4054,38,0.8789801947696685,6,0.6,18,0.9
4055,38,0.9255936098041362,7,0.7,18,0.9
4056,38,0.8929861035124192,8,0.8,19,0.95
4057,38,0.8078564394353869,9,0.9,17,0.85
4058,38,0.8910165225954699,8,0.8,17,0.85
4059,38,0.9181529707845498,8,0.8,19,0.95
4060,38,0.8857643068169385,7,0.7,17,0.85
4061,38,0.8424335266440529,6,0.6,15,0.75
4062,38,0.7312616259984681,6,0.6,16,0.8
4063,38,0.8805120910384068,7,0.7,19,0.95
4064,38,0.9045847466900099,7,0.7,18,0.9
4065,38,0.8557829084144873,7,0.7,18,0.9
4066,38,0.8474669000984789,6,0.6,18,0.9
4067,38,0.8754787175839808,7,0.7,18,0.9
4068,38,0.8868585184374658,9,0.9,17,0.85
4069,38,0.896049896049896,8,0.8,17,0.85
4070,38,0.7925374767480031,8,0.8,17,0.85
4071,38,0.9188094977568662,8,0.8,18,0.9
4072,38,0.8991136885873727,7,0.7,18,0.9
4073,38,0.8553452237662764,7,0.7,18,0.9
4074,38,0.8840135682240945,8,0.8,17,0.85
4075,38,0.8986760039391618,6,0.6,18,0.9
4076,38,0.8875150454097821,8,0.8,18,0.9
4077,38,0.8940803151329467,8,0.8,19,0.95
4078,38,0.9172776014881278,8,0.8,18,0.9
4079,38,0.8435277382645804,8,0.8,18,0.9
4080,38,0.9247182405077142,8,0.8,18,0.9
4081,38,0.9238428712112922,7,0.7,18,0.9
4082,38,0.9282197176934018,7,0.7,19,0.95
4083,38,0.9360980413611992,7,0.7,18,0.9
4084,38,0.8883904147062042,7,0.7,18,0.9
4085,38,0.8673815515920779,7,0.7,18,0.9
4086,38,0.8759164022321917,6,0.6,18,0.9
4087,38,0.7805011489222016,6,0.6,17,0.85
4088,38,0.8993325309114784,8,0.8,18,0.9
4089,38,0.9161833898676003,9,0.9,18,0.9
4090,38,0.8516249042564832,6,0.6,16,0.8
4091,38,0.7724039829302988,7,0.7,15,0.75
4092,38,0.8794178794178794,6,0.6,18,0.9
4093,38,0.885107779844622,7,0.7,18,0.9
4094,38,0.9085239085239085,7,0.7,17,0.85
4095,38,0.9290950869898239,9,0.9,17,0.85
4096,38,0.8824816719553563,10,1.0,15,0.75
4097,38,0.8395885764306816,9,0.9,16,0.8
4098,38,0.8389320494583653,6,0.6,16,0.8
4099,38,0.9129007550060181,7,0.7,19,0.95
4100,38,0.8767917715286137,8,0.8,17,0.85
4101,38,0.9100558047926468,8,0.8,18,0.9
4102,38,0.7995404311193784,8,0.8,16,0.8
4103,38,0.8883904147062042,7,0.7,17,0.85
4104,38,0.903271692745377,8,0.8,17,0.85
4105,38,0.9354415143888828,9,0.9,17,0.85
4106,38,0.8818251449830398,8,0.8,19,0.95
4107,38,0.8945179997811576,8,0.8,18,0.9
4108,38,0.8785425101214573,7,0.7,17,0.85
4109,38,0.8032607506291717,8,0.8,18,0.9
4110,38,0.9041470620417988,8,0.8,18,0.9
4111,38,0.9166210745158112,8,0.8,18,0.9
4112,38,0.8518437465805886,7,0.7,16,0.8
4113,38,0.8820439873071452,7,0.7,18,0.9
4114,38,0.8956122114016851,7,0.7,18,0.9
4115,38,0.8728526096947149,6,0.6,18,0.9
4116,38,0.8811686180107233,9,0.9,17,0.85
4117,38,0.8816063026589342,9,0.9,17,0.85
4118,38,0.9183718131086551,8,0.8,17,0.85
4119,38,0.8986760039391618,8,0.8,18,0.9
4120,38,0.8818251449830398,7,0.7,17,0.85
4121,38,0.8612539665171244,7,0.7,18,0.9
4122,38,0.9367545683335156,7,0.7,18,0.9
4123,38,0.8614728088412299,7,0.7,18,0.9
4124,38,0.8413393150235257,8,0.8,17,0.85
4125,38,0.8973629499945289,7,0.7,18,0.9
4126,38,0.9341284604442499,8,0.8,20,1.0
4127,38,0.8886092570303098,8,0.8,17,0.85
4128,38,0.8168289747237116,8,0.8,17,0.85
4129,38,0.8444031075610022,7,0.7,17,0.85
4130,38,0.9126819126819127,7,0.7,17,0.85
4131,38,0.921435605646132,8,0.8,18,0.9
4132,38,0.9192471824050771,8,0.8,17,0.85
4133,38,0.9378487799540431,9,0.9,18,0.9
4134,38,0.9043659043659042,9,0.9,16,0.8
4135,38,0.919684867053288,9,0.9,18,0.9
4136,38,0.8560017507385929,7,0.7,17,0.85
4137,38,0.8756975599080862,7,0.7,18,0.9
4138,38,0.9142138089506511,8,0.8,18,0.9
4139,38,0.9190283400809717,7,0.7,19,0.95
4140,38,0.8912353649195754,8,0.8,18,0.9
4141,38,0.8831381989276726,8,0.8,17,0.85
4142,38,0.8796367217419849,8,0.8,18,0.9
4143,38,0.8323667797352008,6,0.6,16,0.8
4144,38,0.8759164022321917,8,0.8,18,0.9
4145,38,0.8518437465805886,7,0.7,16,0.8
4146,38,0.8627858627858629,8,0.8,16,0.8
4147,38,0.8813874603348286,8,0.8,17,0.85
4148,38,0.8962687383740015,8,0.8,17,0.85
4149,38,0.8986760039391618,9,0.9,18,0.9
4150,38,0.8813874603348286,8,0.8,17,0.85
4151,38,0.920122551701499,7,0.7,19,0.95
4152,38,0.8676003939161835,7,0.7,17,0.85
4153,38,0.8857643068169385,8,0.8,18,0.9
4154,38,0.9135572819783346,7,0.7,20,1.0
4155,38,0.9299704562862458,8,0.8,19,0.95
4156,38,0.9104934894408577,7,0.7,19,0.95
4157,38,0.9238428712112922,8,0.8,19,0.95
4158,38,0.9207790786738155,8,0.8,18,0.9
4159,38,0.8660684976474451,8,0.8,16,0.8
4160,38,0.8927672611883138,8,0.8,18,0.9
4161,38,0.9157457052193895,7,0.7,18,0.9
4162,38,0.7949447423131634,7,0.7,16,0.8
4163,38,0.9249370828318196,8,0.8,18,0.9
4164,38,0.8627858627858629,7,0.7,18,0.9
4165,38,0.9220921326184484,7,0.7,19,0.95
4166,38,0.8531568005252216,7,0.7,16,0.8
4167,38,0.8299595141700404,8,0.8,15,0.75
4168,38,0.8750410329357698,8,0.8,17,0.85
4169,38,0.8605974395448079,8,0.8,19,0.95
4170,38,0.8500930079877448,5,0.5,19,0.95
4171,38,0.8673815515920779,7,0.7,18,0.9
4172,38,0.7759054601159863,8,0.8,16,0.8
4173,38,0.8890469416785207,8,0.8,18,0.9
4174,38,0.7500820658715396,7,0.7,16,0.8
4175,38,0.8868585184374658,7,0.7,19,0.95
4176,38,0.7824707298391509,8,0.8,16,0.8
4177,38,0.922310974942554,7,0.7,18,0.9
4178,38,0.9183718131086551,8,0.8,18,0.9
4179,38,0.8995513732355837,7,0.7,17,0.85
4180,38,0.9255936098041362,8,0.8,16,0.8
4181,38,0.8277710909289857,6,0.6,18,0.9
4182,38,0.8632235474340738,7,0.7,18,0.9
4183,38,0.890141153299048,8,0.8,16,0.8
4184,38,0.9275631907210855,7,0.7,17,0.85
4185,38,0.9150891782470729,8,0.8,18,0.9
4186,38,0.9142138089506511,8,0.8,18,0.9
4187,38,0.8870773607615712,6,0.6,17,0.85
4188,38,0.8995513732355837,8,0.8,17,0.85
4189,38,0.915526862895284,8,0.8,18,0.9
4190,38,0.8689134478608164,7,0.7,17,0.85
4191,38,0.8406827880512091,6,0.6,17,0.85
4192,38,0.8831381989276726,8,0.8,17,0.85
4193,38,0.890578837947259,7,0.7,17,0.85
4194,38,0.8916730495677864,8,0.8,19,0.95
4195,38,0.8507495349600613,7,0.7,17,0.85
4196,38,0.9037093773935879,8,0.8,18,0.9
4197,38,0.8877338877338877,7,0.7,18,0.9
4198,38,0.8857643068169385,7,0.7,18,0.9
4199,38,0.9343473027683553,6,0.6,18,0.9
4200,38,0.8759164022321917,6,0.6,18,0.9
4201,38,0.8866396761133604,6,0.6,19,0.95
4202,38,0.891891891891892,8,0.8,18,0.9
4203,38,0.7951635846372688,6,0.6,16,0.8
4204,38,0.8739468213152424,7,0.7,17,0.85
4205,38,0.9185906554327607,7,0.7,18,0.9
4206,38,0.8680380785643944,7,0.7,18,0.9
4207,38,0.81157675894518,8,0.8,16,0.8
4208,38,0.8150782361308676,8,0.8,14,0.7
4209,38,0.8798555640660902,7,0.7,18,0.9
4210,38,0.8743845059634533,7,0.7,17,0.85
4211,38,0.9271255060728744,8,0.8,18,0.9
4212,38,0.8592843856001751,7,0.7,18,0.9
4213,38,0.8862019914651494,9,0.9,17,0.85
4214,38,0.9308458255826677,7,0.7,19,0.95
4215,38,0.860159754896597,7,0.7,16,0.8
4216,38,0.8903599956231535,8,0.8,18,0.9
4217,38,0.7988839041470619,7,0.7,19,0.95
4218,38,0.9229675019148704,9,0.9,17,0.85
4219,38,0.9339096181201443,8,0.8,18,0.9
4220,38,0.8349928876244666,7,0.7,18,0.9
4221,38,0.9330342488237224,8,0.8,18,0.9
4222,38,0.9142138089506511,8,0.8,17,0.85
4223,38,0.8656308129992342,6,0.6,18,0.9
4224,38,0.7986650618229566,8,0.8,16,0.8
4225,38,0.8697888171572382,8,0.8,17,0.85
4226,38,0.7894736842105262,7,0.7,17,0.85
4227,38,0.8492176386913229,9,0.9,16,0.8
4228,38,0.8299595141700404,7,0.7,18,0.9
4229,38,0.8564394353868038,7,0.7,18,0.9
4230,38,0.8367436262173104,5,0.5,18,0.9
4231,38,0.8489987963672173,6,0.6,17,0.85
4232,38,0.8481234270707955,8,0.8,17,0.85
4233,38,0.9054601159864318,8,0.8,18,0.9
4234,38,0.865193128351023,8,0.8,18,0.9
4235,38,0.8321479374110952,8,0.8,17,0.85
4236,38,0.8577524893314367,8,0.8,18,0.9
4237,38,0.9039282197176933,8,0.8,18,0.9
4238,38,0.8409016303753145,7,0.7,17,0.85
4239,38,0.8770106138527192,7,0.7,16,0.8
4240,38,0.8721960827223986,8,0.8,18,0.9
4241,38,0.8104825473246525,7,0.7,15,0.75
4242,38,0.8868585184374658,8,0.8,17,0.85
4243,38,0.7923186344238975,7,0.7,17,0.85
4244,38,0.818798555640661,7,0.7,16,0.8
4245,38,0.9295327716380348,8,0.8,18,0.9
4246,38,0.8835758835758836,8,0.8,18,0.9
4247,38,0.8588467009519641,7,0.7,17,0.85
4248,38,0.919684867053288,8,0.8,18,0.9
4249,38,0.9308458255826677,8,0.8,17,0.85
4250,38,0.8573148046832257,8,0.8,17,0.85
4251,38,0.8811686180107233,7,0.7,17,0.85
4252,38,0.8767917715286137,8,0.8,16,0.8
4253,38,0.8940803151329467,7,0.7,19,0.95
4254,38,0.9529489003173213,7,0.7,18,0.9
4255,38,0.9299704562862458,8,0.8,18,0.9
4256,38,0.8971441076704235,8,0.8,17,0.85
4257,38,0.8973629499945289,8,0.8,20,1.0
4258,38,0.9282197176934018,7,0.7,18,0.9
4259,38,0.9380676222781485,8,0.8,19,0.95
4260,38,0.8293029871977239,8,0.8,17,0.85
4261,38,0.9107123317649634,8,0.8,19,0.95
4262,38,0.9109311740890687,8,0.8,18,0.9
4263,38,0.9002079002079002,7,0.7,16,0.8
4264,38,0.858409016303753,7,0.7,18,0.9
4265,38,0.9168399168399168,8,0.8,19,0.95
4266,38,0.8785425101214573,8,0.8,18,0.9
4267,38,0.9137761243024399,9,0.9,18,0.9
4268,38,0.8695699748331327,8,0.8,18,0.9
4269,38,0.8518437465805886,7,0.7,18,0.9
4270,38,0.859722070248386,6,0.6,19,0.95
4271,38,0.901520954152533,6,0.6,19,0.95
4272,38,0.8859831491410438,9,0.9,16,0.8
4273,38,0.9002079002079002,7,0.7,17,0.85
4274,38,0.9229675019148704,8,0.8,20,1.0
4275,38,0.8457161615056351,7,0.7,18,0.9
4276,38,0.9207790786738155,8,0.8,19,0.95
4277,38,0.9234051865630812,8,0.8,18,0.9
4278,38,0.8999890578837948,7,0.7,17,0.85
4279,38,0.9177152861363387,9,0.9,18,0.9
4280,38,0.8682569208884998,6,0.6,17,0.85
4281,38,0.896049896049896,7,0.7,18,0.9
4282,38,0.8087318087318087,6,0.6,18,0.9
4283,38,0.8636612320822847,8,0.8,15,0.75
4284,38,0.9085239085239085,8,0.8,20,1.0
4285,38,0.9325965641755115,7,0.7,18,0.9
4286,38,0.7682459787722946,7,0.7,16,0.8
4287,38,0.9179341284604442,9,0.9,18,0.9
4288,38,0.8378378378378378,6,0.6,16,0.8
4289,38,0.9109311740890687,9,0.9,17,0.85
4290,38,0.896487580698107,7,0.7,18,0.9
4291,38,0.8039172776014881,6,0.6,17,0.85
4292,38,0.8564394353868038,7,0.7,18,0.9
4293,38,0.8739468213152424,8,0.8,18,0.9
4294,38,0.8877338877338877,8,0.8,16,0.8
4295,38,0.9069920122551701,8,0.8,18,0.9
4296,38,0.8844512528723055,7,0.7,17,0.85
4297,38,0.8568771200350148,7,0.7,17,0.85
4298,38,0.9078673815515921,9,0.9,19,0.95
4299,38,0.8562205930626983,7,0.7,17,0.85
4300,38,0.8741656636393479,6,0.6,17,0.85
4301,38,0.7472371156581683,6,0.6,16,0.8
4302,38,0.9435386803807856,8,0.8,19,0.95
4303,38,0.8223000328263486,8,0.8,18,0.9
4304,38,0.876572929204508,7,0.7,18,0.9
4305,38,0.9045847466900099,8,0.8,17,0.85
4306,38,0.8485611117190064,7,0.7,16,0.8
4307,38,0.9089615931721193,9,0.9,18,0.9
4308,38,0.9067731699310646,8,0.8,17,0.85
4309,38,0.9168399168399168,7,0.7,19,0.95
4310,38,0.9323777218514061,9,0.9,18,0.9
4311,38,0.9028340080971659,8,0.8,17,0.85
4312,38,0.8844512528723055,8,0.8,16,0.8
4313,38,0.9203413940256046,7,0.7,18,0.9
4314,38,0.8603785972207025,8,0.8,19,0.95
4315,38,0.9061166429587483,8,0.8,18,0.9
4316,38,0.8435277382645804,6,0.6,18,0.9
4317,38,0.8818251449830398,7,0.7,18,0.9
4318,38,0.8938614728088413,9,0.9,18,0.9
4319,38,0.8776671408250355,5,0.5,19,0.95
4320,38,0.84112047269942,7,0.7,17,0.85
4321,38,0.894736842105263,5,0.5,18,0.9
4322,38,0.8450596345333188,7,0.7,17,0.85
4323,38,0.8636612320822847,7,0.7,16,0.8
4324,38,0.9048035890141154,8,0.8,17,0.85
4325,38,0.9129007550060181,8,0.8,18,0.9
4326,38,0.7969143232301126,5,0.5,17,0.85
4327,38,0.8953933690775795,7,0.7,18,0.9
4328,38,0.8713207134259766,7,0.7,17,0.85
4329,38,0.7899113688587373,7,0.7,17,0.85
4330,38,0.9122442280337016,8,0.8,19,0.95
4331,38,0.7824707298391509,7,0.7,17,0.85
4332,38,0.8662873399715505,7,0.7,18,0.9
4333,38,0.921435605646132,8,0.8,18,0.9
4334,38,0.8428712112922638,7,0.7,17,0.85
4335,38,0.8824816719553563,6,0.6,18,0.9
4336,38,0.8975817923186344,8,0.8,17,0.85
4337,38,0.8424335266440529,6,0.6,17,0.85
4338,38,0.9356603567129883,7,0.7,18,0.9
4339,38,0.9258124521282415,7,0.7,19,0.95
4340,38,0.896925265346318,7,0.7,19,0.95
4341,38,0.872414925046504,7,0.7,16,0.8
4342,38,0.896925265346318,8,0.8,17,0.85
4343,38,0.8774482985009301,7,0.7,18,0.9
4344,38,0.835649414596783,6,0.6,16,0.8
4345,38,0.8890469416785207,8,0.8,18,0.9
4346,38,0.8763540868804026,7,0.7,17,0.85
4347,38,0.896925265346318,7,0.7,17,0.85
4348,38,0.8496553233395339,7,0.7,18,0.9
4349,38,0.8921107342159973,8,0.8,18,0.9
4350,38,0.7885983149141044,6,0.6,17,0.85
4351,38,0.8730714520188204,6,0.6,19,0.95
4352,38,0.8789801947696685,6,0.6,18,0.9
4353,38,0.9216544479702374,8,0.8,19,0.95
4354,38,0.9157457052193895,6,0.6,18,0.9
4355,38,0.8671627092679723,9,0.9,16,0.8
4356,38,0.9262501367764526,8,0.8,17,0.85
4357,38,0.8870773607615712,6,0.6,19,0.95
4358,38,0.8630047051099682,8,0.8,17,0.85
4359,38,0.9148703359229676,7,0.7,17,0.85
4360,38,0.8956122114016851,8,0.8,17,0.85
4361,38,0.8741656636393479,8,0.8,17,0.85
4362,38,0.9037093773935879,9,0.9,17,0.85
4363,38,0.8223000328263486,8,0.8,16,0.8
4364,38,0.8087318087318087,8,0.8,16,0.8
4365,38,0.919684867053288,9,0.9,18,0.9
4366,38,0.835649414596783,6,0.6,17,0.85
4367,38,0.8196739249370829,7,0.7,16,0.8
4368,38,0.8868585184374658,8,0.8,18,0.9
4369,38,0.8454973191815297,7,0.7,18,0.9
4370,38,0.8310537257905679,7,0.7,18,0.9
4371,38,0.9139949666265456,6,0.6,19,0.95
4372,38,0.8676003939161835,7,0.7,16,0.8
4373,38,0.853375642849327,6,0.6,19,0.95
4374,38,0.9043659043659042,7,0.7,18,0.9
4375,38,0.9061166429587483,9,0.9,18,0.9
4376,38,0.8557829084144873,8,0.8,17,0.85
4377,38,0.8982383192909508,7,0.7,17,0.85
4378,38,0.7890359995623153,6,0.6,17,0.85
4379,38,0.9023963234489549,7,0.7,18,0.9
4380,38,0.8562205930626983,8,0.8,16,0.8
4381,38,0.8859831491410438,8,0.8,17,0.85
4382,38,0.8853266221687274,9,0.9,17,0.85
4383,38,0.8531568005252216,7,0.7,18,0.9
4384,38,0.8645366013787066,8,0.8,17,0.85
4385,38,0.8949556844293686,8,0.8,18,0.9
4386,38,0.8393697341065761,7,0.7,16,0.8
4387,38,0.8754787175839808,7,0.7,16,0.8
4388,38,0.9358791990370937,8,0.8,18,0.9
4389,38,0.915526862895284,7,0.7,18,0.9
4390,38,0.7846591530802057,7,0.7,15,0.75
4391,38,0.890141153299048,7,0.7,18,0.9
4392,38,0.8063245431666484,7,0.7,16,0.8
4393,38,0.8638800744063901,7,0.7,19,0.95
4394,38,0.8894846263267316,6,0.6,16,0.8
4395,38,0.9159645475434949,7,0.7,17,0.85
4396,38,0.9089615931721193,8,0.8,19,0.95
4397,38,0.8085129664077032,7,0.7,16,0.8
4398,38,0.9240617135353977,9,0.9,19,0.95
4399,38,0.8398074187547873,7,0.7,20,1.0
4400,38,0.8735091366670313,6,0.6,17,0.85
4401,38,0.865193128351023,8,0.8,19,0.95
4402,38,0.9350038297406719,8,0.8,19,0.95
4403,38,0.9002079002079002,8,0.8,17,0.85
4404,38,0.938724149250465,8,0.8,18,0.9
4405,38,0.8916730495677864,7,0.7,19,0.95
4406,38,0.8743845059634533,9,0.9,17,0.85
4407,38,0.9185906554327607,8,0.8,17,0.85
4408,38,0.878323667797352,8,0.8,18,0.9
4409,38,0.8625670204617573,7,0.7,17,0.85
4410,38,0.8509683772841667,7,0.7,17,0.85
4411,38,0.9352226720647772,8,0.8,19,0.95
4412,38,0.9483532115111062,9,0.9,19,0.95
4413,38,0.9350038297406719,8,0.8,18,0.9
4414,38,0.9021774811248495,7,0.7,19,0.95
4415,38,0.8525002735529051,8,0.8,18,0.9
4416,38,0.8096071780282307,7,0.7,16,0.8
4417,38,0.8673815515920779,8,0.8,17,0.85
4418,38,0.9039282197176933,8,0.8,17,0.85
4419,38,0.8050114892220154,10,1.0,15,0.75
4420,38,0.8640989167304957,7,0.7,17,0.85
4421,38,0.8413393150235257,6,0.6,18,0.9
4422,38,0.8945179997811576,8,0.8,17,0.85
4423,38,0.8319290950869898,7,0.7,17,0.85
4424,38,0.8848889375205164,7,0.7,17,0.85
4425,38,0.9115877010613852,7,0.7,19,0.95
4426,38,0.8940803151329467,8,0.8,17,0.85
4427,38,0.8980194769668455,8,0.8,17,0.85
4428,38,0.9109311740890687,8,0.8,20,1.0
4429,38,0.9078673815515921,6,0.6,18,0.9
4430,38,0.8820439873071452,6,0.6,18,0.9
4431,38,0.8927672611883138,7,0.7,18,0.9
4432,38,0.940037203195098,8,0.8,18,0.9
4433,38,0.8693511325090273,7,0.7,17,0.85
4434,38,0.8921107342159973,6,0.6,19,0.95
4435,38,0.8809497756866177,7,0.7,18,0.9
4436,38,0.9216544479702374,9,0.9,18,0.9
4437,38,0.933253091147828,8,0.8,18,0.9
4438,38,0.8761352445562971,8,0.8,17,0.85
4439,38,0.8555640660903817,9,0.9,18,0.9
4440,38,0.9174964438122333,8,0.8,19,0.95
4441,38,0.8273334062807747,7,0.7,17,0.85
4442,38,0.8371813108655214,7,0.7,17,0.85
4443,38,0.9041470620417988,7,0.7,19,0.95
4444,38,0.9100558047926468,8,0.8,18,0.9
4445,38,0.8570959623591203,8,0.8,18,0.9
4446,38,0.901520954152533,5,0.5,18,0.9
4447,38,0.9102746471167523,7,0.7,18,0.9
4448,38,0.894736842105263,6,0.6,19,0.95
4449,38,0.9194660247291827,7,0.7,18,0.9
4450,38,0.9212167633220264,7,0.7,18,0.9
4451,38,0.8848889375205164,8,0.8,17,0.85
4452,38,0.9199037093773936,8,0.8,18,0.9
4453,38,0.8912353649195754,8,0.8,17,0.85
4454,38,0.8682569208884998,5,0.5,18,0.9
4455,38,0.891891891891892,8,0.8,17,0.85
4456,38,0.8995513732355837,8,0.8,18,0.9
4457,38,0.8982383192909508,8,0.8,20,1.0
4458,38,0.8649742860269176,8,0.8,17,0.85
4459,38,0.8835758835758836,6,0.6,18,0.9
4460,38,0.9122442280337016,8,0.8,17,0.85
4461,38,0.8671627092679723,8,0.8,18,0.9
4462,38,0.8958310537257905,7,0.7,18,0.9
4463,38,0.8980194769668455,6,0.6,18,0.9
4464,38,0.9325965641755115,8,0.8,18,0.9
4465,38,0.8531568005252216,9,0.9,17,0.85
4466,38,0.8485611117190064,9,0.9,15,0.75
4467,38,0.79800853485064,7,0.7,16,0.8
4468,38,0.8391508917824707,6,0.6,17,0.85
4469,38,0.8266768793084582,7,0.7,18,0.9
4470,38,0.9238428712112922,8,0.8,18,0.9
4471,38,0.908742750848014,8,0.8,19,0.95
4472,38,0.8822628296312507,7,0.7,17,0.85
4473,38,0.9056789583105371,8,0.8,18,0.9
4474,38,0.8999890578837948,7,0.7,16,0.8
4475,38,0.9157457052193895,7,0.7,18,0.9
4476,38,0.9135572819783346,9,0.9,17,0.85
4477,38,0.9511981617244775,9,0.9,19,0.95
4478,38,0.8967064230222126,8,0.8,18,0.9
4479,38,0.8767917715286137,8,0.8,17,0.85
4480,38,0.908742750848014,8,0.8,19,0.95
4481,38,0.8899223109749426,7,0.7,19,0.95
4482,38,0.8452784768574242,9,0.9,17,0.85
4483,38,0.8886092570303098,7,0.7,18,0.9
4484,38,0.8999890578837948,7,0.7,18,0.9
4485,38,0.8743845059634533,7,0.7,17,0.85
4486,38,0.8949556844293686,6,0.6,19,0.95
4487,38,0.9041470620417988,8,0.8,18,0.9
4488,38,0.9439763650289965,9,0.9,17,0.85
4489,38,0.9209979209979211,8,0.8,18,0.9
4490,38,0.8907976802713643,7,0.7,18,0.9
4491,38,0.8505306926359557,8,0.8,16,0.8
4492,38,0.8695699748331327,7,0.7,17,0.85
4493,38,0.8511872196082723,8,0.8,17,0.85
4494,38,0.7850968377284167,6,0.6,16,0.8
4495,38,0.9229675019148704,8,0.8,19,0.95
4496,38,0.9242805558595033,9,0.9,18,0.9
4497,38,0.8809497756866177,7,0.7,17,0.85
4498,38,0.8314914104387788,8,0.8,18,0.9
4499,38,0.8903599956231535,7,0.7,18,0.9
4500,38,0.9144326512747565,9,0.9,19,0.95
4501,38,0.8212058212058211,8,0.8,16,0.8
4502,38,0.8735091366670313,7,0.7,18,0.9
4503,38,0.8872962030856767,7,0.7,18,0.9
4504,38,0.8590655432760695,7,0.7,17,0.85
4505,38,0.8899223109749426,6,0.6,19,0.95
4506,38,0.8892657840026261,6,0.6,19,0.95
4507,38,0.8888280993544151,9,0.9,17,0.85
4508,38,0.8995513732355837,8,0.8,17,0.85
4509,38,0.926468979100558,7,0.7,19,0.95
4510,38,0.9085239085239085,8,0.8,19,0.95
4511,38,0.8894846263267316,8,0.8,18,0.9
4512,38,0.9247182405077142,9,0.9,17,0.85
4513,38,0.8796367217419849,7,0.7,17,0.85
4514,38,0.8912353649195754,9,0.9,15,0.75
4515,38,0.8398074187547873,7,0.7,16,0.8
4516,38,0.9409125724915198,8,0.8,18,0.9
4517,38,0.8058868585184374,7,0.7,15,0.75
4518,38,0.9137761243024399,9,0.9,19,0.95
4519,38,0.8842324105481999,6,0.6,18,0.9
4520,38,0.885107779844622,8,0.8,17,0.85
4521,38,0.8866396761133604,6,0.6,17,0.85
4522,38,0.84112047269942,8,0.8,17,0.85
4523,38,0.8822628296312507,8,0.8,18,0.9
4524,38,0.9148703359229676,9,0.9,18,0.9
4525,38,0.8194550826129773,8,0.8,18,0.9
4526,38,0.8266768793084582,9,0.9,16,0.8
4527,38,0.8328044643834117,9,0.9,15,0.75
4528,38,0.8496553233395339,7,0.7,17,0.85
4529,38,0.8877338877338877,7,0.7,19,0.95
4530,38,0.9244993981836086,9,0.9,19,0.95
4531,38,0.8816063026589342,8,0.8,18,0.9
4532,38,0.9004267425320057,7,0.7,17,0.85
4533,38,0.8454973191815297,7,0.7,16,0.8
4534,38,0.8139840245103404,6,0.6,17,0.85
4535,38,0.890578837947259,7,0.7,18,0.9
4536,38,0.7715286136338768,7,0.7,15,0.75
4537,38,0.8649742860269176,6,0.6,18,0.9
4538,38,0.9188094977568662,6,0.6,19,0.95
4539,38,0.8575336470073311,6,0.6,18,0.9
4540,38,0.8855454644928329,8,0.8,18,0.9
4541,38,0.920122551701499,8,0.8,18,0.9
4542,38,0.8886092570303098,8,0.8,17,0.85
4543,38,0.8756975599080862,8,0.8,16,0.8
4544,38,0.9638910165225953,8,0.8,19,0.95
4545,38,0.9347849874165662,7,0.7,18,0.9
4546,38,0.8441842652368967,6,0.6,18,0.9
4547,38,0.883794725899989,9,0.9,19,0.95
4548,38,0.9395995185468871,8,0.8,18,0.9
4549,38,0.9126819126819127,7,0.7,18,0.9
4550,38,0.9021774811248495,8,0.8,18,0.9
4551,38,0.8921107342159973,7,0.7,18,0.9
4552,38,0.8940803151329467,8,0.8,17,0.85
4553,38,0.9043659043659042,6,0.6,18,0.9
4554,38,0.901958638800744,7,0.7,17,0.85
4555,38,0.8881715723820987,7,0.7,18,0.9
4556,38,0.921873290294343,8,0.8,18,0.9
4557,38,0.9135572819783346,8,0.8,19,0.95
4558,38,0.9494474231316337,9,0.9,19,0.95
4559,38,0.8632235474340738,7,0.7,18,0.9
4560,38,0.7903490535069482,8,0.8,16,0.8
4561,38,0.8741656636393479,8,0.8,16,0.8
4562,38,0.8912353649195754,8,0.8,18,0.9
4563,38,0.8341175183280447,8,0.8,16,0.8
4564,38,0.9212167633220264,7,0.7,18,0.9
4565,38,0.8741656636393479,8,0.8,18,0.9
4566,38,0.8117956012692854,5,0.5,17,0.85
4567,38,0.8743845059634533,8,0.8,17,0.85
4568,38,0.9076485392274865,8,0.8,18,0.9
4569,38,0.8776671408250355,7,0.7,18,0.9
4570,38,0.9072108545792755,8,0.8,19,0.95
4571,38,0.8748221906116642,8,0.8,18,0.9
4572,38,0.8719772403982929,9,0.9,18,0.9
4573,38,0.9168399168399168,6,0.6,18,0.9
4574,38,0.9216544479702374,8,0.8,19,0.95
4575,38,0.8535944851734325,7,0.7,17,0.85
4576,38,0.8312725681146734,6,0.6,16,0.8
4577,38,0.9074296969033812,9,0.9,18,0.9
4578,38,0.901958638800744,7,0.7,17,0.85
4579,38,0.8428712112922638,6,0.6,19,0.95
4580,38,0.9096181201444359,8,0.8,19,0.95
4581,38,0.9096181201444359,7,0.7,18,0.9
4582,38,0.9054601159864318,9,0.9,18,0.9
4583,38,0.8553452237662764,8,0.8,15,0.75
4584,38,0.891891891891892,8,0.8,17,0.85
4585,38,0.8402451034029982,6,0.6,18,0.9
4586,38,0.8835758835758836,9,0.9,16,0.8
4587,38,0.8520625889046942,7,0.7,17,0.85
4588,38,0.860159754896597,7,0.7,19,0.95
4589,38,0.9037093773935879,8,0.8,19,0.95
4590,38,0.8623481781376517,6,0.6,18,0.9
4591,38,0.8967064230222126,7,0.7,16,0.8
4592,38,0.8732902943429258,9,0.9,18,0.9
4593,38,0.8894846263267316,8,0.8,18,0.9
4594,38,0.9183718131086551,7,0.7,18,0.9
4595,38,0.8319290950869898,7,0.7,17,0.85
4596,38,0.8719772403982929,8,0.8,17,0.85
4597,38,0.8848889375205164,7,0.7,18,0.9
4598,38,0.8781048254732464,7,0.7,18,0.9
4599,38,0.8498741656636394,6,0.6,17,0.85
4600,38,0.894736842105263,8,0.8,19,0.95
4601,38,0.926468979100558,8,0.8,17,0.85
4602,38,0.890141153299048,8,0.8,18,0.9
4603,38,0.9164022321917058,7,0.7,17,0.85
4604,38,0.8343363606521501,7,0.7,16,0.8
4605,38,0.9089615931721193,8,0.8,16,0.8
4606,38,0.8376189955137323,6,0.6,18,0.9
4607,38,0.8671627092679723,8,0.8,18,0.9
4608,38,0.8592843856001751,6,0.6,18,0.9
4609,38,0.8805120910384068,8,0.8,16,0.8
4610,38,0.9078673815515921,8,0.8,18,0.9
4611,38,0.8921107342159973,8,0.8,17,0.85
4612,38,0.9159645475434949,7,0.7,17,0.85
4613,38,0.8719772403982929,8,0.8,17,0.85
4614,38,0.8739468213152424,8,0.8,17,0.85
4615,38,0.9002079002079002,9,0.9,17,0.85
4616,38,0.8910165225954699,6,0.6,19,0.95
4617,38,0.9072108545792755,8,0.8,19,0.95
4618,38,0.9050224313382208,7,0.7,18,0.9
4619,38,0.8743845059634533,8,0.8,17,0.85
4620,38,0.8678192362402888,6,0.6,18,0.9
4621,38,0.854251012145749,8,0.8,17,0.85
4622,38,0.9181529707845498,8,0.8,18,0.9
4623,38,0.9148703359229676,7,0.7,18,0.9
4624,38,0.894736842105263,7,0.7,17,0.85
4625,38,0.8942991574570521,8,0.8,20,1.0
4626,38,0.8912353649195754,8,0.8,18,0.9
4627,38,0.8619104934894408,8,0.8,17,0.85
4628,38,0.890578837947259,7,0.7,16,0.8
4629,38,0.883794725899989,7,0.7,18,0.9
4630,38,0.8866396761133604,7,0.7,18,0.9
4631,38,0.8776671408250355,6,0.6,17,0.85
4632,38,0.9034905350694824,6,0.6,18,0.9
4633,38,0.8306160411423569,7,0.7,18,0.9
4634,38,0.8875150454097821,8,0.8,19,0.95
4635,38,0.9439763650289965,8,0.8,19,0.95
4636,38,0.9380676222781485,8,0.8,18,0.9
4637,38,0.8982383192909508,7,0.7,18,0.9
4638,38,0.9037093773935879,9,0.9,18,0.9
4639,38,0.8875150454097821,7,0.7,18,0.9
4640,38,0.8640989167304957,8,0.8,18,0.9
4641,38,0.8682569208884998,8,0.8,17,0.85
4642,38,0.8579713316555421,8,0.8,16,0.8
4643,38,0.9369734106576212,9,0.9,17,0.85
4644,38,0.8953933690775795,7,0.7,18,0.9
4645,38,0.9142138089506511,8,0.8,18,0.9
4646,38,0.8844512528723055,7,0.7,18,0.9
4647,38,0.8923295765401029,7,0.7,17,0.85
4648,38,0.8728526096947149,7,0.7,19,0.95
4649,38,0.9002079002079002,7,0.7,19,0.95
4650,38,0.9131195973301236,9,0.9,17,0.85
4651,38,0.9135572819783346,7,0.7,18,0.9
4652,38,0.8835758835758836,9,0.9,17,0.85
4653,38,0.8776671408250355,7,0.7,18,0.9
4654,38,0.8244884560674035,8,0.8,18,0.9
4655,38,0.9398183608709925,9,0.9,18,0.9
4656,38,0.8789801947696685,8,0.8,18,0.9
4657,38,0.8868585184374658,8,0.8,17,0.85
4658,38,0.8890469416785207,8,0.8,16,0.8
4659,38,0.9369734106576212,9,0.9,19,0.95
4660,38,0.871539555750082,9,0.9,16,0.8
4661,38,0.9262501367764526,8,0.8,18,0.9
4662,38,0.9006455848561111,9,0.9,17,0.85
4663,38,0.8093883357041253,6,0.6,18,0.9
4664,38,0.8936426304847357,6,0.6,18,0.9
4665,38,0.9002079002079002,8,0.8,19,0.95
4666,38,0.9247182405077142,10,1.0,19,0.95
4667,38,0.903271692745377,8,0.8,18,0.9
4668,38,0.9129007550060181,8,0.8,18,0.9
4669,38,0.8643177590546011,7,0.7,17,0.85
4670,38,0.9148703359229676,7,0.7,19,0.95
4671,38,0.7931940037203195,5,0.5,18,0.9
4672,38,0.8568771200350148,8,0.8,16,0.8
4673,38,0.8428712112922638,8,0.8,16,0.8
4674,38,0.891891891891892,7,0.7,17,0.85
4675,38,0.8809497756866177,7,0.7,19,0.95
4676,38,0.9109311740890687,8,0.8,17,0.85
4677,38,0.9157457052193895,9,0.9,18,0.9
4678,38,0.9490097384834227,8,0.8,19,0.95
4679,38,0.8907976802713643,6,0.6,18,0.9
4680,38,0.8899223109749426,9,0.9,17,0.85
4681,38,0.9301892986103512,7,0.7,19,0.95
4682,38,0.8846700951964108,8,0.8,19,0.95
4683,38,0.9028340080971659,9,0.9,16,0.8
4684,38,0.9262501367764526,8,0.8,19,0.95
4685,38,0.9330342488237224,8,0.8,19,0.95
4686,38,0.8623481781376517,7,0.7,19,0.95
4687,38,0.8645366013787066,6,0.6,17,0.85
4688,38,0.8656308129992342,7,0.7,16,0.8
4689,38,0.8999890578837948,7,0.7,18,0.9
4690,38,0.8866396761133604,6,0.6,19,0.95
4691,38,0.878761352445563,7,0.7,19,0.95
4692,38,0.8903599956231535,7,0.7,17,0.85
4693,38,0.8711018711018711,8,0.8,18,0.9
4694,38,0.8741656636393479,7,0.7,19,0.95
4695,38,0.9043659043659042,8,0.8,19,0.95
4696,38,0.8805120910384068,6,0.6,19,0.95
4697,38,0.8945179997811576,7,0.7,18,0.9
4698,38,0.9476966845387899,7,0.7,18,0.9
4699,38,0.8275522486048801,7,0.7,16,0.8
4700,38,0.9144326512747565,8,0.8,16,0.8
4701,38,0.8205492942335048,7,0.7,17,0.85
4702,38,0.8678192362402888,8,0.8,18,0.9
4703,38,0.9065543276069592,8,0.8,16,0.8
4704,38,0.8752598752598751,8,0.8,16,0.8
4705,38,0.8717583980741875,7,0.7,17,0.85
4706,38,0.8925484188642083,8,0.8,18,0.9
4707,38,0.8713207134259766,8,0.8,18,0.9
4708,38,0.8133274975380238,7,0.7,18,0.9
4709,38,0.9330342488237224,8,0.8,18,0.9
4710,38,0.8929861035124192,7,0.7,18,0.9
4711,38,0.9039282197176933,8,0.8,18,0.9
4712,38,0.9067731699310646,8,0.8,18,0.9
4713,38,0.8258015100120364,7,0.7,17,0.85
4714,38,0.8562205930626983,6,0.6,18,0.9
4715,38,0.8152970784549731,7,0.7,15,0.75
4716,38,0.8735091366670313,7,0.7,18,0.9
4717,38,0.8365247838932051,8,0.8,18,0.9
4718,38,0.8907976802713643,7,0.7,19,0.95
4719,38,0.8735091366670313,7,0.7,19,0.95
4720,38,0.8409016303753145,7,0.7,18,0.9
4721,38,0.8932049458365248,8,0.8,18,0.9
4722,38,0.8938614728088413,8,0.8,18,0.9
4723,38,0.9026151657730606,8,0.8,18,0.9
4724,38,0.8680380785643944,8,0.8,17,0.85
4725,38,0.828427617901302,6,0.6,16,0.8
4726,38,0.9168399168399168,9,0.9,18,0.9
4727,38,0.8706641864536601,7,0.7,18,0.9
4728,38,0.8711018711018711,7,0.7,16,0.8
4729,38,0.914651493598862,6,0.6,19,0.95
4730,38,0.9048035890141154,7,0.7,17,0.85
4731,38,0.8557829084144873,8,0.8,18,0.9
4732,38,0.8846700951964108,8,0.8,17,0.85
4733,38,0.915526862895284,8,0.8,18,0.9
4734,38,0.835649414596783,7,0.7,17,0.85
4735,38,0.8936426304847357,8,0.8,18,0.9
4736,38,0.8634423897581792,7,0.7,19,0.95
4737,38,0.8069810701389648,6,0.6,18,0.9
4738,38,0.887952730057993,9,0.9,17,0.85
4739,38,0.9299704562862458,9,0.9,19,0.95
4740,38,0.8842324105481999,9,0.9,16,0.8
4741,38,0.894736842105263,8,0.8,17,0.85
4742,38,0.8890469416785207,5,0.5,19,0.95
4743,38,0.81836087099245,7,0.7,16,0.8
4744,38,0.8868585184374658,7,0.7,17,0.85
4745,38,0.8927672611883138,7,0.7,17,0.85
4746,38,0.8999890578837948,7,0.7,18,0.9
4747,38,0.7918809497756866,6,0.6,16,0.8
4748,38,0.8811686180107233,7,0.7,18,0.9
4749,38,0.9236240288871868,7,0.7,18,0.9
4750,38,0.9098369624685414,8,0.8,18,0.9
4751,38,0.8820439873071452,7,0.7,18,0.9
4752,38,0.8886092570303098,7,0.7,18,0.9
4753,38,0.8910165225954699,8,0.8,16,0.8
4754,38,0.9203413940256046,9,0.9,18,0.9
4755,38,0.9037093773935879,6,0.6,18,0.9
4756,38,0.8570959623591203,6,0.6,19,0.95
4757,38,0.8999890578837948,8,0.8,17,0.85
4758,38,0.8621293358135463,7,0.7,17,0.85
4759,38,0.8807309333625123,7,0.7,17,0.85
4760,38,0.8967064230222126,8,0.8,17,0.85
4761,38,0.8853266221687274,7,0.7,19,0.95
4762,38,0.866506182295656,6,0.6,17,0.85
4763,38,0.9076485392274865,7,0.7,18,0.9
4764,38,0.8481234270707955,7,0.7,18,0.9
4765,38,0.8695699748331327,7,0.7,18,0.9
4766,38,0.7614618667250246,8,0.8,16,0.8
4767,38,0.8822628296312507,7,0.7,17,0.85
4768,38,0.8398074187547873,6,0.6,19,0.95
4769,38,0.9006455848561111,8,0.8,18,0.9
4770,38,0.8074187547871757,8,0.8,18,0.9
4771,38,0.9102746471167523,9,0.9,17,0.85
4772,38,0.8726337673706095,9,0.9,16,0.8
4773,38,0.8623481781376517,8,0.8,16,0.8
4774,38,0.8772294561768246,9,0.9,18,0.9
4775,38,0.8721960827223986,5,0.5,17,0.85
4776,38,0.8511872196082723,6,0.6,18,0.9
4777,38,0.847029215450268,8,0.8,16,0.8
4778,38,0.9109311740890687,8,0.8,19,0.95
4779,38,0.9225298172666593,7,0.7,18,0.9
4780,38,0.8997702155596893,7,0.7,18,0.9
4781,38,0.8544698544698545,6,0.6,18,0.9
4782,38,0.8435277382645804,7,0.7,18,0.9
4783,38,0.8750410329357698,8,0.8,17,0.85
4784,38,0.890578837947259,8,0.8,18,0.9
4785,38,0.8807309333625123,6,0.6,17,0.85
4786,38,0.8748221906116642,9,0.9,17,0.85
4787,38,0.8630047051099682,7,0.7,18,0.9
4788,38,0.9021774811248495,8,0.8,17,0.85
4789,38,0.9107123317649634,8,0.8,18,0.9
4790,38,0.8752598752598751,7,0.7,18,0.9
4791,38,0.8516249042564832,7,0.7,15,0.75
4792,38,0.9255936098041362,10,1.0,19,0.95
4793,38,0.8520625889046942,7,0.7,17,0.85
4794,38,0.8824816719553563,7,0.7,18,0.9
4795,38,0.878323667797352,7,0.7,18,0.9
4796,38,0.8807309333625123,5,0.5,19,0.95
4797,38,0.8953933690775795,8,0.8,17,0.85
4798,38,0.8039172776014881,7,0.7,16,0.8
4799,38,0.8098260203523362,6,0.6,16,0.8
4800,38,0.9089615931721193,8,0.8,18,0.9
4801,38,0.836962468541416,8,0.8,17,0.85
4802,38,0.9021774811248495,8,0.8,18,0.9
4803,38,0.8910165225954699,7,0.7,18,0.9
4804,38,0.9067731699310646,9,0.9,18,0.9
4805,38,0.9115877010613852,9,0.9,19,0.95
4806,38,0.8923295765401029,9,0.9,17,0.85
4807,38,0.8859831491410438,7,0.7,17,0.85
4808,38,0.8413393150235257,6,0.6,17,0.85
4809,38,0.8776671408250355,8,0.8,16,0.8
4810,38,0.9229675019148704,8,0.8,18,0.9
4811,38,0.8262391946602473,8,0.8,17,0.85
4812,38,0.9052412736623262,7,0.7,17,0.85
4813,38,0.8577524893314367,7,0.7,17,0.85
4814,38,0.8809497756866177,8,0.8,17,0.85
4815,38,0.8953933690775795,8,0.8,17,0.85
4816,38,0.8706641864536601,8,0.8,19,0.95
4817,38,0.8978006346427398,8,0.8,19,0.95
4818,38,0.8590655432760695,7,0.7,16,0.8
4819,38,0.866506182295656,7,0.7,19,0.95
4820,38,0.8991136885873727,7,0.7,19,0.95
4821,38,0.7942882153408469,8,0.8,16,0.8
4822,38,0.8842324105481999,7,0.7,18,0.9
4823,38,0.919684867053288,8,0.8,18,0.9
4824,38,0.914651493598862,9,0.9,18,0.9
4825,38,0.8993325309114784,8,0.8,17,0.85
4826,38,0.8352117299485722,7,0.7,17,0.85
4827,38,0.890141153299048,8,0.8,18,0.9
4828,38,0.9249370828318196,10,1.0,18,0.9
4829,38,0.9093992778203305,7,0.7,17,0.85
4830,38,0.8525002735529051,10,1.0,16,0.8
4831,38,0.9021774811248495,8,0.8,18,0.9
4832,38,0.8956122114016851,8,0.8,17,0.85
4833,38,0.8857643068169385,7,0.7,18,0.9
4834,38,0.9308458255826677,7,0.7,20,1.0
4835,38,0.9063354852828537,7,0.7,19,0.95
4836,38,0.8516249042564832,7,0.7,17,0.85
4837,38,0.8925484188642083,8,0.8,18,0.9
4838,38,0.8409016303753145,7,0.7,17,0.85
4839,38,0.8660684976474451,9,0.9,17,0.85
4840,38,0.8853266221687274,7,0.7,16,0.8
4841,38,0.9227486595907649,8,0.8,17,0.85
4842,38,0.7942882153408469,8,0.8,17,0.85
4843,38,0.9190283400809717,8,0.8,18,0.9
4844,38,0.8927672611883138,7,0.7,18,0.9
4845,38,0.8809497756866177,8,0.8,17,0.85
4846,38,0.9275631907210855,7,0.7,18,0.9
4847,38,0.8980194769668455,7,0.7,19,0.95
4848,38,0.8684757632126053,7,0.7,18,0.9
4849,38,0.9435386803807856,9,0.9,19,0.95
4850,38,0.9358791990370937,7,0.7,18,0.9
4851,38,0.8708830287777657,6,0.6,17,0.85
4852,38,0.8686946055367107,7,0.7,17,0.85
4853,38,0.9166210745158112,8,0.8,18,0.9
4854,38,0.9135572819783346,7,0.7,18,0.9
4855,38,0.9131195973301236,8,0.8,18,0.9
4856,38,0.9041470620417988,9,0.9,18,0.9
4857,38,0.8883904147062042,6,0.6,18,0.9
4858,38,0.8579713316555421,6,0.6,19,0.95
4859,38,0.8479045847466901,6,0.6,18,0.9
4860,38,0.8728526096947149,9,0.9,16,0.8
4861,38,0.9227486595907649,7,0.7,20,1.0
4862,38,0.8932049458365248,7,0.7,17,0.85
4863,38,0.9023963234489549,7,0.7,19,0.95
4864,38,0.9194660247291827,8,0.8,19,0.95
4865,38,0.9104934894408577,7,0.7,18,0.9
4866,38,0.9380676222781485,7,0.7,19,0.95
4867,38,0.8645366013787066,9,0.9,16,0.8
4868,38,0.8544698544698545,6,0.6,17,0.85
4869,38,0.8732902943429258,9,0.9,17,0.85
4870,38,0.8988948462632673,9,0.9,18,0.9
4871,38,0.909180435496225,8,0.8,17,0.85
4872,38,0.8886092570303098,8,0.8,16,0.8
4873,38,0.8702265018054491,7,0.7,16,0.8
4874,38,0.8862019914651494,8,0.8,16,0.8
4875,38,0.8468103731261626,7,0.7,17,0.85
4876,38,0.9080862238756976,8,0.8,18,0.9
4877,38,0.9234051865630812,9,0.9,18,0.9
4878,38,0.9096181201444359,8,0.8,18,0.9
4879,38,0.908305066199803,8,0.8,17,0.85
4880,38,0.8619104934894408,7,0.7,18,0.9
4881,38,0.8605974395448079,7,0.7,17,0.85
4882,38,0.9122442280337016,8,0.8,19,0.95
4883,38,0.8203304519093993,6,0.6,18,0.9
4884,38,0.8549075391180654,7,0.7,17,0.85
4885,38,0.8229565597986651,7,0.7,16,0.8
4886,38,0.8866396761133604,8,0.8,16,0.8
4887,38,0.8260203523361417,7,0.7,19,0.95
4888,38,0.8643177590546011,7,0.7,17,0.85
4889,38,0.9236240288871868,10,1.0,17,0.85
4890,38,0.8669438669438669,7,0.7,15,0.75
4891,38,0.9150891782470729,9,0.9,18,0.9
4892,38,0.8063245431666484,6,0.6,18,0.9
4893,38,0.9341284604442499,9,0.9,17,0.85
4894,38,0.8890469416785207,8,0.8,18,0.9
4895,38,0.919684867053288,8,0.8,18,0.9
4896,38,0.877885983149141,9,0.9,17,0.85
4897,38,0.8170478170478171,8,0.8,16,0.8
4898,38,0.8387132071342597,7,0.7,17,0.85
4899,38,0.8726337673706095,7,0.7,18,0.9
4900,38,0.8463726884779517,8,0.8,17,0.85
4901,38,0.878761352445563,8,0.8,18,0.9
4902,38,0.9282197176934018,9,0.9,18,0.9
4903,38,0.8862019914651494,8,0.8,17,0.85
4904,38,0.8756975599080862,7,0.7,17,0.85
4905,38,0.9468213152423678,8,0.8,18,0.9
4906,38,0.8321479374110952,5,0.5,17,0.85
4907,38,0.8807309333625123,8,0.8,17,0.85
4908,38,0.8610351241930189,7,0.7,18,0.9
4909,38,0.8789801947696685,8,0.8,18,0.9
4910,38,0.9157457052193895,8,0.8,18,0.9
4911,38,0.8789801947696685,7,0.7,17,0.85
4912,38,0.8640989167304957,8,0.8,17,0.85
4913,38,0.7772185140606194,7,0.7,16,0.8
4914,38,0.8796367217419849,7,0.7,19,0.95
4915,38,0.8811686180107233,6,0.6,18,0.9
4916,38,0.9028340080971659,9,0.9,18,0.9
4917,38,0.8934237881606302,7,0.7,20,1.0
4918,38,0.8840135682240945,7,0.7,18,0.9
4919,38,0.859722070248386,6,0.6,19,0.95
4920,38,0.9028340080971659,9,0.9,15,0.75
4921,38,0.8945179997811576,8,0.8,16,0.8
4922,38,0.8866396761133604,8,0.8,16,0.8
4923,38,0.9262501367764526,6,0.6,19,0.95
4924,38,0.8402451034029982,7,0.7,16,0.8
4925,38,0.8643177590546011,8,0.8,17,0.85
4926,38,0.9065543276069592,8,0.8,18,0.9
4927,38,0.890141153299048,8,0.8,18,0.9
4928,38,0.9358791990370937,8,0.8,19,0.95
4929,38,0.9284385600175075,8,0.8,17,0.85
4930,38,0.8242696137432979,6,0.6,18,0.9
4931,38,0.901520954152533,7,0.7,19,0.95
4932,38,0.8463726884779517,8,0.8,18,0.9
4933,38,0.926468979100558,9,0.9,19,0.95
4934,38,0.8829193566035671,9,0.9,16,0.8
4935,38,0.8732902943429258,6,0.6,16,0.8
4936,38,0.8684757632126053,8,0.8,18,0.9
4937,38,0.9227486595907649,9,0.9,19,0.95
4938,38,0.885107779844622,9,0.9,17,0.85
4939,38,0.9048035890141154,9,0.9,18,0.9
4940,38,0.9065543276069592,8,0.8,18,0.9
4941,38,0.9037093773935879,7,0.7,18,0.9
4942,38,0.8936426304847357,8,0.8,17,0.85
4943,38,0.8505306926359557,6,0.6,17,0.85
4944,38,0.8695699748331327,7,0.7,17,0.85
4945,38,0.9236240288871868,7,0.7,19,0.95
4946,38,0.9052412736623262,9,0.9,18,0.9
4947,38,0.9041470620417988,8,0.8,17,0.85
4948,38,0.8940803151329467,7,0.7,18,0.9
4949,38,0.931940037203195,8,0.8,19,0.95
4950,38,0.8910165225954699,8,0.8,18,0.9
4951,38,0.9341284604442499,10,1.0,18,0.9
4952,38,0.8881715723820987,5,0.5,18,0.9
4953,38,0.8417769996717366,9,0.9,16,0.8
4954,38,0.915526862895284,8,0.8,19,0.95
4955,38,0.8991136885873727,8,0.8,17,0.85
4956,38,0.8605974395448079,7,0.7,19,0.95
4957,38,0.8890469416785207,7,0.7,19,0.95
4958,38,0.8997702155596893,8,0.8,18,0.9
4959,38,0.872414925046504,7,0.7,18,0.9
4960,38,0.9293139293139293,8,0.8,16,0.8
4961,38,0.901520954152533,7,0.7,17,0.85
4962,38,0.9054601159864318,6,0.6,19,0.95
4963,38,0.9050224313382208,8,0.8,18,0.9
4964,38,0.8971441076704235,7,0.7,17,0.85
4965,38,0.8498741656636394,7,0.7,19,0.95
4966,38,0.9229675019148704,9,0.9,18,0.9
4967,38,0.8581901739796477,8,0.8,17,0.85
4968,38,0.8671627092679723,8,0.8,18,0.9
4969,38,0.8789801947696685,7,0.7,17,0.85
4970,38,0.9072108545792755,7,0.7,18,0.9
4971,38,0.7958201116095853,7,0.7,16,0.8
4972,38,0.8927672611883138,8,0.8,19,0.95
4973,38,0.876572929204508,8,0.8,16,0.8
4974,38,0.9107123317649634,9,0.9,18,0.9
4975,38,0.9164022321917058,9,0.9,18,0.9
4976,38,0.9234051865630812,7,0.7,18,0.9
4977,38,0.926906663748769,8,0.8,18,0.9
4978,38,0.8988948462632673,8,0.8,18,0.9
4979,38,0.8991136885873727,9,0.9,17,0.85
4980,38,0.8678192362402888,7,0.7,17,0.85
4981,38,0.9074296969033812,7,0.7,18,0.9
4982,38,0.8494364810154285,7,0.7,16,0.8
4983,38,0.8973629499945289,8,0.8,17,0.85
4984,38,0.926906663748769,8,0.8,18,0.9
4985,38,0.8791990370937739,8,0.8,16,0.8
4986,38,0.9061166429587483,7,0.7,18,0.9
4987,38,0.9065543276069592,8,0.8,18,0.9
4988,38,0.8721960827223986,8,0.8,18,0.9
4989,38,0.8393697341065761,7,0.7,18,0.9
4990,38,0.8781048254732464,7,0.7,16,0.8
4991,38,0.8402451034029982,8,0.8,16,0.8
4992,38,0.8802932487143014,8,0.8,17,0.85
4993,38,0.8647554437028121,7,0.7,17,0.85
4994,38,0.896049896049896,8,0.8,18,0.9
4995,38,0.9177152861363387,9,0.9,18,0.9
4996,38,0.8984571616150564,8,0.8,16,0.8
4997,38,0.8374001531896269,8,0.8,16,0.8
4998,38,0.8872962030856767,8,0.8,18,0.9
4999,38,0.9330342488237224,8,0.8,17,0.85
5000,38,0.883357041251778,8,0.8,18,0.9
