bootstrap_iteration,valid_players,rank_correlation_with_original,top_10_overlap_count,top_10_overlap_rate,top_20_overlap_count,top_20_overlap_rate
1,82,0.84906563925077,6,0.6,16,0.8
2,82,0.8692656806086134,5,0.5,16,0.8
3,82,0.8518300845659059,5,0.5,16,0.8
4,82,0.884763988202131,8,0.8,16,0.8
5,81,0.883152664859982,6,0.6,18,0.9
6,82,0.9052905388491637,7,0.7,17,0.85
7,82,0.8399669137253621,6,0.6,16,0.8
8,81,0.8764453477868112,6,0.6,15,0.75
9,82,0.8244250715599525,8,0.8,16,0.8
10,82,0.8575331134837453,8,0.8,14,0.7
11,82,0.8596227729345568,7,0.7,17,0.85
12,82,0.864041531981585,6,0.6,13,0.65
13,82,0.9052470042772717,8,0.8,16,0.8
14,82,0.9062047648588936,6,0.6,14,0.7
15,82,0.9000228556502433,7,0.7,18,0.9
16,82,0.9151075848107879,7,0.7,17,0.85
17,82,0.7988920451453512,5,0.5,13,0.65
18,82,0.8836103220469956,7,0.7,15,0.75
19,81,0.9200542005420053,7,0.7,16,0.8
20,82,0.8479990422394184,6,0.6,14,0.7
21,82,0.9312371436967382,5,0.5,15,0.75
22,82,0.7614958478902059,7,0.7,14,0.7
23,82,0.8064670606545423,7,0.7,14,0.7
24,82,0.894689870593485,8,0.8,17,0.85
25,82,0.9017860058118654,4,0.4,18,0.9
26,82,0.877145438121048,5,0.5,16,0.8
27,82,0.8639109282659092,7,0.7,15,0.75
28,82,0.854964573742123,7,0.7,14,0.7
29,82,0.881107084163211,5,0.5,16,0.8
30,82,0.8444509746302283,6,0.6,15,0.75
31,82,0.8697010263275324,8,0.8,17,0.85
32,82,0.8318694833534681,7,0.7,17,0.85
33,82,0.8882249866675374,7,0.7,16,0.8
34,82,0.9044416146972714,7,0.7,14,0.7
35,82,0.8908588282669976,8,0.8,15,0.75
36,82,0.9140845223713281,8,0.8,16,0.8
37,82,0.9144763335183554,7,0.7,15,0.75
38,82,0.8167194523350857,6,0.6,16,0.8
39,82,0.8899663695432135,5,0.5,16,0.8
40,82,0.8144338873107608,7,0.7,17,0.85
41,82,0.9206147081551137,5,0.5,17,0.85
42,82,0.8830008380405089,6,0.6,15,0.75
43,82,0.8968230646161883,7,0.7,14,0.7
44,82,0.8660441222886125,7,0.7,15,0.75
45,82,0.8926655130005116,7,0.7,16,0.8
46,82,0.8842415733394281,7,0.7,15,0.75
47,82,0.9061176957151098,7,0.7,17,0.85
48,81,0.8555781391147244,7,0.7,13,0.65
49,82,0.8658699840010449,6,0.6,16,0.8
50,82,0.829692754758873,5,0.5,14,0.7
51,82,0.8840021331940228,8,0.8,15,0.75
52,82,0.8966489263286207,7,0.7,16,0.8
53,82,0.865347569138342,7,0.7,15,0.75
54,82,0.8773413436945614,6,0.6,15,0.75
55,82,0.8701799066183434,5,0.5,18,0.9
56,82,0.8437326541940119,5,0.5,16,0.8
57,82,0.8656305438556393,4,0.4,13,0.65
58,82,0.8610158792350977,8,0.8,15,0.75
59,82,0.8975196177664589,6,0.6,17,0.85
60,82,0.8468453760842829,6,0.6,15,0.75
61,82,0.8459964519323908,5,0.5,16,0.8
62,82,0.9022213515307845,8,0.8,15,0.75
63,82,0.9205494062972759,6,0.6,16,0.8
64,82,0.8482167150988779,8,0.8,16,0.8
65,82,0.8644986449864499,6,0.6,17,0.85
66,82,0.8880726156659157,5,0.5,15,0.75
67,82,0.8594921692188809,8,0.8,15,0.75
68,82,0.8610376465210436,7,0.7,18,0.9
69,82,0.8926872802864575,7,0.7,15,0.75
70,82,0.8774501801242911,7,0.7,15,0.75
71,82,0.8206375638053569,7,0.7,15,0.75
72,82,0.8537238384432038,7,0.7,15,0.75
73,82,0.8878767100924021,6,0.6,16,0.8
74,82,0.9208541483005191,6,0.6,15,0.75
75,81,0.9161698283649502,6,0.6,14,0.7
76,82,0.942621434246471,8,0.8,18,0.9
77,82,0.876644790544291,7,0.7,16,0.8
78,82,0.8891392126772673,7,0.7,14,0.7
79,82,0.8120830204285978,8,0.8,15,0.75
80,82,0.8910547338405111,6,0.6,17,0.85
81,82,0.8977155233399723,7,0.7,17,0.85
82,82,0.8922301672815924,7,0.7,17,0.85
83,81,0.8767389340560072,6,0.6,14,0.7
84,82,0.844995156778877,7,0.7,15,0.75
85,81,0.8064137308039746,6,0.6,14,0.7
86,82,0.8998922519345677,6,0.6,18,0.9
87,82,0.8718777549221276,7,0.7,16,0.8
88,82,0.8787562172810485,5,0.5,16,0.8
89,82,0.894776939737269,6,0.6,15,0.75
90,82,0.8982814727745672,8,0.8,15,0.75
91,82,0.870832925196722,7,0.7,15,0.75
92,82,0.9271231266529533,6,0.6,17,0.85
93,82,0.8551387120296906,6,0.6,15,0.75
94,82,0.9018730749556491,7,0.7,16,0.8
95,82,0.9207453118707895,7,0.7,16,0.8
96,82,0.8842633406253742,9,0.9,15,0.75
97,82,0.9070101544388938,8,0.8,17,0.85
98,82,0.9255341147788989,7,0.7,17,0.85
99,82,0.895604096603215,7,0.7,16,0.8
100,82,0.8909676646967273,9,0.9,16,0.8
101,82,0.8719430567799654,7,0.7,15,0.75
102,82,0.8900099041151055,5,0.5,15,0.75
103,82,0.9166748293988964,7,0.7,17,0.85
104,82,0.8925784438567278,7,0.7,16,0.8
105,82,0.8923390037113224,5,0.5,16,0.8
106,82,0.8775154819821291,6,0.6,14,0.7
107,81,0.9028455284552845,6,0.6,17,0.85
108,82,0.9080549841642995,8,0.8,17,0.85
109,82,0.8913594758437544,7,0.7,16,0.8
110,82,0.902439024390244,7,0.7,16,0.8
111,81,0.9130984643179765,6,0.6,13,0.65
112,82,0.8502628399777974,6,0.6,17,0.85
113,82,0.8532884927242846,5,0.5,17,0.85
114,82,0.8702234411902352,6,0.6,17,0.85
115,82,0.8775154819821291,8,0.8,16,0.8
116,82,0.8735973705118578,5,0.5,14,0.7
117,82,0.9155429305297068,8,0.8,17,0.85
118,82,0.8203981236599514,6,0.6,15,0.75
119,82,0.8688085676037484,7,0.7,15,0.75
120,82,0.7921877210739978,6,0.6,16,0.8
121,82,0.8681120144534779,7,0.7,15,0.75
122,82,0.880715273016184,6,0.6,15,0.75
123,82,0.9058782555697044,7,0.7,13,0.65
124,82,0.9043763128394338,6,0.6,17,0.85
125,82,0.897867894341594,6,0.6,17,0.85
126,82,0.8891827472491592,7,0.7,15,0.75
127,82,0.8743156909480742,6,0.6,16,0.8
128,82,0.8520912919972574,7,0.7,17,0.85
129,82,0.8724437043567224,7,0.7,18,0.9
130,82,0.826993611301575,8,0.8,14,0.7
131,82,0.908294424309705,6,0.6,14,0.7
132,82,0.9018513076697033,9,0.9,15,0.75
133,82,0.8974107813367291,7,0.7,16,0.8
134,81,0.8768292682926829,7,0.7,14,0.7
135,82,0.8788868209967241,6,0.6,16,0.8
136,82,0.9090998138897052,7,0.7,16,0.8
137,82,0.9198746204329513,8,0.8,15,0.75
138,82,0.8575548807696913,6,0.6,17,0.85
139,82,0.8604934643723948,5,0.5,13,0.65
140,82,0.8622130799621249,7,0.7,18,0.9
141,82,0.8935579717242955,6,0.6,15,0.75
142,82,0.8875937353751048,6,0.6,16,0.8
143,82,0.8168282887648154,6,0.6,16,0.8
144,82,0.8765141868286154,7,0.7,15,0.75
145,82,0.9124519759253819,6,0.6,15,0.75
146,82,0.9141280569432201,9,0.9,18,0.9
147,82,0.8694615861821269,9,0.9,17,0.85
148,82,0.927297264940521,6,0.6,16,0.8
149,82,0.8360923368269827,8,0.8,16,0.8
150,82,0.9013288928070005,6,0.6,17,0.85
151,82,0.8845245480567256,6,0.6,16,0.8
152,82,0.8426442898967144,8,0.8,15,0.75
153,82,0.8848292900599689,6,0.6,17,0.85
154,82,0.8843286424832121,6,0.6,15,0.75
155,82,0.8461488229340125,5,0.5,15,0.75
156,82,0.8902928788324028,7,0.7,16,0.8
157,82,0.8738150433713172,5,0.5,14,0.7
158,82,0.8986297493497023,7,0.7,17,0.85
159,82,0.8601016532253677,6,0.6,16,0.8
160,82,0.9231832478967361,8,0.8,17,0.85
161,82,0.8601234205113136,4,0.4,17,0.85
162,82,0.8913377085578085,6,0.6,17,0.85
163,82,0.8516341789923924,5,0.5,16,0.8
164,82,0.8593615655032053,4,0.4,14,0.7
165,82,0.8871801569421317,6,0.6,16,0.8
166,82,0.8873760625156453,7,0.7,17,0.85
167,82,0.8666318390091532,6,0.6,14,0.7
168,82,0.9027873009653791,6,0.6,16,0.8
169,82,0.9077067075891644,7,0.7,16,0.8
170,82,0.8700928374745596,6,0.6,16,0.8
171,82,0.8719648240659115,7,0.7,16,0.8
172,82,0.9200922932924107,6,0.6,17,0.85
173,82,0.8828920016107792,7,0.7,15,0.75
174,82,0.8493486139680674,6,0.6,15,0.75
175,82,0.9061176957151098,7,0.7,17,0.85
176,82,0.8782555697042914,4,0.4,14,0.7
177,82,0.9226172984621412,4,0.4,18,0.9
178,82,0.8904887844059164,7,0.7,17,0.85
179,82,0.8413600200259032,7,0.7,15,0.75
180,82,0.8782120351323995,7,0.7,16,0.8
181,82,0.8595792383626648,7,0.7,17,0.85
182,82,0.9063789031464613,7,0.7,15,0.75
183,82,0.8881379175237536,7,0.7,15,0.75
184,82,0.8919689598502412,9,0.9,16,0.8
185,82,0.8468018415123911,6,0.6,17,0.85
186,82,0.8743592255199661,4,0.4,16,0.8
187,82,0.8084261163896779,5,0.5,12,0.6
188,82,0.9087950718864619,8,0.8,17,0.85
189,82,0.8715077110610463,5,0.5,16,0.8
190,82,0.8803887637269948,7,0.7,13,0.65
191,82,0.8982379382026752,6,0.6,17,0.85
192,82,0.8631490732578009,8,0.8,15,0.75
193,82,0.9179155646978158,8,0.8,17,0.85
194,82,0.87078939062483,9,0.9,15,0.75
195,82,0.9129961580740307,5,0.5,17,0.85
196,82,0.9118642592048412,7,0.7,16,0.8
197,82,0.8477813693799588,6,0.6,16,0.8
198,82,0.8555522904626637,7,0.7,14,0.7
199,82,0.8973672467648371,6,0.6,15,0.75
200,82,0.887049553226456,7,0.7,15,0.75
201,82,0.8639762301237471,8,0.8,16,0.8
202,81,0.8416666666666667,5,0.5,15,0.75
203,82,0.8690915423210457,7,0.7,13,0.65
204,82,0.8259052470042773,8,0.8,15,0.75
205,81,0.8519421860885276,7,0.7,15,0.75
206,82,0.8715947802048303,6,0.6,15,0.75
207,82,0.9047245894145688,7,0.7,17,0.85
208,82,0.8007857990226489,5,0.5,15,0.75
209,82,0.8649992925632068,8,0.8,15,0.75
210,82,0.8080996071004887,7,0.7,16,0.8
211,81,0.9040876242095753,8,0.8,16,0.8
212,82,0.8394444988626594,6,0.6,15,0.75
213,82,0.89251314199889,9,0.9,15,0.75
214,82,0.9118424919188951,7,0.7,16,0.8
215,82,0.8530708198648251,5,0.5,13,0.65
216,82,0.8107769832718409,6,0.6,13,0.65
217,82,0.8960829768940259,7,0.7,16,0.8
218,82,0.83556992196428,5,0.5,15,0.75
219,82,0.9014377292367302,7,0.7,18,0.9
220,82,0.8444074400583363,7,0.7,15,0.75
221,82,0.901067685375649,7,0.7,15,0.75
222,82,0.9093174867491646,5,0.5,16,0.8
223,82,0.9072931291561912,8,0.8,17,0.85
224,82,0.8845463153426716,6,0.6,14,0.7
225,82,0.8382037635637402,6,0.6,15,0.75
226,82,0.8871801569421317,6,0.6,15,0.75
227,82,0.9241627757643038,5,0.5,16,0.8
228,82,0.892469607426998,7,0.7,17,0.85
229,82,0.8828920016107792,5,0.5,16,0.8
230,82,0.8851775666351042,7,0.7,17,0.85
231,82,0.911428913485922,9,0.9,16,0.8
232,82,0.8980420326291617,7,0.7,17,0.85
233,82,0.9314983511280897,6,0.6,16,0.8
234,82,0.8535714674415822,6,0.6,14,0.7
235,82,0.8880290810940239,6,0.6,16,0.8
236,82,0.8730314210772631,7,0.7,15,0.75
237,82,0.87261784264429,6,0.6,17,0.85
238,82,0.9057258845680826,6,0.6,16,0.8
239,80,0.8716127519924988,7,0.7,14,0.7
240,82,0.8835667874751038,7,0.7,14,0.7
241,82,0.8882902885253752,6,0.6,15,0.75
242,82,0.8669801155842883,7,0.7,15,0.75
243,82,0.8330231495086035,5,0.5,13,0.65
244,82,0.8895092565383487,6,0.6,17,0.85
245,82,0.8463447285075261,9,0.9,15,0.75
246,82,0.8738150433713172,8,0.8,16,0.8
247,82,0.8508070221264462,7,0.7,16,0.8
248,82,0.9148028428075444,7,0.7,17,0.85
249,82,0.8913594758437544,7,0.7,16,0.8
250,82,0.879409235859427,5,0.5,15,0.75
251,82,0.8954517256015934,6,0.6,17,0.85
252,82,0.9102752473307865,6,0.6,17,0.85
253,82,0.901045918089703,5,0.5,16,0.8
254,82,0.878451475277805,6,0.6,14,0.7
255,82,0.9027655336794332,8,0.8,16,0.8
256,82,0.9123866740675439,7,0.7,17,0.85
257,82,0.8752081496718582,8,0.8,15,0.75
258,82,0.8580555283464482,5,0.5,15,0.75
259,82,0.9194175074280864,8,0.8,17,0.85
260,82,0.8935579717242955,6,0.6,16,0.8
261,82,0.8949075434529447,7,0.7,16,0.8
262,82,0.8727049117880736,5,0.5,15,0.75
263,82,0.8666318390091532,7,0.7,18,0.9
264,82,0.9174584516929507,8,0.8,16,0.8
265,82,0.8696139571837485,5,0.5,16,0.8
266,82,0.8744898292356418,6,0.6,16,0.8
267,82,0.8554652213188799,6,0.6,16,0.8
268,82,0.8908805955529435,5,0.5,15,0.75
269,82,0.8911200356983491,6,0.6,15,0.75
270,82,0.8179819549199508,5,0.5,15,0.75
271,82,0.8601016532253677,7,0.7,18,0.9
272,82,0.8963224170394315,7,0.7,16,0.8
273,82,0.8559876361815827,5,0.5,15,0.75
274,82,0.9415113026632275,6,0.6,17,0.85
275,82,0.8201369162286001,8,0.8,13,0.65
276,82,0.8895963256821324,5,0.5,15,0.75
277,82,0.8160664337567072,6,0.6,15,0.75
278,82,0.9008282452302435,6,0.6,18,0.9
279,82,0.8756217281048313,6,0.6,16,0.8
280,82,0.8537238384432038,8,0.8,16,0.8
281,82,0.9011329872334869,6,0.6,17,0.85
282,82,0.9154558613859232,6,0.6,18,0.9
283,82,0.9161306472502476,8,0.8,16,0.8
284,82,0.8793003994296973,7,0.7,14,0.7
285,82,0.8958000021767287,7,0.7,15,0.75
286,82,0.8927525821442954,6,0.6,15,0.75
287,82,0.8538762094448253,5,0.5,16,0.8
288,82,0.8633232115453685,7,0.7,15,0.75
289,81,0.8345528455284552,6,0.6,14,0.7
290,82,0.8965183226129451,5,0.5,18,0.9
291,82,0.8758394009642909,6,0.6,16,0.8
292,82,0.9193522055702485,9,0.9,15,0.75
293,82,0.8718124530642898,5,0.5,15,0.75
294,82,0.8310858610594138,4,0.4,15,0.75
295,81,0.8654697380307137,6,0.6,15,0.75
296,82,0.9044851492691633,7,0.7,17,0.85
297,82,0.8685691274583429,5,0.5,17,0.85
298,82,0.8444509746302283,6,0.6,16,0.8
299,81,0.8182475158084914,7,0.7,13,0.65
300,82,0.8762312121113179,7,0.7,16,0.8
301,82,0.8788215191388862,6,0.6,18,0.9
302,82,0.8998922519345677,8,0.8,18,0.9
303,82,0.8455611062134717,7,0.7,17,0.85
304,82,0.8911418029842949,6,0.6,15,0.75
305,82,0.8249910209945472,7,0.7,16,0.8
306,82,0.8211817459540057,3,0.3,14,0.7
307,82,0.8985209129199726,6,0.6,14,0.7
308,82,0.8804105310129406,6,0.6,14,0.7
309,81,0.9145889792231255,7,0.7,16,0.8
310,82,0.9070754562967317,7,0.7,17,0.85
311,82,0.895669398461053,6,0.6,15,0.75
312,82,0.9077284748751101,5,0.5,18,0.9
313,82,0.8604281625145569,7,0.7,16,0.8
314,82,0.8777549221275346,6,0.6,15,0.75
315,82,0.8371589338383344,7,0.7,15,0.75
316,82,0.9062265321448394,7,0.7,15,0.75
317,82,0.8489350355350943,6,0.6,14,0.7
318,82,0.8948857761669987,7,0.7,16,0.8
319,82,0.8817165681696978,8,0.8,15,0.75
320,82,0.8790609592842915,6,0.6,17,0.85
321,82,0.9150640502388959,6,0.6,17,0.85
322,82,0.8559658688956369,6,0.6,15,0.75
323,82,0.8781467332745617,7,0.7,16,0.8
324,82,0.8993698370718647,7,0.7,15,0.75
325,82,0.8894439546805107,5,0.5,16,0.8
326,82,0.8315865086361707,5,0.5,14,0.7
327,82,0.9165442256832207,7,0.7,17,0.85
328,82,0.8755128916751015,6,0.6,15,0.75
329,82,0.7998280384410271,5,0.5,15,0.75
330,82,0.8548122027405014,6,0.6,14,0.7
331,82,0.8872672260859156,7,0.7,15,0.75
332,82,0.8943198267324038,4,0.4,16,0.8
333,82,0.8638020918361794,6,0.6,17,0.85
334,82,0.8876372699469965,6,0.6,15,0.75
335,82,0.8880943829518617,6,0.6,17,0.85
336,81,0.901490514905149,7,0.7,16,0.8
337,82,0.9149552138091663,6,0.6,15,0.75
338,82,0.9006976415145678,8,0.8,17,0.85
339,82,0.9242498449080877,7,0.7,17,0.85
340,82,0.8827396306091576,8,0.8,18,0.9
341,82,0.8550951774577987,8,0.8,15,0.75
342,82,0.8866142075075369,8,0.8,18,0.9
343,82,0.8900752059729433,7,0.7,15,0.75
344,82,0.8754911243891556,6,0.6,18,0.9
345,82,0.8916642178469977,7,0.7,17,0.85
346,82,0.8457787790729313,4,0.4,15,0.75
347,82,0.8592527290734756,6,0.6,17,0.85
348,82,0.86267019296699,5,0.5,16,0.8
349,82,0.9088168391724077,6,0.6,18,0.9
350,82,0.8658482167150988,5,0.5,17,0.85
351,82,0.8823695867480764,5,0.5,15,0.75
352,82,0.8865924402215911,7,0.7,17,0.85
353,82,0.8480643440972563,6,0.6,14,0.7
354,82,0.902395489818352,5,0.5,15,0.75
355,82,0.8490438719648242,8,0.8,18,0.9
356,82,0.8629531676842873,6,0.6,16,0.8
357,82,0.8111252598469759,9,0.9,15,0.75
358,82,0.8830443726124009,6,0.6,13,0.65
359,82,0.9064877395761909,8,0.8,18,0.9
360,82,0.89606120960808,8,0.8,14,0.7
361,81,0.9084688346883469,6,0.6,14,0.7
362,82,0.8687214984599645,8,0.8,15,0.75
363,82,0.9121472339221385,7,0.7,17,0.85
364,82,0.8915771487032139,6,0.6,16,0.8
365,82,0.873444999510236,6,0.6,15,0.75
366,82,0.8333714260837387,8,0.8,15,0.75
367,82,0.8715077110610463,6,0.6,15,0.75
368,82,0.841882434888606,6,0.6,13,0.65
369,82,0.9005235032270001,6,0.6,16,0.8
370,82,0.914149824229166,6,0.6,16,0.8
371,82,0.8863965346480773,7,0.7,16,0.8
372,82,0.9197657840032217,8,0.8,17,0.85
373,82,0.88702778594051,5,0.5,16,0.8
374,82,0.9140192205134903,7,0.7,16,0.8
375,82,0.8899228349713216,7,0.7,14,0.7
376,82,0.8864183019340234,6,0.6,17,0.85
377,82,0.8295403837572514,5,0.5,16,0.8
378,82,0.9211806575897084,6,0.6,16,0.8
379,82,0.8582296666340158,7,0.7,13,0.65
380,82,0.9206364754410595,6,0.6,16,0.8
381,82,0.8893568855367269,5,0.5,16,0.8
382,82,0.8858958870713205,7,0.7,18,0.9
383,82,0.8944286631621335,7,0.7,14,0.7
384,82,0.8902058096886191,8,0.8,17,0.85
385,81,0.8964092140921409,6,0.6,16,0.8
386,82,0.859992816795638,8,0.8,14,0.7
387,82,0.8728790500756414,6,0.6,15,0.75
388,82,0.9034838541156495,7,0.7,17,0.85
389,82,0.8779943622729399,9,0.9,16,0.8
390,82,0.9117554227751112,7,0.7,17,0.85
391,82,0.8943851285902418,8,0.8,15,0.75
392,82,0.88702778594051,9,0.9,14,0.7
393,82,0.8899446022572676,7,0.7,15,0.75
394,82,0.8962353478956477,7,0.7,15,0.75
395,82,0.8380078579902265,7,0.7,15,0.75
396,82,0.8648033869896933,7,0.7,16,0.8
397,82,0.8543768570215823,5,0.5,14,0.7
398,82,0.863540884404828,7,0.7,14,0.7
399,82,0.8914247777015923,6,0.6,17,0.85
400,82,0.8420348058902276,7,0.7,15,0.75
401,82,0.8936232735821334,6,0.6,16,0.8
402,82,0.8828266997529414,6,0.6,15,0.75
403,82,0.8926437457145656,6,0.6,16,0.8
404,82,0.837768417844821,7,0.7,15,0.75
405,82,0.8289526670367106,5,0.5,14,0.7
406,82,0.8536367692994199,5,0.5,14,0.7
407,82,0.8582514339199617,6,0.6,17,0.85
408,82,0.9008717798021354,7,0.7,17,0.85
409,82,0.8598622130799621,7,0.7,16,0.8
410,82,0.8735756032259119,5,0.5,13,0.65
411,82,0.8932314624351063,6,0.6,16,0.8
412,82,0.8967142281864586,5,0.5,16,0.8
413,82,0.8506546511248244,6,0.6,16,0.8
414,82,0.8705717177653705,6,0.6,14,0.7
415,82,0.8830443726124009,6,0.6,16,0.8
416,82,0.8891609799632133,5,0.5,15,0.75
417,82,0.8950381471686203,7,0.7,17,0.85
418,82,0.9057258845680826,7,0.7,17,0.85
419,82,0.8767753942599668,7,0.7,15,0.75
420,82,0.8537673730150955,6,0.6,17,0.85
421,82,0.9000228556502433,5,0.5,14,0.7
422,82,0.8601669550832056,7,0.7,16,0.8
423,82,0.8831749763280766,6,0.6,16,0.8
424,81,0.8729223125564588,7,0.7,16,0.8
425,82,0.8517430154221222,5,0.5,14,0.7
426,82,0.881107084163211,7,0.7,15,0.75
427,82,0.9099705053275433,8,0.8,15,0.75
428,82,0.8635626516907741,6,0.6,15,0.75
429,82,0.868003178023748,6,0.6,15,0.75
430,82,0.8761659102534801,5,0.5,16,0.8
431,82,0.915085817524842,6,0.6,17,0.85
432,82,0.9095786941805161,5,0.5,17,0.85
433,82,0.8328707785069819,8,0.8,14,0.7
434,82,0.860406395228611,8,0.8,14,0.7
435,82,0.8645639468442877,5,0.5,15,0.75
436,82,0.9075108020156506,7,0.7,19,0.95
437,82,0.8804540655848325,7,0.7,16,0.8
438,82,0.8653040345664501,7,0.7,14,0.7
439,82,0.8825872596075358,6,0.6,16,0.8
440,81,0.8839430894308943,7,0.7,15,0.75
441,82,0.8982814727745672,6,0.6,14,0.7
442,82,0.918677419705924,6,0.6,16,0.8
443,82,0.8602322569410433,7,0.7,15,0.75
444,82,0.9039845016924065,6,0.6,16,0.8
445,82,0.8811288514491572,7,0.7,14,0.7
446,82,0.9110806369107868,7,0.7,16,0.8
447,82,0.8763835831129397,4,0.4,15,0.75
448,82,0.9087950718864619,8,0.8,15,0.75
449,82,0.8788650537107782,8,0.8,15,0.75
450,82,0.8688085676037484,6,0.6,15,0.75
451,82,0.8174160054853561,7,0.7,14,0.7
452,82,0.8378554869886049,5,0.5,16,0.8
453,82,0.8976284541961886,7,0.7,17,0.85
454,82,0.8700928374745596,6,0.6,15,0.75
455,82,0.8948422415951067,6,0.6,18,0.9
456,82,0.8459746846464449,7,0.7,15,0.75
457,82,0.9025696281059197,7,0.7,16,0.8
458,82,0.8683079200269915,5,0.5,16,0.8
459,82,0.8902711115464568,6,0.6,16,0.8
460,82,0.8658917512869908,6,0.6,15,0.75
461,82,0.8559441016096909,7,0.7,16,0.8
462,82,0.8611247156648274,8,0.8,14,0.7
463,82,0.8629749349702333,7,0.7,14,0.7
464,82,0.894254524874566,7,0.7,17,0.85
465,82,0.9025696281059197,8,0.8,17,0.85
466,82,0.9280591199486293,6,0.6,17,0.85
467,82,0.8781031987026698,6,0.6,16,0.8
468,82,0.8463011939356343,5,0.5,14,0.7
469,82,0.815696389895626,7,0.7,13,0.65
470,82,0.8496098213994188,8,0.8,17,0.85
471,82,0.9127567179286249,8,0.8,17,0.85
472,82,0.9198528531470054,7,0.7,16,0.8
473,82,0.8984338437761887,8,0.8,15,0.75
474,82,0.834220350235631,5,0.5,16,0.8
475,82,0.8828049324669954,7,0.7,15,0.75
476,82,0.8991739314983511,6,0.6,16,0.8
477,82,0.9305188232605219,9,0.9,17,0.85
478,82,0.882021310172941,8,0.8,15,0.75
479,82,0.8890956781053755,7,0.7,16,0.8
480,82,0.9143457298026796,6,0.6,15,0.75
481,82,0.8644115758426661,7,0.7,16,0.8
482,82,0.8571413023367183,6,0.6,17,0.85
483,82,0.8664794680075315,8,0.8,15,0.75
484,82,0.8484779225302292,7,0.7,15,0.75
485,82,0.9038538979767309,6,0.6,16,0.8
486,82,0.8826307941794278,7,0.7,16,0.8
487,82,0.8512206005594194,6,0.6,16,0.8
488,82,0.8835450201891577,3,0.3,17,0.85
489,82,0.9031355775405145,7,0.7,16,0.8
490,82,0.920962984730249,7,0.7,16,0.8
491,82,0.8998487173626757,7,0.7,16,0.8
492,82,0.848673828103743,6,0.6,15,0.75
493,82,0.869853397329154,7,0.7,17,0.85
494,82,0.8777113875556426,6,0.6,17,0.85
495,82,0.7873771508799426,6,0.6,13,0.65
496,82,0.863997997409693,8,0.8,15,0.75
497,82,0.8547469008826635,6,0.6,15,0.75
498,82,0.923662128187547,7,0.7,16,0.8
499,82,0.8996528117891621,8,0.8,15,0.75
500,82,0.887963779236186,6,0.6,16,0.8
501,82,0.7969547566961613,7,0.7,12,0.6
502,82,0.8167412196210316,6,0.6,15,0.75
503,82,0.8305852134826569,6,0.6,13,0.65
504,82,0.8866142075075369,7,0.7,14,0.7
505,82,0.880258160011319,6,0.6,16,0.8
506,82,0.8765577214005071,8,0.8,17,0.85
507,82,0.8968448319021343,6,0.6,15,0.75
508,82,0.8778855258432102,7,0.7,16,0.8
509,82,0.9300834775416028,8,0.8,18,0.9
510,82,0.8957347003188908,8,0.8,15,0.75
511,82,0.8991086296405133,7,0.7,15,0.75
512,82,0.9267966173637641,7,0.7,14,0.7
513,82,0.8629096331123955,6,0.6,17,0.85
514,82,0.8836538566188874,5,0.5,15,0.75
515,82,0.8320436216410357,9,0.9,17,0.85
516,82,0.9125172777832196,6,0.6,18,0.9
517,82,0.8649992925632068,6,0.6,15,0.75
518,82,0.8668277445826668,8,0.8,14,0.7
519,82,0.8883773576691589,6,0.6,15,0.75
520,82,0.9052252369913257,8,0.8,16,0.8
521,82,0.8638238591221253,6,0.6,15,0.75
522,82,0.8635191171188821,5,0.5,14,0.7
523,82,0.8762312121113179,7,0.7,13,0.65
524,82,0.894776939737269,7,0.7,15,0.75
525,82,0.8560747053253666,6,0.6,15,0.75
526,82,0.8616035959556384,6,0.6,13,0.65
527,82,0.8033978733361631,9,0.9,15,0.75
528,82,0.8543768570215823,7,0.7,15,0.75
529,82,0.8769712998334803,7,0.7,15,0.75
530,82,0.8402063538707677,6,0.6,16,0.8
531,82,0.8892698163929431,7,0.7,18,0.9
532,82,0.8935797390102416,7,0.7,17,0.85
533,82,0.8587303142107726,5,0.5,16,0.8
534,82,0.8700493029026676,7,0.7,17,0.85
535,82,0.8932096951491604,7,0.7,16,0.8
536,82,0.8925784438567278,8,0.8,17,0.85
537,82,0.9100140398994352,7,0.7,16,0.8
538,82,0.8958653040345665,7,0.7,14,0.7
539,82,0.8964312534691612,6,0.6,17,0.85
540,82,0.8422524787496872,5,0.5,16,0.8
541,82,0.7954528139658906,6,0.6,14,0.7
542,82,0.9076196384453805,8,0.8,15,0.75
543,82,0.8986732839215943,7,0.7,13,0.65
544,82,0.8362664751145504,6,0.6,14,0.7
545,82,0.871202969057803,6,0.6,14,0.7
546,82,0.9021778169588925,8,0.8,17,0.85
547,82,0.8958653040345665,5,0.5,16,0.8
548,82,0.894776939737269,5,0.5,15,0.75
549,82,0.8783426388480753,8,0.8,14,0.7
550,82,0.8872889933718615,7,0.7,14,0.7
551,81,0.8640243902439024,7,0.7,17,0.85
552,82,0.8955387947453772,5,0.5,15,0.75
553,82,0.8756652626767231,6,0.6,14,0.7
554,82,0.810232801123192,7,0.7,15,0.75
555,82,0.901960144099433,7,0.7,15,0.75
556,82,0.8925566765707819,5,0.5,15,0.75
557,82,0.8667406754388829,7,0.7,14,0.7
558,82,0.8782773369902375,7,0.7,16,0.8
559,82,0.9023084206745682,7,0.7,16,0.8
560,82,0.8986079820637564,8,0.8,14,0.7
561,82,0.8932749970069983,6,0.6,16,0.8
562,82,0.8767971615459126,7,0.7,17,0.85
563,82,0.8562706108988801,6,0.6,15,0.75
564,82,0.8661094241464503,6,0.6,16,0.8
565,82,0.8722260314972627,7,0.7,16,0.8
566,81,0.9204607046070461,7,0.7,16,0.8
567,82,0.8828702343248332,5,0.5,14,0.7
568,82,0.8804322982988867,7,0.7,16,0.8
569,82,0.8478902058096887,6,0.6,16,0.8
570,82,0.8782555697042914,8,0.8,14,0.7
571,82,0.8871148550842938,5,0.5,14,0.7
572,82,0.8631055386859089,8,0.8,14,0.7
573,82,0.873488534082128,6,0.6,15,0.75
574,82,0.8516341789923924,5,0.5,14,0.7
575,82,0.8677855051642887,5,0.5,17,0.85
576,82,0.86713248658591,7,0.7,16,0.8
577,82,0.8300192640480623,7,0.7,14,0.7
578,82,0.898325007346459,6,0.6,14,0.7
579,82,0.9135621075086252,7,0.7,17,0.85
580,82,0.8830226053264549,8,0.8,18,0.9
581,82,0.9171972442615992,7,0.7,16,0.8
582,82,0.9079896823064616,8,0.8,16,0.8
583,82,0.9085120971691645,5,0.5,17,0.85
584,82,0.879409235859427,8,0.8,17,0.85
585,82,0.8578596227729346,6,0.6,14,0.7
586,82,0.881629499025914,7,0.7,15,0.75
587,82,0.8941239211588904,7,0.7,12,0.6
588,82,0.8795180722891567,6,0.6,15,0.75
589,82,0.8594486346469891,7,0.7,15,0.75
590,82,0.8842633406253742,7,0.7,16,0.8
591,82,0.89159891598916,5,0.5,16,0.8
592,82,0.8797575124345621,6,0.6,14,0.7
593,82,0.8818036373134817,7,0.7,16,0.8
594,82,0.8763618158269937,7,0.7,16,0.8
595,82,0.8479990422394184,6,0.6,14,0.7
596,82,0.8813682915945625,7,0.7,15,0.75
597,82,0.9000010883642974,7,0.7,16,0.8
598,82,0.8470412816577965,8,0.8,16,0.8
599,82,0.8508070221264462,6,0.6,16,0.8
600,82,0.8379643234183346,8,0.8,17,0.85
601,82,0.9280808872345753,7,0.7,18,0.9
602,82,0.8653693364242879,6,0.6,13,0.65
603,82,0.8807805748740218,8,0.8,14,0.7
604,82,0.8840239004799686,7,0.7,18,0.9
605,82,0.8057922747902179,6,0.6,14,0.7
606,82,0.8564229819005018,5,0.5,14,0.7
607,82,0.8498927961167162,6,0.6,16,0.8
608,82,0.8266888692983315,5,0.5,14,0.7
609,82,0.8770366016913183,8,0.8,16,0.8
610,82,0.81384617059022,5,0.5,16,0.8
611,82,0.8934056007226739,7,0.7,17,0.85
612,82,0.876187677539426,6,0.6,17,0.85
613,82,0.8859394216432125,7,0.7,16,0.8
614,82,0.8894004201086187,8,0.8,15,0.75
615,82,0.8649339907053689,6,0.6,17,0.85
616,82,0.9188080234215997,8,0.8,16,0.8
617,82,0.8642809721269904,6,0.6,14,0.7
618,82,0.8780161295588861,7,0.7,17,0.85
619,81,0.911178861788618,6,0.6,16,0.8
620,82,0.8530055180069873,6,0.6,16,0.8
621,82,0.8158269936113016,6,0.6,13,0.65
622,82,0.9309759362653868,7,0.7,16,0.8
623,82,0.903353250399974,8,0.8,13,0.65
624,82,0.8790174247123997,6,0.6,17,0.85
625,82,0.9039845016924065,6,0.6,17,0.85
626,82,0.8883555903832132,6,0.6,16,0.8
627,82,0.838660876568605,5,0.5,15,0.75
628,82,0.8826743287513197,8,0.8,15,0.75
629,82,0.8912506394140247,7,0.7,17,0.85
630,82,0.8319130179253601,9,0.9,16,0.8
631,82,0.8564012146145558,5,0.5,15,0.75
632,82,0.8961700460378098,9,0.9,16,0.8
633,81,0.8793812104787715,7,0.7,15,0.75
634,82,0.914171591515112,6,0.6,16,0.8
635,82,0.9026784645356494,6,0.6,15,0.75
636,82,0.8687868003178024,6,0.6,15,0.75
637,82,0.8959741404642962,8,0.8,16,0.8
638,82,0.8786473808513187,7,0.7,16,0.8
639,82,0.8904670171199704,6,0.6,17,0.85
640,82,0.9125825796410575,5,0.5,16,0.8
641,82,0.8872454587999695,6,0.6,15,0.75
642,82,0.8390962222875241,6,0.6,13,0.65
643,82,0.8370718646945506,6,0.6,14,0.7
644,82,0.8895527911102404,5,0.5,14,0.7
645,82,0.9201793624361947,6,0.6,15,0.75
646,82,0.8939062482994308,5,0.5,14,0.7
647,82,0.8644333431286121,7,0.7,14,0.7
648,82,0.9236838954734929,7,0.7,18,0.9
649,82,0.825143391996169,6,0.6,14,0.7
650,82,0.8375072104134696,8,0.8,16,0.8
651,82,0.8340026773761714,8,0.8,15,0.75
652,82,0.8946028014497014,6,0.6,16,0.8
653,82,0.8943851285902418,5,0.5,16,0.8
654,82,0.8224442485388709,8,0.8,14,0.7
655,82,0.7825448133999412,5,0.5,15,0.75
656,82,0.9022213515307845,8,0.8,15,0.75
657,82,0.903723294261055,6,0.6,16,0.8
658,82,0.8675895995907751,8,0.8,15,0.75
659,82,0.8313906030626571,6,0.6,12,0.6
660,82,0.9202446642940326,8,0.8,15,0.75
661,82,0.8704628813356408,6,0.6,16,0.8
662,82,0.8665230025794235,7,0.7,14,0.7
663,82,0.9167401312567344,7,0.7,17,0.85
664,82,0.8006334280210272,6,0.6,14,0.7
665,82,0.9081420533080833,6,0.6,16,0.8
666,82,0.9066836451497046,8,0.8,17,0.85
667,82,0.9214418650210598,8,0.8,15,0.75
668,82,0.8909676646967273,5,0.5,15,0.75
669,81,0.85840108401084,8,0.8,14,0.7
670,82,0.8732490939367226,7,0.7,16,0.8
671,82,0.8235543801221145,6,0.6,15,0.75
672,82,0.880301694583211,5,0.5,17,0.85
673,82,0.8176119110588697,5,0.5,15,0.75
674,82,0.8971713411913236,7,0.7,18,0.9
675,82,0.8987168184934862,7,0.7,15,0.75
676,82,0.8720301259237492,7,0.7,15,0.75
677,81,0.8936991869918699,9,0.9,15,0.75
678,82,0.8573589751961778,6,0.6,16,0.8
679,82,0.8197233377956271,6,0.6,15,0.75
680,82,0.8550734101718527,7,0.7,15,0.75
681,82,0.8865489056496991,6,0.6,17,0.85
682,82,0.8591221253577997,6,0.6,14,0.7
683,82,0.9228785058934926,6,0.6,17,0.85
684,82,0.8998922519345677,8,0.8,16,0.8
685,82,0.8285173213177915,7,0.7,15,0.75
686,82,0.8882902885253752,6,0.6,13,0.65
687,82,0.856749491189691,6,0.6,16,0.8
688,82,0.9244457504816013,7,0.7,17,0.85
689,82,0.9077502421610562,6,0.6,16,0.8
690,82,0.9103405491886244,6,0.6,16,0.8
691,82,0.8527443105756358,6,0.6,12,0.6
692,82,0.9371796127599828,7,0.7,18,0.9
693,82,0.8449516222069852,6,0.6,15,0.75
694,82,0.9035273886875415,7,0.7,15,0.75
695,81,0.8986901535682023,7,0.7,16,0.8
696,82,0.8965183226129451,7,0.7,16,0.8
697,82,0.806575897084272,7,0.7,12,0.6
698,82,0.8831532090421306,7,0.7,17,0.85
699,82,0.8344597903810365,9,0.9,15,0.75
700,82,0.8699840010448299,9,0.9,17,0.85
701,82,0.876187677539426,7,0.7,17,0.85
702,82,0.9184597468464646,7,0.7,19,0.95
703,82,0.8917295197048356,7,0.7,16,0.8
704,82,0.8554652213188799,6,0.6,15,0.75
705,82,0.9016336348102437,7,0.7,14,0.7
706,82,0.8083390472458942,6,0.6,15,0.75
707,82,0.8060534822215691,6,0.6,16,0.8
708,82,0.8908370609810516,6,0.6,16,0.8
709,82,0.8675678323048291,6,0.6,15,0.75
710,82,0.9068142488653802,7,0.7,17,0.85
711,82,0.8744462946637499,7,0.7,16,0.8
712,82,0.8573372079102317,6,0.6,16,0.8
713,82,0.804769212350758,5,0.5,13,0.65
714,82,0.8241638641286011,7,0.7,15,0.75
715,82,0.8823260521761845,9,0.9,16,0.8
716,82,0.8949946125967284,8,0.8,14,0.7
717,82,0.8523960340005007,7,0.7,15,0.75
718,82,0.8207681675210325,5,0.5,15,0.75
719,82,0.8813029897367248,6,0.6,15,0.75
720,82,0.9182856085588967,7,0.7,17,0.85
721,82,0.8557481960361774,9,0.9,15,0.75
722,82,0.8474983946626615,6,0.6,14,0.7
723,82,0.8942327575886202,7,0.7,17,0.85
724,82,0.8650863617069905,6,0.6,15,0.75
725,82,0.888812703388078,6,0.6,17,0.85
726,82,0.8656958457134772,7,0.7,16,0.8
727,82,0.9120383974924087,8,0.8,17,0.85
728,82,0.9085556317410564,8,0.8,16,0.8
729,82,0.8429490318999576,6,0.6,15,0.75
730,82,0.8660441222886125,6,0.6,16,0.8
731,82,0.89251314199889,6,0.6,16,0.8
732,82,0.8334802625134685,7,0.7,13,0.65
733,82,0.8961918133237557,7,0.7,16,0.8
734,82,0.9151511193826799,7,0.7,18,0.9
735,82,0.8916424505610518,8,0.8,15,0.75
736,82,0.8653693364242879,7,0.7,17,0.85
737,82,0.8897269293978081,3,0.3,16,0.8
738,82,0.8765359541145613,8,0.8,16,0.8
739,82,0.8534190964399605,8,0.8,15,0.75
740,82,0.892447840141052,8,0.8,18,0.9
741,82,0.8272765860188723,7,0.7,15,0.75
742,82,0.9208541483005191,8,0.8,18,0.9
743,82,0.8577072517713129,7,0.7,17,0.85
744,82,0.8878114082345644,7,0.7,15,0.75
745,82,0.8969101337599722,9,0.9,16,0.8
746,82,0.895190518170242,7,0.7,16,0.8
747,82,0.8968230646161883,8,0.8,15,0.75
748,82,0.899217466070243,7,0.7,16,0.8
749,82,0.868525592886451,7,0.7,14,0.7
750,82,0.8759482373940206,7,0.7,16,0.8
751,82,0.8712247363437491,6,0.6,15,0.75
752,81,0.8604561878952123,7,0.7,16,0.8
753,82,0.894733405165377,7,0.7,16,0.8
754,82,0.8526572414318522,6,0.6,15,0.75
755,82,0.8574242770540155,6,0.6,15,0.75
756,82,0.8832402781859144,6,0.6,13,0.65
757,82,0.8197233377956271,8,0.8,16,0.8
758,82,0.8624960546794224,8,0.8,14,0.7
759,82,0.8712247363437491,7,0.7,16,0.8
760,82,0.8413382527399572,6,0.6,14,0.7
761,82,0.8826090268934818,7,0.7,15,0.75
762,82,0.855878799751853,5,0.5,15,0.75
763,82,0.8112558635626518,5,0.5,15,0.75
764,82,0.8916859851329436,7,0.7,16,0.8
765,82,0.8959306058924044,6,0.6,15,0.75
766,82,0.8249692537086014,7,0.7,15,0.75
767,82,0.8763400485410477,7,0.7,16,0.8
768,82,0.9175237535507886,6,0.6,16,0.8
769,82,0.8695486553259107,6,0.6,16,0.8
770,82,0.9218119088821409,7,0.7,15,0.75
771,82,0.8377248832729293,7,0.7,15,0.75
772,82,0.9061829975729477,8,0.8,15,0.75
773,82,0.8661529587183423,7,0.7,15,0.75
774,82,0.8713335727734788,7,0.7,15,0.75
775,82,0.9303011504010623,8,0.8,16,0.8
776,82,0.8689174040334781,6,0.6,15,0.75
777,82,0.8960394423221342,7,0.7,15,0.75
778,82,0.8868754149388883,8,0.8,16,0.8
779,82,0.8661529587183423,8,0.8,17,0.85
780,82,0.8503281418356352,8,0.8,16,0.8
781,82,0.8765577214005071,6,0.6,17,0.85
782,82,0.8996963463610541,6,0.6,18,0.9
783,82,0.8867883457951046,7,0.7,17,0.85
784,82,0.909208650319435,7,0.7,17,0.85
785,82,0.8858305852134828,5,0.5,15,0.75
786,82,0.8986950512075402,7,0.7,15,0.75
787,82,0.8700275356167216,6,0.6,15,0.75
788,82,0.8896833948259161,7,0.7,16,0.8
789,82,0.8790391919983458,6,0.6,14,0.7
790,82,0.9257735549243042,7,0.7,17,0.85
791,82,0.9016771693821357,7,0.7,14,0.7
792,82,0.9055082117086232,5,0.5,17,0.85
793,82,0.8971931084772695,8,0.8,18,0.9
794,82,0.8777984566994266,7,0.7,15,0.75
795,82,0.9188297907075456,5,0.5,16,0.8
796,82,0.8904887844059164,8,0.8,15,0.75
797,82,0.8983032400605131,7,0.7,14,0.7
798,82,0.8181343259215724,4,0.4,14,0.7
799,82,0.8281255101707644,5,0.5,14,0.7
800,82,0.8487173626756348,8,0.8,15,0.75
801,82,0.9180026338415995,7,0.7,16,0.8
802,82,0.901089452661595,7,0.7,15,0.75
803,82,0.8624089855356385,7,0.7,13,0.65
804,82,0.8426007553248224,7,0.7,16,0.8
805,82,0.8834797183313198,7,0.7,17,0.85
806,82,0.905116400561596,7,0.7,16,0.8
807,82,0.8740109489448308,8,0.8,14,0.7
808,81,0.8940379403794038,7,0.7,18,0.9
809,82,0.8451039932086069,7,0.7,13,0.65
810,82,0.8724437043567224,7,0.7,17,0.85
811,82,0.9010241508037571,5,0.5,16,0.8
812,82,0.8994133716437567,6,0.6,15,0.75
813,81,0.9311201445347786,8,0.8,19,0.95
814,82,0.9016336348102437,7,0.7,15,0.75
815,82,0.8556611268923934,6,0.6,15,0.75
816,82,0.8551604793156365,4,0.4,14,0.7
817,82,0.8710723653421274,7,0.7,17,0.85
818,82,0.8832185108999685,8,0.8,15,0.75
819,82,0.8867230439372668,8,0.8,15,0.75
820,82,0.8908370609810516,7,0.7,16,0.8
821,82,0.8366582862615775,6,0.6,12,0.6
822,82,0.9183073758448427,6,0.6,16,0.8
823,82,0.8934273680086199,7,0.7,16,0.8
824,82,0.8495009849696891,4,0.4,15,0.75
825,82,0.8606676026599624,4,0.4,16,0.8
826,81,0.9091915085817524,8,0.8,15,0.75
827,81,0.8837172538392051,6,0.6,15,0.75
828,82,0.905116400561596,6,0.6,14,0.7
829,82,0.8542244860199607,5,0.5,15,0.75
830,82,0.9119730956345709,7,0.7,17,0.85
831,82,0.8918818907064573,6,0.6,15,0.75
832,82,0.8719648240659115,7,0.7,16,0.8
833,82,0.8597969112221242,7,0.7,15,0.75
834,82,0.9138668495118687,6,0.6,16,0.8
835,82,0.9109064986232193,7,0.7,16,0.8
836,82,0.8772542745507778,6,0.6,16,0.8
837,82,0.887985546522132,6,0.6,15,0.75
838,82,0.8863530000761856,8,0.8,16,0.8
839,82,0.8953646564578096,8,0.8,16,0.8
840,82,0.8703758121918568,6,0.6,15,0.75
841,82,0.8354393182486042,6,0.6,16,0.8
842,82,0.8916424505610518,5,0.5,15,0.75
843,82,0.8692439133226673,6,0.6,17,0.85
844,82,0.8874631316594291,7,0.7,16,0.8
845,82,0.8612117848086112,8,0.8,14,0.7
846,82,0.8615818286696924,6,0.6,14,0.7
847,82,0.831956552497252,7,0.7,15,0.75
848,82,0.8428619627561738,6,0.6,16,0.8
849,82,0.9181114702713292,7,0.7,17,0.85
850,81,0.8987353206865402,5,0.5,16,0.8
851,82,0.8738368106572632,5,0.5,15,0.75
852,82,0.8753605206734799,8,0.8,16,0.8
853,82,0.8414688564556329,7,0.7,15,0.75
854,82,0.861690665099422,7,0.7,15,0.75
855,81,0.8714543812104788,8,0.8,18,0.9
856,82,0.8765577214005071,8,0.8,14,0.7
857,82,0.8744027600918579,8,0.8,16,0.8
858,82,0.8658699840010449,6,0.6,14,0.7
859,82,0.8877896409486183,6,0.6,15,0.75
860,82,0.8079037015269751,8,0.8,16,0.8
861,82,0.8363970788302261,5,0.5,14,0.7
862,82,0.8737715087994253,7,0.7,16,0.8
863,82,0.875752331820507,7,0.7,17,0.85
864,82,0.8362229405426586,7,0.7,15,0.75
865,82,0.9278196798032238,6,0.6,15,0.75
866,82,0.9135621075086252,6,0.6,16,0.8
867,82,0.9070101544388938,6,0.6,16,0.8
868,82,0.8980202653432158,6,0.6,17,0.85
869,82,0.841904202174552,6,0.6,16,0.8
870,82,0.9138015476540308,7,0.7,16,0.8
871,82,0.873510301368074,6,0.6,14,0.7
872,82,0.906052393857272,7,0.7,16,0.8
873,82,0.8731184902210468,6,0.6,16,0.8
874,82,0.8292574090399539,7,0.7,14,0.7
875,82,0.9024825589621358,5,0.5,16,0.8
876,82,0.8571195350507722,7,0.7,16,0.8
877,82,0.8890956781053755,6,0.6,15,0.75
878,82,0.8430796356156333,6,0.6,15,0.75
879,82,0.8973454794788911,5,0.5,17,0.85
880,82,0.8688521021756404,7,0.7,15,0.75
881,82,0.9237056627594389,6,0.6,16,0.8
882,82,0.8455828734994179,7,0.7,15,0.75
883,82,0.8215735571010329,6,0.6,17,0.85
884,82,0.906465972290245,7,0.7,18,0.9
885,82,0.9007629433724057,6,0.6,17,0.85
886,82,0.8435585159064442,5,0.5,15,0.75
887,82,0.8877896409486183,6,0.6,16,0.8
888,82,0.8506764184107706,6,0.6,14,0.7
889,82,0.8867883457951046,7,0.7,15,0.75
890,81,0.8790424570912375,7,0.7,16,0.8
891,82,0.8849381264896986,7,0.7,17,0.85
892,82,0.9026131626778114,5,0.5,15,0.75
893,82,0.8284955540318456,8,0.8,15,0.75
894,82,0.8357222929659016,6,0.6,14,0.7
895,82,0.8934926698664578,7,0.7,16,0.8
896,82,0.8634538152610441,8,0.8,15,0.75
897,82,0.8851775666351042,6,0.6,15,0.75
898,82,0.8733143957945604,6,0.6,16,0.8
899,82,0.8926872802864575,7,0.7,16,0.8
900,82,0.8456699426432016,7,0.7,16,0.8
901,82,0.8564012146145558,7,0.7,17,0.85
902,82,0.8643680412707742,6,0.6,14,0.7
903,82,0.9245545869113311,6,0.6,16,0.8
904,82,0.9165224583972746,8,0.8,14,0.7
905,82,0.8754258225313177,7,0.7,15,0.75
906,82,0.9157388361032206,7,0.7,15,0.75
907,82,0.8788650537107782,6,0.6,17,0.85
908,82,0.9083161915956509,5,0.5,16,0.8
909,82,0.8458223136448232,6,0.6,14,0.7
910,82,0.9043980801253797,6,0.6,17,0.85
911,82,0.9118860264907871,6,0.6,16,0.8
912,82,0.8538544421588795,7,0.7,15,0.75
913,82,0.8964965553269991,7,0.7,17,0.85
914,82,0.8761006083956422,8,0.8,15,0.75
915,82,0.8689391713194241,6,0.6,14,0.7
916,82,0.8991521642124053,7,0.7,14,0.7
917,82,0.8546380644529336,7,0.7,13,0.65
918,82,0.8163058739021125,5,0.5,13,0.65
919,81,0.8404245709123758,7,0.7,12,0.6
920,82,0.9293869243913322,8,0.8,18,0.9
921,82,0.9127784852145711,7,0.7,16,0.8
922,82,0.8808676440178057,6,0.6,16,0.8
923,82,0.9095786941805161,7,0.7,18,0.9
924,82,0.8953211218859176,7,0.7,16,0.8
925,82,0.9303011504010623,7,0.7,17,0.85
926,82,0.9136056420805172,7,0.7,15,0.75
927,82,0.8863747673621314,7,0.7,14,0.7
928,82,0.9316724894156572,7,0.7,17,0.85
929,82,0.8866359747934829,9,0.9,16,0.8
930,82,0.8535497001556361,8,0.8,15,0.75
931,82,0.8552910830313123,10,1.0,15,0.75
932,81,0.9115176151761517,6,0.6,16,0.8
933,82,0.9048769604161906,7,0.7,16,0.8
934,82,0.9251205363459257,8,0.8,17,0.85
935,82,0.894210990302674,8,0.8,17,0.85
936,82,0.8860700253588881,7,0.7,19,0.95
937,82,0.893819179155647,7,0.7,16,0.8
938,81,0.926513098464318,6,0.6,16,0.8
939,81,0.8978997289972899,6,0.6,15,0.75
940,82,0.8856346796399691,7,0.7,16,0.8
941,82,0.925011699916196,7,0.7,17,0.85
942,82,0.8974325486226751,5,0.5,17,0.85
943,82,0.8929702550037548,7,0.7,14,0.7
944,82,0.8871366223702397,7,0.7,16,0.8
945,82,0.8084696509615699,4,0.4,13,0.65
946,82,0.9013941946648382,4,0.4,14,0.7
947,82,0.9009370816599733,7,0.7,15,0.75
948,82,0.8437761887659039,7,0.7,17,0.85
949,82,0.8755564262469934,7,0.7,16,0.8
950,82,0.9184162122745726,8,0.8,17,0.85
951,82,0.9155646978156528,7,0.7,16,0.8
952,82,0.9027873009653791,8,0.8,16,0.8
953,82,0.8780814314167238,4,0.4,14,0.7
954,82,0.8650645944210448,8,0.8,17,0.85
955,82,0.9036144578313253,6,0.6,16,0.8
956,82,0.8665883044372613,8,0.8,16,0.8
957,82,0.8670889520140183,9,0.9,14,0.7
958,82,0.91229960492376,6,0.6,14,0.7
959,82,0.8796704432907783,8,0.8,18,0.9
960,82,0.8831967436140226,7,0.7,16,0.8
961,82,0.8526354741459061,7,0.7,15,0.75
962,82,0.9043327782675418,7,0.7,15,0.75
963,82,0.8054875327869746,6,0.6,15,0.75
964,82,0.903331483114028,7,0.7,16,0.8
965,82,0.8962353478956477,8,0.8,16,0.8
966,82,0.8686344293161807,5,0.5,15,0.75
967,81,0.9177506775067751,6,0.6,16,0.8
968,82,0.8643680412707742,5,0.5,16,0.8
969,82,0.8291703398961702,7,0.7,15,0.75
970,82,0.854072115018339,6,0.6,15,0.75
971,82,0.8697227936134784,7,0.7,15,0.75
972,82,0.8549210391702311,7,0.7,17,0.85
973,82,0.859992816795638,6,0.6,14,0.7
974,82,0.8827613978951034,5,0.5,15,0.75
975,82,0.9153905595280852,7,0.7,17,0.85
976,82,0.8873325279437535,6,0.6,16,0.8
977,82,0.9049204949880826,7,0.7,14,0.7
978,82,0.9026131626778114,5,0.5,16,0.8
979,82,0.9186121178480862,6,0.6,15,0.75
980,82,0.7930584125118358,4,0.4,15,0.75
981,82,0.8832402781859144,7,0.7,16,0.8
982,82,0.8883773576691589,7,0.7,17,0.85
983,82,0.8818689391713194,7,0.7,16,0.8
984,82,0.9002187612237569,9,0.9,14,0.7
985,82,0.8717253839205059,5,0.5,14,0.7
986,82,0.8912724066999708,7,0.7,17,0.85
987,82,0.8887691688161861,7,0.7,16,0.8
988,81,0.9130758807588075,6,0.6,16,0.8
989,82,0.7995885982956216,6,0.6,16,0.8
990,82,0.8955823293172691,9,0.9,18,0.9
991,81,0.877077687443541,8,0.8,17,0.85
992,82,0.8801057890096974,7,0.7,15,0.75
993,82,0.8638456264080713,6,0.6,13,0.65
994,82,0.8496533559713108,7,0.7,16,0.8
995,82,0.83556992196428,6,0.6,15,0.75
996,82,0.8384432037091456,5,0.5,14,0.7
997,82,0.9072931291561912,6,0.6,18,0.9
998,82,0.8611464829507733,6,0.6,17,0.85
999,82,0.8353087145329285,6,0.6,15,0.75
1000,82,0.8741197853745607,6,0.6,15,0.75
1001,82,0.899239233356189,6,0.6,16,0.8
1002,82,0.9065748087199749,7,0.7,17,0.85
1003,82,0.9092739521772728,7,0.7,15,0.75
1004,82,0.8932749970069983,6,0.6,16,0.8
1005,82,0.8498927961167162,7,0.7,13,0.65
1006,82,0.8677855051642887,7,0.7,18,0.9
1007,82,0.9212459594475463,7,0.7,17,0.85
1008,82,0.917371382549167,8,0.8,15,0.75
1009,82,0.8795616068610486,6,0.6,16,0.8
1010,82,0.8760353065378044,6,0.6,15,0.75
1011,81,0.8799457994579946,8,0.8,14,0.7
1012,82,0.8946245687356472,6,0.6,18,0.9
1013,82,0.8796922105767242,7,0.7,17,0.85
1014,82,0.8796704432907783,7,0.7,16,0.8
1015,82,0.8782338024183455,6,0.6,16,0.8
1016,82,0.8880073138080777,6,0.6,17,0.85
1017,82,0.8903146461183488,6,0.6,17,0.85
1018,82,0.8676331341626669,6,0.6,16,0.8
1019,82,0.8331972877961713,6,0.6,15,0.75
1020,82,0.8797792797205082,6,0.6,14,0.7
1021,82,0.7932107835134576,7,0.7,14,0.7
1022,82,0.8503281418356352,6,0.6,15,0.75
1023,82,0.9333921050053876,7,0.7,17,0.85
1024,82,0.9011112199475408,7,0.7,16,0.8
1025,82,0.8640632992675309,6,0.6,14,0.7
1026,82,0.8301063331918459,6,0.6,12,0.6
1027,81,0.9037262872628726,8,0.8,16,0.8
1028,82,0.8792133302859133,8,0.8,14,0.7
1029,82,0.8771672054069939,6,0.6,14,0.7
1030,82,0.8457352445010393,6,0.6,14,0.7
1031,82,0.8315865086361707,6,0.6,16,0.8
1032,82,0.8786691481372646,8,0.8,16,0.8
1033,82,0.882543725035644,6,0.6,16,0.8
1034,82,0.8636932554064497,7,0.7,16,0.8
1035,82,0.9469966587216074,7,0.7,18,0.9
1036,82,0.9004582013691623,7,0.7,17,0.85
1037,82,0.8837409257626713,6,0.6,15,0.75
1038,82,0.8872454587999695,6,0.6,15,0.75
1039,82,0.9178067282680858,7,0.7,17,0.85
1040,82,0.8889433071037539,7,0.7,15,0.75
1041,82,0.9086209335988942,9,0.9,16,0.8
1042,82,0.899261000642135,6,0.6,17,0.85
1043,82,0.8764053503988856,5,0.5,15,0.75
1044,82,0.8912941739859165,6,0.6,16,0.8
1045,82,0.8425789880388764,5,0.5,16,0.8
1046,82,0.8905540862637541,5,0.5,16,0.8
1047,82,0.9192651364264648,7,0.7,15,0.75
1048,82,0.8799969525799677,7,0.7,14,0.7
1049,82,0.8880073138080777,7,0.7,14,0.7
1050,82,0.8381166944199564,6,0.6,15,0.75
1051,82,0.9050728659897042,5,0.5,16,0.8
1052,82,0.8855476104961854,8,0.8,15,0.75
1053,82,0.8966924609005126,8,0.8,14,0.7
1054,82,0.9074890347297048,6,0.6,17,0.85
1055,82,0.8987821203513241,7,0.7,17,0.85
1056,82,0.826993611301575,6,0.6,17,0.85
1057,82,0.8976937560540266,7,0.7,17,0.85
1058,82,0.9072060600124073,5,0.5,14,0.7
1059,82,0.8743592255199661,8,0.8,15,0.75
1060,82,0.9070972235826776,8,0.8,18,0.9
1061,82,0.8792568648578053,7,0.7,15,0.75
1062,81,0.9051716350496839,7,0.7,15,0.75
1063,82,0.9112330079124087,7,0.7,15,0.75
1064,82,0.8790827265702377,6,0.6,15,0.75
1065,82,0.8832620454718604,7,0.7,17,0.85
1066,82,0.8800840217237513,7,0.7,17,0.85
1067,81,0.899051490514905,5,0.5,17,0.85
1068,82,0.9052034697053797,7,0.7,17,0.85
1069,82,0.8923607709972683,7,0.7,15,0.75
1070,82,0.8991739314983511,7,0.7,17,0.85
1071,82,0.8982814727745672,7,0.7,17,0.85
1072,81,0.8710704607046071,6,0.6,16,0.8
1073,81,0.885817524841915,6,0.6,16,0.8
1074,82,0.9143892643745715,7,0.7,17,0.85
1075,82,0.8976937560540266,7,0.7,15,0.75
1076,82,0.8497839596869864,6,0.6,15,0.75
1077,82,0.9259476932118719,6,0.6,17,0.85
1078,82,0.9052252369913257,6,0.6,16,0.8
1079,82,0.9062265321448394,8,0.8,14,0.7
1080,82,0.861277086666449,5,0.5,14,0.7
1081,82,0.8725090062145603,7,0.7,16,0.8
1082,82,0.8563794473286098,7,0.7,17,0.85
1083,82,0.8723348679269926,6,0.6,17,0.85
1084,82,0.8737279742275335,7,0.7,16,0.8
1085,82,0.9003928995113245,8,0.8,15,0.75
1086,82,0.9029396719670006,6,0.6,16,0.8
1087,82,0.8672630903015859,5,0.5,17,0.85
1088,82,0.8534626310118523,6,0.6,14,0.7
1089,82,0.8889868416756457,6,0.6,17,0.85
1090,82,0.9195916457156539,4,0.4,16,0.8
1091,82,0.8885079613848348,8,0.8,15,0.75
1092,82,0.8670236501561803,6,0.6,15,0.75
1093,82,0.8949728453107824,5,0.5,17,0.85
1094,82,0.9048769604161906,6,0.6,16,0.8
1095,82,0.8907499918372679,6,0.6,15,0.75
1096,82,0.9234662226140334,5,0.5,13,0.65
1097,82,0.8911418029842949,5,0.5,15,0.75
1098,82,0.820180450800492,6,0.6,14,0.7
1099,82,0.9218989780259249,7,0.7,18,0.9
1100,82,0.9297352009664676,8,0.8,18,0.9
1101,82,0.8800404871518595,6,0.6,15,0.75
1102,82,0.8981726363448375,8,0.8,17,0.85
1103,82,0.9452117412740394,7,0.7,17,0.85
1104,82,0.8904670171199704,8,0.8,16,0.8
1105,82,0.8814553607383464,7,0.7,16,0.8
1106,82,0.8880726156659157,6,0.6,15,0.75
1107,82,0.8921430981378088,6,0.6,15,0.75
1108,81,0.8799006323396567,7,0.7,15,0.75
1109,82,0.9071407581545696,9,0.9,17,0.85
1110,82,0.8966053917567289,6,0.6,16,0.8
1111,82,0.9009588489459193,8,0.8,15,0.75
1112,82,0.8737062069415875,6,0.6,15,0.75
1113,82,0.879322166715643,9,0.9,15,0.75
1114,82,0.9230091096091685,5,0.5,17,0.85
1115,82,0.9143892643745715,6,0.6,18,0.9
1116,82,0.8593397982172594,6,0.6,16,0.8
1117,82,0.8956911657469988,7,0.7,18,0.9
1118,82,0.9044851492691633,7,0.7,17,0.85
1119,82,0.9195698784297079,7,0.7,17,0.85
1120,82,0.8998487173626757,5,0.5,16,0.8
1121,82,0.8846116172005093,7,0.7,16,0.8
1122,82,0.9175237535507886,6,0.6,16,0.8
1123,82,0.9217466070243033,7,0.7,16,0.8
1124,82,0.9049204949880826,8,0.8,15,0.75
1125,82,0.9025913953918657,6,0.6,15,0.75
1126,82,0.90783731130484,8,0.8,17,0.85
1127,82,0.8819777756010491,4,0.4,14,0.7
1128,82,0.923618593615655,7,0.7,14,0.7
1129,82,0.907902613162678,7,0.7,17,0.85
1130,82,0.8736844396556416,6,0.6,16,0.8
1131,81,0.8824074074074073,8,0.8,13,0.65
1132,82,0.863954462837801,6,0.6,16,0.8
1133,82,0.8707240887669923,6,0.6,17,0.85
1134,82,0.8899010676853756,9,0.9,15,0.75
1135,82,0.9183509104167347,7,0.7,18,0.9
1136,82,0.8631926078296928,5,0.5,17,0.85
1137,82,0.867219555729694,7,0.7,15,0.75
1138,82,0.9092304176053808,7,0.7,17,0.85
1139,82,0.907902613162678,6,0.6,16,0.8
1140,82,0.9040280362642984,6,0.6,16,0.8
1141,81,0.8592818428184282,9,0.9,15,0.75
1142,82,0.9007411760864596,6,0.6,15,0.75
1143,82,0.7813476126729139,7,0.7,13,0.65
1144,82,0.85089409127023,8,0.8,15,0.75
1145,82,0.9230526441810605,6,0.6,16,0.8
1146,82,0.9246634233410607,7,0.7,17,0.85
1147,82,0.8729443519334792,7,0.7,15,0.75
1148,82,0.8804976001567245,5,0.5,16,0.8
1149,82,0.8559876361815827,4,0.4,15,0.75
1150,82,0.8991086296405133,5,0.5,15,0.75
1151,82,0.8569018621913126,7,0.7,15,0.75
1152,82,0.8651951981367204,8,0.8,16,0.8
1153,82,0.9034185522578119,5,0.5,18,0.9
1154,82,0.8753822879594259,5,0.5,15,0.75
1155,82,0.8535714674415822,7,0.7,14,0.7
1156,82,0.843232006617255,6,0.6,14,0.7
1157,82,0.8888997725318619,8,0.8,16,0.8
1158,82,0.8458876155026611,7,0.7,13,0.65
1159,82,0.8461705902199584,6,0.6,15,0.75
1160,82,0.9245981214832228,7,0.7,17,0.85
1161,82,0.9286033020972781,7,0.7,16,0.8
1162,82,0.8592309617875294,6,0.6,16,0.8
1163,82,0.8731837920788846,8,0.8,13,0.65
1164,82,0.8850469629194284,7,0.7,18,0.9
1165,82,0.9034838541156495,6,0.6,16,0.8
1166,82,0.9097963670399756,6,0.6,18,0.9
1167,82,0.9103840837605164,6,0.6,15,0.75
1168,82,0.8661747260042881,7,0.7,16,0.8
1169,82,0.919156299996735,7,0.7,17,0.85
1170,82,0.8858958870713205,7,0.7,15,0.75
1171,82,0.8689174040334781,8,0.8,17,0.85
1172,82,0.886157094502672,7,0.7,16,0.8
1173,82,0.8818471718853734,6,0.6,14,0.7
1174,82,0.9000663902221353,7,0.7,14,0.7
1175,82,0.8702887430480731,5,0.5,15,0.75
1176,82,0.880192858153481,6,0.6,15,0.75
1177,82,0.8821301466026709,7,0.7,15,0.75
1178,82,0.8622566145340169,5,0.5,17,0.85
1179,82,0.8983685419183509,9,0.9,15,0.75
1180,82,0.8851993339210501,6,0.6,14,0.7
1181,82,0.9032879485421361,7,0.7,17,0.85
1182,82,0.8823478194621303,7,0.7,16,0.8
1183,82,0.8884208922410509,7,0.7,17,0.85
1184,82,0.8962788824675396,7,0.7,15,0.75
1185,82,0.9055082117086232,6,0.6,16,0.8
1186,82,0.8176554456307615,6,0.6,16,0.8
1187,82,0.8858958870713205,9,0.9,15,0.75
1188,82,0.8693092151805052,6,0.6,15,0.75
1189,82,0.8741850872323984,6,0.6,15,0.75
1190,82,0.851351204275095,6,0.6,15,0.75
1191,82,0.8744680619496958,7,0.7,16,0.8
1192,82,0.8461270556480665,7,0.7,14,0.7
1193,82,0.8927525821442954,7,0.7,17,0.85
1194,82,0.9086644681707862,7,0.7,15,0.75
1195,82,0.8999140192205135,7,0.7,16,0.8
1196,82,0.856749491189691,6,0.6,14,0.7
1197,82,0.881194153306995,7,0.7,19,0.95
1198,82,0.91595650896268,7,0.7,17,0.85
1199,82,0.8881161502378077,6,0.6,15,0.75
1200,82,0.8293227108977917,6,0.6,16,0.8
1201,82,0.8615382940978005,7,0.7,15,0.75
1202,82,0.8974325486226751,5,0.5,17,0.85
1203,82,0.8600798859394216,8,0.8,15,0.75
1204,82,0.8972801776210534,6,0.6,17,0.85
1205,81,0.8916666666666667,5,0.5,17,0.85
1206,82,0.8683079200269915,6,0.6,16,0.8
1207,82,0.860406395228611,8,0.8,16,0.8
1208,82,0.9120383974924087,7,0.7,17,0.85
1209,82,0.8990215604967294,6,0.6,18,0.9
1210,82,0.9045504511270013,6,0.6,17,0.85
1211,82,0.8899446022572676,5,0.5,17,0.85
1212,82,0.8676331341626669,6,0.6,16,0.8
1213,82,0.8829137688967252,7,0.7,13,0.65
1214,82,0.8613641558102328,7,0.7,15,0.75
1215,82,0.8674372285891535,8,0.8,13,0.65
1216,82,0.7990226488610268,6,0.6,12,0.6
1217,82,0.846388263079418,7,0.7,15,0.75
1218,82,0.9056823499961909,9,0.9,16,0.8
1219,81,0.8559846431797652,8,0.8,13,0.65
1220,82,0.8644333431286121,7,0.7,16,0.8
1221,82,0.9179373319837616,7,0.7,15,0.75
1222,82,0.8348080669561717,7,0.7,13,0.65
1223,82,0.8949510780248364,6,0.6,17,0.85
1224,82,0.8586432450669889,7,0.7,16,0.8
1225,82,0.8988691894951079,7,0.7,16,0.8
1226,82,0.882979070754563,7,0.7,17,0.85
1227,82,0.8974978504805128,7,0.7,16,0.8
1228,82,0.9239015683329524,7,0.7,17,0.85
1229,82,0.8997181136469999,5,0.5,17,0.85
1230,82,0.8661094241464503,7,0.7,14,0.7
1231,82,0.9029832065388926,7,0.7,17,0.85
1232,82,0.8275813280221156,7,0.7,15,0.75
1233,82,0.9032008793983521,7,0.7,16,0.8
1234,82,0.90600885928538,7,0.7,16,0.8
1235,82,0.8459529173604988,7,0.7,13,0.65
1236,82,0.9086209335988942,6,0.6,17,0.85
1237,82,0.8781467332745617,8,0.8,14,0.7
1238,82,0.843188472045363,6,0.6,14,0.7
1239,82,0.9375931911929563,7,0.7,17,0.85
1240,82,0.8843286424832121,7,0.7,14,0.7
1241,82,0.8908805955529435,5,0.5,16,0.8
1242,82,0.8761659102534801,8,0.8,14,0.7
1243,82,0.9135621075086252,6,0.6,18,0.9
1244,82,0.9115159826297057,7,0.7,17,0.85
1245,82,0.854942806456177,7,0.7,13,0.65
1246,82,0.827820768167521,6,0.6,15,0.75
1247,82,0.895669398461053,8,0.8,18,0.9
1248,82,0.8923607709972683,8,0.8,15,0.75
1249,82,0.8706370196232083,8,0.8,18,0.9
1250,82,0.8842415733394281,6,0.6,15,0.75
1251,82,0.8163929430458964,7,0.7,13,0.65
1252,82,0.8551169447437447,7,0.7,17,0.85
1253,82,0.9000010883642974,7,0.7,17,0.85
1254,82,0.9094045558929486,5,0.5,17,0.85
1255,82,0.8969319010459182,6,0.6,15,0.75
1256,82,0.8268412402999532,6,0.6,15,0.75
1257,82,0.8708764597686138,7,0.7,17,0.85
1258,82,0.886570672935645,8,0.8,15,0.75
1259,82,0.8910547338405111,6,0.6,16,0.8
1260,82,0.8228360596858981,6,0.6,15,0.75
1261,82,0.8740327162307767,8,0.8,15,0.75
1262,81,0.8594625112917796,6,0.6,16,0.8
1263,82,0.9164136219675451,8,0.8,16,0.8
1264,82,0.8844810134848337,7,0.7,15,0.75
1265,82,0.8842851079113201,6,0.6,17,0.85
1266,82,0.8793003994296973,5,0.5,16,0.8
1267,82,0.8666318390091532,8,0.8,15,0.75
1268,82,0.8628660985405036,7,0.7,15,0.75
1269,82,0.8846116172005093,6,0.6,15,0.75
1270,82,0.9137144785102471,6,0.6,16,0.8
1271,82,0.8434496794767145,6,0.6,14,0.7
1272,82,0.8576419499134751,6,0.6,18,0.9
1273,82,0.8753605206734799,6,0.6,17,0.85
1274,82,0.8674154613032075,7,0.7,16,0.8
1275,82,0.8638673936940173,7,0.7,16,0.8
1276,82,0.8878549428064562,7,0.7,18,0.9
1277,82,0.8734014649383441,7,0.7,16,0.8
1278,82,0.887484898945375,5,0.5,16,0.8
1279,82,0.9077502421610562,6,0.6,14,0.7
1280,82,0.8934491352945658,5,0.5,15,0.75
1281,82,0.8815641971680762,5,0.5,17,0.85
1282,82,0.8919907271361871,6,0.6,17,0.85
1283,82,0.8607764390896921,6,0.6,16,0.8
1284,82,0.8998051827907838,5,0.5,17,0.85
1285,82,0.8586432450669889,6,0.6,13,0.65
1286,82,0.9376584930507941,7,0.7,16,0.8
1287,82,0.9000881575080811,7,0.7,17,0.85
1288,82,0.8916424505610518,6,0.6,16,0.8
1289,82,0.8801275562956433,8,0.8,14,0.7
1290,81,0.8436314363143631,5,0.5,14,0.7
1291,82,0.8557046614642854,8,0.8,15,0.75
1292,82,0.8925349092848358,6,0.6,16,0.8
1293,82,0.9107323603356515,6,0.6,16,0.8
1294,82,0.8989997932107835,7,0.7,17,0.85
1295,82,0.916000043534572,8,0.8,17,0.85
1296,82,0.8808241094459137,6,0.6,15,0.75
1297,81,0.8923215898825655,8,0.8,14,0.7
1298,82,0.872574308072398,7,0.7,15,0.75
1299,82,0.8314341376345491,6,0.6,15,0.75
1300,82,0.9095351596086243,8,0.8,14,0.7
1301,82,0.8537238384432038,8,0.8,15,0.75
1302,82,0.8551387120296906,8,0.8,15,0.75
1303,82,0.8225966195404927,6,0.6,14,0.7
1304,82,0.8923172364253763,7,0.7,16,0.8
1305,82,0.9124955104972736,6,0.6,17,0.85
1306,82,0.8416647620291464,5,0.5,15,0.75
1307,82,0.8744245273778039,9,0.9,16,0.8
1308,82,0.8845680826286174,7,0.7,13,0.65
1309,82,0.9156299996734907,5,0.5,16,0.8
1310,82,0.8916859851329436,7,0.7,17,0.85
1311,82,0.895190518170242,7,0.7,16,0.8
1312,82,0.9149987483810582,8,0.8,17,0.85
1313,82,0.8556393596064474,6,0.6,16,0.8
1314,82,0.8864183019340234,7,0.7,14,0.7
1315,82,0.8654346382821257,6,0.6,15,0.75
1316,82,0.8673066248734776,6,0.6,14,0.7
1317,82,0.9089909774599754,5,0.5,16,0.8
1318,82,0.8526137068599602,5,0.5,14,0.7
1319,81,0.8939701897018969,7,0.7,15,0.75
1320,82,0.9179373319837616,5,0.5,18,0.9
1321,82,0.8601234205113136,5,0.5,14,0.7
1322,82,0.8713553400594247,4,0.4,16,0.8
1323,81,0.8718383017163505,5,0.5,16,0.8
1324,82,0.8706370196232083,6,0.6,18,0.9
1325,82,0.8111252598469759,5,0.5,13,0.65
1326,82,0.9255558820648448,7,0.7,16,0.8
1327,82,0.8546815990248255,7,0.7,16,0.8
1328,82,0.8624742873934764,7,0.7,15,0.75
1329,82,0.9020036786713249,6,0.6,16,0.8
1330,82,0.8813247570226705,7,0.7,15,0.75
1331,82,0.8735973705118578,5,0.5,16,0.8
1332,82,0.883436183759428,6,0.6,14,0.7
1333,82,0.8986732839215943,6,0.6,16,0.8
1334,82,0.7913387969221057,7,0.7,13,0.65
1335,82,0.8285390886037375,5,0.5,15,0.75
1336,82,0.876187677539426,7,0.7,15,0.75
1337,82,0.8993263024999729,7,0.7,16,0.8
1338,82,0.8760788411096962,5,0.5,14,0.7
1339,82,0.8280166737410347,4,0.4,15,0.75
1340,82,0.8984120764902429,8,0.8,16,0.8
1341,82,0.9053993752788936,8,0.8,18,0.9
1342,82,0.8483255515286077,6,0.6,15,0.75
1343,82,0.9044416146972714,7,0.7,16,0.8
1344,82,0.8996528117891621,7,0.7,15,0.75
1345,82,0.8492180102523916,6,0.6,16,0.8
1346,82,0.8121700895723818,6,0.6,12,0.6
1347,82,0.9087080027426782,7,0.7,17,0.85
1348,82,0.8855693777821313,7,0.7,16,0.8
1349,82,0.8715512456329383,7,0.7,16,0.8
1350,82,0.8483255515286077,7,0.7,16,0.8
1351,82,0.8470630489437426,6,0.6,14,0.7
1352,82,0.9129308562161927,8,0.8,16,0.8
1353,82,0.8545074607372579,6,0.6,15,0.75
1354,82,0.8592309617875294,8,0.8,16,0.8
1355,81,0.8596657633242999,6,0.6,16,0.8
1356,82,0.9073366637280832,8,0.8,17,0.85
1357,82,0.8841980387675362,6,0.6,17,0.85
1358,82,0.8835885547610497,7,0.7,15,0.75
1359,82,0.8225748522545467,7,0.7,16,0.8
1360,82,0.849958097974554,4,0.4,14,0.7
1361,82,0.8988038876372699,7,0.7,15,0.75
1362,82,0.9095133923226781,5,0.5,14,0.7
1363,82,0.8952340527421339,7,0.7,17,0.85
1364,82,0.8976719887680805,7,0.7,16,0.8
1365,82,0.9345457711605228,7,0.7,19,0.95
1366,82,0.8780378968448319,6,0.6,15,0.75
1367,82,0.8122571587161654,6,0.6,13,0.65
1368,82,0.9281679563783589,5,0.5,16,0.8
1369,82,0.8798010470064541,6,0.6,15,0.75
1370,82,0.9033967849718658,8,0.8,15,0.75
1371,82,0.8054657655010284,6,0.6,15,0.75
1372,82,0.8228142923999521,9,0.9,16,0.8
1373,82,0.8763835831129397,5,0.5,16,0.8
1374,82,0.807511890379948,7,0.7,14,0.7
1375,82,0.8555305231767177,6,0.6,15,0.75
1376,82,0.8703758121918568,8,0.8,16,0.8
1377,82,0.8271242150172506,7,0.7,14,0.7
1378,82,0.9008064779442975,5,0.5,16,0.8
1379,81,0.8697380307136404,5,0.5,15,0.75
1380,82,0.9245545869113311,8,0.8,17,0.85
1381,82,0.9125608123551116,7,0.7,16,0.8
1382,82,0.8747728039529393,6,0.6,16,0.8
1383,82,0.8694180516102349,8,0.8,16,0.8
1384,82,0.8470412816577965,6,0.6,15,0.75
1385,82,0.8828702343248332,4,0.4,17,0.85
1386,82,0.8915771487032139,7,0.7,17,0.85
1387,82,0.9000663902221353,9,0.9,17,0.85
1388,82,0.8880508483799697,6,0.6,17,0.85
1389,82,0.8874631316594291,9,0.9,17,0.85
1390,82,0.8345686268107662,9,0.9,15,0.75
1391,82,0.8697663281853703,5,0.5,15,0.75
1392,82,0.8655217074259096,7,0.7,16,0.8
1393,82,0.8718995222080735,7,0.7,14,0.7
1394,82,0.8752299169578042,6,0.6,16,0.8
1395,82,0.9093827886070027,6,0.6,17,0.85
1396,82,0.8935144371524036,8,0.8,17,0.85
1397,82,0.8860482580729422,6,0.6,16,0.8
1398,82,0.8668059772967208,7,0.7,16,0.8
1399,81,0.8525971093044264,7,0.7,17,0.85
1400,82,0.9261871333572773,8,0.8,16,0.8
1401,82,0.9058564882837584,7,0.7,16,0.8
1402,82,0.8877678736626724,6,0.6,14,0.7
1403,82,0.894210990302674,9,0.9,17,0.85
1404,82,0.8945157323059175,7,0.7,16,0.8
1405,82,0.8787779845669943,7,0.7,17,0.85
1406,82,0.885242868492942,6,0.6,17,0.85
1407,82,0.8046603759210283,6,0.6,15,0.75
1408,82,0.910057574471327,6,0.6,14,0.7
1409,82,0.8865924402215911,7,0.7,16,0.8
1410,82,0.9175455208367344,8,0.8,14,0.7
1411,82,0.8738585779432092,6,0.6,14,0.7
1412,82,0.8634320479750982,6,0.6,14,0.7
1413,82,0.8267759384421154,5,0.5,16,0.8
1414,82,0.9099922726134891,7,0.7,16,0.8
1415,82,0.8441026980550931,6,0.6,16,0.8
1416,82,0.891555381417268,6,0.6,16,0.8
1417,82,0.8901840424026731,7,0.7,16,0.8
1418,82,0.8654564055680719,6,0.6,16,0.8
1419,81,0.9012646793134597,7,0.7,17,0.85
1420,82,0.8624307528215845,7,0.7,14,0.7
1421,82,0.858142597490232,7,0.7,15,0.75
1422,82,0.8833055800437524,7,0.7,15,0.75
1423,82,0.8738150433713172,7,0.7,17,0.85
1424,82,0.8528749142913116,7,0.7,16,0.8
1425,82,0.8732055593648307,5,0.5,15,0.75
1426,82,0.917327847977275,7,0.7,16,0.8
1427,82,0.9012853582351085,7,0.7,16,0.8
1428,82,0.8706805541951003,7,0.7,16,0.8
1429,82,0.887049553226456,7,0.7,14,0.7
1430,82,0.9268183846497101,6,0.6,16,0.8
1431,82,0.8195274322221133,7,0.7,13,0.65
1432,82,0.9161306472502476,5,0.5,16,0.8
1433,82,0.8950599144545662,6,0.6,16,0.8
1434,82,0.8625178219653682,7,0.7,17,0.85
1435,82,0.9083379588815969,7,0.7,14,0.7
1436,81,0.8684056007226738,6,0.6,16,0.8
1437,82,0.8151086731750851,8,0.8,14,0.7
1438,82,0.8806717384442921,7,0.7,17,0.85
1439,82,0.8704411140496947,6,0.6,17,0.85
1440,82,0.9058129537118664,7,0.7,17,0.85
1441,82,0.8978896616275399,7,0.7,15,0.75
1442,82,0.843232006617255,5,0.5,13,0.65
1443,82,0.8342421175215768,5,0.5,16,0.8
1444,82,0.7799545063723728,6,0.6,13,0.65
1445,81,0.8945573622402891,8,0.8,17,0.85
1446,82,0.8518736191377978,5,0.5,16,0.8
1447,82,0.8550734101718527,7,0.7,16,0.8
1448,82,0.9424908305307953,7,0.7,15,0.75
1449,82,0.8634973498329361,9,0.9,15,0.75
1450,82,0.8639762301237471,7,0.7,15,0.75
1451,82,0.9023519552464602,8,0.8,15,0.75
1452,81,0.857813911472448,7,0.7,17,0.85
1453,82,0.8604716970864489,6,0.6,14,0.7
1454,82,0.8469106779421208,7,0.7,16,0.8
1455,82,0.8696357244696946,6,0.6,13,0.65
1456,82,0.917327847977275,6,0.6,16,0.8
1457,81,0.8735094850948508,7,0.7,17,0.85
1458,82,0.8695704226118567,8,0.8,17,0.85
1459,82,0.8967795300442966,8,0.8,16,0.8
1460,82,0.8605587662302325,8,0.8,16,0.8
1461,82,0.8677855051642887,6,0.6,13,0.65
1462,82,0.8701799066183434,6,0.6,14,0.7
1463,82,0.8530925871507712,7,0.7,15,0.75
1464,82,0.9006541069426759,7,0.7,15,0.75
1465,82,0.8650428271350987,6,0.6,16,0.8
1466,82,0.9046592875567312,6,0.6,14,0.7
1467,82,0.8777766894134805,6,0.6,17,0.85
1468,81,0.9131662149954831,7,0.7,16,0.8
1469,82,0.8074683558080562,6,0.6,14,0.7
1470,82,0.8556828941783394,5,0.5,16,0.8
1471,82,0.9169360368302479,8,0.8,17,0.85
1472,82,0.9070319217248397,8,0.8,16,0.8
1473,82,0.883849762192401,7,0.7,15,0.75
1474,82,0.8417735984588763,6,0.6,15,0.75
1475,82,0.9088821410302457,6,0.6,17,0.85
1476,82,0.8632361424015847,5,0.5,14,0.7
1477,82,0.8653693364242879,7,0.7,15,0.75
1478,82,0.8832402781859144,6,0.6,14,0.7
1479,82,0.8979549634853778,7,0.7,16,0.8
1480,82,0.8796704432907783,6,0.6,17,0.85
1481,82,0.8651951981367204,7,0.7,17,0.85
1482,81,0.8436088527551941,7,0.7,16,0.8
1483,82,0.8796704432907783,6,0.6,14,0.7
1484,82,0.859426867361043,7,0.7,15,0.75
1485,82,0.8814553607383464,6,0.6,15,0.75
1486,82,0.8828049324669954,8,0.8,16,0.8
1487,82,0.8520477574253654,7,0.7,15,0.75
1488,82,0.9092739521772728,8,0.8,16,0.8
1489,82,0.917284313405383,4,0.4,15,0.75
1490,82,0.8772107399788858,8,0.8,16,0.8
1491,82,0.8910547338405111,7,0.7,15,0.75
1492,82,0.852221895712933,4,0.4,16,0.8
1493,82,0.8989780259248376,8,0.8,16,0.8
1494,82,0.8858305852134828,6,0.6,14,0.7
1495,82,0.8421218750340114,7,0.7,15,0.75
1496,82,0.8751210805280744,5,0.5,16,0.8
1497,82,0.8772107399788858,7,0.7,15,0.75
1498,82,0.9276020069437644,5,0.5,15,0.75
1499,82,0.8556175923205015,7,0.7,15,0.75
1500,82,0.9086862354567321,6,0.6,15,0.75
1501,82,0.8000892458723785,6,0.6,17,0.85
1502,82,0.9280591199486293,6,0.6,17,0.85
1503,82,0.9198963877188974,6,0.6,18,0.9
1504,82,0.8530708198648251,7,0.7,15,0.75
1505,82,0.9027873009653791,6,0.6,15,0.75
1506,82,0.9062918340026773,6,0.6,17,0.85
1507,81,0.9028681120144535,5,0.5,16,0.8
1508,82,0.9050946332756501,7,0.7,16,0.8
1509,82,0.9255341147788989,5,0.5,18,0.9
1510,82,0.8375289776994156,6,0.6,15,0.75
1511,82,0.8990433277826755,9,0.9,14,0.7
1512,82,0.8656740784275313,6,0.6,16,0.8
1513,82,0.899239233356189,4,0.4,15,0.75
1514,82,0.8823695867480764,8,0.8,17,0.85
1515,82,0.8866359747934829,6,0.6,15,0.75
1516,82,0.8890303762475376,7,0.7,16,0.8
1517,82,0.835091041673469,8,0.8,16,0.8
1518,82,0.8875502008032129,5,0.5,16,0.8
1519,82,0.8351998781031988,7,0.7,14,0.7
1520,82,0.8764488849707774,8,0.8,13,0.65
1521,82,0.892012494422133,6,0.6,16,0.8
1522,82,0.8726613772161819,6,0.6,16,0.8
1523,82,0.827864302739413,6,0.6,14,0.7
1524,82,0.8927961167161872,7,0.7,17,0.85
1525,82,0.8527660778615819,6,0.6,15,0.75
1526,82,0.85901328892807,6,0.6,17,0.85
1527,82,0.895669398461053,8,0.8,15,0.75
1528,82,0.9189168598513294,5,0.5,16,0.8
1529,81,0.9164859981933152,7,0.7,16,0.8
1530,82,0.8309117227718462,6,0.6,13,0.65
1531,82,0.8703975794778028,7,0.7,16,0.8
1532,82,0.9137797803680847,6,0.6,17,0.85
1533,82,0.8778855258432102,5,0.5,16,0.8
1534,82,0.8702452084761811,7,0.7,16,0.8
1535,82,0.8973237121929452,9,0.9,15,0.75
1536,82,0.8815641971680762,7,0.7,15,0.75
1537,82,0.9125608123551116,6,0.6,17,0.85
1538,82,0.8923825382832142,7,0.7,16,0.8
1539,82,0.86175596695726,7,0.7,17,0.85
1540,82,0.8588826852123944,6,0.6,16,0.8
1541,82,0.9401834982205246,7,0.7,16,0.8
1542,82,0.8901840424026731,7,0.7,17,0.85
1543,82,0.8637585572642875,7,0.7,15,0.75
1544,82,0.8970407374756479,6,0.6,16,0.8
1545,82,0.8395533352923892,7,0.7,15,0.75
1546,82,0.872574308072398,6,0.6,15,0.75
1547,82,0.8548775045983393,7,0.7,16,0.8
1548,82,0.909208650319435,7,0.7,16,0.8
1549,82,0.9057911864259205,7,0.7,15,0.75
1550,82,0.8990868623545674,6,0.6,16,0.8
1551,82,0.8830879071842926,7,0.7,16,0.8
1552,82,0.9008500125161895,7,0.7,16,0.8
1553,82,0.8541156495902309,5,0.5,16,0.8
1554,82,0.8953211218859176,7,0.7,14,0.7
1555,82,0.9070101544388938,6,0.6,15,0.75
1556,82,0.8781249659886158,6,0.6,15,0.75
1557,82,0.8961918133237557,6,0.6,14,0.7
1558,82,0.877101903549156,6,0.6,14,0.7
1559,82,0.879409235859427,5,0.5,16,0.8
1560,82,0.8919254252783492,6,0.6,15,0.75
1561,82,0.8697880954713161,6,0.6,18,0.9
1562,82,0.9118424919188951,6,0.6,17,0.85
1563,82,0.8384214364231997,6,0.6,17,0.85
1564,82,0.8546598317388797,6,0.6,13,0.65
1565,82,0.8722477987832088,8,0.8,15,0.75
1566,82,0.8469324452280668,8,0.8,12,0.6
1567,82,0.9319989987048465,7,0.7,16,0.8
1568,81,0.8457317073170731,7,0.7,15,0.75
1569,82,0.856771258475637,5,0.5,15,0.75
1570,82,0.8516341789923924,7,0.7,14,0.7
1571,82,0.861777734243206,7,0.7,15,0.75
1572,82,0.8996528117891621,7,0.7,17,0.85
1573,82,0.8568365603334749,6,0.6,15,0.75
1574,82,0.8984991456340267,8,0.8,17,0.85
1575,82,0.8909241301248353,7,0.7,16,0.8
1576,82,0.861690665099422,6,0.6,15,0.75
1577,82,0.9154558613859232,6,0.6,18,0.9
1578,82,0.899239233356189,5,0.5,17,0.85
1579,82,0.8388785494280646,6,0.6,12,0.6
1580,82,0.8706370196232083,5,0.5,17,0.85
1581,82,0.8921213308518627,7,0.7,16,0.8
1582,82,0.84815141324104,6,0.6,16,0.8
1583,82,0.8966053917567289,6,0.6,19,0.95
1584,82,0.89251314199889,8,0.8,16,0.8
1585,82,0.8843939443410498,7,0.7,15,0.75
1586,82,0.8885297286707807,6,0.6,16,0.8
1587,82,0.9110153350529488,7,0.7,16,0.8
1588,82,0.8872236915140237,6,0.6,16,0.8
1589,82,0.8521130592832034,7,0.7,15,0.75
1590,82,0.892926720431863,6,0.6,16,0.8
1591,82,0.8199192433691405,4,0.4,16,0.8
1592,82,0.9198963877188974,7,0.7,18,0.9
1593,82,0.8810417823053733,7,0.7,16,0.8
1594,82,0.8977808251978102,6,0.6,15,0.75
1595,82,0.9269054537934938,6,0.6,16,0.8
1596,82,0.8816948008837519,6,0.6,14,0.7
1597,82,0.9136709439383551,7,0.7,16,0.8
1598,82,0.8841980387675362,5,0.5,16,0.8
1599,82,0.8030931313329198,5,0.5,15,0.75
1600,82,0.9013071255210545,7,0.7,14,0.7
1601,81,0.9299006323396567,8,0.8,17,0.85
1602,82,0.908729770028624,7,0.7,16,0.8
1603,82,0.8991956987842973,8,0.8,14,0.7
1604,82,0.8783208715621293,6,0.6,15,0.75
1605,81,0.8552845528455285,5,0.5,17,0.85
1606,82,0.8985644474918646,7,0.7,16,0.8
1607,81,0.8251355013550136,7,0.7,13,0.65
1608,82,0.860297558798881,6,0.6,17,0.85
1609,82,0.9144981008043013,7,0.7,15,0.75
1610,82,0.8618212688150978,7,0.7,16,0.8
1611,82,0.9039409671205145,7,0.7,17,0.85
1612,82,0.9116683536313276,7,0.7,17,0.85
1613,82,0.8891174453913215,6,0.6,16,0.8
1614,82,0.7868982705891315,8,0.8,16,0.8
1615,82,0.9195481111437619,8,0.8,17,0.85
1616,82,0.9186556524199782,7,0.7,16,0.8
1617,82,0.8876590372329427,7,0.7,16,0.8
1618,81,0.880962059620596,5,0.5,15,0.75
1619,82,0.8966924609005126,6,0.6,16,0.8
1620,82,0.8897051621118621,7,0.7,14,0.7
1621,82,0.9000228556502433,8,0.8,16,0.8
1622,82,0.8588826852123944,8,0.8,15,0.75
1623,82,0.8983032400605131,6,0.6,15,0.75
1624,82,0.8887256342442943,7,0.7,16,0.8
1625,82,0.8510464622718518,6,0.6,15,0.75
1626,82,0.868090247167532,5,0.5,13,0.65
1627,82,0.8611464829507733,8,0.8,13,0.65
1628,82,0.9081638205940293,6,0.6,16,0.8
1629,82,0.9032879485421361,7,0.7,14,0.7
1630,82,0.8945592668778094,8,0.8,15,0.75
1631,82,0.9273843340843047,7,0.7,16,0.8
1632,82,0.8937103427259172,6,0.6,16,0.8
1633,82,0.8400322155832001,7,0.7,14,0.7
1634,82,0.8545509953091499,5,0.5,13,0.65
1635,82,0.8963441843253774,8,0.8,17,0.85
1636,82,0.8848510573459148,6,0.6,16,0.8
1637,82,0.9077720094470021,7,0.7,16,0.8
1638,82,0.9066618778637586,7,0.7,17,0.85
1639,82,0.9069448525810561,8,0.8,16,0.8
1640,81,0.8110207768744354,5,0.5,14,0.7
1641,82,0.8985426802059185,7,0.7,15,0.75
1642,82,0.867154253871856,7,0.7,16,0.8
1643,82,0.9029179046810549,6,0.6,15,0.75
1644,82,0.875730564534561,6,0.6,16,0.8
1645,81,0.8962737127371274,6,0.6,16,0.8
1646,82,0.8471936526594183,7,0.7,15,0.75
1647,82,0.8790609592842915,7,0.7,17,0.85
1648,82,0.9117989573470032,8,0.8,17,0.85
1649,82,0.9110153350529488,6,0.6,16,0.8
1650,82,0.8972148757632155,5,0.5,16,0.8
1651,81,0.9023261065943993,7,0.7,16,0.8
1652,82,0.8952122854561879,8,0.8,15,0.75
1653,82,0.8432973084750928,7,0.7,16,0.8
1654,82,0.8630184695421252,6,0.6,16,0.8
1655,82,0.9005888050848381,6,0.6,16,0.8
1656,82,0.8362229405426586,6,0.6,15,0.75
1657,82,0.8520695247113115,6,0.6,14,0.7
1658,82,0.8711158999140194,6,0.6,15,0.75
1659,82,0.886135327216726,7,0.7,16,0.8
1660,82,0.9107976621934893,6,0.6,17,0.85
1661,82,0.9050728659897042,7,0.7,15,0.75
1662,82,0.9225737638902494,7,0.7,18,0.9
1663,82,0.875752331820507,6,0.6,15,0.75
1664,82,0.8501540035480676,8,0.8,14,0.7
1665,82,0.8762312121113179,7,0.7,17,0.85
1666,82,0.8693745170383431,7,0.7,18,0.9
1667,82,0.8962353478956477,6,0.6,17,0.85
1668,82,0.9156517669594367,6,0.6,14,0.7
1669,82,0.8770583689772641,8,0.8,16,0.8
1670,82,0.8821954484605088,6,0.6,17,0.85
1671,82,0.8887691688161861,8,0.8,15,0.75
1672,82,0.8717689184923978,6,0.6,14,0.7
1673,82,0.8620607089605032,7,0.7,17,0.85
1674,82,0.8103416375529218,7,0.7,14,0.7
1675,82,0.8862223963605099,8,0.8,14,0.7
1676,82,0.9313895146983597,8,0.8,17,0.85
1677,82,0.9281026545205212,7,0.7,16,0.8
1678,82,0.8614947595259085,7,0.7,13,0.65
1679,82,0.8833491146156441,7,0.7,16,0.8
1680,82,0.8354610855345502,8,0.8,16,0.8
1681,82,0.849566286827527,6,0.6,15,0.75
1682,82,0.873466766796182,7,0.7,16,0.8
1683,82,0.8680249453096941,5,0.5,17,0.85
1684,82,0.8555522904626637,5,0.5,15,0.75
1685,82,0.8961700460378098,6,0.6,17,0.85
1686,82,0.8837844603345633,7,0.7,17,0.85
1687,82,0.8953211218859176,5,0.5,16,0.8
1688,82,0.8794310031453729,6,0.6,16,0.8
1689,82,0.8758394009642909,7,0.7,16,0.8
1690,82,0.8840892023378065,7,0.7,15,0.75
1691,82,0.8462794266496882,6,0.6,15,0.75
1692,82,0.8561835417550963,7,0.7,16,0.8
1693,82,0.8937103427259172,6,0.6,16,0.8
1694,82,0.8901187405448352,6,0.6,14,0.7
1695,82,0.8664794680075315,7,0.7,17,0.85
1696,82,0.883849762192401,6,0.6,17,0.85
1697,82,0.8203981236599514,6,0.6,16,0.8
1698,82,0.894689870593485,6,0.6,15,0.75
1699,82,0.8556393596064474,7,0.7,15,0.75
1700,82,0.8541156495902309,5,0.5,15,0.75
1701,82,0.8710070634842895,6,0.6,15,0.75
1702,82,0.8788432864248321,5,0.5,14,0.7
1703,82,0.8464535649372559,7,0.7,16,0.8
1704,82,0.8650863617069905,7,0.7,17,0.85
1705,82,0.9067489470075424,9,0.9,15,0.75
1706,82,0.8821301466026709,8,0.8,15,0.75
1707,82,0.9365048268956586,6,0.6,17,0.85
1708,82,0.8353740163907662,6,0.6,15,0.75
1709,82,0.8658046821432069,6,0.6,16,0.8
1710,82,0.8995222080734865,7,0.7,18,0.9
1711,82,0.8600798859394216,6,0.6,16,0.8
1712,82,0.8461270556480665,7,0.7,13,0.65
1713,82,0.8738150433713172,6,0.6,15,0.75
1714,82,0.889291583678889,6,0.6,17,0.85
1715,82,0.8492397775383376,5,0.5,15,0.75
1716,82,0.8211599786680599,7,0.7,15,0.75
1717,81,0.8964543812104786,7,0.7,15,0.75
1718,82,0.8929049531459171,7,0.7,15,0.75
1719,82,0.8430361010437415,5,0.5,17,0.85
1720,82,0.8628660985405036,6,0.6,15,0.75
1721,82,0.8627354948248278,6,0.6,15,0.75
1722,82,0.8645857141302337,7,0.7,17,0.85
1723,82,0.8163711757599504,6,0.6,14,0.7
1724,82,0.8813465243086166,6,0.6,16,0.8
1725,82,0.8657393802853691,7,0.7,15,0.75
1726,81,0.8505871725383921,6,0.6,15,0.75
1727,82,0.82287959425779,5,0.5,14,0.7
1728,82,0.8328272439350901,7,0.7,16,0.8
1729,82,0.8839150640502389,6,0.6,14,0.7
1730,82,0.8952775873140258,4,0.4,14,0.7
1731,82,0.8702452084761811,7,0.7,17,0.85
1732,82,0.8868971822248344,6,0.6,15,0.75
1733,82,0.8772978091226695,6,0.6,15,0.75
1734,82,0.9044851492691633,7,0.7,17,0.85
1735,82,0.8089485312523808,7,0.7,14,0.7
1736,82,0.9233138516124119,8,0.8,17,0.85
1737,82,0.8895092565383487,9,0.9,12,0.6
1738,82,0.8937538772978092,7,0.7,16,0.8
1739,82,0.8712247363437491,7,0.7,15,0.75
1740,82,0.884372177055104,6,0.6,15,0.75
1741,82,0.9219207453118707,6,0.6,16,0.8
1742,82,0.84723718723131,6,0.6,15,0.75
1743,82,0.8679378761659103,6,0.6,17,0.85
1744,82,0.880301694583211,7,0.7,15,0.75
1745,82,0.8799098834361838,6,0.6,16,0.8
1746,82,0.8552475484594203,5,0.5,14,0.7
1747,82,0.9086862354567321,8,0.8,15,0.75
1748,82,0.9069666198670018,7,0.7,14,0.7
1749,82,0.8934709025805119,8,0.8,14,0.7
1750,82,0.8930355568615927,8,0.8,15,0.75
1751,82,0.8520912919972574,8,0.8,14,0.7
1752,82,0.8863312327902396,7,0.7,16,0.8
1753,82,0.8476289983783372,8,0.8,16,0.8
1754,82,0.8440156289113092,6,0.6,15,0.75
1755,82,0.9176108226945723,7,0.7,16,0.8
1756,82,0.8790609592842915,7,0.7,15,0.75
1757,82,0.8726396099302358,6,0.6,17,0.85
1758,82,0.8889868416756457,6,0.6,15,0.75
1759,82,0.8553128503172582,7,0.7,16,0.8
1760,82,0.8123006932880574,6,0.6,14,0.7
1761,82,0.8801275562956433,6,0.6,15,0.75
1762,82,0.8879202446642941,6,0.6,16,0.8
1763,82,0.8164147103318422,7,0.7,14,0.7
1764,82,0.8970842720475398,7,0.7,17,0.85
1765,82,0.8837409257626713,7,0.7,15,0.75
1766,82,0.9057041172821366,6,0.6,15,0.75
1767,82,0.8592527290734756,7,0.7,16,0.8
1768,82,0.8765359541145613,6,0.6,13,0.65
1769,82,0.8798881161502379,8,0.8,17,0.85
1770,82,0.8209640730945463,6,0.6,16,0.8
1771,82,0.8600581186534757,6,0.6,16,0.8
1772,82,0.9213765631632219,7,0.7,18,0.9
1773,82,0.8850251956334825,7,0.7,16,0.8
1774,82,0.8999140192205135,7,0.7,17,0.85
1775,82,0.9296481318226837,7,0.7,16,0.8
1776,82,0.8954952601734854,8,0.8,17,0.85
1777,82,0.8637803245502336,7,0.7,18,0.9
1778,82,0.8781685005605078,5,0.5,17,0.85
1779,82,0.8910547338405111,10,1.0,15,0.75
1780,82,0.8970625047615939,7,0.7,17,0.85
1781,82,0.9151728866686258,6,0.6,16,0.8
1782,82,0.8931661605772684,6,0.6,15,0.75
1783,82,0.9006541069426759,5,0.5,17,0.85
1784,80,0.8675574308485701,5,0.5,16,0.8
1785,82,0.8410770453086057,6,0.6,16,0.8
1786,82,0.8788215191388862,6,0.6,16,0.8
1787,82,0.938550951774578,8,0.8,18,0.9
1788,82,0.9153470249561932,6,0.6,16,0.8
1789,82,0.8978025924837563,7,0.7,15,0.75
1790,82,0.8881814520956455,7,0.7,16,0.8
1791,81,0.8991418247515808,5,0.5,17,0.85
1792,82,0.8888997725318619,6,0.6,16,0.8
1793,82,0.9185468159902482,6,0.6,14,0.7
1794,82,0.8934709025805119,7,0.7,16,0.8
1795,82,0.8891609799632133,6,0.6,16,0.8
1796,82,0.9136709439383551,5,0.5,15,0.75
1797,82,0.9176325899805183,8,0.8,16,0.8
1798,82,0.9175455208367344,7,0.7,17,0.85
1799,82,0.8892045145351052,5,0.5,16,0.8
1800,82,0.874859873096723,6,0.6,16,0.8
1801,82,0.8882032193815915,6,0.6,15,0.75
1802,82,0.8960394423221342,7,0.7,14,0.7
1803,82,0.8963659516113234,6,0.6,15,0.75
1804,82,0.8535061655837441,5,0.5,16,0.8
1805,81,0.8562330623306232,7,0.7,15,0.75
1806,82,0.8545727625950958,7,0.7,17,0.85
1807,82,0.8985862147778105,7,0.7,17,0.85
1808,82,0.8415559255994167,7,0.7,16,0.8
1809,82,0.8875719680891588,6,0.6,17,0.85
1810,82,0.8465188667950937,7,0.7,14,0.7
1811,82,0.8744898292356418,5,0.5,15,0.75
1812,82,0.8490221046788782,6,0.6,13,0.65
1813,82,0.9152817230983554,6,0.6,16,0.8
1814,82,0.834220350235631,6,0.6,14,0.7
1815,82,0.8724872389286142,8,0.8,16,0.8
1816,82,0.8702669757621271,6,0.6,14,0.7
1817,82,0.8853081703507798,5,0.5,14,0.7
1818,82,0.8041597283442714,7,0.7,14,0.7
1819,82,0.9106888257637598,7,0.7,18,0.9
1820,82,0.8869407167967261,7,0.7,17,0.85
1821,82,0.8837626930486173,8,0.8,17,0.85
1822,82,0.8901622751167271,5,0.5,16,0.8
1823,82,0.8723566352129386,8,0.8,16,0.8
1824,82,0.8991303969264594,7,0.7,15,0.75
1825,82,0.9137580130821388,7,0.7,16,0.8
1826,82,0.8812376878788869,5,0.5,15,0.75
1827,82,0.8838062276205092,6,0.6,17,0.85
1828,82,0.9140409877994362,7,0.7,17,0.85
1829,82,0.8615600613837464,9,0.9,14,0.7
1830,82,0.8224007139669791,6,0.6,14,0.7
1831,82,0.9083814934534888,6,0.6,16,0.8
1832,82,0.8808023421599678,6,0.6,14,0.7
1833,82,0.9013288928070005,7,0.7,15,0.75
1834,81,0.9153116531165311,7,0.7,17,0.85
1835,82,0.8399016118675242,9,0.9,13,0.65
1836,82,0.8715730129188842,6,0.6,18,0.9
1837,82,0.8683949891707753,5,0.5,16,0.8
1838,82,0.9034185522578119,6,0.6,15,0.75
1839,82,0.8409029070210381,7,0.7,15,0.75
1840,82,0.8403587248723893,6,0.6,14,0.7
1841,82,0.9214418650210598,7,0.7,15,0.75
1842,82,0.8998704846486215,6,0.6,15,0.75
1843,82,0.896540089898891,6,0.6,16,0.8
1844,82,0.8886820996724024,7,0.7,13,0.65
1845,82,0.8794310031453729,7,0.7,14,0.7
1846,82,0.9085991663129483,7,0.7,17,0.85
1847,82,0.8950599144545662,8,0.8,16,0.8
1848,82,0.8873978298015912,7,0.7,15,0.75
1849,82,0.8787126827091565,7,0.7,16,0.8
1850,82,0.8322830617864413,7,0.7,15,0.75
1851,82,0.8923390037113224,6,0.6,18,0.9
1852,82,0.9009153143740274,7,0.7,15,0.75
1853,82,0.8940368520151066,6,0.6,16,0.8
1854,82,0.8632796769734767,6,0.6,13,0.65
1855,82,0.8516559462783383,6,0.6,17,0.85
1856,82,0.8213994188134652,5,0.5,15,0.75
1857,81,0.9310749774164407,8,0.8,16,0.8
1858,81,0.9027551942186088,7,0.7,18,0.9
1859,82,0.8334149606556307,6,0.6,17,0.85
1860,82,0.8894439546805107,6,0.6,16,0.8
1861,82,0.8719212894940195,7,0.7,16,0.8
1862,82,0.8566624220459073,9,0.9,16,0.8
1863,82,0.9156517669594367,6,0.6,18,0.9
1864,82,0.8931879278632143,5,0.5,17,0.85
1865,82,0.8579902264886102,6,0.6,17,0.85
1866,82,0.8949946125967284,5,0.5,15,0.75
1867,82,0.8338720736604956,7,0.7,16,0.8
1868,82,0.8795833741469945,6,0.6,15,0.75
1869,82,0.9021125151010546,7,0.7,16,0.8
1870,82,0.8837844603345633,5,0.5,16,0.8
1871,82,0.9044851492691633,7,0.7,16,0.8
1872,82,0.924576354197277,7,0.7,16,0.8
1873,82,0.8958217694626746,6,0.6,16,0.8
1874,82,0.8945592668778094,7,0.7,17,0.85
1875,82,0.8651734308507745,5,0.5,16,0.8
1876,82,0.8984338437761887,6,0.6,15,0.75
1877,82,0.8871366223702397,8,0.8,15,0.75
1878,82,0.8685908947442889,6,0.6,15,0.75
1879,82,0.8498492615448243,7,0.7,14,0.7
1880,82,0.9196787148594379,7,0.7,16,0.8
1881,82,0.8927961167161872,8,0.8,15,0.75
1882,82,0.8736844396556416,8,0.8,15,0.75
1883,82,0.8823913540340222,5,0.5,16,0.8
1884,82,0.8841327369096984,7,0.7,14,0.7
1885,82,0.9063789031464613,6,0.6,15,0.75
1886,82,0.8518300845659059,6,0.6,14,0.7
1887,82,0.894210990302674,7,0.7,17,0.85
1888,82,0.8921648654237546,6,0.6,17,0.85
1889,82,0.9042457091237578,8,0.8,16,0.8
1890,81,0.9146341463414633,7,0.7,15,0.75
1891,82,0.863540884404828,6,0.6,14,0.7
1892,82,0.8919907271361871,7,0.7,16,0.8
1893,81,0.930736224028907,6,0.6,17,0.85
1894,82,0.8216823935307627,7,0.7,16,0.8
1895,82,0.8939280155853767,6,0.6,15,0.75
1896,82,0.8381384617059021,8,0.8,15,0.75
1897,82,0.9090780466037592,8,0.8,18,0.9
1898,82,0.8809111785896977,7,0.7,15,0.75
1899,81,0.9273712737127372,7,0.7,17,0.85
1900,82,0.9223560910307897,5,0.5,14,0.7
1901,82,0.8670671847280723,6,0.6,17,0.85
1902,82,0.8929920222897009,6,0.6,16,0.8
1903,82,0.8681773163113157,6,0.6,15,0.75
1904,82,0.8586214777810429,8,0.8,16,0.8
1905,82,0.8754475898172636,7,0.7,17,0.85
1906,82,0.8691786114648296,6,0.6,13,0.65
1907,82,0.9052687715632176,6,0.6,15,0.75
1908,82,0.9003058303675406,6,0.6,16,0.8
1909,82,0.8861788617886179,7,0.7,17,0.85
1910,82,0.9178937974118696,10,1.0,18,0.9
1911,82,0.8917948215626735,8,0.8,15,0.75
1912,82,0.9212894940194383,6,0.6,17,0.85
1913,82,0.798043120993459,4,0.4,14,0.7
1914,82,0.8741633199464526,7,0.7,13,0.65
1915,82,0.9032008793983521,7,0.7,17,0.85
1916,82,0.8588391506405024,6,0.6,16,0.8
1917,82,0.8983032400605131,7,0.7,16,0.8
1918,82,0.9074455001578129,7,0.7,16,0.8
1919,82,0.9056388154242989,9,0.9,15,0.75
1920,82,0.892926720431863,9,0.9,16,0.8
1921,82,0.9118424919188951,7,0.7,18,0.9
1922,82,0.8490003373929322,7,0.7,15,0.75
1923,82,0.8835667874751038,5,0.5,16,0.8
1924,82,0.9034838541156495,7,0.7,14,0.7
1925,82,0.8606458353740165,8,0.8,17,0.85
1926,82,0.8798445815783459,7,0.7,15,0.75
1927,82,0.8823478194621303,7,0.7,15,0.75
1928,82,0.8634755825469901,7,0.7,17,0.85
1929,82,0.8642156702691525,6,0.6,17,0.85
1930,82,0.9102534800448405,6,0.6,15,0.75
1931,82,0.8886820996724024,6,0.6,17,0.85
1932,82,0.8688956367475322,8,0.8,18,0.9
1933,82,0.9089692101740293,7,0.7,17,0.85
1934,82,0.8830443726124009,5,0.5,16,0.8
1935,82,0.8910111992686193,8,0.8,15,0.75
1936,82,0.9067489470075424,8,0.8,16,0.8
1937,82,0.9157388361032206,7,0.7,16,0.8
1938,82,0.8812812224507787,6,0.6,15,0.75
1939,82,0.869439818896181,5,0.5,16,0.8
1940,82,0.8510682295577976,6,0.6,15,0.75
1941,82,0.9231832478967361,6,0.6,17,0.85
1942,82,0.914585169948085,7,0.7,15,0.75
1943,82,0.925860624068088,7,0.7,17,0.85
1944,82,0.861277086666449,6,0.6,16,0.8
1945,82,0.8828484670388873,6,0.6,15,0.75
1946,82,0.8729443519334792,7,0.7,16,0.8
1947,82,0.9003493649394325,6,0.6,14,0.7
1948,82,0.8743156909480742,6,0.6,16,0.8
1949,82,0.8613423885242869,6,0.6,16,0.8
1950,82,0.8828702343248332,6,0.6,16,0.8
1951,82,0.8848945919178068,7,0.7,16,0.8
1952,82,0.9289733459583592,6,0.6,17,0.85
1953,82,0.9190256962810593,7,0.7,17,0.85
1954,82,0.9103840837605164,6,0.6,17,0.85
1955,82,0.8838279949064552,6,0.6,16,0.8
1956,82,0.8335237970853605,5,0.5,15,0.75
1957,82,0.8759047028221287,6,0.6,15,0.75
1958,82,0.9034185522578119,5,0.5,16,0.8
1959,82,0.9015465656664599,6,0.6,17,0.85
1960,82,0.8568583276194207,6,0.6,13,0.65
1961,82,0.8958435367486206,7,0.7,18,0.9
1962,82,0.8796486760048324,6,0.6,16,0.8
1963,82,0.8640632992675309,7,0.7,17,0.85
1964,82,0.8941239211588904,9,0.9,16,0.8
1965,82,0.8739021125151011,7,0.7,15,0.75
1966,82,0.8483037842426618,6,0.6,14,0.7
1967,82,0.8488261991053646,5,0.5,17,0.85
1968,82,0.8779508277010482,6,0.6,16,0.8
1969,82,0.8968883664740263,6,0.6,17,0.85
1970,82,0.8799969525799677,6,0.6,17,0.85
1971,82,0.9252511400616015,7,0.7,17,0.85
1972,82,0.7910558222048083,6,0.6,15,0.75
1973,82,0.872530773500506,8,0.8,16,0.8
1974,82,0.8628878658264494,7,0.7,16,0.8
1975,82,0.9088168391724077,6,0.6,15,0.75
1976,82,0.8570106986210425,5,0.5,16,0.8
1977,82,0.8915118468453761,6,0.6,15,0.75
1978,82,0.8906193881215922,5,0.5,16,0.8
1979,82,0.8648686888475311,6,0.6,17,0.85
1980,82,0.8872236915140237,8,0.8,15,0.75
1981,82,0.8903146461183488,6,0.6,18,0.9
1982,82,0.8461270556480665,5,0.5,16,0.8
1983,82,0.8907499918372679,7,0.7,17,0.85
1984,82,0.8496751232572567,8,0.8,14,0.7
1985,82,0.9144981008043013,6,0.6,17,0.85
1986,82,0.8054004636431906,8,0.8,15,0.75
1987,81,0.8817524841915085,7,0.7,17,0.85
1988,82,0.8921648654237546,7,0.7,14,0.7
1989,81,0.8441960252935862,6,0.6,15,0.75
1990,82,0.9045504511270013,9,0.9,16,0.8
1991,82,0.8795616068610486,6,0.6,17,0.85
1992,82,0.8531361217226631,5,0.5,14,0.7
1993,82,0.8601234205113136,7,0.7,16,0.8
1994,82,0.906095928429164,6,0.6,16,0.8
1995,82,0.8957129330329447,8,0.8,17,0.85
1996,82,0.8788215191388862,5,0.5,16,0.8
1997,82,0.8638020918361794,6,0.6,16,0.8
1998,82,0.899217466070243,8,0.8,18,0.9
1999,82,0.8513947388469868,8,0.8,16,0.8
2000,82,0.9120601647783545,8,0.8,16,0.8
2001,82,0.8575548807696913,7,0.7,15,0.75
2002,82,0.8533755618680685,7,0.7,14,0.7
2003,82,0.8556393596064474,6,0.6,16,0.8
2004,82,0.8515688771345545,6,0.6,16,0.8
2005,82,0.8659135185729367,6,0.6,15,0.75
2006,82,0.8348951360999554,7,0.7,14,0.7
2007,82,0.8506111165529326,7,0.7,15,0.75
2008,82,0.8226836886842764,6,0.6,16,0.8
2009,82,0.8935144371524036,6,0.6,16,0.8
2010,82,0.9046592875567312,8,0.8,16,0.8
2011,82,0.881150618735103,6,0.6,14,0.7
2012,82,0.9088821410302457,7,0.7,16,0.8
2013,82,0.8778419912713183,7,0.7,17,0.85
2014,82,0.887963779236186,7,0.7,14,0.7
2015,82,0.9081202860221373,8,0.8,17,0.85
2016,82,0.8969319010459182,8,0.8,16,0.8
2017,82,0.8699186991869919,5,0.5,15,0.75
2018,82,0.8783861734199673,7,0.7,15,0.75
2019,82,0.8912071048421328,6,0.6,15,0.75
2020,82,0.917284313405383,7,0.7,16,0.8
2021,82,0.8664359334356396,6,0.6,13,0.65
2022,82,0.887071320512402,7,0.7,17,0.85
2023,82,0.8626048911091521,7,0.7,16,0.8
2024,82,0.8682208508832077,7,0.7,14,0.7
2025,81,0.8380758807588076,5,0.5,16,0.8
2026,82,0.8620389416745573,4,0.4,15,0.75
2027,82,0.8806935057302381,7,0.7,17,0.85
2028,82,0.896953668331864,7,0.7,15,0.75
2029,82,0.9040933381221362,9,0.9,16,0.8
2030,82,0.8596445402205026,8,0.8,16,0.8
2031,81,0.8809394760614273,6,0.6,16,0.8
2032,82,0.905529978994569,7,0.7,16,0.8
2033,82,0.8792786321437512,7,0.7,16,0.8
2034,82,0.8609723446632057,7,0.7,14,0.7
2035,82,0.8827178633232114,7,0.7,15,0.75
2036,82,0.8634538152610441,5,0.5,14,0.7
2037,82,0.887484898945375,9,0.9,17,0.85
2038,81,0.8751355013550135,8,0.8,13,0.65
2039,82,0.9112330079124087,7,0.7,15,0.75
2040,82,0.9058129537118664,8,0.8,16,0.8
2041,82,0.8829355361826712,7,0.7,16,0.8
2042,82,0.828800296035089,6,0.6,15,0.75
2043,82,0.9071407581545696,8,0.8,16,0.8
2044,82,0.8815424298821302,6,0.6,16,0.8
2045,82,0.9332832685756577,8,0.8,15,0.75
2046,82,0.7949739336750797,8,0.8,14,0.7
2047,82,0.7978907499918373,7,0.7,13,0.65
2048,82,0.9287774403848457,6,0.6,17,0.85
2049,82,0.8784732425637509,5,0.5,16,0.8
2050,82,0.9041368726940282,7,0.7,16,0.8
2051,81,0.903929539295393,7,0.7,17,0.85
2052,82,0.8605152316583407,4,0.4,15,0.75
2053,82,0.9049204949880826,6,0.6,17,0.85
2054,82,0.9102970146167325,7,0.7,16,0.8
2055,82,0.9004582013691623,6,0.6,16,0.8
2056,82,0.8449298549210392,5,0.5,14,0.7
2057,82,0.8954734928875394,6,0.6,16,0.8
2058,82,0.9071189908686237,6,0.6,15,0.75
2059,82,0.8808458767318597,7,0.7,15,0.75
2060,82,0.8422960133215791,6,0.6,13,0.65
2061,82,0.8558134978940151,5,0.5,16,0.8
2062,82,0.8343509539513067,7,0.7,16,0.8
2063,82,0.8548339700264473,7,0.7,14,0.7
2064,82,0.9084032607394348,5,0.5,16,0.8
2065,82,0.9017207039540275,7,0.7,16,0.8
2066,82,0.8773195764086155,6,0.6,15,0.75
2067,82,0.8745986656653715,7,0.7,17,0.85
2068,82,0.8906411554075381,6,0.6,15,0.75
2069,82,0.8806935057302381,8,0.8,15,0.75
2070,82,0.9035709232594334,6,0.6,16,0.8
2071,82,0.8939062482994308,9,0.9,16,0.8
2072,82,0.8636061862626659,7,0.7,13,0.65
2073,82,0.8811288514491572,6,0.6,16,0.8
2074,82,0.8490003373929322,6,0.6,14,0.7
2075,82,0.862191312676179,7,0.7,15,0.75
2076,82,0.8789521228545618,7,0.7,15,0.75
2077,82,0.9441233769767418,8,0.8,18,0.9
2078,82,0.8930137895756468,7,0.7,15,0.75
2079,82,0.8146515601702202,7,0.7,15,0.75
2080,82,0.9099487380415974,6,0.6,16,0.8
2081,82,0.8461270556480665,7,0.7,15,0.75
2082,82,0.8814988953102383,9,0.9,15,0.75
2083,82,0.8875502008032129,5,0.5,15,0.75
2084,82,0.8893786528226728,7,0.7,15,0.75
2085,82,0.9134097365070036,6,0.6,14,0.7
2086,82,0.8634538152610441,6,0.6,14,0.7
2087,82,0.894755172451323,8,0.8,17,0.85
2088,82,0.9031355775405145,8,0.8,15,0.75
2089,82,0.9064442050042992,9,0.9,15,0.75
2090,82,0.8669801155842883,7,0.7,16,0.8
2091,82,0.8796486760048324,7,0.7,16,0.8
2092,82,0.872530773500506,6,0.6,17,0.85
2093,82,0.8727702136459116,5,0.5,16,0.8
2094,82,0.8951252163124042,6,0.6,16,0.8
2095,82,0.8686344293161807,5,0.5,17,0.85
2096,82,0.8848510573459148,7,0.7,16,0.8
2097,82,0.8637585572642875,7,0.7,17,0.85
2098,82,0.8747292693810473,7,0.7,15,0.75
2099,82,0.902852602823217,6,0.6,14,0.7
2100,82,0.9118860264907871,7,0.7,17,0.85
2101,82,0.9218119088821409,7,0.7,17,0.85
2102,82,0.921833676168087,8,0.8,17,0.85
2103,82,0.8702887430480731,6,0.6,16,0.8
2104,82,0.903331483114028,8,0.8,19,0.95
2105,82,0.8495009849696891,6,0.6,17,0.85
2106,82,0.8589697543561782,6,0.6,15,0.75
2107,82,0.872574308072398,6,0.6,15,0.75
2108,82,0.9181767721291672,6,0.6,17,0.85
2109,82,0.8957564676048367,9,0.9,15,0.75
2110,82,0.901045918089703,8,0.8,16,0.8
2111,82,0.876644790544291,6,0.6,14,0.7
2112,82,0.8913377085578085,7,0.7,18,0.9
2113,82,0.8930790914334846,6,0.6,16,0.8
2114,82,0.8388132475702268,7,0.7,15,0.75
2115,82,0.8609723446632057,6,0.6,15,0.75
2116,82,0.8964965553269991,5,0.5,17,0.85
2117,82,0.914149824229166,5,0.5,19,0.95
2118,82,0.9017642385259194,6,0.6,16,0.8
2119,82,0.8797357451486162,8,0.8,17,0.85
2120,82,0.8751646150999662,6,0.6,16,0.8
2121,81,0.909643179765131,9,0.9,14,0.7
2122,82,0.9125172777832196,6,0.6,17,0.85
2123,82,0.865391103710234,5,0.5,14,0.7
2124,82,0.849566286827527,6,0.6,16,0.8
2125,82,0.8239244239831957,4,0.4,14,0.7
2126,82,0.8383561345653617,7,0.7,14,0.7
2127,82,0.8571413023367183,6,0.6,16,0.8
2128,82,0.9030920429686226,7,0.7,17,0.85
2129,82,0.9024172571042979,6,0.6,15,0.75
2130,82,0.8962135806097016,6,0.6,17,0.85
2131,82,0.838704411140497,6,0.6,16,0.8
2132,82,0.8866359747934829,6,0.6,15,0.75
2133,82,0.8642156702691525,7,0.7,14,0.7
2134,82,0.9228349713216006,6,0.6,18,0.9
2135,82,0.8326313383615763,7,0.7,15,0.75
2136,82,0.8475854638064453,6,0.6,15,0.75
2137,82,0.8968230646161883,6,0.6,19,0.95
2138,82,0.9231832478967361,6,0.6,18,0.9
2139,82,0.8862659309324017,6,0.6,17,0.85
2140,82,0.8794527704313189,5,0.5,15,0.75
2141,82,0.8499145634026622,6,0.6,14,0.7
2142,81,0.8352077687443542,5,0.5,13,0.65
2143,82,0.8779508277010482,7,0.7,15,0.75
2144,82,0.8916206832751059,6,0.6,16,0.8
2145,82,0.8693309824664512,8,0.8,16,0.8
2146,82,0.9167401312567344,7,0.7,16,0.8
2147,82,0.8082084435302184,8,0.8,14,0.7
2148,82,0.9301923139713325,7,0.7,16,0.8
2149,82,0.8907499918372679,7,0.7,15,0.75
2150,82,0.9136927112243011,7,0.7,17,0.85
2151,82,0.8434279121907685,5,0.5,16,0.8
2152,81,0.8909891598915989,8,0.8,16,0.8
2153,82,0.8444509746302283,7,0.7,15,0.75
2154,82,0.937636725764848,6,0.6,17,0.85
2155,82,0.8534408637259063,5,0.5,17,0.85
2156,82,0.8637367899783416,6,0.6,15,0.75
2157,82,0.844559811059958,4,0.4,14,0.7
2158,81,0.8704155374887081,5,0.5,17,0.85
2159,82,0.8781467332745617,7,0.7,14,0.7
2160,82,0.8690480077491539,8,0.8,15,0.75
2161,82,0.8394662661486053,6,0.6,16,0.8
2162,82,0.8269283094437371,7,0.7,14,0.7
2163,82,0.8635844189767198,7,0.7,15,0.75
2164,82,0.8972801776210534,8,0.8,16,0.8
2165,82,0.8542027187340147,8,0.8,16,0.8
2166,82,0.8781902678464535,7,0.7,16,0.8
2167,82,0.8988256549232161,8,0.8,17,0.85
2168,82,0.8815424298821302,6,0.6,17,0.85
2169,82,0.8855693777821313,6,0.6,15,0.75
2170,82,0.8587085469248267,7,0.7,15,0.75
2171,82,0.8413382527399572,7,0.7,14,0.7
2172,82,0.8978896616275399,6,0.6,17,0.85
2173,82,0.871202969057803,7,0.7,15,0.75
2174,82,0.8474766273767156,6,0.6,17,0.85
2175,82,0.9065965760059208,6,0.6,15,0.75
2176,82,0.9071407581545696,7,0.7,16,0.8
2177,81,0.8699186991869918,8,0.8,16,0.8
2178,82,0.8609941119491517,7,0.7,13,0.65
2179,81,0.8456187895212285,6,0.6,15,0.75
2180,82,0.8628443312545576,7,0.7,13,0.65
2181,81,0.9160569105691055,8,0.8,16,0.8
2182,82,0.8528749142913116,6,0.6,16,0.8
2183,82,0.8931008587194307,6,0.6,16,0.8
2184,82,0.882021310172941,5,0.5,15,0.75
2185,81,0.9172312556458897,6,0.6,15,0.75
2186,82,0.8693092151805052,6,0.6,15,0.75
2187,82,0.887898477378348,7,0.7,15,0.75
2188,82,0.8851557993491581,8,0.8,17,0.85
2189,82,0.8101892665513001,6,0.6,15,0.75
2190,82,0.9036579924032173,7,0.7,15,0.75
2191,82,0.847302489089148,7,0.7,15,0.75
2192,82,0.7800415755161568,5,0.5,13,0.65
2193,82,0.8241203295567092,5,0.5,17,0.85
2194,82,0.914628704519977,7,0.7,17,0.85
2195,82,0.8584473394934753,6,0.6,15,0.75
2196,82,0.8345686268107662,8,0.8,14,0.7
2197,82,0.9259694604978178,7,0.7,16,0.8
2198,82,0.8754911243891556,8,0.8,16,0.8
2199,81,0.9057136404697379,4,0.4,15,0.75
2200,82,0.8060752495075152,7,0.7,16,0.8
2201,82,0.895625863889161,6,0.6,15,0.75
2202,82,0.9110371023388948,8,0.8,17,0.85
2203,82,0.8838279949064552,8,0.8,15,0.75
2204,82,0.8382908327075238,6,0.6,16,0.8
2205,82,0.9017642385259194,8,0.8,15,0.75
2206,82,0.8740327162307767,6,0.6,17,0.85
2207,81,0.8616079494128274,5,0.5,18,0.9
2208,82,0.8615818286696924,6,0.6,16,0.8
2209,82,0.8851557993491581,8,0.8,17,0.85
2210,82,0.8581208302042861,7,0.7,15,0.75
2211,82,0.8674372285891535,5,0.5,13,0.65
2212,82,0.8995657426453783,6,0.6,17,0.85
2213,82,0.8699186991869919,5,0.5,16,0.8
2214,82,0.8976719887680805,5,0.5,15,0.75
2215,82,0.8851340320632122,7,0.7,16,0.8
2216,82,0.8109511215594083,6,0.6,16,0.8
2217,82,0.9091868830334892,7,0.7,15,0.75
2218,82,0.8940150847291607,8,0.8,14,0.7
2219,82,0.8574025097680696,8,0.8,15,0.75
2220,82,0.8103634048388677,7,0.7,15,0.75
2221,82,0.8483473188145536,7,0.7,14,0.7
2222,82,0.8958217694626746,8,0.8,15,0.75
2223,82,0.8749904768123987,7,0.7,16,0.8
2224,82,0.8449733894929311,5,0.5,14,0.7
2225,82,0.8912941739859165,7,0.7,18,0.9
2226,82,0.8515035752767166,6,0.6,15,0.75
2227,82,0.8849598937756448,6,0.6,14,0.7
2228,82,0.9102970146167325,7,0.7,17,0.85
2229,82,0.800306918731838,6,0.6,15,0.75
2230,82,0.8469106779421208,6,0.6,14,0.7
2231,82,0.9214418650210598,7,0.7,18,0.9
2232,82,0.870332277619965,7,0.7,16,0.8
2233,82,0.8875284335172668,6,0.6,16,0.8
2234,82,0.8850251956334825,6,0.6,16,0.8
2235,82,0.8912941739859165,8,0.8,15,0.75
2236,82,0.8553346176032042,5,0.5,17,0.85
2237,82,0.8801275562956433,6,0.6,17,0.85
2238,82,0.860863508233476,7,0.7,15,0.75
2239,82,0.9055952808524069,7,0.7,18,0.9
2240,82,0.8515253425626627,6,0.6,15,0.75
2241,82,0.9129743907880847,7,0.7,15,0.75
2242,82,0.9040062689783525,5,0.5,18,0.9
2243,82,0.8993263024999729,6,0.6,17,0.85
2244,82,0.8386826438545509,7,0.7,15,0.75
2245,82,0.8511335314156354,7,0.7,15,0.75
2246,82,0.8727484463599656,8,0.8,15,0.75
2247,82,0.8491527083945539,6,0.6,15,0.75
2248,82,0.8442550690567148,8,0.8,15,0.75
2249,82,0.8615600613837464,7,0.7,16,0.8
2250,82,0.8089702985383267,6,0.6,14,0.7
2251,82,0.8911853375561868,7,0.7,16,0.8
2252,82,0.9119295610626791,7,0.7,15,0.75
2253,82,0.8991956987842973,7,0.7,16,0.8
2254,82,0.8661094241464503,5,0.5,16,0.8
2255,82,0.8857652833556449,6,0.6,17,0.85
2256,82,0.8422307114637412,3,0.3,15,0.75
2257,82,0.8936015062961875,7,0.7,15,0.75
2258,82,0.8790609592842915,7,0.7,15,0.75
2259,82,0.8564665164723937,6,0.6,18,0.9
2260,82,0.9031355775405145,8,0.8,17,0.85
2261,82,0.8646510159880716,8,0.8,15,0.75
2262,82,0.9052252369913257,6,0.6,14,0.7
2263,82,0.8782991042761834,7,0.7,13,0.65
2264,82,0.9008717798021354,8,0.8,16,0.8
2265,82,0.8611682502367193,8,0.8,16,0.8
2266,82,0.8616035959556384,4,0.4,15,0.75
2267,82,0.8640632992675309,7,0.7,15,0.75
2268,82,0.893819179155647,6,0.6,15,0.75
2269,82,0.8910547338405111,7,0.7,15,0.75
2270,82,0.8402498884426596,7,0.7,16,0.8
2271,82,0.8583167357777997,6,0.6,15,0.75
2272,82,0.843710886908066,6,0.6,15,0.75
2273,82,0.8569453967632046,7,0.7,16,0.8
2274,82,0.9004146667972703,6,0.6,16,0.8
2275,82,0.8592309617875294,6,0.6,17,0.85
2276,82,0.8840892023378065,9,0.9,15,0.75
2277,82,0.8831532090421306,7,0.7,16,0.8
2278,82,0.8847857554880769,5,0.5,16,0.8
2279,82,0.8632579096875306,6,0.6,15,0.75
2280,82,0.9081638205940293,5,0.5,15,0.75
2281,82,0.8592962636453674,5,0.5,17,0.85
2282,81,0.9381887985546522,7,0.7,16,0.8
2283,82,0.9253164419194394,8,0.8,17,0.85
2284,82,0.8801710908675353,5,0.5,16,0.8
2285,82,0.8920560289940248,7,0.7,15,0.75
2286,82,0.8413164854540112,6,0.6,15,0.75
2287,82,0.8647816197037472,7,0.7,15,0.75
2288,82,0.916478923825383,9,0.9,16,0.8
2289,82,0.884415711626996,7,0.7,14,0.7
2290,82,0.8849598937756448,6,0.6,16,0.8
2291,82,0.9094045558929486,6,0.6,16,0.8
2292,82,0.8891174453913215,6,0.6,14,0.7
2293,82,0.8846769190583472,7,0.7,16,0.8
2294,82,0.8793439340015891,8,0.8,15,0.75
2295,82,0.9030267411107846,6,0.6,17,0.85
2296,82,0.8574895789118534,7,0.7,14,0.7
2297,82,0.8715512456329383,7,0.7,15,0.75
2298,82,0.8575766480556373,7,0.7,16,0.8
2299,82,0.8912288721280788,7,0.7,17,0.85
2300,82,0.8913812431297005,8,0.8,17,0.85
2301,82,0.8900534386869973,6,0.6,14,0.7
2302,82,0.8888997725318619,7,0.7,16,0.8
2303,82,0.7913605642080518,7,0.7,14,0.7
2304,82,0.8708546924826679,6,0.6,16,0.8
2305,82,0.9002622957956489,7,0.7,16,0.8
2306,82,0.877559016554021,8,0.8,16,0.8
2307,82,0.9282550255221429,7,0.7,17,0.85
2308,82,0.9147157736637608,6,0.6,16,0.8
2309,82,0.8641503684113148,7,0.7,13,0.65
2310,82,0.8877025718048345,6,0.6,16,0.8
2311,81,0.8970641373080398,8,0.8,15,0.75
2312,82,0.8430143337577956,6,0.6,15,0.75
2313,82,0.8997181136469999,5,0.5,18,0.9
2314,82,0.9005017359410542,7,0.7,17,0.85
2315,82,0.8379643234183346,8,0.8,17,0.85
2316,81,0.8884598012646794,6,0.6,16,0.8
2317,82,0.8428837300421197,7,0.7,15,0.75
2318,81,0.90903342366757,6,0.6,17,0.85
2319,82,0.8786473808513187,8,0.8,17,0.85
2320,82,0.925860624068088,7,0.7,17,0.85
2321,82,0.8966706936145667,7,0.7,13,0.65
2322,82,0.7876601255972399,5,0.5,13,0.65
2323,82,0.8989562586388915,7,0.7,17,0.85
2324,82,0.8342421175215768,7,0.7,16,0.8
2325,82,0.9506970973324192,8,0.8,15,0.75
2326,82,0.8303240060513055,7,0.7,14,0.7
2327,82,0.850850556698338,7,0.7,14,0.7
2328,82,0.8866577420794288,7,0.7,15,0.75
2329,82,0.8180037222058968,6,0.6,17,0.85
2330,81,0.9270325203252033,8,0.8,17,0.85
2331,82,0.8603193260848272,6,0.6,13,0.65
2332,82,0.8700928374745596,8,0.8,17,0.85
2333,82,0.8377031159869832,6,0.6,16,0.8
2334,82,0.9109064986232193,6,0.6,17,0.85
2335,82,0.8666753735810452,7,0.7,16,0.8
2336,82,0.9331526648599819,6,0.6,14,0.7
2337,82,0.892447840141052,6,0.6,16,0.8
2338,82,0.8674807631610453,6,0.6,18,0.9
2339,82,0.8982597054886211,8,0.8,15,0.75
2340,82,0.8633449788313144,6,0.6,15,0.75
2341,82,0.8655434747118557,6,0.6,12,0.6
2342,81,0.8832429990966576,7,0.7,17,0.85
2343,82,0.9148681446653824,6,0.6,16,0.8
2344,82,0.8915118468453761,6,0.6,16,0.8
2345,82,0.8348298342421177,7,0.7,13,0.65
2346,82,0.8936232735821334,7,0.7,16,0.8
2347,82,0.8942980594464579,8,0.8,16,0.8
2348,82,0.9327826209989009,7,0.7,17,0.85
2349,82,0.8685691274583429,7,0.7,18,0.9
2350,82,0.8128448754367061,6,0.6,13,0.65
2351,82,0.8398145427237405,5,0.5,15,0.75
2352,82,0.9095786941805161,6,0.6,15,0.75
2353,82,0.8149780694594094,6,0.6,16,0.8
2354,82,0.8991303969264594,7,0.7,17,0.85
2355,82,0.8946028014497014,6,0.6,16,0.8
2356,82,0.8976719887680805,8,0.8,18,0.9
2357,82,0.8649775252772608,6,0.6,17,0.85
2358,82,0.8847204536302392,8,0.8,16,0.8
2359,82,0.8828266997529414,5,0.5,15,0.75
2360,82,0.8844592461988877,6,0.6,15,0.75
2361,82,0.9027002318215954,6,0.6,14,0.7
2362,82,0.8498492615448243,7,0.7,14,0.7
2363,82,0.8844374789129418,5,0.5,16,0.8
2364,82,0.8785820789934806,6,0.6,17,0.85
2365,82,0.8801057890096974,7,0.7,16,0.8
2366,82,0.8762529793972639,6,0.6,18,0.9
2367,82,0.8950381471686203,6,0.6,15,0.75
2368,82,0.8788215191388862,6,0.6,15,0.75
2369,82,0.854986341028069,7,0.7,14,0.7
2370,82,0.8006334280210272,6,0.6,14,0.7
2371,82,0.9014159619507842,5,0.5,14,0.7
2372,82,0.8903799479761867,6,0.6,16,0.8
2373,81,0.8741644083107498,7,0.7,16,0.8
2374,82,0.8637367899783416,6,0.6,14,0.7
2375,82,0.8928178840021331,7,0.7,14,0.7
2376,82,0.8528966815772575,6,0.6,16,0.8
2377,82,0.8275377934502238,7,0.7,14,0.7
2378,82,0.9142586606588956,7,0.7,15,0.75
2379,82,0.8858305852134828,7,0.7,15,0.75
2380,82,0.8756652626767231,6,0.6,14,0.7
2381,82,0.7975860079885939,7,0.7,15,0.75
2382,82,0.9153470249561932,8,0.8,15,0.75
2383,82,0.8023095090388656,7,0.7,16,0.8
2384,82,0.8823695867480764,8,0.8,15,0.75
2385,82,0.8713118054875328,7,0.7,15,0.75
2386,82,0.8761659102534801,7,0.7,17,0.85
2387,82,0.8321742253567115,7,0.7,15,0.75
2388,82,0.873053188363209,7,0.7,15,0.75
2389,82,0.8633667461172604,8,0.8,15,0.75
2390,82,0.8547904354545554,7,0.7,13,0.65
2391,82,0.8909241301248353,6,0.6,15,0.75
2392,82,0.8411423471664436,5,0.5,15,0.75
2393,82,0.9064224377183532,8,0.8,18,0.9
2394,82,0.860384627942665,7,0.7,16,0.8
2395,82,0.9070972235826776,9,0.9,16,0.8
2396,82,0.892012494422133,6,0.6,15,0.75
2397,82,0.8722260314972627,6,0.6,16,0.8
2398,82,0.8604934643723948,6,0.6,14,0.7
2399,82,0.8244250715599525,6,0.6,14,0.7
2400,82,0.9094698577507865,7,0.7,17,0.85
2401,82,0.8838279949064552,5,0.5,15,0.75
2402,82,0.8659135185729367,7,0.7,17,0.85
2403,82,0.8864836037918613,8,0.8,15,0.75
2404,82,0.9071407581545696,6,0.6,17,0.85
2405,82,0.9027219991075414,7,0.7,17,0.85
2406,82,0.8891827472491592,6,0.6,16,0.8
2407,82,0.884372177055104,8,0.8,14,0.7
2408,82,0.8749469422405067,6,0.6,16,0.8
2409,82,0.88611355993078,6,0.6,15,0.75
2410,82,0.9237709646172767,6,0.6,17,0.85
2411,81,0.8761517615176152,8,0.8,16,0.8
2412,82,0.8749687095264527,6,0.6,15,0.75
2413,82,0.894798707023215,9,0.9,18,0.9
2414,82,0.8308899554859003,7,0.7,16,0.8
2415,82,0.9079243804486238,7,0.7,17,0.85
2416,82,0.8458223136448232,5,0.5,15,0.75
2417,82,0.8104722412685974,7,0.7,14,0.7
2418,82,0.8518736191377978,6,0.6,14,0.7
2419,82,0.876644790544291,6,0.6,17,0.85
2420,82,0.9040280362642984,7,0.7,16,0.8
2421,82,0.9009370816599733,7,0.7,17,0.85
2422,82,0.8693309824664512,4,0.4,15,0.75
2423,82,0.8876808045188885,6,0.6,16,0.8
2424,82,0.8500451671183379,7,0.7,16,0.8
2425,82,0.828299648458332,8,0.8,13,0.65
2426,82,0.8855911450680772,6,0.6,15,0.75
2427,82,0.8884644268129429,5,0.5,16,0.8
2428,82,0.8831096744702386,8,0.8,17,0.85
2429,82,0.8515688771345545,7,0.7,16,0.8
2430,82,0.874859873096723,6,0.6,16,0.8
2431,82,0.8590568234999618,6,0.6,16,0.8
2432,82,0.8613206212383409,6,0.6,15,0.75
2433,82,0.8565535856161774,6,0.6,15,0.75
2434,82,0.894276292160512,6,0.6,16,0.8
2435,82,0.8827178633232114,8,0.8,16,0.8
2436,82,0.9070754562967317,7,0.7,14,0.7
2437,82,0.8841109696237525,6,0.6,16,0.8
2438,82,0.8920342617080789,5,0.5,17,0.85
2439,82,0.8491091738226619,7,0.7,16,0.8
2440,82,0.8886385651005104,8,0.8,16,0.8
2441,82,0.8513947388469868,6,0.6,17,0.85
2442,82,0.8622348472480709,9,0.9,16,0.8
2443,82,0.910536454762138,7,0.7,14,0.7
2444,81,0.8783875338753386,7,0.7,14,0.7
2445,82,0.8688303348896943,5,0.5,17,0.85
2446,82,0.8651516635648284,7,0.7,15,0.75
2447,82,0.8615382940978005,6,0.6,14,0.7
2448,82,0.8910111992686193,6,0.6,15,0.75
2449,82,0.925512347492953,8,0.8,16,0.8
2450,82,0.8989127240669997,6,0.6,18,0.9
2451,82,0.8714206419172627,4,0.4,16,0.8
2452,82,0.8758611682502367,7,0.7,15,0.75
2453,82,0.858556175923205,5,0.5,16,0.8
2454,82,0.8791044938561835,6,0.6,15,0.75
2455,82,0.8761006083956422,5,0.5,16,0.8
2456,81,0.9001806684733513,7,0.7,15,0.75
2457,82,0.8801275562956433,7,0.7,16,0.8
2458,82,0.8655434747118557,6,0.6,13,0.65
2459,82,0.8759264701080746,6,0.6,16,0.8
2460,82,0.8437544214799577,7,0.7,16,0.8
2461,82,0.914628704519977,7,0.7,15,0.75
2462,82,0.8404022594442812,6,0.6,14,0.7
2463,82,0.9212894940194383,7,0.7,17,0.85
2464,82,0.8776460856978049,7,0.7,17,0.85
2465,82,0.900131692079973,6,0.6,15,0.75
2466,82,0.8841762714815904,6,0.6,17,0.85
2467,82,0.8608852755194218,7,0.7,16,0.8
2468,82,0.8812812224507787,8,0.8,15,0.75
2469,82,0.9096222287524081,6,0.6,15,0.75
2470,82,0.8523307321426628,6,0.6,13,0.65
2471,82,0.8785603117075347,6,0.6,15,0.75
2472,82,0.8537020711572578,7,0.7,16,0.8
2473,82,0.8801275562956433,4,0.4,15,0.75
2474,82,0.9163047855378151,7,0.7,17,0.85
2475,82,0.8067935699437315,6,0.6,14,0.7
2476,82,0.8890956781053755,5,0.5,15,0.75
2477,82,0.8528749142913116,7,0.7,17,0.85
2478,82,0.8991303969264594,7,0.7,17,0.85
2479,81,0.8669828364950315,6,0.6,16,0.8
2480,82,0.8800622544378055,7,0.7,15,0.75
2481,82,0.8797575124345621,6,0.6,16,0.8
2482,82,0.9108629640513273,7,0.7,15,0.75
2483,82,0.892447840141052,6,0.6,16,0.8
2484,82,0.9057911864259205,7,0.7,18,0.9
2485,82,0.8648033869896933,7,0.7,15,0.75
2486,82,0.8316518104940086,6,0.6,16,0.8
2487,81,0.8567524841915086,7,0.7,14,0.7
2488,81,0.8574074074074074,7,0.7,15,0.75
2489,82,0.9016989366680817,8,0.8,14,0.7
2490,82,0.8586432450669889,6,0.6,15,0.75
2491,82,0.872182496925371,7,0.7,14,0.7
2492,82,0.857685484485367,8,0.8,16,0.8
2493,82,0.8086873238210294,7,0.7,15,0.75
2494,82,0.896561857184837,7,0.7,17,0.85
2495,82,0.8854170067805096,7,0.7,15,0.75
2496,82,0.8216823935307627,8,0.8,17,0.85
2497,82,0.8817165681696978,8,0.8,17,0.85
2498,82,0.8871583896561857,7,0.7,18,0.9
2499,82,0.8801710908675353,8,0.8,15,0.75
2500,82,0.9031355775405145,7,0.7,15,0.75
2501,82,0.8742939236621282,7,0.7,16,0.8
2502,82,0.8743374582340202,8,0.8,13,0.65
2503,82,0.9000663902221353,6,0.6,15,0.75
2504,82,0.8850251956334825,6,0.6,15,0.75
2505,82,0.8326095710756305,5,0.5,16,0.8
2506,82,0.8655434747118557,7,0.7,15,0.75
2507,82,0.8812594551648328,7,0.7,14,0.7
2508,82,0.8304328424810353,6,0.6,15,0.75
2509,82,0.8641068338394228,6,0.6,13,0.65
2510,82,0.8693092151805052,6,0.6,15,0.75
2511,82,0.8885079613848348,7,0.7,16,0.8
2512,82,0.8180037222058968,5,0.5,15,0.75
2513,82,0.8320218543550898,7,0.7,15,0.75
2514,82,0.8515253425626627,8,0.8,17,0.85
2515,82,0.9267095482199802,8,0.8,17,0.85
2516,82,0.8602322569410433,6,0.6,15,0.75
2517,82,0.8314341376345491,7,0.7,15,0.75
2518,82,0.8748163385248311,7,0.7,15,0.75
2519,82,0.8573372079102317,4,0.4,17,0.85
2520,82,0.8922737018534844,8,0.8,13,0.65
2521,82,0.8883991249551051,7,0.7,17,0.85
2522,82,0.851851851851852,8,0.8,16,0.8
2523,82,0.9127784852145711,7,0.7,15,0.75
2524,81,0.8738708220415538,7,0.7,15,0.75
2525,82,0.9006323396567298,6,0.6,14,0.7
2526,82,0.8645857141302337,5,0.5,16,0.8
2527,82,0.9263177370729531,6,0.6,16,0.8
2528,82,0.8461270556480665,7,0.7,14,0.7
2529,82,0.8969101337599722,5,0.5,15,0.75
2530,82,0.9181985394151131,6,0.6,16,0.8
2531,82,0.8754475898172636,6,0.6,16,0.8
2532,82,0.8443639054864445,7,0.7,13,0.65
2533,81,0.9116079494128274,5,0.5,17,0.85
2534,82,0.8460617537902287,6,0.6,15,0.75
2535,82,0.8517212481361762,4,0.4,17,0.85
2536,82,0.8409029070210381,7,0.7,16,0.8
2537,82,0.8853734722086176,5,0.5,17,0.85
2538,82,0.9037015269751092,5,0.5,16,0.8
2539,82,0.8815424298821302,6,0.6,14,0.7
2540,82,0.8964530207551071,7,0.7,16,0.8
2541,82,0.8885950305286185,7,0.7,15,0.75
2542,82,0.8894221873945647,6,0.6,16,0.8
2543,82,0.8439285597675253,8,0.8,13,0.65
2544,82,0.9087950718864619,7,0.7,15,0.75
2545,82,0.8490003373929322,7,0.7,13,0.65
2546,82,0.9125390450691655,7,0.7,18,0.9
2547,82,0.8903799479761867,6,0.6,17,0.85
2548,82,0.8295186164713052,5,0.5,15,0.75
2549,82,0.8220959719637357,5,0.5,15,0.75
2550,82,0.875295218815642,4,0.4,16,0.8
2551,82,0.8712247363437491,7,0.7,16,0.8
2552,82,0.8925784438567278,7,0.7,16,0.8
2553,81,0.9053974706413731,7,0.7,15,0.75
2554,82,0.9008500125161895,7,0.7,15,0.75
2555,82,0.8706587869091543,5,0.5,16,0.8
2556,82,0.859470401932935,6,0.6,16,0.8
2557,82,0.8896398602540243,7,0.7,15,0.75
2558,82,0.8894439546805107,7,0.7,16,0.8
2559,82,0.8880290810940239,5,0.5,14,0.7
2560,82,0.8952558200280799,6,0.6,16,0.8
2561,82,0.8886385651005104,7,0.7,15,0.75
2562,82,0.8538544421588795,5,0.5,14,0.7
2563,82,0.9015030310945681,7,0.7,17,0.85
2564,82,0.8833926491875361,5,0.5,14,0.7
2565,82,0.8311076283453598,4,0.4,16,0.8
2566,82,0.9026131626778114,8,0.8,18,0.9
2567,82,0.8582296666340158,7,0.7,16,0.8
2568,82,0.8693309824664512,7,0.7,16,0.8
2569,82,0.8691133096069916,7,0.7,16,0.8
2570,82,0.8767971615459126,7,0.7,16,0.8
2571,82,0.9064877395761909,7,0.7,16,0.8
2572,82,0.9046157529848392,7,0.7,15,0.75
2573,81,0.8707542908762421,8,0.8,17,0.85
2574,82,0.8631926078296928,8,0.8,16,0.8
2575,82,0.8709635289123976,7,0.7,14,0.7
2576,82,0.8700928374745596,8,0.8,16,0.8
2577,82,0.8751646150999662,7,0.7,17,0.85
2578,82,0.8565100510442857,7,0.7,17,0.85
2579,82,0.8736844396556416,5,0.5,14,0.7
2580,82,0.8780161295588861,6,0.6,16,0.8
2581,82,0.8698969319010459,7,0.7,14,0.7
2582,82,0.9201358278643027,6,0.6,16,0.8
2583,82,0.9100793417572731,9,0.9,17,0.85
2584,82,0.873466766796182,5,0.5,17,0.85
2585,82,0.8588826852123944,8,0.8,16,0.8
2586,82,0.9017207039540275,6,0.6,16,0.8
2587,82,0.8634538152610441,7,0.7,17,0.85
2588,82,0.8993263024999729,6,0.6,17,0.85
2589,82,0.7874424527377804,7,0.7,12,0.6
2590,82,0.8569018621913126,7,0.7,14,0.7
2591,82,0.8496751232572567,5,0.5,15,0.75
2592,82,0.8383996691372536,6,0.6,17,0.85
2593,82,0.8770801362632101,7,0.7,16,0.8
2594,82,0.9162830182518692,7,0.7,17,0.85
2595,82,0.8772325072648317,6,0.6,14,0.7
2596,82,0.8378990215604968,4,0.4,15,0.75
2597,82,0.8313906030626571,5,0.5,14,0.7
2598,82,0.8880726156659157,7,0.7,17,0.85
2599,82,0.9309977035513327,8,0.8,15,0.75
2600,82,0.8921430981378088,7,0.7,16,0.8
2601,82,0.8928178840021331,8,0.8,15,0.75
2602,82,0.8936668081540252,6,0.6,14,0.7
2603,82,0.8606458353740165,6,0.6,14,0.7
2604,82,0.8511552987015815,5,0.5,16,0.8
2605,82,0.89606120960808,7,0.7,15,0.75
2606,81,0.8918699186991869,8,0.8,16,0.8
2607,82,0.8905323189778083,6,0.6,16,0.8
2608,82,0.8478902058096887,7,0.7,15,0.75
2609,82,0.8325878037896846,8,0.8,15,0.75
2610,82,0.8520477574253654,6,0.6,16,0.8
2611,82,0.891098268412403,8,0.8,15,0.75
2612,82,0.9059217901415962,7,0.7,15,0.75
2613,82,0.9023084206745682,6,0.6,17,0.85
2614,82,0.8609070428053678,6,0.6,16,0.8
2615,82,0.8059446457918394,6,0.6,14,0.7
2616,82,0.862191312676179,7,0.7,15,0.75
2617,82,0.8658482167150988,7,0.7,14,0.7
2618,82,0.8676766687345588,7,0.7,16,0.8
2619,82,0.8286696923194132,5,0.5,16,0.8
2620,82,0.9026131626778114,7,0.7,17,0.85
2621,82,0.8788215191388862,7,0.7,19,0.95
2622,82,0.8180037222058968,6,0.6,13,0.65
2623,82,0.8817818700275357,7,0.7,18,0.9
2624,82,0.8949510780248364,7,0.7,16,0.8
2625,82,0.9011112199475408,6,0.6,15,0.75
2626,82,0.786288786582645,6,0.6,14,0.7
2627,82,0.8581861320621238,5,0.5,15,0.75
2628,82,0.8385955747107673,7,0.7,14,0.7
2629,82,0.877624318411859,7,0.7,13,0.65
2630,82,0.9140627550853823,6,0.6,16,0.8
2631,82,0.9082291224518669,6,0.6,17,0.85
2632,82,0.8746639675232094,7,0.7,14,0.7
2633,82,0.8958000021767287,7,0.7,14,0.7
2634,82,0.8340244446621173,7,0.7,16,0.8
2635,82,0.8833926491875361,7,0.7,15,0.75
2636,82,0.8436020504783361,7,0.7,15,0.75
2637,82,0.9171537096897074,6,0.6,16,0.8
2638,82,0.8967795300442966,6,0.6,16,0.8
2639,82,0.8670889520140183,6,0.6,16,0.8
2640,82,0.9018730749556491,6,0.6,17,0.85
2641,82,0.851351204275095,9,0.9,14,0.7
2642,82,0.8805411347286165,5,0.5,17,0.85
2643,82,0.8686779638880727,8,0.8,17,0.85
2644,82,0.8953211218859176,6,0.6,17,0.85
2645,82,0.8864183019340234,7,0.7,16,0.8
2646,82,0.8557481960361774,6,0.6,16,0.8
2647,82,0.8587085469248267,6,0.6,15,0.75
2648,82,0.8794310031453729,7,0.7,15,0.75
2649,82,0.8828484670388873,7,0.7,16,0.8
2650,82,0.8414035545977951,7,0.7,16,0.8
2651,82,0.9257517876383584,6,0.6,17,0.85
2652,82,0.8756652626767231,7,0.7,17,0.85
2653,82,0.8789521228545618,9,0.9,15,0.75
2654,82,0.8811288514491572,9,0.9,17,0.85
2655,82,0.885721748783753,7,0.7,17,0.85
2656,82,0.8821301466026709,8,0.8,16,0.8
2657,80,0.8988748241912798,7,0.7,16,0.8
2658,82,0.8654781728540176,7,0.7,17,0.85
2659,82,0.8972584103351074,6,0.6,15,0.75
2660,82,0.9267095482199802,7,0.7,17,0.85
2661,82,0.7806945940945355,4,0.4,16,0.8
2662,82,0.8677637378783427,6,0.6,15,0.75
2663,82,0.8781031987026698,6,0.6,15,0.75
2664,82,0.905551746280515,6,0.6,18,0.9
2665,82,0.8108205178437327,6,0.6,15,0.75
2666,82,0.8971060393334858,7,0.7,14,0.7
2667,82,0.8790391919983458,5,0.5,17,0.85
2668,81,0.8945347786811201,6,0.6,18,0.9
2669,82,0.8131060828680576,7,0.7,14,0.7
2670,82,0.868482058314559,8,0.8,16,0.8
2671,82,0.9132791327913279,6,0.6,17,0.85
2672,82,0.914106289657274,7,0.7,15,0.75
2673,82,0.8955170274594312,8,0.8,16,0.8
2674,82,0.8923172364253763,5,0.5,14,0.7
2675,82,0.9040933381221362,9,0.9,14,0.7
2676,82,0.8593397982172594,6,0.6,15,0.75
2677,82,0.8342421175215768,6,0.6,16,0.8
2678,82,0.9121690012080844,7,0.7,16,0.8
2679,82,0.9094916250367323,8,0.8,14,0.7
2680,82,0.8465841686529315,6,0.6,16,0.8
2681,82,0.8844810134848337,7,0.7,17,0.85
2682,82,0.8618212688150978,6,0.6,17,0.85
2683,82,0.9130614599318684,8,0.8,14,0.7
2684,82,0.8137591014464362,9,0.9,17,0.85
2685,82,0.9283856292378184,6,0.6,16,0.8
2686,82,0.8779290604151021,6,0.6,14,0.7
2687,82,0.8464753322232017,7,0.7,15,0.75
2688,82,0.8759917719659125,6,0.6,14,0.7
2689,82,0.8764706522567234,7,0.7,15,0.75
2690,82,0.8910765011264571,7,0.7,16,0.8
2691,82,0.8780596641307779,5,0.5,15,0.75
2692,82,0.8509811604140138,6,0.6,16,0.8
2693,82,0.8783208715621293,6,0.6,17,0.85
2694,82,0.858556175923205,6,0.6,14,0.7
2695,82,0.899304535214027,7,0.7,17,0.85
2696,82,0.8602104896550974,3,0.3,13,0.65
2697,82,0.8991521642124053,7,0.7,17,0.85
2698,82,0.8959523731783503,8,0.8,16,0.8
2699,82,0.8928396512880792,8,0.8,16,0.8
2700,82,0.8499363306886082,6,0.6,16,0.8
2701,82,0.8994351389297026,7,0.7,15,0.75
2702,82,0.8566624220459073,7,0.7,16,0.8
2703,82,0.8982379382026752,7,0.7,17,0.85
2704,82,0.8921866327097007,6,0.6,16,0.8
2705,82,0.9121254666361924,8,0.8,15,0.75
2706,82,0.834612161382658,4,0.4,14,0.7
2707,82,0.9204188025816001,7,0.7,17,0.85
2708,82,0.9118642592048412,7,0.7,14,0.7
2709,82,0.8975849196242967,7,0.7,17,0.85
2710,82,0.8547251335967175,5,0.5,14,0.7
2711,82,0.873096722935101,4,0.4,14,0.7
2712,82,0.8598186785080701,6,0.6,13,0.65
2713,82,0.8855476104961854,6,0.6,16,0.8
2714,82,0.8895527911102404,7,0.7,15,0.75
2715,82,0.8639109282659092,5,0.5,17,0.85
2716,82,0.9072713618702453,6,0.6,16,0.8
2717,82,0.8504805128372568,6,0.6,15,0.75
2718,82,0.8570324659069884,6,0.6,15,0.75
2719,82,0.9025478608199737,9,0.9,14,0.7
2720,82,0.8995004407875403,7,0.7,17,0.85
2721,82,0.9022866533886222,6,0.6,16,0.8
2722,82,0.893296764292944,7,0.7,16,0.8
2723,82,0.8705064159075326,5,0.5,14,0.7
2724,82,0.8867230439372668,6,0.6,14,0.7
2725,81,0.8564588979223126,5,0.5,14,0.7
2726,82,0.8932749970069983,6,0.6,16,0.8
2727,82,0.9044416146972714,6,0.6,17,0.85
2728,82,0.8754040552453718,6,0.6,15,0.75
2729,82,0.8224224812529249,8,0.8,16,0.8
2730,82,0.8053351617853528,6,0.6,15,0.75
2731,82,0.885242868492942,6,0.6,16,0.8
2732,82,0.8922519345675385,8,0.8,16,0.8
2733,82,0.8153481133204906,8,0.8,17,0.85
2734,82,0.907880845876732,6,0.6,15,0.75
2735,82,0.8190920865031944,5,0.5,15,0.75
2736,81,0.8532294489611563,6,0.6,16,0.8
2737,82,0.9111241714826788,7,0.7,16,0.8
2738,82,0.9022213515307845,8,0.8,13,0.65
2739,82,0.8876372699469965,7,0.7,17,0.85
2740,82,0.892426072855106,8,0.8,14,0.7
2741,82,0.8738150433713172,6,0.6,15,0.75
2742,82,0.8702887430480731,8,0.8,16,0.8
2743,82,0.8453869679259043,6,0.6,15,0.75
2744,82,0.9015683329524059,6,0.6,17,0.85
2745,82,0.8646945505599636,8,0.8,15,0.75
2746,82,0.9064877395761909,7,0.7,16,0.8
2747,82,0.8632579096875306,7,0.7,15,0.75
2748,82,0.9275367050859264,7,0.7,16,0.8
2749,82,0.8859611889291584,7,0.7,15,0.75
2750,82,0.849522752255635,6,0.6,15,0.75
2751,82,0.895168750884296,8,0.8,16,0.8
2752,82,0.9115595172015977,7,0.7,16,0.8
2753,82,0.8936015062961875,7,0.7,15,0.75
2754,82,0.9195916457156539,7,0.7,17,0.85
2755,82,0.8298451257604946,8,0.8,13,0.65
2756,82,0.8571848369086101,8,0.8,16,0.8
2757,82,0.8674589958750994,7,0.7,14,0.7
2758,82,0.8786038462794267,5,0.5,15,0.75
2759,82,0.8876372699469965,6,0.6,15,0.75
2760,82,0.890662922693484,5,0.5,14,0.7
2761,82,0.9075108020156506,7,0.7,17,0.85
2762,81,0.8604561878952123,6,0.6,14,0.7
2763,82,0.9050728659897042,6,0.6,16,0.8
2764,82,0.8886603323864564,6,0.6,16,0.8
2765,82,0.9067054124356504,7,0.7,16,0.8
2766,82,0.8780814314167238,7,0.7,15,0.75
2767,82,0.758230754998313,5,0.5,13,0.65
2768,82,0.8718995222080735,6,0.6,13,0.65
2769,82,0.8351128089594149,8,0.8,16,0.8
2770,82,0.8342856520934687,8,0.8,15,0.75
2771,82,0.8938409464415928,7,0.7,17,0.85
2772,82,0.8442986036286065,6,0.6,16,0.8
2773,82,0.84632296122158,5,0.5,14,0.7
2774,82,0.9089692101740293,7,0.7,16,0.8
2775,82,0.9054864444226772,7,0.7,15,0.75
2776,82,0.8698969319010459,6,0.6,15,0.75
2777,82,0.8609288100913137,6,0.6,15,0.75
2778,82,0.8648469215615852,7,0.7,16,0.8
2779,81,0.9028229448961156,7,0.7,13,0.65
2780,82,0.8730314210772631,7,0.7,14,0.7
2781,82,0.9336097778648471,9,0.9,17,0.85
2782,82,0.8520259901394195,5,0.5,16,0.8
2783,82,0.8777549221275346,6,0.6,17,0.85
2784,82,0.8652822672805042,6,0.6,15,0.75
2785,82,0.8478684385237427,7,0.7,17,0.85
2786,82,0.8254263667134664,5,0.5,16,0.8
2787,82,0.8907064572653759,5,0.5,14,0.7
2788,81,0.8890921409214091,7,0.7,18,0.9
2789,82,0.886570672935645,7,0.7,18,0.9
2790,82,0.9119730956345709,6,0.6,17,0.85
2791,82,0.8752734515296962,5,0.5,15,0.75
2792,82,0.8833926491875361,6,0.6,16,0.8
2793,82,0.8458440809307691,6,0.6,15,0.75
2794,82,0.8993698370718647,7,0.7,17,0.85
2795,82,0.8976066869102426,6,0.6,13,0.65
2796,82,0.8620824762464492,7,0.7,17,0.85
2797,82,0.9217901415961951,6,0.6,17,0.85
2798,82,0.8587956160686105,7,0.7,14,0.7
2799,82,0.9199616895767352,9,0.9,16,0.8
2800,82,0.883871529478347,6,0.6,15,0.75
2801,82,0.865391103710234,8,0.8,16,0.8
2802,82,0.9092304176053808,7,0.7,15,0.75
2803,82,0.9120819320643007,7,0.7,15,0.75
2804,82,0.8809764804475354,6,0.6,14,0.7
2805,81,0.8325880758807589,7,0.7,16,0.8
2806,82,0.8827396306091576,7,0.7,15,0.75
2807,82,0.9025260935340277,9,0.9,16,0.8
2808,82,0.899217466070243,8,0.8,15,0.75
2809,82,0.8764706522567234,5,0.5,15,0.75
2810,82,0.8521783611410412,6,0.6,15,0.75
2811,82,0.8930137895756468,5,0.5,16,0.8
2812,82,0.9049422622740284,7,0.7,16,0.8
2813,81,0.935817524841915,7,0.7,15,0.75
2814,82,0.8777331548415886,5,0.5,14,0.7
2815,82,0.8945374995918635,6,0.6,17,0.85
2816,82,0.8788432864248321,6,0.6,15,0.75
2817,82,0.8993263024999729,5,0.5,16,0.8
2818,81,0.8727868112014454,6,0.6,16,0.8
2819,82,0.8897051621118621,8,0.8,16,0.8
2820,82,0.890249344260511,7,0.7,18,0.9
2821,82,0.8949946125967284,6,0.6,17,0.85
2822,82,0.8666536062950991,6,0.6,17,0.85
2823,82,0.8846333844864553,7,0.7,16,0.8
2824,82,0.8624307528215845,5,0.5,14,0.7
2825,82,0.8482167150988779,6,0.6,14,0.7
2826,82,0.8587956160686105,5,0.5,15,0.75
2827,82,0.8503499091215811,6,0.6,16,0.8
2828,82,0.8545074607372579,6,0.6,17,0.85
2829,82,0.8239461912691416,6,0.6,17,0.85
2830,82,0.9121690012080844,9,0.9,16,0.8
2831,82,0.8878549428064562,7,0.7,18,0.9
2832,82,0.8790609592842915,6,0.6,14,0.7
2833,82,0.8737932760853714,7,0.7,16,0.8
2834,82,0.8873760625156453,6,0.6,16,0.8
2835,82,0.820223985372384,5,0.5,17,0.85
2836,81,0.8528229448961155,7,0.7,15,0.75
2837,82,0.8690262404632079,5,0.5,15,0.75
2838,82,0.8561400071832043,5,0.5,16,0.8
2839,82,0.861255319380503,7,0.7,16,0.8
2840,82,0.8563576800426639,6,0.6,16,0.8
2841,82,0.8863747673621314,6,0.6,18,0.9
2842,82,0.8830879071842926,8,0.8,16,0.8
2843,82,0.8623872182496926,6,0.6,16,0.8
2844,82,0.8958000021767287,6,0.6,14,0.7
2845,82,0.88611355993078,6,0.6,15,0.75
2846,82,0.8669365810123965,7,0.7,17,0.85
2847,81,0.9059620596205963,6,0.6,17,0.85
2848,82,0.8632361424015847,6,0.6,15,0.75
2849,82,0.8616253632415842,5,0.5,15,0.75
2850,82,0.8850904974913204,6,0.6,15,0.75
2851,82,0.8493921485399594,7,0.7,16,0.8
2852,82,0.826079385291845,5,0.5,16,0.8
2853,82,0.8961265114659179,7,0.7,15,0.75
2854,82,0.9065530414340288,6,0.6,17,0.85
2855,82,0.8483037842426618,6,0.6,16,0.8
2856,82,0.8713335727734788,7,0.7,17,0.85
2857,82,0.8438632579096875,7,0.7,16,0.8
2858,82,0.8985209129199726,8,0.8,15,0.75
2859,82,0.9070319217248397,6,0.6,13,0.65
2860,81,0.8817524841915085,6,0.6,16,0.8
2861,82,0.8873978298015912,7,0.7,13,0.65
2862,82,0.855878799751853,4,0.4,15,0.75
2863,82,0.8148256984577879,8,0.8,14,0.7
2864,82,0.8402498884426596,6,0.6,14,0.7
2865,82,0.8429925664718495,6,0.6,14,0.7
2866,82,0.8397492408659027,7,0.7,15,0.75
2867,82,0.8552910830313123,6,0.6,14,0.7
2868,82,0.8715077110610463,7,0.7,16,0.8
2869,82,0.9184162122745726,6,0.6,17,0.85
2870,82,0.8960176750361882,6,0.6,17,0.85
2871,82,0.8864618365059153,8,0.8,14,0.7
2872,82,0.9067924815794344,6,0.6,17,0.85
2873,82,0.9030702756826765,9,0.9,16,0.8
2874,82,0.8431014029015792,7,0.7,16,0.8
2875,82,0.8819560083151032,7,0.7,16,0.8
2876,82,0.9025478608199737,8,0.8,16,0.8
2877,82,0.8836320893329416,8,0.8,14,0.7
2878,82,0.9011329872334869,7,0.7,16,0.8
2879,82,0.8542897878777985,8,0.8,14,0.7
2880,82,0.8886603323864564,8,0.8,16,0.8
2881,82,0.8533102600102307,6,0.6,16,0.8
2882,82,0.8524831031442845,7,0.7,15,0.75
2883,82,0.8569889313350966,7,0.7,16,0.8
2884,82,0.9020036786713249,8,0.8,17,0.85
2885,82,0.8643027394129363,7,0.7,16,0.8
2886,82,0.8373983739837398,8,0.8,16,0.8
2887,82,0.87890858828267,8,0.8,15,0.75
2888,82,0.8970189701897019,7,0.7,16,0.8
2889,82,0.8403151903004974,6,0.6,16,0.8
2890,81,0.8842818428184283,8,0.8,16,0.8
2891,82,0.8353304818188745,7,0.7,16,0.8
2892,82,0.8969319010459182,6,0.6,17,0.85
2893,82,0.9141280569432201,7,0.7,17,0.85
2894,81,0.8955284552845528,7,0.7,16,0.8
2895,82,0.8990215604967294,6,0.6,17,0.85
2896,82,0.8823478194621303,9,0.9,16,0.8
2897,82,0.9021560496729466,6,0.6,18,0.9
2898,82,0.8851122647772663,7,0.7,14,0.7
2899,82,0.9075325693015965,6,0.6,16,0.8
2900,82,0.8692439133226673,7,0.7,14,0.7
2901,82,0.8808241094459137,6,0.6,14,0.7
2902,82,0.8806935057302381,7,0.7,17,0.85
2903,82,0.8891827472491592,6,0.6,17,0.85
2904,82,0.8837844603345633,8,0.8,15,0.75
2905,82,0.8786256135653726,7,0.7,16,0.8
2906,82,0.9030485083967306,6,0.6,16,0.8
2907,82,0.8982597054886211,7,0.7,16,0.8
2908,82,0.8098192226902189,7,0.7,15,0.75
2909,82,0.8863747673621314,6,0.6,16,0.8
2910,81,0.8507904245709123,7,0.7,16,0.8
2911,81,0.8498870822041554,6,0.6,16,0.8
2912,82,0.8479119730956347,6,0.6,17,0.85
2913,82,0.9073148964421371,8,0.8,16,0.8
2914,82,0.8854823086383475,8,0.8,15,0.75
2915,82,0.885286403064834,6,0.6,14,0.7
2916,82,0.8797792797205082,6,0.6,16,0.8
2917,82,0.8961047441799719,6,0.6,17,0.85
2918,82,0.8952340527421339,8,0.8,17,0.85
2919,82,0.8417735984588763,6,0.6,16,0.8
2920,82,0.8553999194610421,6,0.6,16,0.8
2921,82,0.8973454794788911,7,0.7,16,0.8
2922,82,0.8247951154210337,6,0.6,15,0.75
2923,81,0.8933152664859981,5,0.5,16,0.8
2924,82,0.8667624427248288,4,0.4,14,0.7
2925,82,0.9182856085588967,6,0.6,17,0.85
2926,82,0.893862713727539,8,0.8,15,0.75
2927,82,0.9106670584778137,7,0.7,15,0.75
2928,82,0.8657393802853691,7,0.7,15,0.75
2929,82,0.8294750818994134,6,0.6,15,0.75
2930,82,0.85272254328969,6,0.6,14,0.7
2931,82,0.8523524994286088,6,0.6,12,0.6
2932,82,0.8742503890902363,5,0.5,17,0.85
2933,82,0.8598186785080701,6,0.6,13,0.65
2934,82,0.8683079200269915,7,0.7,15,0.75
2935,82,0.8785167771356429,7,0.7,16,0.8
2936,82,0.8999357865064594,7,0.7,16,0.8
2937,82,0.8823478194621303,7,0.7,16,0.8
2938,82,0.8935579717242955,7,0.7,15,0.75
2939,82,0.9145416353761932,7,0.7,16,0.8
2940,82,0.9007847106583515,6,0.6,17,0.85
2941,82,0.9332832685756577,7,0.7,17,0.85
2942,82,0.8685691274583429,5,0.5,15,0.75
2943,82,0.9112765424843003,7,0.7,16,0.8
2944,82,0.857685484485367,5,0.5,15,0.75
2945,82,0.9036144578313253,8,0.8,14,0.7
2946,82,0.9224649274605197,8,0.8,17,0.85
2947,82,0.8430361010437415,5,0.5,14,0.7
2948,81,0.8982384823848238,6,0.6,16,0.8
2949,82,0.8247951154210337,7,0.7,16,0.8
2950,82,0.8896398602540243,7,0.7,17,0.85
2951,82,0.8759482373940206,7,0.7,16,0.8
2952,82,0.8824566558918602,6,0.6,16,0.8
2953,82,0.8792350975718594,5,0.5,17,0.85
2954,82,0.899217466070243,5,0.5,15,0.75
2955,82,0.892948487717809,6,0.6,17,0.85
2956,82,0.8349604379577933,7,0.7,16,0.8
2957,82,0.8855258432102393,7,0.7,16,0.8
2958,82,0.8455828734994179,6,0.6,14,0.7
2959,82,0.9152817230983554,7,0.7,17,0.85
2960,82,0.8864183019340234,6,0.6,15,0.75
2961,82,0.8775372492680751,7,0.7,17,0.85
2962,82,0.8976502214821346,7,0.7,19,0.95
2963,82,0.9328043882848468,7,0.7,15,0.75
2964,82,0.8910111992686193,6,0.6,17,0.85
2965,82,0.8423395478934709,7,0.7,14,0.7
2966,82,0.8373766066977938,6,0.6,15,0.75
2967,82,0.8654128709961799,5,0.5,17,0.85
2968,82,0.8669583482983425,6,0.6,17,0.85
2969,82,0.9047681239864608,5,0.5,16,0.8
2970,82,0.8903799479761867,6,0.6,16,0.8
2971,82,0.8644115758426661,6,0.6,12,0.6
2972,82,0.8629967022561792,7,0.7,15,0.75
2973,82,0.881172386021049,7,0.7,15,0.75
2974,81,0.8608852755194217,7,0.7,15,0.75
2975,82,0.8731837920788846,6,0.6,16,0.8
2976,82,0.8693745170383431,8,0.8,14,0.7
2977,82,0.8673283921594237,8,0.8,17,0.85
2978,82,0.8438197233377956,7,0.7,15,0.75
2979,82,0.8891827472491592,7,0.7,14,0.7
2980,82,0.8791262611421294,7,0.7,16,0.8
2981,82,0.8895745583961864,8,0.8,15,0.75
2982,82,0.8485649916740132,6,0.6,13,0.65
2983,82,0.8596010056486106,6,0.6,15,0.75
2984,82,0.8961265114659179,6,0.6,15,0.75
2985,82,0.8874631316594291,7,0.7,17,0.85
2986,82,0.8977808251978102,7,0.7,17,0.85
2987,82,0.8836538566188874,8,0.8,14,0.7
2988,82,0.8591003580718538,7,0.7,16,0.8
2989,82,0.8598622130799621,7,0.7,15,0.75
2990,82,0.887963779236186,6,0.6,14,0.7
2991,81,0.8748193315266486,8,0.8,17,0.85
2992,82,0.8352216453891447,7,0.7,14,0.7
2993,82,0.9102534800448405,6,0.6,14,0.7
2994,81,0.9065492321589883,7,0.7,16,0.8
2995,82,0.9137580130821388,6,0.6,17,0.85
2996,82,0.9018948422415951,8,0.8,16,0.8
2997,82,0.8649339907053689,6,0.6,16,0.8
2998,82,0.8905323189778083,7,0.7,18,0.9
2999,82,0.881172386021049,7,0.7,17,0.85
3000,82,0.8984556110621347,6,0.6,16,0.8
3001,82,0.8479990422394184,8,0.8,14,0.7
3002,82,0.8643898085567201,5,0.5,16,0.8
3003,82,0.8725525407864522,6,0.6,17,0.85
3004,82,0.8974107813367291,8,0.8,16,0.8
3005,82,0.8557917306080691,4,0.4,15,0.75
3006,82,0.878495009849697,7,0.7,14,0.7
3007,82,0.9077067075891644,6,0.6,17,0.85
3008,82,0.8713118054875328,5,0.5,15,0.75
3009,82,0.8656740784275313,7,0.7,16,0.8
3010,82,0.8433190757610388,6,0.6,14,0.7
3011,82,0.8949510780248364,7,0.7,16,0.8
3012,82,0.8525048704302304,7,0.7,15,0.75
3013,82,0.8600145840815838,7,0.7,17,0.85
3014,82,0.8548557373123933,7,0.7,14,0.7
3015,82,0.9121254666361924,7,0.7,16,0.8
3016,82,0.869853397329154,5,0.5,16,0.8
3017,82,0.8747075020951014,7,0.7,15,0.75
3018,82,0.8939280155853767,7,0.7,15,0.75
3019,82,0.8492833121102296,5,0.5,15,0.75
3020,82,0.9070536890107856,4,0.4,16,0.8
3021,82,0.917306080691329,7,0.7,18,0.9
3022,82,0.8714859437751006,8,0.8,16,0.8
3023,82,0.8559223343237449,8,0.8,16,0.8
3024,82,0.9404664729378216,7,0.7,18,0.9
3025,82,0.874859873096723,5,0.5,14,0.7
3026,82,0.873488534082128,7,0.7,15,0.75
3027,82,0.9111894733405167,5,0.5,16,0.8
3028,82,0.8867448112232126,7,0.7,15,0.75
3029,82,0.8761441429675342,6,0.6,16,0.8
3030,82,0.916457156539437,6,0.6,17,0.85
3031,81,0.8894986449864498,8,0.8,15,0.75
3032,82,0.9046157529848392,7,0.7,17,0.85
3033,82,0.8731184902210468,8,0.8,14,0.7
3034,82,0.8895527911102404,8,0.8,16,0.8
3035,81,0.8683604336043361,6,0.6,16,0.8
3036,82,0.8858088179275367,5,0.5,16,0.8
3037,82,0.9089256756021377,6,0.6,16,0.8
3038,82,0.9073584310140291,8,0.8,14,0.7
3039,81,0.8838979223125564,7,0.7,15,0.75
3040,82,0.8784079407059131,7,0.7,16,0.8
3041,82,0.8550734101718527,5,0.5,16,0.8
3042,82,0.892447840141052,7,0.7,14,0.7
3043,82,0.8713553400594247,6,0.6,17,0.85
3044,82,0.8866795093653749,7,0.7,17,0.85
3045,82,0.906465972290245,6,0.6,15,0.75
3046,82,0.9059217901415962,6,0.6,17,0.85
3047,82,0.8625178219653682,7,0.7,16,0.8
3048,82,0.8186349734983294,6,0.6,16,0.8
3049,82,0.8639326955518553,8,0.8,18,0.9
3050,82,0.9109935677670029,7,0.7,17,0.85
3051,82,0.9066401105778128,7,0.7,17,0.85
3052,82,0.8939497828713227,6,0.6,17,0.85
3053,82,0.8229013615437359,7,0.7,17,0.85
3054,82,0.8593180309313133,7,0.7,15,0.75
3055,82,0.9039627344064605,7,0.7,16,0.8
3056,82,0.8953428891718636,8,0.8,15,0.75
3057,82,0.8928831858599712,8,0.8,16,0.8
3058,82,0.8425136861810385,6,0.6,13,0.65
3059,82,0.8986079820637564,8,0.8,17,0.85
3060,82,0.8909458974107815,8,0.8,15,0.75
3061,82,0.9027002318215954,7,0.7,17,0.85
3062,82,0.8744245273778039,6,0.6,16,0.8
3063,82,0.931367747412414,8,0.8,17,0.85
3064,82,0.8921866327097007,6,0.6,16,0.8
3065,82,0.8631055386859089,6,0.6,15,0.75
3066,82,0.9129743907880847,7,0.7,16,0.8
3067,81,0.8501355013550135,6,0.6,15,0.75
3068,82,0.8498274942588784,6,0.6,16,0.8
3069,82,0.902395489818352,5,0.5,17,0.85
3070,82,0.8854823086383475,6,0.6,16,0.8
3071,82,0.8836103220469956,6,0.6,14,0.7
3072,82,0.8897704639696999,7,0.7,17,0.85
3073,82,0.8740109489448308,6,0.6,15,0.75
3074,82,0.8841980387675362,7,0.7,15,0.75
3075,81,0.8669602529358627,6,0.6,17,0.85
3076,82,0.8689174040334781,7,0.7,15,0.75
3077,82,0.856749491189691,6,0.6,16,0.8
3078,82,0.8605587662302325,5,0.5,15,0.75
3079,82,0.866305329719964,7,0.7,16,0.8
3080,82,0.9134750383648416,5,0.5,16,0.8
3081,82,0.8429490318999576,6,0.6,17,0.85
3082,81,0.8779132791327913,6,0.6,16,0.8
3083,82,0.7777995450637237,8,0.8,16,0.8
3084,82,0.8573372079102317,7,0.7,16,0.8
3085,82,0.8818471718853734,6,0.6,16,0.8
3086,82,0.9023084206745682,8,0.8,15,0.75
3087,82,0.8476289983783372,6,0.6,15,0.75
3088,82,0.8767318596880749,7,0.7,15,0.75
3089,82,0.9152599558124096,8,0.8,15,0.75
3090,82,0.9275149377999805,8,0.8,16,0.8
3091,82,0.8410988125945517,7,0.7,16,0.8
3092,82,0.8823695867480764,8,0.8,15,0.75
3093,82,0.8421871768918493,8,0.8,15,0.75
3094,81,0.8967253839205058,8,0.8,17,0.85
3095,82,0.8893133509648349,8,0.8,18,0.9
3096,82,0.882521957749698,5,0.5,16,0.8
3097,82,0.889748696683754,5,0.5,16,0.8
3098,82,0.9156299996734907,8,0.8,17,0.85
3099,82,0.9059870919994341,8,0.8,16,0.8
3100,82,0.9144763335183554,8,0.8,18,0.9
3101,82,0.8943415940183499,5,0.5,14,0.7
3102,82,0.8681990835972617,6,0.6,16,0.8
3103,82,0.884415711626996,7,0.7,18,0.9
3104,82,0.8880943829518617,6,0.6,16,0.8
3105,82,0.9376584930507941,7,0.7,17,0.85
3106,82,0.8824131213199682,6,0.6,15,0.75
3107,82,0.8577725536291508,6,0.6,14,0.7
3108,82,0.8681990835972617,7,0.7,16,0.8
3109,82,0.874838105810777,8,0.8,18,0.9
3110,82,0.9067707142934882,8,0.8,15,0.75
3111,82,0.8925566765707819,7,0.7,15,0.75
3112,82,0.9021342823870006,7,0.7,17,0.85
3113,82,0.8831967436140226,6,0.6,16,0.8
3114,82,0.8755999608188854,6,0.6,13,0.65
3115,82,0.8304981443388731,8,0.8,16,0.8
3116,82,0.862648425681044,7,0.7,16,0.8
3117,82,0.8493921485399594,7,0.7,13,0.65
3118,82,0.873989181658885,8,0.8,17,0.85
3119,82,0.9085773990270024,7,0.7,17,0.85
3120,82,0.8981944036307834,7,0.7,15,0.75
3121,82,0.9104493856183543,6,0.6,17,0.85
3122,81,0.8664182475158084,8,0.8,15,0.75
3123,82,0.9027002318215954,7,0.7,17,0.85
3124,82,0.8752081496718582,8,0.8,15,0.75
3125,82,0.9388121592059294,8,0.8,16,0.8
3126,82,0.8804105310129406,5,0.5,16,0.8
3127,82,0.859470401932935,6,0.6,17,0.85
3128,82,0.8737932760853714,8,0.8,18,0.9
3129,82,0.8832838127578064,7,0.7,17,0.85
3130,82,0.8471501180875263,6,0.6,16,0.8
3131,82,0.9089039083161917,7,0.7,18,0.9
3132,82,0.8919907271361871,6,0.6,14,0.7
3133,82,0.8794745377172647,7,0.7,15,0.75
3134,82,0.884350409769158,7,0.7,16,0.8
3135,82,0.8883991249551051,5,0.5,15,0.75
3136,82,0.8882902885253752,7,0.7,16,0.8
3137,82,0.8429925664718495,7,0.7,14,0.7
3138,81,0.8696702800361336,7,0.7,13,0.65
3139,82,0.88794201195024,7,0.7,16,0.8
3140,82,0.8423830824653629,8,0.8,18,0.9
3141,82,0.7907728474875111,8,0.8,14,0.7
3142,82,0.8639762301237471,7,0.7,16,0.8
3143,82,0.878429707991859,6,0.6,17,0.85
3144,82,0.9064877395761909,6,0.6,14,0.7
3145,82,0.9092521848913268,7,0.7,16,0.8
3146,82,0.8629314003983414,7,0.7,15,0.75
3147,82,0.8516124117064463,7,0.7,15,0.75
3148,82,0.853201423580501,7,0.7,15,0.75
3149,82,0.9180244011275456,9,0.9,18,0.9
3150,82,0.930453521402684,6,0.6,16,0.8
3151,82,0.8209858403804922,7,0.7,14,0.7
3152,82,0.8721607296394248,6,0.6,17,0.85
3153,82,0.8941021538729443,5,0.5,16,0.8
3154,82,0.8764924195426694,7,0.7,15,0.75
3155,81,0.904810298102981,7,0.7,18,0.9
3156,82,0.8434932140486064,7,0.7,14,0.7
3157,82,0.8971931084772695,8,0.8,16,0.8
3158,82,0.8789956574264538,7,0.7,16,0.8
3159,82,0.8116694419956249,5,0.5,15,0.75
3160,82,0.8567930257615829,7,0.7,16,0.8
3161,82,0.9083379588815969,6,0.6,15,0.75
3162,82,0.9095569268945701,7,0.7,15,0.75
3163,82,0.9414242335194438,7,0.7,17,0.85
3164,82,0.8805411347286165,6,0.6,15,0.75
3165,82,0.8527660778615819,7,0.7,17,0.85
3166,82,0.7943644496685932,6,0.6,17,0.85
3167,82,0.8539850458745551,6,0.6,15,0.75
3168,82,0.8795833741469945,6,0.6,14,0.7
3169,82,0.8712247363437491,7,0.7,16,0.8
3170,82,0.8487173626756348,6,0.6,15,0.75
3171,82,0.8760135392518585,6,0.6,14,0.7
3172,82,0.8050739543540014,8,0.8,13,0.65
3173,82,0.8372024684102263,6,0.6,14,0.7
3174,82,0.8981508690588914,6,0.6,16,0.8
3175,82,0.8357875948237394,6,0.6,15,0.75
3176,82,0.9045286838410553,6,0.6,17,0.85
3177,82,0.8735538359399658,7,0.7,16,0.8
3178,82,0.9240104047626823,7,0.7,16,0.8
3179,82,0.9062482994307856,6,0.6,17,0.85
3180,82,0.8996092772172701,6,0.6,15,0.75
3181,82,0.885678214211861,7,0.7,16,0.8
3182,81,0.8594850948509484,6,0.6,15,0.75
3183,82,0.8935579717242955,6,0.6,18,0.9
3184,82,0.8971713411913236,7,0.7,16,0.8
3185,82,0.8842633406253742,7,0.7,15,0.75
3186,82,0.9096004614664621,8,0.8,14,0.7
3187,82,0.9115159826297057,7,0.7,16,0.8
3188,82,0.9015683329524059,6,0.6,17,0.85
3189,81,0.8834914182475158,7,0.7,16,0.8
3190,82,0.9194828092859243,7,0.7,17,0.85
3191,82,0.8483690861004995,6,0.6,17,0.85
3192,82,0.9110371023388948,8,0.8,15,0.75
3193,82,0.8751210805280744,8,0.8,16,0.8
3194,82,0.8283214157442779,6,0.6,17,0.85
3195,82,0.9441233769767418,7,0.7,16,0.8
3196,82,0.885286403064834,6,0.6,17,0.85
3197,82,0.8377466505588752,7,0.7,14,0.7
3198,82,0.8121483222864357,6,0.6,13,0.65
3199,82,0.8643245066988822,8,0.8,14,0.7
3200,82,0.8846116172005093,6,0.6,15,0.75
3201,82,0.8547469008826635,6,0.6,16,0.8
3202,82,0.9135621075086252,6,0.6,18,0.9
3203,82,0.8388350148561726,7,0.7,14,0.7
3204,82,0.8717253839205059,6,0.6,16,0.8
3205,82,0.8934273680086199,7,0.7,15,0.75
3206,82,0.8175683764869778,8,0.8,15,0.75
3207,82,0.8954952601734854,8,0.8,17,0.85
3208,82,0.8874413643734832,5,0.5,16,0.8
3209,82,0.8997834155048379,7,0.7,14,0.7
3210,82,0.8955387947453772,6,0.6,17,0.85
3211,82,0.8658699840010449,6,0.6,16,0.8
3212,82,0.8713118054875328,6,0.6,15,0.75
3213,82,0.8553781521750962,6,0.6,15,0.75
3214,82,0.8047039104929202,6,0.6,13,0.65
3215,82,0.8805411347286165,6,0.6,16,0.8
3216,82,0.8959088386064584,6,0.6,18,0.9
3217,82,0.9275367050859264,7,0.7,16,0.8
3218,82,0.9198746204329513,6,0.6,17,0.85
3219,82,0.8760353065378044,6,0.6,17,0.85
3220,82,0.8745333638075335,6,0.6,18,0.9
3221,82,0.8995004407875403,6,0.6,16,0.8
3222,82,0.8958217694626746,5,0.5,17,0.85
3223,82,0.8611682502367193,8,0.8,17,0.85
3224,82,0.9162394836799775,7,0.7,16,0.8
3225,82,0.8996745790751081,7,0.7,14,0.7
3226,82,0.8310858610594138,6,0.6,16,0.8
3227,82,0.8006551953069732,6,0.6,14,0.7
3228,82,0.8812594551648328,7,0.7,15,0.75
3229,82,0.8899881368291596,7,0.7,16,0.8
3230,82,0.852221895712933,7,0.7,17,0.85
3231,82,0.8874413643734832,7,0.7,15,0.75
3232,82,0.8108858197015706,7,0.7,17,0.85
3233,82,0.8896616275399702,7,0.7,15,0.75
3234,82,0.882021310172941,7,0.7,14,0.7
3235,82,0.8474983946626615,6,0.6,16,0.8
3236,82,0.9053776079929474,7,0.7,16,0.8
3237,82,0.9147810755215986,8,0.8,16,0.8
3238,82,0.8677202033064508,6,0.6,15,0.75
3239,82,0.8336544008010361,8,0.8,15,0.75
3240,82,0.8667189081529371,6,0.6,16,0.8
3241,82,0.8244468388458984,6,0.6,14,0.7
3242,82,0.8872236915140237,7,0.7,16,0.8
3243,82,0.8330449167945495,4,0.4,15,0.75
3244,82,0.8845027807707796,8,0.8,16,0.8
3245,82,0.8515906444205006,8,0.8,14,0.7
3246,81,0.8712059620596205,6,0.6,16,0.8
3247,82,0.8832620454718604,6,0.6,15,0.75
3248,82,0.9057694191399746,8,0.8,17,0.85
3249,82,0.8556393596064474,7,0.7,16,0.8
3250,82,0.8589479870702321,5,0.5,16,0.8
3251,82,0.8815641971680762,7,0.7,17,0.85
3252,82,0.8707458560529382,5,0.5,14,0.7
3253,82,0.8586650123529348,7,0.7,14,0.7
3254,82,0.9074455001578129,5,0.5,14,0.7
3255,82,0.894733405165377,6,0.6,16,0.8
3256,82,0.9213547958772761,6,0.6,16,0.8
3257,82,0.9158694398188962,6,0.6,16,0.8
3258,82,0.8699622337588838,7,0.7,15,0.75
3259,82,0.8693962843242891,7,0.7,16,0.8
3260,82,0.8659788204307747,6,0.6,15,0.75
3261,82,0.8419477367464437,5,0.5,14,0.7
3262,82,0.8641721356972606,5,0.5,15,0.75
3263,82,0.8362447078286043,5,0.5,15,0.75
3264,82,0.8997834155048379,8,0.8,15,0.75
3265,82,0.8669148137264505,6,0.6,17,0.85
3266,82,0.8789738901405079,9,0.9,16,0.8
3267,82,0.9044851492691633,8,0.8,14,0.7
3268,82,0.931824860417279,8,0.8,16,0.8
3269,82,0.7789967457907512,6,0.6,13,0.65
3270,81,0.9087850045167117,9,0.9,16,0.8
3271,82,0.877624318411859,7,0.7,16,0.8
3272,82,0.877559016554021,8,0.8,13,0.65
3273,82,0.8903146461183488,6,0.6,17,0.85
3274,82,0.8593615655032053,6,0.6,15,0.75
3275,82,0.9089909774599754,7,0.7,16,0.8
3276,82,0.9114506807718681,7,0.7,16,0.8
3277,82,0.9012418236632166,5,0.5,14,0.7
3278,82,0.8823042848902385,6,0.6,17,0.85
3279,82,0.8544856934513121,6,0.6,13,0.65
3280,82,0.8838062276205092,7,0.7,16,0.8
3281,81,0.8652890695573622,7,0.7,18,0.9
3282,82,0.8776025511259129,6,0.6,16,0.8
3283,82,0.8392485932891458,5,0.5,15,0.75
3284,82,0.8837191584767253,5,0.5,15,0.75
3285,82,0.9067271797215964,6,0.6,15,0.75
3286,82,0.8917077524188897,7,0.7,14,0.7
3287,82,0.8503716764075271,5,0.5,14,0.7
3288,82,0.9130179253599764,6,0.6,17,0.85
3289,82,0.8812159205929408,7,0.7,15,0.75
3290,82,0.8568800949053669,7,0.7,14,0.7
3291,82,0.8556611268923934,7,0.7,16,0.8
3292,82,0.8968665991880803,7,0.7,17,0.85
3293,82,0.8631708405437468,6,0.6,15,0.75
3294,82,0.9344151674448471,7,0.7,16,0.8
3295,82,0.9027219991075414,6,0.6,15,0.75
3296,82,0.8626048911091521,6,0.6,15,0.75
3297,82,0.9047681239864608,7,0.7,17,0.85
3298,82,0.8962353478956477,8,0.8,16,0.8
3299,82,0.8623001491059088,7,0.7,15,0.75
3300,82,0.904681054842677,6,0.6,16,0.8
3301,82,0.8952775873140258,8,0.8,17,0.85
3302,82,0.8676549014486129,5,0.5,12,0.6
3303,82,0.848586758959959,8,0.8,14,0.7
3304,82,0.9092957194632187,7,0.7,14,0.7
3305,82,0.9109500331951111,6,0.6,15,0.75
3306,82,0.920962984730249,6,0.6,17,0.85
3307,82,0.8653693364242879,7,0.7,15,0.75
3308,82,0.8641503684113148,7,0.7,16,0.8
3309,82,0.8869407167967261,6,0.6,17,0.85
3310,82,0.8395533352923892,5,0.5,14,0.7
3311,82,0.8624742873934764,6,0.6,14,0.7
3312,82,0.9062265321448394,6,0.6,15,0.75
3313,82,0.8817165681696978,5,0.5,15,0.75
3314,82,0.8625831238232061,5,0.5,16,0.8
3315,82,0.8866359747934829,6,0.6,15,0.75
3316,82,0.8750993132421285,6,0.6,17,0.85
3317,82,0.9183291431307887,7,0.7,17,0.85
3318,82,0.873488534082128,6,0.6,17,0.85
3319,82,0.8542027187340147,6,0.6,16,0.8
3320,82,0.8537891403010417,7,0.7,15,0.75
3321,82,0.8625395892513144,8,0.8,14,0.7
3322,82,0.8720301259237492,6,0.6,15,0.75
3323,82,0.8876155026610508,6,0.6,16,0.8
3324,82,0.875774099106453,8,0.8,16,0.8
3325,82,0.8967795300442966,6,0.6,16,0.8
3326,82,0.8682426181691536,8,0.8,16,0.8
3327,82,0.8910329665545651,8,0.8,16,0.8
3328,82,0.8833926491875361,8,0.8,17,0.85
3329,82,0.8989780259248376,7,0.7,16,0.8
3330,82,0.8869842513686181,7,0.7,15,0.75
3331,82,0.8841980387675362,8,0.8,15,0.75
3332,82,0.8223571793950872,6,0.6,15,0.75
3333,81,0.8618563685636856,8,0.8,15,0.75
3334,82,0.8959088386064584,7,0.7,15,0.75
3335,82,0.8949728453107824,7,0.7,15,0.75
3336,82,0.9031355775405145,7,0.7,16,0.8
3337,82,0.9152599558124096,6,0.6,17,0.85
3338,82,0.8751428478140203,4,0.4,16,0.8
3339,82,0.8516341789923924,7,0.7,15,0.75
3340,82,0.852243662998879,8,0.8,16,0.8
3341,82,0.846388263079418,5,0.5,16,0.8
3342,82,0.8785385444215889,9,0.9,16,0.8
3343,82,0.825143391996169,7,0.7,13,0.65
3344,82,0.887049553226456,8,0.8,16,0.8
3345,82,0.8842415733394281,6,0.6,16,0.8
3346,82,0.923596826329709,8,0.8,16,0.8
3347,82,0.8989344913529458,7,0.7,16,0.8
3348,82,0.8995875099313242,7,0.7,17,0.85
3349,82,0.9070754562967317,5,0.5,17,0.85
3350,82,0.8938844810134848,9,0.9,16,0.8
3351,82,0.9189821617091674,7,0.7,14,0.7
3352,82,0.8496315886853648,6,0.6,14,0.7
3353,81,0.8758130081300812,6,0.6,14,0.7
3354,82,0.8676984360205048,9,0.9,14,0.7
3355,82,0.9063353685745693,6,0.6,17,0.85
3356,82,0.8339373755183335,6,0.6,16,0.8
3357,82,0.8835885547610497,7,0.7,16,0.8
3358,82,0.8840021331940228,7,0.7,15,0.75
3359,82,0.8884644268129429,7,0.7,17,0.85
3360,82,0.9003058303675406,5,0.5,17,0.85
3361,82,0.8038332190550822,6,0.6,13,0.65
3362,82,0.8718995222080735,6,0.6,17,0.85
3363,82,0.8831314417561846,7,0.7,14,0.7
3364,82,0.8642809721269904,8,0.8,15,0.75
3365,82,0.9132791327913279,7,0.7,17,0.85
3366,82,0.9006323396567298,6,0.6,14,0.7
3367,82,0.882021310172941,6,0.6,14,0.7
3368,82,0.8824566558918602,8,0.8,16,0.8
3369,82,0.8815424298821302,8,0.8,14,0.7
3370,81,0.8730578139114724,7,0.7,17,0.85
3371,81,0.9012872628726286,7,0.7,16,0.8
3372,82,0.8774284128383453,6,0.6,14,0.7
3373,82,0.887484898945375,8,0.8,18,0.9
3374,82,0.9057258845680826,8,0.8,16,0.8
3375,82,0.8314341376345491,6,0.6,16,0.8
3376,82,0.8795833741469945,6,0.6,16,0.8
3377,82,0.8809329458756436,6,0.6,15,0.75
3378,82,0.8795180722891567,7,0.7,17,0.85
3379,82,0.8855476104961854,7,0.7,15,0.75
3380,82,0.8742503890902363,7,0.7,16,0.8
3381,82,0.8904670171199704,6,0.6,14,0.7
3382,82,0.8871148550842938,7,0.7,16,0.8
3383,82,0.8880290810940239,7,0.7,16,0.8
3384,82,0.8658482167150988,5,0.5,17,0.85
3385,82,0.8813900588805085,6,0.6,17,0.85
3386,82,0.8757087972486151,8,0.8,16,0.8
3387,82,0.8855911450680772,6,0.6,16,0.8
3388,82,0.8503499091215811,6,0.6,14,0.7
3389,82,0.9102752473307865,6,0.6,16,0.8
3390,82,0.893296764292944,6,0.6,17,0.85
3391,82,0.8682426181691536,6,0.6,14,0.7
3392,82,0.8618865706729357,5,0.5,17,0.85
3393,82,0.8345250922388742,6,0.6,15,0.75
3394,82,0.9165659929691666,8,0.8,19,0.95
3395,82,0.8913594758437544,8,0.8,15,0.75
3396,82,0.8647816197037472,4,0.4,15,0.75
3397,82,0.9243151467659256,8,0.8,15,0.75
3398,82,0.8990433277826755,8,0.8,16,0.8
3399,82,0.9047681239864608,6,0.6,15,0.75
3400,82,0.8561835417550963,6,0.6,14,0.7
3401,82,0.9036144578313253,6,0.6,16,0.8
3402,82,0.9067271797215964,6,0.6,16,0.8
3403,82,0.9132355982194361,8,0.8,15,0.75
3404,82,0.8252086938540069,7,0.7,15,0.75
3405,82,0.9043980801253797,6,0.6,16,0.8
3406,81,0.8997289972899728,5,0.5,15,0.75
3407,82,0.908729770028624,6,0.6,17,0.85
3408,82,0.923618593615655,5,0.5,17,0.85
3409,82,0.8731184902210468,7,0.7,16,0.8
3410,82,0.8548339700264473,7,0.7,18,0.9
3411,82,0.8380731598480644,5,0.5,14,0.7
3412,82,0.8132802211556253,6,0.6,14,0.7
3413,82,0.8949728453107824,8,0.8,16,0.8
3414,82,0.8544203915934742,5,0.5,16,0.8
3415,82,0.8798881161502379,6,0.6,16,0.8
3416,82,0.8788650537107782,8,0.8,14,0.7
3417,82,0.8919036579924032,7,0.7,17,0.85
3418,82,0.8266671020123856,6,0.6,15,0.75
3419,82,0.9072713618702453,7,0.7,19,0.95
3420,82,0.8878767100924021,7,0.7,16,0.8
3421,82,0.8797575124345621,7,0.7,16,0.8
3422,82,0.8929049531459171,7,0.7,13,0.65
3423,82,0.9030702756826765,6,0.6,16,0.8
3424,82,0.8754911243891556,7,0.7,16,0.8
3425,82,0.9052470042772717,9,0.9,17,0.85
3426,82,0.9089039083161917,7,0.7,16,0.8
3427,82,0.8941456884448363,7,0.7,16,0.8
3428,82,0.8658917512869908,8,0.8,16,0.8
3429,82,0.9014594965226762,7,0.7,18,0.9
3430,82,0.9053123061351096,6,0.6,17,0.85
3431,82,0.8972801776210534,7,0.7,17,0.85
3432,82,0.8941674557307823,5,0.5,15,0.75
3433,82,0.880192858153481,7,0.7,17,0.85
3434,82,0.8850251956334825,6,0.6,15,0.75
3435,82,0.8645639468442877,7,0.7,14,0.7
3436,82,0.9136274093664631,6,0.6,17,0.85
3437,82,0.8632143751156386,7,0.7,15,0.75
3438,82,0.8951469835983502,6,0.6,18,0.9
3439,82,0.8710723653421274,5,0.5,16,0.8
3440,82,0.8817601027415897,6,0.6,17,0.85
3441,82,0.8918601234205115,6,0.6,16,0.8
3442,82,0.8303240060513055,6,0.6,15,0.75
3443,82,0.854942806456177,6,0.6,14,0.7
3444,82,0.8205287273756272,5,0.5,14,0.7
3445,82,0.8928614185740251,8,0.8,15,0.75
3446,82,0.9234444553280874,6,0.6,17,0.85
3447,82,0.9165224583972746,6,0.6,17,0.85
3448,82,0.8651734308507745,6,0.6,17,0.85
3449,82,0.8998051827907838,5,0.5,16,0.8
3450,82,0.8910765011264571,6,0.6,14,0.7
3451,82,0.8619301052448276,6,0.6,15,0.75
3452,82,0.8403804921583353,6,0.6,14,0.7
3453,81,0.9082429990966576,4,0.4,16,0.8
3454,82,0.8927090475724034,5,0.5,17,0.85
3455,82,0.9202011297221406,7,0.7,17,0.85
3456,82,0.893862713727539,8,0.8,17,0.85
3457,82,0.8841762714815904,4,0.4,16,0.8
3458,82,0.7969547566961613,8,0.8,15,0.75
3459,82,0.8670671847280723,5,0.5,15,0.75
3460,82,0.8970842720475398,8,0.8,18,0.9
3461,82,0.870767623338884,6,0.6,15,0.75
3462,82,0.7545520836734472,5,0.5,14,0.7
3463,81,0.9530939476061426,7,0.7,18,0.9
3464,82,0.8710505980561815,7,0.7,17,0.85
3465,82,0.8710505980561815,6,0.6,16,0.8
3466,82,0.900153459365919,5,0.5,18,0.9
3467,82,0.8382255308496861,6,0.6,16,0.8
3468,82,0.8352869472469825,4,0.4,14,0.7
3469,82,0.8596445402205026,7,0.7,16,0.8
3470,82,0.9039191998345688,6,0.6,15,0.75
3471,82,0.8547904354545554,7,0.7,15,0.75
3472,82,0.9140192205134903,8,0.8,17,0.85
3473,82,0.892926720431863,6,0.6,18,0.9
3474,82,0.9035709232594334,7,0.7,17,0.85
3475,82,0.848586758959959,6,0.6,16,0.8
3476,82,0.8976937560540266,6,0.6,15,0.75
3477,82,0.8494574503977972,7,0.7,15,0.75
3478,82,0.8781685005605078,5,0.5,16,0.8
3479,82,0.9137144785102471,6,0.6,15,0.75
3480,82,0.8323701309302249,5,0.5,14,0.7
3481,82,0.8945374995918635,6,0.6,15,0.75
3482,82,0.8691568441788836,8,0.8,15,0.75
3483,82,0.8655217074259096,6,0.6,17,0.85
3484,82,0.8523524994286088,7,0.7,16,0.8
3485,82,0.9242716121940338,7,0.7,15,0.75
3486,82,0.8627137275388818,7,0.7,17,0.85
3487,82,0.9092521848913268,8,0.8,16,0.8
3488,81,0.8994128274616079,7,0.7,17,0.85
3489,82,0.8703758121918568,7,0.7,15,0.75
3490,81,0.8700090334236675,7,0.7,16,0.8
3491,82,0.8498057269729324,9,0.9,14,0.7
3492,82,0.9062482994307856,6,0.6,17,0.85
3493,82,0.844559811059958,8,0.8,15,0.75
3494,82,0.8952775873140258,7,0.7,18,0.9
3495,82,0.8494574503977972,6,0.6,16,0.8
3496,82,0.9190039289951134,7,0.7,18,0.9
3497,82,0.8848945919178068,6,0.6,16,0.8
3498,82,0.9069013180091641,7,0.7,15,0.75
3499,82,0.9257735549243042,7,0.7,18,0.9
3500,82,0.8936232735821334,6,0.6,18,0.9
3501,82,0.8351998781031988,6,0.6,15,0.75
3502,82,0.8908588282669976,8,0.8,16,0.8
3503,82,0.8978025924837563,7,0.7,15,0.75
3504,82,0.8768406961178046,6,0.6,16,0.8
3505,82,0.8905540862637541,8,0.8,14,0.7
3506,82,0.8712682709156409,8,0.8,17,0.85
3507,82,0.8767971615459126,6,0.6,16,0.8
3508,82,0.9188950925653835,8,0.8,16,0.8
3509,82,0.873096722935101,8,0.8,15,0.75
3510,82,0.886200629074564,6,0.6,15,0.75
3511,82,0.9104493856183543,6,0.6,15,0.75
3512,82,0.887963779236186,6,0.6,16,0.8
3513,82,0.9166312948270046,7,0.7,17,0.85
3514,82,0.8604499298005028,7,0.7,16,0.8
3515,82,0.8914030104156463,6,0.6,16,0.8
3516,82,0.8470848162296883,6,0.6,15,0.75
3517,82,0.869853397329154,8,0.8,14,0.7
3518,82,0.8708546924826679,7,0.7,16,0.8
3519,82,0.8698098627572622,6,0.6,16,0.8
3520,82,0.8284955540318456,5,0.5,15,0.75
3521,82,0.880301694583211,6,0.6,16,0.8
3522,82,0.885286403064834,5,0.5,16,0.8
3523,82,0.9161959491080855,7,0.7,15,0.75
3524,82,0.8412511835961733,6,0.6,16,0.8
3525,82,0.9040715708361904,6,0.6,18,0.9
3526,82,0.8614294576680706,8,0.8,15,0.75
3527,82,0.9000228556502433,6,0.6,15,0.75
3528,82,0.8165888486194101,7,0.7,16,0.8
3529,82,0.8367018208334694,7,0.7,14,0.7
3530,82,0.9186991869918699,7,0.7,16,0.8
3531,82,0.8947116378794311,7,0.7,15,0.75
3532,82,0.8832185108999685,7,0.7,15,0.75
3533,82,0.9026349299637575,6,0.6,15,0.75
3534,82,0.8442333017707687,6,0.6,15,0.75
3535,82,0.9097092978961919,7,0.7,18,0.9
3536,82,0.8650210598491528,8,0.8,15,0.75
3537,82,0.8984773783480806,7,0.7,15,0.75
3538,82,0.883871529478347,7,0.7,16,0.8
3539,82,0.8730749556491548,7,0.7,17,0.85
3540,82,0.889291583678889,6,0.6,16,0.8
3541,82,0.8886603323864564,7,0.7,14,0.7
3542,82,0.9300399429697109,7,0.7,15,0.75
3543,82,0.8903799479761867,6,0.6,17,0.85
3544,82,0.9341321927275499,7,0.7,17,0.85
3545,82,0.9076849403032184,7,0.7,17,0.85
3546,82,0.8703540449059111,7,0.7,15,0.75
3547,82,0.8715077110610463,8,0.8,13,0.65
3548,82,0.899261000642135,8,0.8,16,0.8
3549,82,0.8580119937745563,8,0.8,16,0.8
3550,82,0.8596663075064486,6,0.6,14,0.7
3551,82,0.8617124323853681,6,0.6,15,0.75
3552,82,0.8671107192999641,7,0.7,17,0.85
3553,82,0.9134315037929497,7,0.7,14,0.7
3554,82,0.8832185108999685,7,0.7,17,0.85
3555,82,0.8502410726918515,6,0.6,15,0.75
3556,82,0.852221895712933,5,0.5,16,0.8
3557,82,0.7849174475680499,4,0.4,15,0.75
3558,82,0.8865924402215911,6,0.6,16,0.8
3559,82,0.8822607503183466,7,0.7,17,0.85
3560,82,0.8952775873140258,7,0.7,15,0.75
3561,82,0.8281037428848184,6,0.6,14,0.7
3562,82,0.8743592255199661,8,0.8,16,0.8
3563,81,0.9191056910569105,7,0.7,16,0.8
3564,82,0.873466766796182,7,0.7,16,0.8
3565,82,0.8975631523383507,6,0.6,17,0.85
3566,82,0.8521565938550951,6,0.6,13,0.65
3567,82,0.8930355568615927,7,0.7,15,0.75
3568,82,0.9095351596086243,6,0.6,16,0.8
3569,82,0.8800622544378055,5,0.5,17,0.85
3570,82,0.8955170274594312,5,0.5,15,0.75
3571,82,0.8398145427237405,8,0.8,16,0.8
3572,82,0.8838062276205092,6,0.6,17,0.85
3573,82,0.834176815663739,7,0.7,14,0.7
3574,82,0.8215300225291409,6,0.6,15,0.75
3575,82,0.8868101130810505,6,0.6,16,0.8
3576,82,0.8718342203502356,7,0.7,16,0.8
3577,82,0.8384867382810376,7,0.7,15,0.75
3578,82,0.9186121178480862,4,0.4,16,0.8
3579,82,0.841838900316714,6,0.6,17,0.85
3580,82,0.9093174867491646,8,0.8,17,0.85
3581,82,0.8921213308518627,7,0.7,15,0.75
3582,82,0.8402498884426596,6,0.6,16,0.8
3583,82,0.892426072855106,9,0.9,16,0.8
3584,82,0.9044851492691633,5,0.5,16,0.8
3585,81,0.8847109304426377,6,0.6,16,0.8
3586,82,0.8902058096886191,7,0.7,17,0.85
3587,81,0.8832204155374886,6,0.6,16,0.8
3588,82,0.9075543365875426,5,0.5,15,0.75
3589,82,0.8772325072648317,5,0.5,16,0.8
3590,82,0.9215942360226814,8,0.8,16,0.8
3591,82,0.8841980387675362,6,0.6,16,0.8
3592,82,0.8866577420794288,4,0.4,16,0.8
3593,82,0.8564229819005018,8,0.8,15,0.75
3594,82,0.8241856314145471,6,0.6,17,0.85
3595,82,0.8872019242280776,7,0.7,17,0.85
3596,82,0.8896180929680784,9,0.9,18,0.9
3597,81,0.887669376693767,7,0.7,17,0.85
3598,82,0.9135185729367334,6,0.6,17,0.85
3599,82,0.9210282865880869,6,0.6,17,0.85
3600,81,0.8878500451671183,8,0.8,17,0.85
3601,82,0.8763835831129397,5,0.5,14,0.7
3602,82,0.8928396512880792,6,0.6,13,0.65
3603,82,0.8983032400605131,7,0.7,17,0.85
3604,82,0.9006105723707839,6,0.6,16,0.8
3605,82,0.902852602823217,8,0.8,17,0.85
3606,82,0.885221101206996,7,0.7,16,0.8
3607,82,0.7891185337556187,6,0.6,14,0.7
3608,82,0.870832925196722,5,0.5,14,0.7
3609,82,0.8782338024183455,8,0.8,17,0.85
3610,82,0.8665665371513153,7,0.7,14,0.7
3611,82,0.8850251956334825,5,0.5,15,0.75
3612,82,0.8478249039518508,6,0.6,15,0.75
3613,82,0.8834579510453741,6,0.6,16,0.8
3614,82,0.8830008380405089,7,0.7,15,0.75
3615,82,0.8686126620302348,8,0.8,15,0.75
3616,82,0.8589697543561782,7,0.7,14,0.7
3617,82,0.831956552497252,5,0.5,16,0.8
3618,82,0.8795180722891567,7,0.7,16,0.8
3619,82,0.8931226260053766,5,0.5,18,0.9
3620,82,0.8937321100118631,6,0.6,16,0.8
3621,82,0.8690262404632079,7,0.7,15,0.75
3622,82,0.8521130592832034,5,0.5,13,0.65
3623,82,0.9181114702713292,7,0.7,15,0.75
3624,82,0.9329349920005224,7,0.7,18,0.9
3625,82,0.8390962222875241,6,0.6,15,0.75
3626,82,0.8794527704313189,7,0.7,14,0.7
3627,82,0.8722913333551007,5,0.5,14,0.7
3628,82,0.8561617744691503,7,0.7,16,0.8
3629,82,0.8828049324669954,7,0.7,17,0.85
3630,82,0.9188733252794375,5,0.5,17,0.85
3631,82,0.8941892230167282,5,0.5,15,0.75
3632,82,0.880236392725373,9,0.9,16,0.8
3633,82,0.8695051207540188,5,0.5,15,0.75
3634,82,0.9057694191399746,7,0.7,18,0.9
3635,82,0.8652604999945581,9,0.9,16,0.8
3636,82,0.8239461912691416,4,0.4,16,0.8
3637,81,0.8742999096657632,5,0.5,15,0.75
3638,82,0.8601016532253677,6,0.6,16,0.8
3639,82,0.8931443932913224,7,0.7,16,0.8
3640,82,0.8789521228545618,6,0.6,16,0.8
3641,82,0.9132791327913279,6,0.6,17,0.85
3642,82,0.9116030517734897,7,0.7,16,0.8
3643,82,0.9328479228567388,6,0.6,15,0.75
3644,82,0.8984991456340267,6,0.6,17,0.85
3645,82,0.9134097365070036,5,0.5,17,0.85
3646,82,0.8369630282648208,5,0.5,14,0.7
3647,82,0.8469759797999586,6,0.6,16,0.8
3648,82,0.8535497001556361,7,0.7,14,0.7
3649,82,0.8351998781031988,7,0.7,16,0.8
3650,82,0.9144545662324093,8,0.8,16,0.8
3651,82,0.8770583689772641,7,0.7,16,0.8
3652,82,0.8675025304469912,7,0.7,16,0.8
3653,82,0.8997616482188918,7,0.7,18,0.9
3654,82,0.8619083379588817,6,0.6,16,0.8
3655,82,0.8676984360205048,7,0.7,16,0.8
3656,82,0.851764782708068,9,0.9,14,0.7
3657,82,0.9054429098507852,7,0.7,16,0.8
3658,82,0.8261446871496828,6,0.6,14,0.7
3659,82,0.8664359334356396,5,0.5,16,0.8
3660,82,0.8520042228534735,8,0.8,17,0.85
3661,82,0.8340026773761714,8,0.8,16,0.8
3662,81,0.8344625112917795,6,0.6,16,0.8
3663,82,0.8780814314167238,8,0.8,17,0.85
3664,82,0.8528966815772575,6,0.6,15,0.75
3665,82,0.917327847977275,8,0.8,17,0.85
3666,82,0.7954963485377826,7,0.7,14,0.7
3667,82,0.8987385857794321,8,0.8,14,0.7
3668,82,0.8558352651799611,6,0.6,15,0.75
3669,82,0.8889650743896997,8,0.8,15,0.75
3670,82,0.9085773990270024,6,0.6,18,0.9
3671,82,0.8229884306875197,6,0.6,15,0.75
3672,82,0.8213558842415734,7,0.7,16,0.8
3673,82,0.887898477378348,8,0.8,15,0.75
3674,82,0.9190692308529511,6,0.6,16,0.8
3675,82,0.871660082062668,5,0.5,16,0.8
3676,82,0.8778202239853723,6,0.6,16,0.8
3677,82,0.8727702136459116,7,0.7,16,0.8
3678,82,0.8724654716426683,5,0.5,16,0.8
3679,82,0.8904887844059164,7,0.7,16,0.8
3680,82,0.9344804693026849,8,0.8,17,0.85
3681,82,0.9038756652626768,6,0.6,17,0.85
3682,82,0.9396175487859296,8,0.8,17,0.85
3683,82,0.8269283094437371,5,0.5,14,0.7
3684,82,0.8702234411902352,6,0.6,15,0.75
3685,82,0.8407070014475245,7,0.7,15,0.75
3686,82,0.8893133509648349,6,0.6,14,0.7
3687,82,0.823815587553466,7,0.7,15,0.75
3688,82,0.909643996038354,7,0.7,16,0.8
3689,82,0.8911635702702408,7,0.7,16,0.8
3690,82,0.8677419705923967,8,0.8,14,0.7
3691,82,0.8772107399788858,6,0.6,16,0.8
3692,82,0.8081866762442725,6,0.6,15,0.75
3693,82,0.8431667047594171,8,0.8,16,0.8
3694,81,0.8806233062330623,5,0.5,14,0.7
3695,82,0.8846551517724013,6,0.6,16,0.8
3696,82,0.8732708612226684,8,0.8,14,0.7
3697,82,0.9144545662324093,7,0.7,16,0.8
3698,82,0.8363535442583342,6,0.6,17,0.85
3699,82,0.815631088037788,8,0.8,17,0.85
3700,82,0.8710288307702354,7,0.7,15,0.75
3701,82,0.9080767514502454,7,0.7,16,0.8
3702,82,0.9092957194632187,7,0.7,16,0.8
3703,81,0.8824299909665763,9,0.9,16,0.8
3704,82,0.877580783839967,7,0.7,16,0.8
3705,82,0.8612117848086112,6,0.6,16,0.8
3706,82,0.9424690632448494,7,0.7,17,0.85
3707,82,0.901938376813487,6,0.6,17,0.85
3708,82,0.8885950305286185,7,0.7,15,0.75
3709,82,0.8793874685734809,7,0.7,17,0.85
3710,82,0.873096722935101,6,0.6,17,0.85
3711,82,0.9049422622740284,8,0.8,16,0.8
3712,82,0.8735320686540199,6,0.6,16,0.8
3713,82,0.8805846693005083,9,0.9,15,0.75
3714,82,0.8420783404621194,5,0.5,14,0.7
3715,81,0.8728093947606143,8,0.8,14,0.7
3716,82,0.850850556698338,7,0.7,15,0.75
3717,82,0.8804322982988867,4,0.4,17,0.85
3718,82,0.8909676646967273,5,0.5,16,0.8
3719,82,0.8592527290734756,7,0.7,15,0.75
3720,82,0.8398145427237405,7,0.7,13,0.65
3721,82,0.8648251542756392,5,0.5,17,0.85
3722,82,0.8638020918361794,6,0.6,14,0.7
3723,82,0.8789303555686161,6,0.6,16,0.8
3724,82,0.8885950305286185,6,0.6,16,0.8
3725,82,0.8888997725318619,7,0.7,16,0.8
3726,82,0.9135621075086252,7,0.7,17,0.85
3727,82,0.9153252576702474,8,0.8,17,0.85
3728,82,0.8553781521750962,7,0.7,15,0.75
3729,81,0.8922990063233965,8,0.8,16,0.8
3730,82,0.8789956574264538,6,0.6,15,0.75
3731,82,0.8937103427259172,6,0.6,16,0.8
3732,82,0.8439503270534713,6,0.6,13,0.65
3733,82,0.8844592461988877,7,0.7,18,0.9
3734,82,0.9042239418378119,6,0.6,16,0.8
3735,82,0.8886603323864564,7,0.7,13,0.65
3736,82,0.8864400692199693,8,0.8,17,0.85
3737,82,0.8712900382015868,6,0.6,17,0.85
3738,82,0.8520695247113115,5,0.5,14,0.7
3739,82,0.8227054559702224,7,0.7,15,0.75
3740,82,0.9158041379610583,7,0.7,15,0.75
3741,82,0.8998051827907838,7,0.7,17,0.85
3742,82,0.9011765218053787,8,0.8,17,0.85
3743,82,0.9409018186567409,7,0.7,17,0.85
3744,82,0.8799534180080757,7,0.7,15,0.75
3745,82,0.8936450408680795,7,0.7,17,0.85
3746,82,0.9090345120318672,7,0.7,15,0.75
3747,82,0.8759047028221287,8,0.8,16,0.8
3748,82,0.8701146047605055,6,0.6,18,0.9
3749,81,0.8659214092140921,7,0.7,15,0.75
3750,82,0.8695921898978027,6,0.6,15,0.75
3751,82,0.8479119730956347,7,0.7,14,0.7
3752,82,0.8771889726929398,6,0.6,15,0.75
3753,82,0.8298233584745486,6,0.6,14,0.7
3754,82,0.8790609592842915,7,0.7,15,0.75
3755,82,0.8344162558091445,6,0.6,14,0.7
3756,82,0.878495009849697,8,0.8,15,0.75
3757,82,0.8529402161491495,7,0.7,15,0.75
3758,82,0.776776482624264,7,0.7,14,0.7
3759,82,0.8907935264091597,6,0.6,17,0.85
3760,82,0.9036362251172714,8,0.8,17,0.85
3761,82,0.8735538359399658,6,0.6,17,0.85
3762,82,0.8978243597697021,7,0.7,16,0.8
3763,82,0.8107987505577867,7,0.7,16,0.8
3764,82,0.857685484485367,6,0.6,14,0.7
3765,82,0.7833719702658875,7,0.7,14,0.7
3766,82,0.9111024041967328,6,0.6,14,0.7
3767,82,0.888812703388078,7,0.7,19,0.95
3768,82,0.8666971408669911,6,0.6,15,0.75
3769,82,0.9135185729367334,8,0.8,15,0.75
3770,82,0.852243662998879,6,0.6,14,0.7
3771,82,0.909643996038354,8,0.8,15,0.75
3772,82,0.8864836037918613,6,0.6,16,0.8
3773,82,0.8508070221264462,4,0.4,17,0.85
3774,82,0.8905105516918623,5,0.5,17,0.85
3775,82,0.8859829562151044,5,0.5,16,0.8
3776,82,0.8724437043567224,8,0.8,15,0.75
3777,82,0.9050728659897042,7,0.7,18,0.9
3778,82,0.9016989366680817,8,0.8,15,0.75
3779,82,0.9092304176053808,5,0.5,15,0.75
3780,81,0.9290198735320686,7,0.7,15,0.75
3781,82,0.8046603759210283,7,0.7,14,0.7
3782,82,0.878451475277805,7,0.7,16,0.8
3783,82,0.9088603737442997,7,0.7,17,0.85
3784,82,0.8633232115453685,4,0.4,16,0.8
3785,82,0.8845680826286174,7,0.7,17,0.85
3786,82,0.8769059979756425,8,0.8,14,0.7
3787,82,0.8071853810907587,6,0.6,15,0.75
3788,82,0.8466930050826614,6,0.6,16,0.8
3789,82,0.9003058303675406,6,0.6,17,0.85
3790,82,0.8848510573459148,8,0.8,15,0.75
3791,82,0.8665012352934773,6,0.6,15,0.75
3792,82,0.8712682709156409,7,0.7,16,0.8
3793,82,0.8378554869886049,8,0.8,16,0.8
3794,82,0.9057911864259205,6,0.6,18,0.9
3795,82,0.8934709025805119,6,0.6,17,0.85
3796,82,0.8835014856172658,7,0.7,16,0.8
3797,82,0.8749034076686147,7,0.7,17,0.85
3798,82,0.9021995842448385,7,0.7,17,0.85
3799,81,0.8937217705510387,7,0.7,16,0.8
3800,82,0.9016118675242978,5,0.5,17,0.85
3801,82,0.9158912071048422,8,0.8,15,0.75
3802,81,0.8994805781391146,7,0.7,16,0.8
3803,82,0.8987385857794321,7,0.7,16,0.8
3804,82,0.9049640295599742,7,0.7,15,0.75
3805,82,0.9018730749556491,8,0.8,17,0.85
3806,82,0.8815641971680762,6,0.6,16,0.8
3807,82,0.8701799066183434,7,0.7,17,0.85
3808,82,0.901045918089703,7,0.7,17,0.85
3809,82,0.9049422622740284,6,0.6,16,0.8
3810,82,0.8601669550832056,7,0.7,16,0.8
3811,82,0.909687530610246,6,0.6,15,0.75
3812,82,0.8502846072637434,7,0.7,15,0.75
3813,82,0.8180690240637346,6,0.6,14,0.7
3814,82,0.8333278915118469,7,0.7,14,0.7
3815,81,0.8710027100271002,7,0.7,16,0.8
3816,82,0.8753169861015879,6,0.6,14,0.7
3817,82,0.9193739728561944,9,0.9,15,0.75
3818,82,0.8958000021767287,5,0.5,17,0.85
3819,82,0.8731837920788846,6,0.6,15,0.75
3820,82,0.9170666405459235,6,0.6,15,0.75
3821,82,0.8794310031453729,8,0.8,16,0.8
3822,82,0.8839150640502389,5,0.5,13,0.65
3823,82,0.9067707142934882,6,0.6,18,0.9
3824,82,0.8827396306091576,7,0.7,15,0.75
3825,82,0.8953428891718636,8,0.8,17,0.85
3826,82,0.8899446022572676,7,0.7,14,0.7
3827,82,0.8773848782664534,7,0.7,16,0.8
3828,81,0.8937895212285457,6,0.6,16,0.8
3829,82,0.895647631175107,5,0.5,14,0.7
3830,82,0.8950816817405122,6,0.6,17,0.85
3831,82,0.8635844189767198,5,0.5,16,0.8
3832,82,0.8941239211588904,6,0.6,16,0.8
3833,82,0.9054211425648394,7,0.7,16,0.8
3834,82,0.9236838954734929,7,0.7,16,0.8
3835,82,0.8442115344848228,8,0.8,15,0.75
3836,82,0.8589697543561782,6,0.6,16,0.8
3837,82,0.8945374995918635,7,0.7,17,0.85
3838,82,0.8572283714805019,6,0.6,15,0.75
3839,82,0.9268183846497101,6,0.6,16,0.8
3840,82,0.9090998138897052,7,0.7,18,0.9
3841,82,0.9148246100934905,7,0.7,18,0.9
3842,82,0.9136491766524092,6,0.6,16,0.8
3843,82,0.8153481133204906,5,0.5,14,0.7
3844,82,0.8766012559723991,7,0.7,15,0.75
3845,82,0.8895963256821324,7,0.7,17,0.85
3846,82,0.7826101152577791,5,0.5,15,0.75
3847,82,0.8291485726102242,8,0.8,15,0.75
3848,82,0.8772542745507778,6,0.6,16,0.8
3849,82,0.8636497208345577,7,0.7,16,0.8
3850,82,0.8912506394140247,7,0.7,15,0.75
3851,82,0.8325660365037386,7,0.7,16,0.8
3852,82,0.8845463153426716,7,0.7,15,0.75
3853,82,0.8670671847280723,6,0.6,16,0.8
3854,82,0.9165224583972746,6,0.6,17,0.85
3855,82,0.8907717591232137,7,0.7,18,0.9
3856,82,0.8964747880410531,6,0.6,17,0.85
3857,82,0.8816077317399681,7,0.7,16,0.8
3858,82,0.8991739314983511,8,0.8,15,0.75
3859,81,0.8767841011743451,6,0.6,17,0.85
3860,82,0.78217476953886,6,0.6,16,0.8
3861,82,0.8799098834361838,7,0.7,14,0.7
3862,82,0.8473460236610398,7,0.7,14,0.7
3863,82,0.8382255308496861,7,0.7,15,0.75
3864,82,0.8578596227729346,7,0.7,17,0.85
3865,82,0.8130190137242738,6,0.6,17,0.85
3866,82,0.8303240060513055,6,0.6,15,0.75
3867,82,0.8567930257615829,7,0.7,14,0.7
3868,82,0.8538109075869875,5,0.5,16,0.8
3869,82,0.8149127676015717,7,0.7,15,0.75
3870,82,0.8869842513686181,8,0.8,18,0.9
3871,82,0.9204623371534921,7,0.7,16,0.8
3872,82,0.8778855258432102,7,0.7,16,0.8
3873,82,0.8494574503977972,5,0.5,15,0.75
3874,82,0.8780161295588861,7,0.7,16,0.8
3875,82,0.9196134130015998,7,0.7,17,0.85
3876,82,0.9278849816610616,6,0.6,16,0.8
3877,82,0.8862441636464558,6,0.6,15,0.75
3878,82,0.8587738487826646,8,0.8,14,0.7
3879,82,0.8732273266507766,6,0.6,16,0.8
3880,82,0.8341115138059011,6,0.6,15,0.75
3881,82,0.864041531981585,7,0.7,16,0.8
3882,82,0.9152164212405178,5,0.5,16,0.8
3883,82,0.8776896202696967,6,0.6,16,0.8
3884,82,0.8693962843242891,7,0.7,16,0.8
3885,82,0.9223778583167358,6,0.6,17,0.85
3886,82,0.7940161730934578,7,0.7,15,0.75
3887,82,0.8257964105745476,7,0.7,14,0.7
3888,82,0.8909458974107815,8,0.8,17,0.85
3889,82,0.9013071255210545,8,0.8,16,0.8
3890,82,0.9256211839226826,7,0.7,18,0.9
3891,82,0.8646292487021257,6,0.6,16,0.8
3892,82,0.8918165888486195,8,0.8,15,0.75
3893,82,0.9126696487848412,6,0.6,16,0.8
3894,82,0.8780596641307779,6,0.6,15,0.75
3895,82,0.8591656599296916,6,0.6,13,0.65
3896,81,0.9198283649503162,6,0.6,14,0.7
3897,82,0.8284955540318456,6,0.6,17,0.85
3898,82,0.9110806369107868,8,0.8,15,0.75
3899,82,0.8779725949869941,7,0.7,17,0.85
3900,81,0.8768292682926829,7,0.7,16,0.8
3901,82,0.8652387327086123,7,0.7,15,0.75
3902,82,0.8713335727734788,6,0.6,16,0.8
3903,82,0.8868754149388883,8,0.8,14,0.7
3904,82,0.8672848575875317,7,0.7,17,0.85
3905,82,0.8131496174399495,7,0.7,17,0.85
3906,81,0.8523035230352303,6,0.6,14,0.7
3907,82,0.8904670171199704,6,0.6,17,0.85
3908,82,0.8712900382015868,7,0.7,16,0.8
3909,82,0.8766230232583451,6,0.6,18,0.9
3910,82,0.888834470674024,8,0.8,17,0.85
3911,81,0.8639340560072267,7,0.7,15,0.75
3912,82,0.8785167771356429,7,0.7,15,0.75
3913,82,0.8622348472480709,6,0.6,16,0.8
3914,82,0.8664141661496937,6,0.6,15,0.75
3915,82,0.892926720431863,8,0.8,16,0.8
3916,82,0.8971060393334858,9,0.9,15,0.75
3917,82,0.8510246949859056,7,0.7,15,0.75
3918,81,0.8839882565492321,8,0.8,16,0.8
3919,82,0.8507417202686083,6,0.6,16,0.8
3920,82,0.8863312327902396,7,0.7,17,0.85
3921,82,0.8497839596869864,6,0.6,15,0.75
3922,82,0.8461923575059044,7,0.7,15,0.75
3923,82,0.8863094655042937,7,0.7,18,0.9
3924,82,0.903331483114028,6,0.6,16,0.8
3925,82,0.8692656806086134,8,0.8,14,0.7
3926,82,0.8166541504772478,7,0.7,16,0.8
3927,82,0.8750993132421285,6,0.6,16,0.8
3928,82,0.8905323189778083,8,0.8,17,0.85
3929,82,0.8976937560540266,6,0.6,17,0.85
3930,82,0.8926002111426736,6,0.6,16,0.8
3931,82,0.8673501594453695,6,0.6,17,0.85
3932,82,0.9136927112243011,5,0.5,17,0.85
3933,82,0.8846769190583472,7,0.7,17,0.85
3934,81,0.8312556458897922,8,0.8,14,0.7
3935,82,0.7829148572610224,6,0.6,16,0.8
3936,82,0.8306722826264408,6,0.6,14,0.7
3937,82,0.8593180309313133,8,0.8,16,0.8
3938,82,0.8203328218021136,7,0.7,13,0.65
3939,82,0.9059870919994341,8,0.8,17,0.85
3940,82,0.8856564469259152,8,0.8,16,0.8
3941,82,0.9068795507232181,5,0.5,18,0.9
3942,82,0.8630620041140171,7,0.7,16,0.8
3943,82,0.8771236708351019,6,0.6,16,0.8
3944,82,0.866261795148072,5,0.5,18,0.9
3945,82,0.874881640382669,6,0.6,15,0.75
3946,82,0.8589479870702321,8,0.8,16,0.8
3947,82,0.9094698577507865,7,0.7,15,0.75
3948,82,0.9048769604161906,7,0.7,13,0.65
3949,82,0.779519160653454,6,0.6,12,0.6
3950,81,0.8579719963866306,7,0.7,16,0.8
3951,82,0.8559223343237449,5,0.5,15,0.75
3952,82,0.8464535649372559,6,0.6,13,0.65
3953,82,0.9075325693015965,5,0.5,17,0.85
3954,82,0.8831314417561846,6,0.6,16,0.8
3955,82,0.9011982890913247,8,0.8,15,0.75
3956,82,0.8751210805280744,5,0.5,16,0.8
3957,82,0.9205494062972759,5,0.5,16,0.8
3958,82,0.9079896823064616,7,0.7,14,0.7
3959,82,0.895647631175107,7,0.7,17,0.85
3960,82,0.8996310445032162,8,0.8,16,0.8
3961,82,0.8724654716426683,7,0.7,15,0.75
3962,82,0.9018077730978113,8,0.8,17,0.85
3963,82,0.923205015182682,6,0.6,16,0.8
3964,82,0.909687530610246,7,0.7,17,0.85
3965,82,0.84723718723131,7,0.7,14,0.7
3966,82,0.8828920016107792,7,0.7,16,0.8
3967,82,0.8588173833545565,8,0.8,14,0.7
3968,82,0.7953222102502149,3,0.3,16,0.8
3969,82,0.9084903298832184,7,0.7,16,0.8
3970,82,0.8833491146156441,6,0.6,15,0.75
3971,82,0.9136709439383551,8,0.8,15,0.75
3972,82,0.8614947595259085,5,0.5,16,0.8
3973,82,0.8667189081529371,7,0.7,15,0.75
3974,82,0.8921866327097007,8,0.8,16,0.8
3975,81,0.8644083107497741,8,0.8,16,0.8
3976,82,0.8349169033859014,7,0.7,12,0.6
3977,82,0.8909023628388895,7,0.7,14,0.7
3978,82,0.903679759689163,6,0.6,18,0.9
3979,82,0.895669398461053,7,0.7,16,0.8
3980,82,0.9178937974118696,5,0.5,17,0.85
3981,82,0.9040933381221362,5,0.5,17,0.85
3982,82,0.8967577627583504,6,0.6,16,0.8
3983,82,0.9170448732599775,9,0.9,15,0.75
3984,82,0.8797357451486162,5,0.5,17,0.85
3985,82,0.9045722184129472,5,0.5,16,0.8
3986,82,0.8796486760048324,5,0.5,15,0.75
3987,82,0.909687530610246,8,0.8,17,0.85
3988,82,0.8859394216432125,7,0.7,15,0.75
3989,82,0.9087733046005158,6,0.6,17,0.85
3990,82,0.9006541069426759,7,0.7,15,0.75
3991,81,0.8705510388437218,6,0.6,13,0.65
3992,82,0.8917512869907817,6,0.6,16,0.8
3993,82,0.9106670584778137,7,0.7,16,0.8
3994,82,0.8414688564556329,6,0.6,15,0.75
3995,82,0.8095362479729216,7,0.7,12,0.6
3996,82,0.8314994394923869,7,0.7,15,0.75
3997,82,0.8695051207540188,6,0.6,16,0.8
3998,82,0.8754693571032097,6,0.6,16,0.8
3999,82,0.8169153579085993,8,0.8,17,0.85
4000,82,0.8766012559723991,8,0.8,17,0.85
4001,82,0.9190474635670051,8,0.8,17,0.85
4002,82,0.8413600200259032,7,0.7,16,0.8
4003,82,0.9111894733405167,6,0.6,15,0.75
4004,82,0.8290615034664404,6,0.6,14,0.7
4005,82,0.9144327989464635,6,0.6,16,0.8
4006,82,0.9314765838421436,8,0.8,17,0.85
4007,81,0.8820686540198736,6,0.6,17,0.85
4008,82,0.8525266377161763,4,0.4,12,0.6
4009,82,0.8498057269729324,6,0.6,15,0.75
4010,82,0.8569018621913126,6,0.6,16,0.8
4011,82,0.8886167978145645,6,0.6,17,0.85
4012,82,0.8978461270556481,6,0.6,18,0.9
4013,82,0.8883120558113212,7,0.7,15,0.75
4014,82,0.8190050173594106,5,0.5,13,0.65
4015,82,0.9121907684940304,6,0.6,15,0.75
4016,82,0.8814553607383464,6,0.6,16,0.8
4017,82,0.8597316093642865,6,0.6,14,0.7
4018,82,0.8914247777015923,6,0.6,18,0.9
4019,82,0.8525048704302304,5,0.5,14,0.7
4020,82,0.8544856934513121,4,0.4,13,0.65
4021,82,0.8870060186545641,7,0.7,16,0.8
4022,82,0.9293869243913322,7,0.7,16,0.8
4023,82,0.9388992283497134,8,0.8,17,0.85
4024,82,0.8750340113842906,6,0.6,14,0.7
4025,82,0.8670018828702344,6,0.6,15,0.75
4026,82,0.8675025304469912,6,0.6,17,0.85
4027,82,0.8692874478945593,8,0.8,16,0.8
4028,82,0.8937321100118631,8,0.8,17,0.85
4029,82,0.8547251335967175,8,0.8,16,0.8
4030,82,0.885678214211861,6,0.6,17,0.85
4031,82,0.8604716970864489,7,0.7,17,0.85
4032,82,0.8593833327891512,6,0.6,14,0.7
4033,82,0.9038103634048389,6,0.6,18,0.9
4034,82,0.9061176957151098,7,0.7,14,0.7
4035,82,0.8926655130005116,6,0.6,17,0.85
4036,82,0.8891609799632133,7,0.7,18,0.9
4037,82,0.9032226466842982,7,0.7,15,0.75
4038,82,0.8112558635626518,7,0.7,14,0.7
4039,82,0.8519606882815818,4,0.4,14,0.7
4040,82,0.904202174551866,7,0.7,17,0.85
4041,82,0.8365929844037397,5,0.5,15,0.75
4042,82,0.840968208878876,5,0.5,13,0.65
4043,82,0.882543725035644,7,0.7,17,0.85
4044,82,0.8463447285075261,5,0.5,14,0.7
4045,82,0.8434279121907685,7,0.7,15,0.75
4046,82,0.8172418671977885,6,0.6,13,0.65
4047,82,0.9140845223713281,7,0.7,17,0.85
4048,82,0.908250889737813,7,0.7,16,0.8
4049,82,0.8560529380394206,7,0.7,15,0.75
4050,82,0.8883991249551051,7,0.7,15,0.75
4051,82,0.8707023214810462,8,0.8,16,0.8
4052,82,0.8602540242269893,7,0.7,17,0.85
4053,82,0.9063136012886234,7,0.7,18,0.9
4054,82,0.9215942360226814,8,0.8,15,0.75
4055,82,0.8754693571032097,6,0.6,16,0.8
4056,82,0.8745115965215878,6,0.6,16,0.8
4057,82,0.8665230025794235,8,0.8,16,0.8
4058,82,0.7935808273745388,5,0.5,14,0.7
4059,82,0.8422524787496872,6,0.6,16,0.8
4060,82,0.8546162971669878,6,0.6,14,0.7
4061,82,0.8300410313340082,5,0.5,17,0.85
4062,82,0.8637585572642875,5,0.5,14,0.7
4063,82,0.9149334465232203,7,0.7,17,0.85
4064,82,0.8504805128372568,8,0.8,15,0.75
4065,82,0.833306124225901,7,0.7,14,0.7
4066,82,0.881150618735103,5,0.5,15,0.75
4067,82,0.8423830824653629,5,0.5,17,0.85
4068,82,0.884306875197266,6,0.6,18,0.9
4069,82,0.9052470042772717,6,0.6,15,0.75
4070,82,0.8778202239853723,6,0.6,14,0.7
4071,82,0.8479337403815806,8,0.8,15,0.75
4072,82,0.8255134358572502,7,0.7,16,0.8
4073,82,0.8702452084761811,7,0.7,16,0.8
4074,82,0.8690915423210457,7,0.7,16,0.8
4075,82,0.8736844396556416,5,0.5,14,0.7
4076,82,0.904637520270785,5,0.5,17,0.85
4077,82,0.8863530000761856,6,0.6,18,0.9
4078,82,0.8707458560529382,7,0.7,15,0.75
4079,82,0.8999357865064594,7,0.7,17,0.85
4080,82,0.8990868623545674,6,0.6,16,0.8
4081,81,0.8806007226738933,8,0.8,18,0.9
4082,82,0.9201575951502486,7,0.7,16,0.8
4083,82,0.8884861940988888,7,0.7,17,0.85
4084,82,0.873923879801047,7,0.7,17,0.85
4085,82,0.8966053917567289,6,0.6,16,0.8
4086,82,0.8664577007215856,4,0.4,15,0.75
4087,82,0.860863508233476,5,0.5,14,0.7
4088,82,0.8556828941783394,7,0.7,17,0.85
4089,82,0.8416429947432005,7,0.7,16,0.8
4090,82,0.8790827265702377,7,0.7,15,0.75
4091,82,0.8245121407037365,7,0.7,16,0.8
4092,82,0.9245981214832228,7,0.7,15,0.75
4093,82,0.8705281831934785,7,0.7,15,0.75
4094,81,0.8986675700090333,6,0.6,17,0.85
4095,82,0.9273625667983586,9,0.9,16,0.8
4096,82,0.9040933381221362,8,0.8,16,0.8
4097,82,0.8948422415951067,7,0.7,15,0.75
4098,82,0.8806499711583462,7,0.7,14,0.7
4099,82,0.87078939062483,7,0.7,16,0.8
4100,82,0.9260129950697098,8,0.8,14,0.7
4101,82,0.9098181343259216,7,0.7,18,0.9
4102,82,0.7997845038691351,6,0.6,15,0.75
4103,82,0.877559016554021,6,0.6,16,0.8
4104,82,0.8838279949064552,8,0.8,16,0.8
4105,82,0.8756434953907773,8,0.8,16,0.8
4106,82,0.8754911243891556,7,0.7,14,0.7
4107,82,0.9042674764097038,6,0.6,16,0.8
4108,82,0.8821736811745629,7,0.7,14,0.7
4109,82,0.8839803659080768,7,0.7,15,0.75
4110,82,0.8807370403021298,5,0.5,15,0.75
4111,82,0.9008282452302435,6,0.6,16,0.8
4112,82,0.8436238177642821,7,0.7,14,0.7
4113,82,0.8444292073442823,6,0.6,12,0.6
4114,82,0.9116465863453815,6,0.6,16,0.8
4115,82,0.8867230439372668,5,0.5,15,0.75
4116,82,0.9028090682513252,7,0.7,15,0.75
4117,82,0.9027219991075414,7,0.7,17,0.85
4118,82,0.877101903549156,7,0.7,16,0.8
4119,82,0.880279927297265,7,0.7,15,0.75
4120,82,0.9030485083967306,5,0.5,15,0.75
4121,82,0.8633014442594226,7,0.7,13,0.65
4122,82,0.9110153350529488,6,0.6,18,0.9
4123,82,0.928146189092413,7,0.7,15,0.75
4124,82,0.8489350355350943,8,0.8,15,0.75
4125,82,0.888878005245916,7,0.7,15,0.75
4126,82,0.8952122854561879,6,0.6,17,0.85
4127,82,0.8627137275388818,8,0.8,16,0.8
4128,82,0.8545292280232039,7,0.7,14,0.7
4129,82,0.8783861734199673,5,0.5,14,0.7
4130,82,0.8530708198648251,6,0.6,15,0.75
4131,82,0.891098268412403,6,0.6,16,0.8
4132,82,0.8330013822226575,7,0.7,15,0.75
4133,82,0.9094263231788945,8,0.8,15,0.75
4134,82,0.8911635702702408,7,0.7,16,0.8
4135,82,0.9028308355372711,7,0.7,18,0.9
4136,82,0.9045504511270013,7,0.7,15,0.75
4137,82,0.8556611268923934,5,0.5,16,0.8
4138,82,0.9236838954734929,8,0.8,16,0.8
4139,82,0.8624307528215845,6,0.6,17,0.85
4140,82,0.8942980594464579,6,0.6,15,0.75
4141,82,0.8586867796388808,7,0.7,14,0.7
4142,82,0.8737062069415875,6,0.6,16,0.8
4143,82,0.8736409050837498,6,0.6,15,0.75
4144,82,0.8754693571032097,6,0.6,15,0.75
4145,82,0.8584038049215834,7,0.7,15,0.75
4146,82,0.8804105310129406,7,0.7,16,0.8
4147,82,0.9198963877188974,8,0.8,17,0.85
4148,82,0.9376802603367399,8,0.8,17,0.85
4149,82,0.8857870506415908,7,0.7,16,0.8
4150,82,0.9135838747945713,7,0.7,18,0.9
4151,82,0.8488044318194187,7,0.7,13,0.65
4152,82,0.8761441429675342,7,0.7,17,0.85
4153,82,0.7823924423983196,7,0.7,13,0.65
4154,82,0.8949946125967284,8,0.8,15,0.75
4155,82,0.9180461684134914,8,0.8,16,0.8
4156,82,0.8974107813367291,7,0.7,14,0.7
4157,82,0.8923390037113224,7,0.7,17,0.85
4158,82,0.8940368520151066,6,0.6,19,0.95
4159,82,0.8629531676842873,6,0.6,15,0.75
4160,82,0.8557917306080691,7,0.7,15,0.75
4161,82,0.9026784645356494,5,0.5,17,0.85
4162,82,0.8294097800415755,7,0.7,14,0.7
4163,82,0.9107976621934893,6,0.6,18,0.9
4164,82,0.8363535442583342,5,0.5,15,0.75
4165,82,0.8727049117880736,7,0.7,15,0.75
4166,82,0.8591221253577997,6,0.6,15,0.75
4167,82,0.8451257604945528,7,0.7,16,0.8
4168,82,0.8532231908664469,6,0.6,15,0.75
4169,82,0.8532667254383387,6,0.6,13,0.65
4170,82,0.886157094502672,6,0.6,13,0.65
4171,82,0.8320000870691439,6,0.6,15,0.75
4172,82,0.8217259281026545,6,0.6,13,0.65
4173,82,0.8661311914323964,7,0.7,17,0.85
4174,82,0.8050086524961636,7,0.7,14,0.7
4175,82,0.8846116172005093,6,0.6,15,0.75
4176,82,0.8682643854550995,8,0.8,14,0.7
4177,82,0.8644986449864499,7,0.7,17,0.85
4178,82,0.8812376878788869,7,0.7,16,0.8
4179,82,0.8729225846475334,5,0.5,14,0.7
4180,82,0.9131485290756522,8,0.8,16,0.8
4181,82,0.9107976621934893,7,0.7,16,0.8
4182,82,0.8530490525788793,5,0.5,13,0.65
4183,82,0.8804758328707786,6,0.6,14,0.7
4184,82,0.8601451877972595,7,0.7,18,0.9
4185,82,0.902395489818352,6,0.6,16,0.8
4186,82,0.901067685375649,8,0.8,16,0.8
4187,82,0.8846769190583472,6,0.6,15,0.75
4188,82,0.8179819549199508,7,0.7,14,0.7
4189,82,0.8823913540340222,8,0.8,15,0.75
4190,82,0.8971931084772695,7,0.7,17,0.85
4191,82,0.9250770017740338,6,0.6,15,0.75
4192,82,0.860406395228611,6,0.6,15,0.75
4193,82,0.8605369989442868,5,0.5,14,0.7
4194,82,0.927297264940521,7,0.7,16,0.8
4195,82,0.8787997518529402,5,0.5,17,0.85
4196,82,0.8917512869907817,6,0.6,15,0.75
4197,82,0.8372677702680641,7,0.7,16,0.8
4198,82,0.892469607426998,7,0.7,16,0.8
4199,82,0.8996528117891621,7,0.7,14,0.7
4200,82,0.8792133302859133,5,0.5,16,0.8
4201,82,0.9057476518540285,6,0.6,16,0.8
4202,82,0.8537456057291498,6,0.6,15,0.75
4203,82,0.8331972877961713,6,0.6,16,0.8
4204,82,0.914628704519977,5,0.5,18,0.9
4205,82,0.9450811375583636,7,0.7,17,0.85
4206,82,0.883936831336185,6,0.6,18,0.9
4207,82,0.8769059979756425,7,0.7,15,0.75
4208,82,0.8742068545183443,8,0.8,17,0.85
4209,82,0.89159891598916,7,0.7,17,0.85
4210,82,0.8672413230156397,7,0.7,15,0.75
4211,82,0.8913812431297005,8,0.8,17,0.85
4212,82,0.8579031573448265,7,0.7,15,0.75
4213,82,0.9121472339221385,8,0.8,17,0.85
4214,82,0.923596826329709,7,0.7,18,0.9
4215,82,0.8485649916740132,7,0.7,15,0.75
4216,82,0.887093087798348,8,0.8,15,0.75
4217,82,0.8749251749545608,6,0.6,16,0.8
4218,82,0.8434061449048227,7,0.7,16,0.8
4219,82,0.8634102806891524,6,0.6,16,0.8
4220,82,0.8080343052426507,7,0.7,15,0.75
4221,82,0.8781031987026698,7,0.7,16,0.8
4222,82,0.8370283301226586,6,0.6,16,0.8
4223,82,0.8795180722891567,6,0.6,16,0.8
4224,82,0.8115388382799491,7,0.7,14,0.7
4225,82,0.8526354741459061,6,0.6,16,0.8
4226,82,0.8714641764891544,6,0.6,15,0.75
4227,81,0.8361788617886179,6,0.6,16,0.8
4228,82,0.873053188363209,6,0.6,17,0.85
4229,82,0.8674807631610453,4,0.4,16,0.8
4230,82,0.8549210391702311,5,0.5,15,0.75
4231,82,0.86804671259564,6,0.6,15,0.75
4232,82,0.8508070221264462,6,0.6,13,0.65
4233,82,0.9029832065388926,6,0.6,17,0.85
4234,82,0.886200629074564,8,0.8,16,0.8
4235,82,0.8265364982967099,6,0.6,14,0.7
4236,82,0.8796704432907783,7,0.7,16,0.8
4237,82,0.8944504304480796,6,0.6,16,0.8
4238,82,0.8530055180069873,7,0.7,16,0.8
4239,81,0.879494128274616,7,0.7,16,0.8
4240,82,0.7937767329480525,6,0.6,14,0.7
4241,82,0.8696139571837485,6,0.6,16,0.8
4242,81,0.8931345980126467,7,0.7,17,0.85
4243,82,0.8536367692994199,5,0.5,13,0.65
4244,81,0.8813459801264679,6,0.6,14,0.7
4245,82,0.9013288928070005,8,0.8,16,0.8
4246,82,0.8899228349713216,7,0.7,16,0.8
4247,82,0.8706587869091543,7,0.7,12,0.6
4248,82,0.8471936526594183,7,0.7,17,0.85
4249,82,0.9171537096897074,9,0.9,17,0.85
4250,82,0.8722042642113168,6,0.6,16,0.8
4251,81,0.908694670280036,7,0.7,17,0.85
4252,82,0.8600581186534757,7,0.7,15,0.75
4253,82,0.8791044938561835,5,0.5,15,0.75
4254,82,0.8858523524994287,7,0.7,18,0.9
4255,82,0.8996092772172701,6,0.6,16,0.8
4256,82,0.8949946125967284,9,0.9,14,0.7
4257,82,0.8352651799610366,7,0.7,15,0.75
4258,82,0.8654781728540176,6,0.6,17,0.85
4259,82,0.9302793831151164,7,0.7,17,0.85
4260,82,0.8758394009642909,7,0.7,17,0.85
4261,82,0.8760570738237503,7,0.7,16,0.8
4262,82,0.9047898912724066,6,0.6,14,0.7
4263,82,0.8840674350518606,6,0.6,15,0.75
4264,82,0.9132355982194361,7,0.7,17,0.85
4265,82,0.8945810341637552,6,0.6,18,0.9
4266,82,0.8579031573448265,6,0.6,16,0.8
4267,82,0.891555381417268,6,0.6,15,0.75
4268,82,0.9111241714826788,6,0.6,16,0.8
4269,82,0.8040726592004876,6,0.6,14,0.7
4270,82,0.8991303969264594,6,0.6,17,0.85
4271,82,0.9188515579934915,7,0.7,17,0.85
4272,82,0.86084174094753,6,0.6,15,0.75
4273,81,0.8950542005420055,5,0.5,18,0.9
4274,82,0.8928831858599712,6,0.6,16,0.8
4275,82,0.8493486139680674,4,0.4,16,0.8
4276,82,0.901938376813487,6,0.6,17,0.85
4277,82,0.8858088179275367,7,0.7,16,0.8
4278,82,0.8399669137253621,6,0.6,15,0.75
4279,82,0.9071842927264616,8,0.8,16,0.8
4280,82,0.9332179667178199,7,0.7,15,0.75
4281,82,0.8964965553269991,7,0.7,14,0.7
4282,82,0.860341093370773,6,0.6,14,0.7
4283,82,0.8513947388469868,6,0.6,14,0.7
4284,82,0.8930355568615927,7,0.7,15,0.75
4285,82,0.9067054124356504,7,0.7,16,0.8
4286,82,0.8560747053253666,7,0.7,14,0.7
4287,82,0.8871148550842938,8,0.8,17,0.85
4288,82,0.8699622337588838,6,0.6,16,0.8
4289,82,0.8806935057302381,8,0.8,15,0.75
4290,82,0.9043110109815958,7,0.7,17,0.85
4291,82,0.8714206419172627,6,0.6,15,0.75
4292,82,0.862191312676179,6,0.6,15,0.75
4293,82,0.8988038876372699,7,0.7,16,0.8
4294,82,0.8668277445826668,7,0.7,16,0.8
4295,82,0.8359617331113071,7,0.7,14,0.7
4296,82,0.8581861320621238,6,0.6,15,0.75
4297,82,0.9156517669594367,6,0.6,15,0.75
4298,82,0.8973454794788911,7,0.7,17,0.85
4299,82,0.8867448112232126,6,0.6,15,0.75
4300,82,0.8941892230167282,8,0.8,15,0.75
4301,82,0.8193968285064377,5,0.5,14,0.7
4302,82,0.8984120764902429,6,0.6,18,0.9
4303,82,0.8982597054886211,6,0.6,14,0.7
4304,82,0.8982814727745672,7,0.7,16,0.8
4305,82,0.8968665991880803,7,0.7,16,0.8
4306,82,0.8412729508821193,7,0.7,15,0.75
4307,82,0.899239233356189,7,0.7,17,0.85
4308,82,0.8430796356156333,7,0.7,13,0.65
4309,82,0.9327390864270089,7,0.7,16,0.8
4310,82,0.8932749970069983,7,0.7,16,0.8
4311,82,0.8355046201064421,6,0.6,14,0.7
4312,82,0.8834579510453741,8,0.8,15,0.75
4313,82,0.9075761038734885,8,0.8,17,0.85
4314,82,0.827842535453467,5,0.5,13,0.65
4315,82,0.8690480077491539,6,0.6,16,0.8
4316,81,0.878590785907859,6,0.6,15,0.75
4317,82,0.9185685832761942,8,0.8,17,0.85
4318,82,0.8764053503988856,7,0.7,16,0.8
4319,82,0.9158259052470042,5,0.5,17,0.85
4320,81,0.8660343270099368,5,0.5,12,0.6
4321,82,0.8724001697848304,5,0.5,15,0.75
4322,82,0.8870060186545641,5,0.5,18,0.9
4323,81,0.8752258355916892,6,0.6,16,0.8
4324,82,0.9002405285097027,6,0.6,17,0.85
4325,82,0.9085338644551104,7,0.7,15,0.75
4326,82,0.8328490112210358,4,0.4,15,0.75
4327,82,0.8844592461988877,7,0.7,16,0.8
4328,82,0.853201423580501,7,0.7,15,0.75
4329,82,0.8487608972475267,8,0.8,14,0.7
4330,82,0.879365701287535,7,0.7,17,0.85
4331,82,0.8669365810123965,5,0.5,16,0.8
4332,81,0.8361562782294489,7,0.7,16,0.8
4333,82,0.9139974532275444,7,0.7,17,0.85
4334,82,0.8453652006399581,6,0.6,16,0.8
4335,82,0.8796704432907783,5,0.5,13,0.65
4336,82,0.9059217901415962,9,0.9,16,0.8
4337,82,0.8352434126750906,6,0.6,14,0.7
4338,82,0.8760570738237503,6,0.6,16,0.8
4339,82,0.8970189701897019,8,0.8,17,0.85
4340,82,0.8988909567810538,8,0.8,17,0.85
4341,82,0.8516559462783383,5,0.5,17,0.85
4342,82,0.9002187612237569,6,0.6,16,0.8
4343,82,0.8682208508832077,6,0.6,16,0.8
4344,82,0.8281690447426563,6,0.6,14,0.7
4345,82,0.8922737018534844,7,0.7,17,0.85
4346,82,0.7887484898945375,4,0.4,14,0.7
4347,82,0.8515471098486086,7,0.7,17,0.85
4348,82,0.8616471305275302,6,0.6,17,0.85
4349,82,0.917371382549167,9,0.9,16,0.8
4350,81,0.8931571815718157,5,0.5,13,0.65
4351,82,0.8702887430480731,6,0.6,15,0.75
4352,82,0.8622566145340169,7,0.7,15,0.75
4353,82,0.8995222080734865,7,0.7,16,0.8
4354,82,0.8997181136469999,7,0.7,16,0.8
4355,82,0.8727919809318575,6,0.6,15,0.75
4356,82,0.8952122854561879,8,0.8,16,0.8
4357,82,0.8523524994286088,5,0.5,17,0.85
4358,82,0.8686344293161807,7,0.7,15,0.75
4359,82,0.9096657633243,7,0.7,18,0.9
4360,82,0.897454315908621,6,0.6,15,0.75
4361,82,0.8387697129983348,6,0.6,16,0.8
4362,82,0.903788596118893,6,0.6,16,0.8
4363,82,0.8402934230145513,6,0.6,15,0.75
4364,82,0.8230972671172495,7,0.7,16,0.8
4365,82,0.8877025718048345,7,0.7,18,0.9
4366,81,0.861427280939476,6,0.6,15,0.75
4367,82,0.8802146254394271,6,0.6,15,0.75
4368,81,0.8890921409214091,7,0.7,15,0.75
4369,82,0.8166323831913018,7,0.7,15,0.75
4370,82,0.860406395228611,6,0.6,15,0.75
4371,82,0.9160435781064636,7,0.7,17,0.85
4372,82,0.8876590372329427,7,0.7,16,0.8
4373,82,0.8953646564578096,5,0.5,16,0.8
4374,82,0.8908805955529435,5,0.5,16,0.8
4375,82,0.8589262197842862,7,0.7,16,0.8
4376,82,0.8528749142913116,7,0.7,15,0.75
4377,82,0.8814988953102383,8,0.8,18,0.9
4378,82,0.8960394423221342,5,0.5,16,0.8
4379,82,0.8271024477313047,5,0.5,13,0.65
4380,82,0.8694615861821269,7,0.7,14,0.7
4381,82,0.8425354534669846,7,0.7,14,0.7
4382,82,0.8685038256005051,6,0.6,16,0.8
4383,82,0.8483255515286077,5,0.5,15,0.75
4384,82,0.7986961395718376,5,0.5,14,0.7
4385,82,0.8736626723696955,6,0.6,16,0.8
4386,82,0.8587520814967187,6,0.6,16,0.8
4387,82,0.8508287894123923,6,0.6,15,0.75
4388,82,0.889748696683754,7,0.7,17,0.85
4389,82,0.9047028221286229,8,0.8,17,0.85
4390,82,0.8687432657459104,7,0.7,14,0.7
4391,82,0.856749491189691,7,0.7,13,0.65
4392,82,0.8825872596075358,4,0.4,15,0.75
4393,82,0.8040726592004876,5,0.5,15,0.75
4394,82,0.91595650896268,6,0.6,17,0.85
4395,82,0.8999575537924055,6,0.6,18,0.9
4396,82,0.8611464829507733,7,0.7,17,0.85
4397,82,0.8732926285086143,6,0.6,17,0.85
4398,82,0.8617124323853681,7,0.7,13,0.65
4399,82,0.8919907271361871,6,0.6,14,0.7
4400,82,0.88256549232159,5,0.5,14,0.7
4401,82,0.8954081910297015,6,0.6,16,0.8
4402,82,0.9220078144556547,7,0.7,18,0.9
4403,82,0.8675242977329372,8,0.8,14,0.7
4404,82,0.9256864857805205,7,0.7,18,0.9
4405,81,0.9109756097560975,7,0.7,14,0.7
4406,82,0.8593397982172594,8,0.8,16,0.8
4407,82,0.8657176129994232,6,0.6,16,0.8
4408,82,0.9005235032270001,7,0.7,15,0.75
4409,82,0.8931661605772684,6,0.6,16,0.8
4410,82,0.8958217694626746,7,0.7,16,0.8
4411,82,0.8996745790751081,9,0.9,18,0.9
4412,82,0.9291474842459267,6,0.6,18,0.9
4413,82,0.8515688771345545,6,0.6,15,0.75
4414,82,0.8790827265702377,7,0.7,16,0.8
4415,82,0.91504228295295,6,0.6,15,0.75
4416,81,0.8290650406504065,8,0.8,13,0.65
4417,82,0.866261795148072,6,0.6,16,0.8
4418,82,0.884763988202131,7,0.7,15,0.75
4419,82,0.8307158171983327,8,0.8,15,0.75
4420,82,0.8754040552453718,7,0.7,16,0.8
4421,82,0.8340679792340093,5,0.5,12,0.6
4422,82,0.8774066455523993,6,0.6,17,0.85
4423,82,0.8936232735821334,7,0.7,15,0.75
4424,82,0.8779943622729399,5,0.5,15,0.75
4425,82,0.8553781521750962,6,0.6,16,0.8
4426,82,0.8456264080713096,7,0.7,17,0.85
4427,82,0.8744462946637499,5,0.5,17,0.85
4428,82,0.8993916043578106,7,0.7,17,0.85
4429,82,0.9198746204329513,6,0.6,16,0.8
4430,82,0.9084903298832184,7,0.7,16,0.8
4431,82,0.8814553607383464,6,0.6,17,0.85
4432,82,0.8544856934513121,8,0.8,17,0.85
4433,82,0.8860482580729422,6,0.6,13,0.65
4434,82,0.8516124117064463,6,0.6,16,0.8
4435,82,0.8538326748729335,6,0.6,14,0.7
4436,82,0.8461052883621205,7,0.7,16,0.8
4437,82,0.8901405078307811,7,0.7,17,0.85
4438,82,0.8614076903821248,6,0.6,16,0.8
4439,82,0.8101457319794082,8,0.8,15,0.75
4440,82,0.8295621510431972,6,0.6,17,0.85
4441,82,0.8487608972475267,7,0.7,14,0.7
4442,82,0.8002416168740001,6,0.6,13,0.65
4443,82,0.8600798859394216,6,0.6,15,0.75
4444,82,0.892926720431863,8,0.8,15,0.75
4445,82,0.8840892023378065,8,0.8,14,0.7
4446,82,0.9045504511270013,6,0.6,17,0.85
4447,82,0.8835885547610497,5,0.5,17,0.85
4448,82,0.8655217074259096,7,0.7,17,0.85
4449,82,0.9129308562161927,6,0.6,16,0.8
4450,82,0.8724654716426683,8,0.8,15,0.75
4451,81,0.8443089430894308,8,0.8,15,0.75
4452,82,0.8812594551648328,7,0.7,15,0.75
4453,82,0.8848945919178068,7,0.7,16,0.8
4454,82,0.858599710495097,4,0.4,16,0.8
4455,81,0.8759259259259259,7,0.7,16,0.8
4456,82,0.9116030517734897,5,0.5,15,0.75
4457,82,0.890249344260511,7,0.7,16,0.8
4458,82,0.8128013408648143,6,0.6,16,0.8
4459,82,0.917371382549167,5,0.5,16,0.8
4460,82,0.8897922312556459,8,0.8,17,0.85
4461,82,0.9067271797215964,8,0.8,15,0.75
4462,82,0.9327173191410628,5,0.5,16,0.8
4463,82,0.9065312741480829,6,0.6,16,0.8
4464,82,0.8692874478945593,9,0.9,16,0.8
4465,82,0.8601016532253677,7,0.7,15,0.75
4466,82,0.8667624427248288,7,0.7,15,0.75
4467,82,0.8553128503172582,6,0.6,15,0.75
4468,82,0.8330884513664415,5,0.5,15,0.75
4469,82,0.882064844744833,7,0.7,13,0.65
4470,82,0.8504587455513111,7,0.7,15,0.75
4471,82,0.8803887637269948,8,0.8,16,0.8
4472,82,0.8488697336772564,6,0.6,16,0.8
4473,82,0.8437761887659039,8,0.8,18,0.9
4474,82,0.8438197233377956,6,0.6,16,0.8
4475,82,0.8788432864248321,8,0.8,17,0.85
4476,82,0.9266660136480882,8,0.8,17,0.85
4477,82,0.8771672054069939,6,0.6,16,0.8
4478,82,0.8623872182496926,7,0.7,15,0.75
4479,82,0.8546162971669878,5,0.5,16,0.8
4480,82,0.9174149171210588,8,0.8,15,0.75
4481,82,0.9088821410302457,6,0.6,15,0.75
4482,82,0.9032008793983521,8,0.8,15,0.75
4483,82,0.9152817230983554,7,0.7,17,0.85
4484,82,0.8979331961994319,7,0.7,15,0.75
4485,82,0.9163047855378151,7,0.7,16,0.8
4486,82,0.8448863203491472,6,0.6,15,0.75
4487,82,0.9256429512086285,7,0.7,17,0.85
4488,82,0.9103623164745704,7,0.7,17,0.85
4489,82,0.89068468997943,8,0.8,14,0.7
4490,82,0.8737932760853714,6,0.6,15,0.75
4491,82,0.8191138537891404,5,0.5,17,0.85
4492,82,0.8830879071842926,7,0.7,16,0.8
4493,82,0.861799501529152,6,0.6,17,0.85
4494,82,0.8465406340810396,6,0.6,15,0.75
4495,82,0.8381166944199564,8,0.8,16,0.8
4496,82,0.8785385444215889,8,0.8,17,0.85
4497,82,0.864455110414558,8,0.8,16,0.8
4498,82,0.8240767949848175,7,0.7,15,0.75
4499,82,0.8561400071832043,7,0.7,15,0.75
4500,82,0.8865924402215911,7,0.7,14,0.7
4501,82,0.8503716764075271,8,0.8,14,0.7
4502,82,0.8636497208345577,8,0.8,16,0.8
4503,82,0.832391898216171,8,0.8,16,0.8
4504,82,0.8759482373940206,9,0.9,16,0.8
4505,82,0.8627572621107737,6,0.6,15,0.75
4506,82,0.9070972235826776,6,0.6,17,0.85
4507,82,0.8861788617886179,7,0.7,18,0.9
4508,82,0.859426867361043,7,0.7,15,0.75
4509,82,0.8839803659080768,6,0.6,17,0.85
4510,82,0.837790185130767,8,0.8,12,0.6
4511,82,0.8880508483799697,7,0.7,16,0.8
4512,82,0.8840239004799686,7,0.7,16,0.8
4513,82,0.8482820169567158,6,0.6,15,0.75
4514,82,0.8519389209956357,9,0.9,16,0.8
4515,82,0.8554216867469879,7,0.7,15,0.75
4516,82,0.900131692079973,7,0.7,19,0.95
4517,82,0.8538326748729335,6,0.6,14,0.7
4518,82,0.85089409127023,8,0.8,15,0.75
4519,82,0.8655434747118557,5,0.5,14,0.7
4520,82,0.8919471925642951,7,0.7,15,0.75
4521,82,0.8769930671194263,6,0.6,14,0.7
4522,82,0.8192009229329241,6,0.6,14,0.7
4523,82,0.8570760004788804,9,0.9,15,0.75
4524,81,0.862059620596206,9,0.9,17,0.85
4525,81,0.8544037940379403,8,0.8,15,0.75
4526,82,0.8449298549210392,8,0.8,16,0.8
4527,82,0.8596010056486106,8,0.8,16,0.8
4528,82,0.8890521435334836,8,0.8,18,0.9
4529,82,0.902852602823217,8,0.8,16,0.8
4530,82,0.8987821203513241,8,0.8,16,0.8
4531,82,0.8660223550026664,5,0.5,16,0.8
4532,82,0.8616035959556384,7,0.7,17,0.85
4533,82,0.8658482167150988,7,0.7,16,0.8
4534,82,0.8987168184934862,7,0.7,15,0.75
4535,82,0.8718777549221276,7,0.7,17,0.85
4536,82,0.8293009436118458,6,0.6,15,0.75
4537,82,0.8370500974086046,6,0.6,15,0.75
4538,82,0.9162177163940315,5,0.5,16,0.8
4539,82,0.9261000642134934,6,0.6,15,0.75
4540,82,0.8720954277815871,8,0.8,15,0.75
4541,82,0.9050946332756501,5,0.5,15,0.75
4542,82,0.8350039725296851,7,0.7,15,0.75
4543,82,0.8801057890096974,6,0.6,15,0.75
4544,82,0.9075978711594345,6,0.6,17,0.85
4545,82,0.8969101337599722,6,0.6,17,0.85
4546,82,0.8525266377161763,5,0.5,15,0.75
4547,82,0.8375725122713075,7,0.7,14,0.7
4548,82,0.9047245894145688,8,0.8,17,0.85
4549,82,0.8299539621902243,6,0.6,15,0.75
4550,82,0.916848967686464,7,0.7,16,0.8
4551,82,0.8939497828713227,7,0.7,18,0.9
4552,82,0.8545727625950958,6,0.6,15,0.75
4553,82,0.8994569062156486,8,0.8,16,0.8
4554,82,0.8570324659069884,6,0.6,15,0.75
4555,82,0.8738803452291551,4,0.4,15,0.75
4556,82,0.9076196384453805,6,0.6,16,0.8
4557,82,0.8733143957945604,5,0.5,17,0.85
4558,82,0.9064224377183532,8,0.8,18,0.9
4559,82,0.7477824577442562,5,0.5,14,0.7
4560,82,0.8301934023356299,5,0.5,15,0.75
4561,81,0.8608401084010839,6,0.6,17,0.85
4562,82,0.9090998138897052,6,0.6,16,0.8
4563,82,0.8975631523383507,7,0.7,18,0.9
4564,82,0.9181114702713292,5,0.5,17,0.85
4565,82,0.9085556317410564,7,0.7,16,0.8
4566,82,0.8962135806097016,6,0.6,14,0.7
4567,82,0.8329360803648198,7,0.7,15,0.75
4568,82,0.8720301259237492,6,0.6,14,0.7
4569,82,0.8358746639675231,8,0.8,16,0.8
4570,82,0.9159129743907882,6,0.6,14,0.7
4571,82,0.8659352858588828,7,0.7,16,0.8
4572,82,0.8788650537107782,9,0.9,16,0.8
4573,82,0.8785385444215889,7,0.7,17,0.85
4574,82,0.9111459387686247,7,0.7,16,0.8
4575,82,0.8889650743896997,6,0.6,17,0.85
4576,82,0.8898793003994299,6,0.6,17,0.85
4577,82,0.9014159619507842,7,0.7,17,0.85
4578,82,0.9290386478161972,6,0.6,17,0.85
4579,82,0.8569018621913126,5,0.5,15,0.75
4580,82,0.8365059152599558,6,0.6,16,0.8
4581,81,0.8247741644083108,6,0.6,15,0.75
4582,82,0.8357222929659016,6,0.6,16,0.8
4583,82,0.8469977470859047,5,0.5,17,0.85
4584,82,0.907401965585921,6,0.6,18,0.9
4585,82,0.9113853789140303,6,0.6,16,0.8
4586,82,0.8978896616275399,8,0.8,16,0.8
4587,82,0.8913159412718626,5,0.5,13,0.65
4588,82,0.8754040552453718,5,0.5,13,0.65
4589,82,0.8874631316594291,7,0.7,16,0.8
4590,82,0.9203970352956542,7,0.7,13,0.65
4591,82,0.8480425768113103,6,0.6,16,0.8
4592,82,0.8469106779421208,8,0.8,15,0.75
4593,82,0.8620389416745573,5,0.5,15,0.75
4594,82,0.8690915423210457,6,0.6,17,0.85
4595,82,0.8185479043545456,4,0.4,14,0.7
4596,82,0.8869407167967261,8,0.8,16,0.8
4597,82,0.874881640382669,5,0.5,15,0.75
4598,82,0.9048769604161906,8,0.8,15,0.75
4599,82,0.9013288928070005,7,0.7,16,0.8
4600,82,0.85901328892807,7,0.7,17,0.85
4601,82,0.9031791121124062,7,0.7,18,0.9
4602,82,0.8659788204307747,8,0.8,14,0.7
4603,82,0.8487826645334727,6,0.6,17,0.85
4604,82,0.8995875099313242,6,0.6,13,0.65
4605,82,0.8637150226923956,5,0.5,16,0.8
4606,82,0.8773195764086155,5,0.5,15,0.75
4607,82,0.8752299169578042,5,0.5,15,0.75
4608,82,0.8388132475702268,5,0.5,16,0.8
4609,82,0.874794571238885,6,0.6,16,0.8
4610,82,0.8949293107388906,7,0.7,16,0.8
4611,82,0.888878005245916,8,0.8,17,0.85
4612,82,0.912343139495652,7,0.7,17,0.85
4613,82,0.8824784231778061,8,0.8,14,0.7
4614,82,0.8783861734199673,6,0.6,15,0.75
4615,82,0.9206364754410595,7,0.7,16,0.8
4616,82,0.912822019786463,6,0.6,16,0.8
4617,82,0.8641068338394228,7,0.7,17,0.85
4618,82,0.8565100510442857,6,0.6,15,0.75
4619,82,0.8901840424026731,5,0.5,15,0.75
4620,82,0.8783861734199673,5,0.5,16,0.8
4621,82,0.8836103220469956,6,0.6,15,0.75
4622,82,0.8428619627561738,8,0.8,13,0.65
4623,81,0.8400180668473352,7,0.7,17,0.85
4624,82,0.8885732632426727,7,0.7,17,0.85
4625,82,0.8556611268923934,9,0.9,15,0.75
4626,82,0.9076631730172725,7,0.7,16,0.8
4627,82,0.8213558842415734,6,0.6,13,0.65
4628,82,0.9309977035513327,6,0.6,16,0.8
4629,82,0.904202174551866,7,0.7,15,0.75
4630,82,0.8569889313350966,8,0.8,16,0.8
4631,82,0.8972148757632155,6,0.6,15,0.75
4632,82,0.8983685419183509,8,0.8,16,0.8
4633,82,0.903723294261055,7,0.7,15,0.75
4634,82,0.9156735342453827,8,0.8,18,0.9
4635,82,0.8701581393323973,6,0.6,18,0.9
4636,82,0.8069241736594074,8,0.8,17,0.85
4637,82,0.8869189495107803,7,0.7,15,0.75
4638,82,0.9219425125978169,8,0.8,17,0.85
4639,82,0.8899446022572676,9,0.9,16,0.8
4640,82,0.8367671226913073,6,0.6,15,0.75
4641,82,0.8432102393313089,7,0.7,16,0.8
4642,82,0.9126914160707873,7,0.7,16,0.8
4643,82,0.9178937974118696,7,0.7,14,0.7
4644,82,0.9133444346491658,6,0.6,18,0.9
4645,82,0.8792786321437512,8,0.8,16,0.8
4646,82,0.9065095068621368,6,0.6,15,0.75
4647,82,0.8766230232583451,7,0.7,15,0.75
4648,82,0.7965411782631884,7,0.7,13,0.65
4649,82,0.8445162764880663,5,0.5,14,0.7
4650,82,0.8794527704313189,7,0.7,17,0.85
4651,82,0.8547904354545554,6,0.6,16,0.8
4652,82,0.8550951774577987,7,0.7,15,0.75
4653,82,0.8848292900599689,6,0.6,17,0.85
4654,82,0.8826090268934818,7,0.7,18,0.9
4655,82,0.8750775459561824,7,0.7,17,0.85
4656,82,0.8877243390907805,7,0.7,15,0.75
4657,82,0.9092957194632187,5,0.5,16,0.8
4658,81,0.889159891598916,6,0.6,14,0.7
4659,82,0.8631490732578009,8,0.8,16,0.8
4660,82,0.8895092565383487,7,0.7,15,0.75
4661,82,0.893383833436728,7,0.7,15,0.75
4662,82,0.8865271383637532,6,0.6,16,0.8
4663,82,0.8823478194621303,4,0.4,15,0.75
4664,82,0.8528966815772575,7,0.7,14,0.7
4665,82,0.9020036786713249,7,0.7,16,0.8
4666,82,0.8729008173615872,8,0.8,16,0.8
4667,82,0.8895092565383487,7,0.7,16,0.8
4668,82,0.9106452911918679,8,0.8,16,0.8
4669,82,0.9348069785918743,8,0.8,18,0.9
4670,82,0.9032444139702441,8,0.8,16,0.8
4671,82,0.8419477367464437,5,0.5,13,0.65
4672,81,0.9034552845528455,7,0.7,18,0.9
4673,82,0.8774719474102372,6,0.6,15,0.75
4674,82,0.8885514959567267,7,0.7,16,0.8
4675,82,0.9158912071048422,7,0.7,14,0.7
4676,82,0.8832185108999685,5,0.5,17,0.85
4677,82,0.8532884927242846,7,0.7,16,0.8
4678,82,0.9279938180907914,6,0.6,17,0.85
4679,82,0.921006519302141,6,0.6,18,0.9
4680,82,0.8963877188972694,8,0.8,16,0.8
4681,81,0.8906955736224028,6,0.6,15,0.75
4682,82,0.8584473394934753,7,0.7,17,0.85
4683,82,0.9210500538740329,8,0.8,16,0.8
4684,82,0.9210718211599787,8,0.8,15,0.75
4685,82,0.8791697957140214,9,0.9,16,0.8
4686,82,0.8859394216432125,7,0.7,16,0.8
4687,82,0.868482058314559,6,0.6,15,0.75
4688,82,0.8853299376367257,7,0.7,15,0.75
4689,82,0.8996745790751081,7,0.7,16,0.8
4690,82,0.8805193674426705,7,0.7,15,0.75
4691,82,0.8678943415940183,7,0.7,15,0.75
4692,82,0.8621695453902332,5,0.5,15,0.75
4693,82,0.859949282223746,5,0.5,17,0.85
4694,82,0.8104722412685974,7,0.7,14,0.7
4695,82,0.8775372492680751,6,0.6,16,0.8
4696,82,0.9109064986232193,7,0.7,15,0.75
4697,82,0.8624089855356385,7,0.7,14,0.7
4698,82,0.909208650319435,8,0.8,15,0.75
4699,82,0.9047463567005148,5,0.5,16,0.8
4700,82,0.8979331961994319,6,0.6,17,0.85
4701,82,0.8399451464394162,7,0.7,16,0.8
4702,82,0.8960176750361882,7,0.7,15,0.75
4703,82,0.8609723446632057,7,0.7,17,0.85
4704,82,0.8818907064572654,5,0.5,16,0.8
4705,82,0.8717906857783438,7,0.7,17,0.85
4706,82,0.9082291224518669,6,0.6,16,0.8
4707,82,0.8904017152621326,8,0.8,14,0.7
4708,82,0.8605152316583407,5,0.5,16,0.8
4709,82,0.8470195143718506,6,0.6,15,0.75
4710,82,0.90600885928538,7,0.7,17,0.85
4711,82,0.8589697543561782,8,0.8,15,0.75
4712,82,0.9134750383648416,8,0.8,17,0.85
4713,82,0.8311293956313057,7,0.7,13,0.65
4714,82,0.8696574917556404,7,0.7,14,0.7
4715,82,0.8815641971680762,7,0.7,15,0.75
4716,82,0.7757751874707504,7,0.7,16,0.8
4717,82,0.8424483843232006,6,0.6,13,0.65
4718,82,0.8409029070210381,7,0.7,14,0.7
4719,82,0.8610811810929354,6,0.6,14,0.7
4720,82,0.8419477367464437,7,0.7,14,0.7
4721,82,0.8466494705107694,7,0.7,17,0.85
4722,82,0.9084250280253808,7,0.7,16,0.8
4723,82,0.8474766273767156,6,0.6,17,0.85
4724,82,0.8886385651005104,7,0.7,13,0.65
4725,82,0.8517865499940139,7,0.7,15,0.75
4726,82,0.8745768983794255,7,0.7,16,0.8
4727,82,0.8762965139691558,5,0.5,13,0.65
4728,82,0.8679814107378021,5,0.5,19,0.95
4729,82,0.8720083586378032,6,0.6,16,0.8
4730,82,0.86896093860537,8,0.8,16,0.8
4731,82,0.8285390886037375,5,0.5,14,0.7
4732,82,0.8244686061318445,6,0.6,15,0.75
4733,82,0.8501104689761756,6,0.6,15,0.75
4734,82,0.8364406134021181,7,0.7,13,0.65
4735,82,0.8849598937756448,7,0.7,16,0.8
4736,82,0.8292138744680619,5,0.5,15,0.75
4737,82,0.802091836179406,5,0.5,12,0.6
4738,82,0.8801493235815893,6,0.6,16,0.8
4739,82,0.9022866533886222,8,0.8,17,0.85
4740,82,0.8381384617059021,6,0.6,15,0.75
4741,82,0.8656523111415854,8,0.8,15,0.75
4742,81,0.9077009936766034,5,0.5,16,0.8
4743,82,0.8102110338372459,7,0.7,13,0.65
4744,82,0.887898477378348,5,0.5,16,0.8
4745,82,0.8668495118686127,7,0.7,16,0.8
4746,82,0.8722913333551007,6,0.6,17,0.85
4747,82,0.8880943829518617,6,0.6,13,0.65
4748,82,0.9115812844875436,8,0.8,16,0.8
4749,81,0.8688798554652212,5,0.5,16,0.8
4750,82,0.9055082117086232,6,0.6,16,0.8
4751,82,0.846410030365364,7,0.7,16,0.8
4752,82,0.8328490112210358,6,0.6,14,0.7
4753,82,0.8353957836767123,5,0.5,14,0.7
4754,82,0.8498927961167162,8,0.8,15,0.75
4755,82,0.8162188047583286,4,0.4,14,0.7
4756,82,0.8689174040334781,5,0.5,14,0.7
4757,82,0.8850251956334825,9,0.9,14,0.7
4758,82,0.882543725035644,5,0.5,16,0.8
4759,82,0.8749687095264527,6,0.6,14,0.7
4760,82,0.9108629640513273,6,0.6,17,0.85
4761,82,0.8652387327086123,8,0.8,16,0.8
4762,82,0.8964312534691612,6,0.6,16,0.8
4763,82,0.8727266790740198,6,0.6,15,0.75
4764,82,0.9009588489459193,6,0.6,16,0.8
4765,82,0.7910122876329165,7,0.7,16,0.8
4766,82,0.821116444096168,6,0.6,15,0.75
4767,82,0.8343291866653607,6,0.6,15,0.75
4768,82,0.9230961787529521,5,0.5,15,0.75
4769,82,0.8853734722086176,7,0.7,13,0.65
4770,82,0.8235761474080604,7,0.7,15,0.75
4771,82,0.8450169240648231,8,0.8,16,0.8
4772,82,0.903679759689163,8,0.8,14,0.7
4773,82,0.8893351182507809,9,0.9,12,0.6
4774,82,0.8416865293150924,9,0.9,17,0.85
4775,82,0.852243662998879,4,0.4,14,0.7
4776,82,0.9081202860221373,7,0.7,16,0.8
4777,82,0.7874206854518345,6,0.6,15,0.75
4778,82,0.9022213515307845,8,0.8,15,0.75
4779,82,0.8941892230167282,7,0.7,17,0.85
4780,82,0.8827613978951034,4,0.4,15,0.75
4781,82,0.8565971201880694,5,0.5,16,0.8
4782,82,0.8847422209161852,7,0.7,15,0.75
4783,82,0.884807522774023,6,0.6,17,0.85
4784,82,0.8447992512053636,7,0.7,15,0.75
4785,82,0.877624318411859,5,0.5,15,0.75
4786,82,0.8777113875556426,7,0.7,15,0.75
4787,82,0.8320436216410357,6,0.6,14,0.7
4788,82,0.8592091945015836,7,0.7,16,0.8
4789,82,0.8972584103351074,8,0.8,18,0.9
4790,82,0.849522752255635,6,0.6,15,0.75
4791,82,0.8820430774588872,7,0.7,16,0.8
4792,81,0.8925022583559168,7,0.7,16,0.8
4793,82,0.8533537945821226,7,0.7,15,0.75
4794,82,0.8751863823859122,6,0.6,15,0.75
4795,82,0.8959306058924044,7,0.7,13,0.65
4796,82,0.908250889737813,7,0.7,15,0.75
4797,82,0.8856346796399691,6,0.6,15,0.75
4798,82,0.8545292280232039,7,0.7,16,0.8
4799,82,0.8797792797205082,7,0.7,16,0.8
4800,82,0.9029832065388926,7,0.7,15,0.75
4801,82,0.8742503890902363,5,0.5,13,0.65
4802,81,0.8935185185185185,8,0.8,17,0.85
4803,82,0.8899010676853756,6,0.6,15,0.75
4804,82,0.8819560083151032,6,0.6,18,0.9
4805,82,0.9237491973313309,9,0.9,17,0.85
4806,82,0.8774719474102372,7,0.7,15,0.75
4807,82,0.8896398602540243,7,0.7,15,0.75
4808,82,0.8926655130005116,7,0.7,16,0.8
4809,82,0.8430578683296873,7,0.7,15,0.75
4810,82,0.9258170894961962,6,0.6,17,0.85
4811,82,0.8696574917556404,7,0.7,16,0.8
4812,82,0.879365701287535,7,0.7,16,0.8
4813,82,0.841838900316714,5,0.5,15,0.75
4814,82,0.9181985394151131,7,0.7,16,0.8
4815,82,0.8423177806075249,5,0.5,15,0.75
4816,81,0.8979900632339656,6,0.6,18,0.9
4817,82,0.8788432864248321,6,0.6,16,0.8
4818,82,0.8914683122734842,6,0.6,17,0.85
4819,82,0.8931226260053766,6,0.6,17,0.85
4820,82,0.8587085469248267,6,0.6,15,0.75
4821,82,0.8793003994296973,7,0.7,17,0.85
4822,82,0.901981911385379,7,0.7,16,0.8
4823,82,0.9317595585594411,9,0.9,16,0.8
4824,81,0.8816621499548327,7,0.7,15,0.75
4825,82,0.8998487173626757,8,0.8,16,0.8
4826,82,0.8663488642918559,8,0.8,16,0.8
4827,82,0.8284955540318456,6,0.6,15,0.75
4828,82,0.9226172984621412,8,0.8,18,0.9
4829,82,0.8769712998334803,6,0.6,16,0.8
4830,82,0.8765359541145613,6,0.6,14,0.7
4831,82,0.8664359334356396,5,0.5,16,0.8
4832,82,0.903745061547001,6,0.6,15,0.75
4833,82,0.8750122440983447,8,0.8,13,0.65
4834,82,0.9036144578313253,7,0.7,17,0.85
4835,82,0.9045722184129472,8,0.8,15,0.75
4836,82,0.8515253425626627,7,0.7,15,0.75
4837,82,0.8339156082323875,7,0.7,14,0.7
4838,82,0.8702887430480731,6,0.6,15,0.75
4839,82,0.8644115758426661,8,0.8,18,0.9
4840,82,0.8779725949869941,6,0.6,15,0.75
4841,82,0.8584473394934753,8,0.8,14,0.7
4842,82,0.8584473394934753,6,0.6,16,0.8
4843,82,0.863540884404828,5,0.5,16,0.8
4844,82,0.8514600407048247,6,0.6,17,0.85
4845,82,0.8936232735821334,8,0.8,15,0.75
4846,82,0.8537238384432038,7,0.7,16,0.8
4847,82,0.8830008380405089,7,0.7,15,0.75
4848,82,0.8741415526605066,6,0.6,18,0.9
4849,82,0.865347569138342,7,0.7,19,0.95
4850,82,0.8509593931280679,7,0.7,14,0.7
4851,82,0.8764053503988856,8,0.8,16,0.8
4852,82,0.897867894341594,7,0.7,16,0.8
4853,82,0.9076631730172725,6,0.6,17,0.85
4854,82,0.8603193260848272,6,0.6,17,0.85
4855,82,0.9022648861026763,8,0.8,14,0.7
4856,82,0.815195742318869,6,0.6,15,0.75
4857,82,0.880715273016184,6,0.6,14,0.7
4858,82,0.909643996038354,7,0.7,16,0.8
4859,82,0.8515035752767166,7,0.7,15,0.75
4860,81,0.8637985546522131,7,0.7,17,0.85
4861,82,0.8995657426453783,7,0.7,15,0.75
4862,82,0.9079461477345699,6,0.6,15,0.75
4863,82,0.8698098627572622,6,0.6,17,0.85
4864,82,0.861298853952395,8,0.8,15,0.75
4865,82,0.903766828832947,5,0.5,16,0.8
4866,82,0.88794201195024,7,0.7,16,0.8
4867,82,0.8972584103351074,6,0.6,18,0.9
4868,82,0.9048551931302447,6,0.6,15,0.75
4869,81,0.8381210478771454,8,0.8,15,0.75
4870,82,0.88256549232159,7,0.7,14,0.7
4871,82,0.9017860058118654,9,0.9,16,0.8
4872,82,0.8934056007226739,9,0.9,17,0.85
4873,82,0.8216170916729248,7,0.7,13,0.65
4874,82,0.919199834568627,8,0.8,15,0.75
4875,82,0.8571848369086101,7,0.7,13,0.65
4876,82,0.8439938616253633,8,0.8,17,0.85
4877,82,0.8913377085578085,8,0.8,17,0.85
4878,82,0.8984556110621347,7,0.7,16,0.8
4879,82,0.8865271383637532,8,0.8,15,0.75
4880,82,0.8530925871507712,6,0.6,15,0.75
4881,82,0.8963441843253774,6,0.6,17,0.85
4882,82,0.9198528531470054,6,0.6,17,0.85
4883,82,0.9089256756021377,5,0.5,14,0.7
4884,82,0.8843939443410498,8,0.8,15,0.75
4885,82,0.8607546718037462,7,0.7,15,0.75
4886,82,0.8899663695432135,8,0.8,16,0.8
4887,82,0.8404457940161731,5,0.5,16,0.8
4888,82,0.8828702343248332,6,0.6,17,0.85
4889,81,0.9212737127371274,8,0.8,17,0.85
4890,82,0.8728790500756414,7,0.7,15,0.75
4891,82,0.8958000021767287,7,0.7,18,0.9
4892,82,0.8813247570226705,7,0.7,15,0.75
4893,82,0.9034620868297036,9,0.9,15,0.75
4894,82,0.8656305438556393,6,0.6,16,0.8
4895,82,0.8744462946637499,5,0.5,14,0.7
4896,82,0.8792133302859133,7,0.7,15,0.75
4897,82,0.8766230232583451,7,0.7,15,0.75
4898,82,0.8703540449059111,7,0.7,14,0.7
4899,82,0.8540068131605011,5,0.5,15,0.75
4900,82,0.903353250399974,7,0.7,14,0.7
4901,82,0.8909458974107815,6,0.6,15,0.75
4902,82,0.7977166117042697,7,0.7,14,0.7
4903,82,0.8779290604151021,8,0.8,16,0.8
4904,82,0.914171591515112,9,0.9,16,0.8
4905,82,0.8873760625156453,7,0.7,17,0.85
4906,82,0.8345686268107662,4,0.4,13,0.65
4907,82,0.8601234205113136,7,0.7,14,0.7
4908,82,0.8553346176032042,6,0.6,15,0.75
4909,82,0.860819973661584,8,0.8,15,0.75
4910,82,0.8895527911102404,7,0.7,16,0.8
4911,82,0.8940803865869984,6,0.6,16,0.8
4912,82,0.8688303348896943,6,0.6,15,0.75
4913,82,0.8298233584745486,5,0.5,13,0.65
4914,82,0.8744898292356418,6,0.6,15,0.75
4915,82,0.8724219370707763,5,0.5,15,0.75
4916,82,0.9039409671205145,6,0.6,16,0.8
4917,82,0.901916609527541,6,0.6,16,0.8
4918,82,0.8625395892513144,6,0.6,16,0.8
4919,82,0.9005017359410542,7,0.7,16,0.8
4920,82,0.8155875534658962,7,0.7,16,0.8
4921,82,0.8948204743091608,7,0.7,17,0.85
4922,82,0.9018730749556491,7,0.7,17,0.85
4923,82,0.8686126620302348,7,0.7,18,0.9
4924,82,0.8454740370696879,7,0.7,15,0.75
4925,82,0.882021310172941,7,0.7,17,0.85
4926,82,0.864520412272396,8,0.8,15,0.75
4927,82,0.9131049945037604,7,0.7,15,0.75
4928,82,0.9055952808524069,8,0.8,16,0.8
4929,82,0.8796922105767242,5,0.5,15,0.75
4930,82,0.8574242770540155,5,0.5,14,0.7
4931,82,0.9063789031464613,6,0.6,16,0.8
4932,82,0.8392703605750916,7,0.7,15,0.75
4933,82,0.9040933381221362,6,0.6,18,0.9
4934,82,0.8670889520140183,8,0.8,15,0.75
4935,82,0.8812159205929408,6,0.6,15,0.75
4936,82,0.8772107399788858,5,0.5,17,0.85
4937,82,0.8939280155853767,7,0.7,16,0.8
4938,82,0.864912223419423,6,0.6,17,0.85
4939,82,0.9179155646978158,6,0.6,16,0.8
4940,82,0.8693962843242891,8,0.8,14,0.7
4941,81,0.8222448057813911,6,0.6,17,0.85
4942,82,0.9049422622740284,7,0.7,17,0.85
4943,82,0.8791480284280755,4,0.4,18,0.9
4944,82,0.8640197646956389,5,0.5,15,0.75
4945,81,0.8763550135501355,4,0.4,14,0.7
4946,82,0.897867894341594,7,0.7,16,0.8
4947,82,0.8429054973280657,8,0.8,15,0.75
4948,82,0.8263188254372503,5,0.5,17,0.85
4949,82,0.9041586399799741,7,0.7,14,0.7
4950,82,0.8777984566994266,7,0.7,17,0.85
4951,82,0.8989780259248376,7,0.7,15,0.75
4952,82,0.8887038669583484,5,0.5,17,0.85
4953,82,0.872138962353479,7,0.7,15,0.75
4954,82,0.8691568441788836,9,0.9,16,0.8
4955,82,0.8497186578291486,7,0.7,15,0.75
4956,82,0.8912941739859165,6,0.6,15,0.75
4957,82,0.8905976208356461,6,0.6,16,0.8
4958,82,0.8873325279437535,7,0.7,17,0.85
4959,82,0.9149987483810582,8,0.8,16,0.8
4960,82,0.8598404457940162,7,0.7,17,0.85
4961,82,0.9094045558929486,5,0.5,18,0.9
4962,82,0.8861788617886179,7,0.7,16,0.8
4963,82,0.9043110109815958,6,0.6,15,0.75
4964,82,0.8945157323059175,7,0.7,17,0.85
4965,82,0.8982814727745672,5,0.5,16,0.8
4966,82,0.8494139158259052,7,0.7,15,0.75
4967,82,0.8863094655042937,7,0.7,16,0.8
4968,82,0.8853734722086176,7,0.7,15,0.75
4969,82,0.8780814314167238,6,0.6,16,0.8
4970,82,0.8676113668767209,7,0.7,16,0.8
4971,82,0.8885079613848348,6,0.6,16,0.8
4972,81,0.8230352303523034,7,0.7,16,0.8
4973,82,0.855857032465907,5,0.5,16,0.8
4974,82,0.8828484670388873,6,0.6,17,0.85
4975,82,0.9198746204329513,7,0.7,15,0.75
4976,82,0.9063136012886234,7,0.7,17,0.85
4977,82,0.8565971201880694,8,0.8,16,0.8
4978,82,0.9161306472502476,9,0.9,15,0.75
4979,82,0.8267977057280612,7,0.7,13,0.65
4980,82,0.8331972877961713,6,0.6,17,0.85
4981,82,0.9090998138897052,6,0.6,15,0.75
4982,82,0.8705717177653705,6,0.6,16,0.8
4983,82,0.882021310172941,6,0.6,15,0.75
4984,82,0.8736191377978038,7,0.7,18,0.9
4985,82,0.8760570738237503,8,0.8,16,0.8
4986,82,0.8397927754377945,8,0.8,15,0.75
4987,82,0.931324212840522,7,0.7,16,0.8
4988,82,0.8775154819821291,6,0.6,13,0.65
4989,82,0.8837409257626713,5,0.5,16,0.8
4990,82,0.9073584310140291,6,0.6,16,0.8
4991,82,0.8288655978929267,7,0.7,14,0.7
4992,82,0.8909676646967273,9,0.9,14,0.7
4993,82,0.909208650319435,6,0.6,17,0.85
4994,82,0.9122125357799764,7,0.7,15,0.75
4995,82,0.8779290604151021,8,0.8,13,0.65
4996,82,0.8646727832740175,7,0.7,15,0.75
4997,82,0.9063136012886234,6,0.6,16,0.8
4998,82,0.8572066041945561,6,0.6,13,0.65
4999,82,0.8675242977329372,7,0.7,15,0.75
5000,82,0.8809547131615895,7,0.7,15,0.75
