bootstrap_iteration,valid_players,rank_correlation_with_original,top_10_overlap_count,top_10_overlap_rate,top_20_overlap_count,top_20_overlap_rate
1,43,0.8116883116883117,7,0.7,16,0.8
2,43,0.8498942917547568,6,0.6,17,0.85
3,43,0.9050135910601026,7,0.7,19,0.95
4,43,0.8933856840833586,8,0.8,17,0.85
5,43,0.9306855934762912,8,0.8,19,0.95
6,43,0.9220779220779222,8,0.8,17,0.85
7,43,0.8331319842947751,7,0.7,17,0.85
8,43,0.9320446994865599,8,0.8,17,0.85
9,43,0.8926306251887648,8,0.8,18,0.9
10,43,0.9255511929930534,8,0.8,18,0.9
11,43,0.875264270613108,8,0.8,16,0.8
12,43,0.8461189972817881,6,0.6,17,0.85
13,43,0.878284506191483,7,0.7,18,0.9
14,43,0.828148595590456,8,0.8,16,0.8
15,43,0.9219269102990034,8,0.8,18,0.9
16,43,0.9250981576562972,8,0.8,18,0.9
17,43,0.830715795832075,7,0.7,15,0.75
18,43,0.9254001812141347,9,0.9,17,0.85
19,43,0.9340078526125037,8,0.8,18,0.9
20,43,0.820749018423437,7,0.7,16,0.8
21,43,0.9250981576562972,6,0.6,18,0.9
22,43,0.8470250679553005,7,0.7,16,0.8
23,43,0.869676834793114,7,0.7,18,0.9
24,43,0.8973119903352461,9,0.9,17,0.85
25,43,0.885684083358502,6,0.6,16,0.8
26,43,0.911658109332528,5,0.5,19,0.95
27,43,0.9318936877076411,8,0.8,19,0.95
28,43,0.8973119903352461,7,0.7,19,0.95
29,43,0.9019933554817275,6,0.6,19,0.95
30,43,0.8817577771066143,8,0.8,16,0.8
31,43,0.9045605557233464,7,0.7,18,0.9
32,43,0.8719420114768952,8,0.8,16,0.8
33,43,0.8704318936877077,6,0.6,19,0.95
34,43,0.8625792811839325,8,0.8,17,0.85
35,43,0.9180006040471157,7,0.7,17,0.85
36,43,0.9107520386590153,8,0.8,17,0.85
37,43,0.9093929326487467,8,0.8,17,0.85
38,43,0.8935366958622774,9,0.9,16,0.8
39,43,0.9099969797644217,6,0.6,19,0.95
40,43,0.8252793717909997,7,0.7,15,0.75
41,43,0.8967079432195711,7,0.7,19,0.95
42,43,0.9060706735125341,6,0.6,18,0.9
43,43,0.8979160374509211,7,0.7,17,0.85
44,43,0.8961038961038961,8,0.8,18,0.9
45,43,0.9133192389006344,7,0.7,18,0.9
46,43,0.9110540622168529,7,0.7,19,0.95
47,43,0.93325279371791,6,0.6,18,0.9
48,43,0.8334340078526125,7,0.7,17,0.85
49,43,0.8938387194201147,7,0.7,16,0.8
50,43,0.891271519178496,7,0.7,17,0.85
51,43,0.8995771670190275,8,0.8,17,0.85
52,43,0.9173965569314406,7,0.7,18,0.9
53,43,0.8763213530655392,7,0.7,17,0.85
54,43,0.8514044095439445,7,0.7,16,0.8
55,43,0.8850800362428269,8,0.8,16,0.8
56,43,0.8012684989429175,7,0.7,17,0.85
57,43,0.821353065539112,4,0.4,16,0.8
58,43,0.8662035638779824,8,0.8,18,0.9
59,43,0.8834189066747207,7,0.7,19,0.95
60,43,0.8278465720326185,7,0.7,17,0.85
61,43,0.8566898218061009,7,0.7,18,0.9
62,43,0.9019933554817275,9,0.9,16,0.8
63,43,0.9190576864995469,7,0.7,18,0.9
64,43,0.9006342494714589,8,0.8,17,0.85
65,43,0.8118393234672304,7,0.7,17,0.85
66,43,0.8796436122017517,7,0.7,18,0.9
67,43,0.841739655693144,7,0.7,17,0.85
68,43,0.9241920869827847,8,0.8,20,1.0
69,43,0.9189066747206283,8,0.8,19,0.95
70,43,0.8683177287828451,8,0.8,17,0.85
71,43,0.8921775898520085,7,0.7,17,0.85
72,43,0.8876472364844458,8,0.8,18,0.9
73,43,0.8335850196315312,8,0.8,18,0.9
74,43,0.8858350951374208,8,0.8,17,0.85
75,43,0.8876472364844458,7,0.7,17,0.85
76,43,0.919661733615222,10,1.0,17,0.85
77,43,0.8964059196617336,7,0.7,18,0.9
78,43,0.8536695862277256,7,0.7,17,0.85
79,43,0.879492600422833,8,0.8,15,0.75
80,43,0.9065237088492902,7,0.7,18,0.9
81,43,0.8989731199033526,7,0.7,16,0.8
82,43,0.9054666263968589,7,0.7,18,0.9
83,43,0.8592570220477197,7,0.7,16,0.8
84,43,0.9042585321655088,8,0.8,17,0.85
85,43,0.8970099667774085,9,0.9,19,0.95
86,43,0.8671096345514949,6,0.6,18,0.9
87,43,0.8787375415282392,8,0.8,18,0.9
88,43,0.8036846874056177,6,0.6,16,0.8
89,43,0.9181516158260344,7,0.7,17,0.85
90,43,0.8986710963455148,9,0.9,17,0.85
91,43,0.9086378737541528,7,0.7,19,0.95
92,43,0.8900634249471457,7,0.7,17,0.85
93,43,0.8606161280579884,7,0.7,16,0.8
94,43,0.8844759891271519,7,0.7,17,0.85
95,43,0.927061310782241,6,0.6,20,1.0
96,43,0.8699788583509513,9,0.9,18,0.9
97,43,0.861522198731501,9,0.9,16,0.8
98,43,0.9180006040471157,8,0.8,18,0.9
99,43,0.9241920869827847,7,0.7,17,0.85
100,43,0.9081848384173965,8,0.8,18,0.9
101,43,0.9377831470854727,7,0.7,18,0.9
102,43,0.8725460585925702,6,0.6,19,0.95
103,43,0.9096949562065841,8,0.8,17,0.85
104,43,0.9032014497130776,8,0.8,17,0.85
105,43,0.8366052552099064,7,0.7,15,0.75
106,43,0.8918755662941711,7,0.7,18,0.9
107,43,0.8997281787979463,8,0.8,18,0.9
108,43,0.8973119903352461,8,0.8,17,0.85
109,43,0.9133192389006344,9,0.9,17,0.85
110,43,0.8678646934460886,6,0.6,17,0.85
111,43,0.8497432799758382,7,0.7,17,0.85
112,43,0.8263364542434309,7,0.7,17,0.85
113,43,0.8666565992147387,6,0.6,16,0.8
114,43,0.9204167925098158,8,0.8,19,0.95
115,43,0.8933856840833586,8,0.8,16,0.8
116,43,0.8298097251585622,6,0.6,16,0.8
117,43,0.9362730292962852,10,1.0,18,0.9
118,43,0.8677136816671699,7,0.7,17,0.85
119,43,0.9433705829054667,8,0.8,18,0.9
120,43,0.9161884627000906,7,0.7,17,0.85
121,43,0.889912413168227,8,0.8,18,0.9
122,43,0.8810027182120205,8,0.8,16,0.8
123,43,0.8192389006342494,8,0.8,16,0.8
124,43,0.9285714285714285,8,0.8,19,0.95
125,43,0.8959528843249773,8,0.8,17,0.85
126,43,0.8890063424947146,7,0.7,18,0.9
127,43,0.9202657807308969,7,0.7,19,0.95
128,43,0.9181516158260344,8,0.8,18,0.9
129,43,0.9060706735125341,8,0.8,17,0.85
130,43,0.8796436122017517,7,0.7,16,0.8
131,43,0.9121111446692841,7,0.7,18,0.9
132,43,0.879492600422833,9,0.9,15,0.75
133,43,0.8769254001812142,8,0.8,17,0.85
134,43,0.9035034732709151,8,0.8,18,0.9
135,43,0.9110540622168529,7,0.7,20,1.0
136,43,0.911658109332528,8,0.8,18,0.9
137,43,0.9306855934762912,8,0.8,19,0.95
138,43,0.9001812141347025,6,0.6,18,0.9
139,43,0.8447598912715191,6,0.6,16,0.8
140,43,0.9075807913017215,9,0.9,17,0.85
141,43,0.8905164602839021,7,0.7,17,0.85
142,43,0.8802476593174268,7,0.7,18,0.9
143,43,0.8929326487466023,7,0.7,16,0.8
144,43,0.8921775898520085,7,0.7,18,0.9
145,43,0.8938387194201147,7,0.7,18,0.9
146,43,0.9254001812141347,9,0.9,18,0.9
147,43,0.8989731199033526,8,0.8,18,0.9
148,43,0.917094533373603,6,0.6,18,0.9
149,43,0.895499848988221,9,0.9,16,0.8
150,43,0.8384173965569315,8,0.8,17,0.85
151,43,0.8742071881606764,7,0.7,16,0.8
152,43,0.9042585321655088,7,0.7,18,0.9
153,43,0.8681667170039264,7,0.7,19,0.95
154,43,0.9199637571730594,9,0.9,19,0.95
155,43,0.9124131682271217,7,0.7,18,0.9
156,43,0.9193597100573844,9,0.9,18,0.9
157,43,0.8480821504077317,6,0.6,18,0.9
158,43,0.9099969797644217,7,0.7,17,0.85
159,43,0.8273935366958622,6,0.6,17,0.85
160,43,0.9241920869827847,7,0.7,17,0.85
161,43,0.8474781032920569,5,0.5,16,0.8
162,43,0.8725460585925702,7,0.7,17,0.85
163,43,0.9035034732709151,6,0.6,19,0.95
164,43,0.93083660525521,7,0.7,17,0.85
165,43,0.8766233766233766,6,0.6,16,0.8
166,43,0.9205678042887345,8,0.8,18,0.9
167,43,0.9086378737541528,6,0.6,17,0.85
168,43,0.8619752340682574,5,0.5,17,0.85
169,43,0.9223799456357596,7,0.7,18,0.9
170,43,0.9246451223195409,7,0.7,17,0.85
171,43,0.8894593778314709,8,0.8,15,0.75
172,43,0.9036544850498339,9,0.9,18,0.9
173,43,0.8547266686801571,7,0.7,18,0.9
174,43,0.8477801268498943,8,0.8,16,0.8
175,43,0.93566898218061,8,0.8,19,0.95
176,43,0.8642404107520387,6,0.6,18,0.9
177,43,0.8861371186952581,6,0.6,17,0.85
178,43,0.9024463908184839,8,0.8,18,0.9
179,43,0.8749622470552701,8,0.8,17,0.85
180,43,0.8580489278163697,8,0.8,18,0.9
181,43,0.9038054968287527,7,0.7,18,0.9
182,43,0.8896103896103896,8,0.8,17,0.85
183,43,0.8835699184536393,6,0.6,17,0.85
184,43,0.9110540622168529,10,1.0,16,0.8
185,43,0.9133192389006344,7,0.7,16,0.8
186,43,0.9214738749622471,7,0.7,18,0.9
187,43,0.726215644820296,6,0.6,16,0.8
188,43,0.9204167925098158,8,0.8,18,0.9
189,43,0.8443068559347628,7,0.7,17,0.85
190,43,0.8536695862277256,7,0.7,16,0.8
191,43,0.8749622470552701,8,0.8,16,0.8
192,43,0.9101479915433404,8,0.8,19,0.95
193,43,0.9074297795228028,7,0.7,17,0.85
194,43,0.9358199939595288,9,0.9,17,0.85
195,43,0.9225309574146784,7,0.7,20,1.0
196,43,0.9157354273633344,8,0.8,18,0.9
197,43,0.9335548172757474,6,0.6,20,1.0
198,43,0.9127151917849592,7,0.7,18,0.9
199,43,0.9121111446692841,7,0.7,17,0.85
200,43,0.8896103896103896,7,0.7,18,0.9
201,43,0.8862881304741771,8,0.8,17,0.85
202,43,0.889308366052552,7,0.7,18,0.9
203,43,0.8328299607369375,8,0.8,15,0.75
204,43,0.8859861069163395,7,0.7,20,1.0
205,43,0.8810027182120205,7,0.7,15,0.75
206,43,0.8816067653276956,8,0.8,18,0.9
207,43,0.907278767743884,8,0.8,18,0.9
208,43,0.8896103896103896,7,0.7,17,0.85
209,43,0.8616732105104199,8,0.8,15,0.75
210,43,0.8606161280579884,7,0.7,17,0.85
211,43,0.8983690727876775,8,0.8,17,0.85
212,43,0.9090909090909091,9,0.9,17,0.85
213,43,0.8844759891271519,8,0.8,15,0.75
214,43,0.8891573542736333,8,0.8,19,0.95
215,43,0.83615221987315,7,0.7,18,0.9
216,43,0.7925098157656297,8,0.8,14,0.7
217,43,0.9028994261552401,7,0.7,18,0.9
218,43,0.9056176381757777,7,0.7,18,0.9
219,43,0.9249471458773784,8,0.8,18,0.9
220,43,0.891724554515252,9,0.9,18,0.9
221,43,0.9084868619752341,9,0.9,18,0.9
222,43,0.9154334038054968,7,0.7,18,0.9
223,43,0.9110540622168529,8,0.8,17,0.85
224,43,0.8473270915131381,7,0.7,17,0.85
225,43,0.8233162186650559,5,0.5,17,0.85
226,43,0.8613711869525823,7,0.7,16,0.8
227,43,0.8778314708547267,5,0.5,18,0.9
228,43,0.8923286016309272,8,0.8,18,0.9
229,43,0.9101479915433404,8,0.8,16,0.8
230,43,0.914678344910903,8,0.8,18,0.9
231,43,0.8637873754152824,8,0.8,17,0.85
232,43,0.9001812141347025,7,0.7,17,0.85
233,43,0.9340078526125037,7,0.7,18,0.9
234,43,0.8879492600422834,8,0.8,18,0.9
235,43,0.9033524614919963,7,0.7,18,0.9
236,43,0.9186046511627907,8,0.8,19,0.95
237,43,0.9466928420416793,8,0.8,17,0.85
238,43,0.9077318030806404,7,0.7,17,0.85
239,43,0.8598610691633947,8,0.8,17,0.85
240,43,0.9080338266384779,8,0.8,19,0.95
241,43,0.858501963153126,7,0.7,17,0.85
242,43,0.8959528843249773,7,0.7,17,0.85
243,43,0.8944427665357898,7,0.7,18,0.9
244,43,0.9281183932346722,8,0.8,17,0.85
245,43,0.8042887345212926,8,0.8,17,0.85
246,43,0.9176985804892781,8,0.8,18,0.9
247,43,0.9074297795228028,6,0.6,19,0.95
248,43,0.9220779220779222,8,0.8,19,0.95
249,43,0.8347931138628814,6,0.6,17,0.85
250,43,0.8086680761099366,6,0.6,17,0.85
251,43,0.9122621564482029,7,0.7,17,0.85
252,43,0.901087284808215,7,0.7,18,0.9
253,43,0.8849290244639082,7,0.7,18,0.9
254,43,0.834340078526125,6,0.6,18,0.9
255,43,0.8767743884022955,7,0.7,17,0.85
256,43,0.8693748112352764,8,0.8,16,0.8
257,43,0.89927514346119,8,0.8,19,0.95
258,43,0.893083660525521,5,0.5,19,0.95
259,43,0.9291754756871037,8,0.8,17,0.85
260,43,0.9145273331319843,8,0.8,18,0.9
261,43,0.8456659619450315,8,0.8,19,0.95
262,43,0.9012382965871337,7,0.7,17,0.85
263,43,0.8905164602839021,6,0.6,19,0.95
264,43,0.9149803684687406,8,0.8,18,0.9
265,43,0.8853820598006644,7,0.7,18,0.9
266,43,0.889308366052552,7,0.7,17,0.85
267,43,0.9045605557233464,9,0.9,17,0.85
268,43,0.8740561763817577,4,0.4,18,0.9
269,43,0.8353971609785562,8,0.8,16,0.8
270,43,0.9358199939595288,9,0.9,17,0.85
271,43,0.8660525520990636,8,0.8,17,0.85
272,43,0.8755662941709452,8,0.8,18,0.9
273,43,0.9377831470854727,7,0.7,19,0.95
274,43,0.9355179704016913,7,0.7,18,0.9
275,43,0.8894593778314709,9,0.9,16,0.8
276,43,0.8051948051948052,6,0.6,15,0.75
277,43,0.8961038961038961,7,0.7,16,0.8
278,43,0.9065237088492902,8,0.8,17,0.85
279,43,0.9315916641498038,9,0.9,18,0.9
280,43,0.882512836001208,9,0.9,15,0.75
281,43,0.9285714285714285,7,0.7,17,0.85
282,43,0.9420114768951978,7,0.7,19,0.95
283,43,0.8983690727876775,8,0.8,18,0.9
284,43,0.9264572636665659,7,0.7,19,0.95
285,43,0.879492600422833,8,0.8,17,0.85
286,43,0.8879492600422834,7,0.7,17,0.85
287,43,0.8748112352763515,6,0.6,17,0.85
288,43,0.887496224705527,8,0.8,18,0.9
289,43,0.8538205980066446,7,0.7,17,0.85
290,43,0.9260042283298098,7,0.7,18,0.9
291,43,0.8983690727876775,5,0.5,17,0.85
292,43,0.93325279371791,9,0.9,18,0.9
293,43,0.830715795832075,7,0.7,18,0.9
294,43,0.9213228631833283,6,0.6,18,0.9
295,43,0.8871942011476895,8,0.8,17,0.85
296,43,0.8722440350347327,7,0.7,17,0.85
297,43,0.9054666263968589,7,0.7,17,0.85
298,43,0.9133192389006344,7,0.7,16,0.8
299,43,0.8168227121715494,7,0.7,16,0.8
300,43,0.881908788885533,7,0.7,18,0.9
301,43,0.8870431893687708,5,0.5,17,0.85
302,43,0.8834189066747207,8,0.8,18,0.9
303,43,0.9466928420416793,7,0.7,18,0.9
304,43,0.8648444578677137,6,0.6,16,0.8
305,43,0.888100271821202,7,0.7,18,0.9
306,43,0.9050135910601026,6,0.6,19,0.95
307,43,0.8538205980066446,7,0.7,18,0.9
308,43,0.8591060102688008,6,0.6,17,0.85
309,43,0.905919661733615,8,0.8,17,0.85
310,43,0.9039565086076714,7,0.7,18,0.9
311,43,0.8461189972817881,6,0.6,17,0.85
312,43,0.8769254001812142,7,0.7,17,0.85
313,43,0.9128662035638779,7,0.7,16,0.8
314,43,0.9152823920265781,8,0.8,19,0.95
315,43,0.9122621564482029,8,0.8,18,0.9
316,43,0.8726970703714889,8,0.8,16,0.8
317,43,0.7858652974932046,6,0.6,18,0.9
318,43,0.8853820598006644,7,0.7,16,0.8
319,43,0.8967079432195711,8,0.8,18,0.9
320,43,0.8512533977650255,6,0.6,19,0.95
321,43,0.9312896405919662,8,0.8,17,0.85
322,43,0.8717909996979764,8,0.8,15,0.75
323,43,0.8962549078828148,8,0.8,17,0.85
324,43,0.9012382965871337,7,0.7,18,0.9
325,43,0.8376623376623376,6,0.6,16,0.8
326,43,0.8920265780730897,5,0.5,19,0.95
327,43,0.881908788885533,6,0.6,18,0.9
328,43,0.8566898218061009,6,0.6,19,0.95
329,43,0.9143763213530656,7,0.7,18,0.9
330,43,0.8267894895801873,6,0.6,17,0.85
331,43,0.8693748112352764,7,0.7,16,0.8
332,43,0.9068257324071278,7,0.7,17,0.85
333,43,0.8927816369676835,9,0.9,17,0.85
334,43,0.9134702506795531,8,0.8,18,0.9
335,43,0.8977650256720023,9,0.9,18,0.9
336,43,0.9022953790395651,8,0.8,18,0.9
337,43,0.9038054968287527,7,0.7,19,0.95
338,43,0.9166414980368469,7,0.7,18,0.9
339,43,0.9032014497130776,8,0.8,17,0.85
340,43,0.9471458773784355,8,0.8,19,0.95
341,43,0.8722440350347327,8,0.8,17,0.85
342,43,0.9232860163092721,9,0.9,17,0.85
343,43,0.8769254001812142,8,0.8,18,0.9
344,43,0.9089398973119903,7,0.7,19,0.95
345,43,0.8897614013893083,6,0.6,18,0.9
346,43,0.7866203563877983,5,0.5,18,0.9
347,43,0.8708849290244639,8,0.8,18,0.9
348,43,0.8511023859861069,5,0.5,17,0.85
349,43,0.9136212624584716,7,0.7,18,0.9
350,43,0.882512836001208,6,0.6,18,0.9
351,43,0.8991241316822713,7,0.7,18,0.9
352,43,0.8758683177287827,8,0.8,18,0.9
353,43,0.8603141045001511,8,0.8,17,0.85
354,43,0.8832678948958019,8,0.8,16,0.8
355,43,0.8790395650860766,8,0.8,16,0.8
356,43,0.8751132588341892,6,0.6,16,0.8
357,43,0.8660525520990636,8,0.8,17,0.85
358,43,0.834340078526125,8,0.8,15,0.75
359,43,0.9093929326487467,8,0.8,18,0.9
360,43,0.875264270613108,8,0.8,18,0.9
361,43,0.8444578677136816,7,0.7,17,0.85
362,43,0.8575958924796133,8,0.8,17,0.85
363,43,0.8905164602839021,7,0.7,17,0.85
364,43,0.8276955602536998,8,0.8,17,0.85
365,43,0.9475989127151918,7,0.7,19,0.95
366,43,0.8515554213228631,10,1.0,17,0.85
367,43,0.9231350045303534,7,0.7,19,0.95
368,43,0.8805496828752641,8,0.8,17,0.85
369,43,0.8850800362428269,8,0.8,18,0.9
370,43,0.8914225309574147,7,0.7,18,0.9
371,43,0.8701298701298701,9,0.9,17,0.85
372,43,0.9176985804892781,8,0.8,17,0.85
373,43,0.8184838417396557,5,0.5,16,0.8
374,43,0.9032014497130776,7,0.7,19,0.95
375,43,0.8633343400785262,7,0.7,17,0.85
376,43,0.877076411960133,7,0.7,18,0.9
377,43,0.8749622470552701,6,0.6,17,0.85
378,43,0.8997281787979463,7,0.7,18,0.9
379,43,0.8103292056780429,6,0.6,17,0.85
380,43,0.8947447900936273,7,0.7,17,0.85
381,43,0.8418906674720629,7,0.7,16,0.8
382,43,0.8976140138930836,8,0.8,17,0.85
383,43,0.8942917547568711,7,0.7,17,0.85
384,43,0.9035034732709151,8,0.8,16,0.8
385,43,0.8601630927212324,7,0.7,17,0.85
386,43,0.8144065237088493,8,0.8,17,0.85
387,43,0.8560857746904259,8,0.8,16,0.8
388,43,0.8950468136514649,9,0.9,18,0.9
389,43,0.9013893083660526,9,0.9,17,0.85
390,43,0.869676834793114,6,0.6,18,0.9
391,43,0.8687707641196014,7,0.7,16,0.8
392,43,0.8846270009060708,8,0.8,15,0.75
393,43,0.9340078526125037,9,0.9,17,0.85
394,43,0.8764723648444579,8,0.8,15,0.75
395,43,0.9167925098157657,8,0.8,17,0.85
396,43,0.928873452129266,8,0.8,17,0.85
397,43,0.8278465720326185,5,0.5,16,0.8
398,43,0.8873452129266083,7,0.7,18,0.9
399,43,0.8687707641196014,9,0.9,16,0.8
400,43,0.8935366958622774,7,0.7,17,0.85
401,43,0.865901540320145,8,0.8,17,0.85
402,43,0.8764723648444579,7,0.7,18,0.9
403,43,0.8607671398369071,7,0.7,16,0.8
404,43,0.7931138628813048,7,0.7,16,0.8
405,43,0.8372093023255813,7,0.7,17,0.85
406,43,0.8716399879190576,7,0.7,17,0.85
407,43,0.8625792811839325,7,0.7,17,0.85
408,43,0.8961038961038961,8,0.8,17,0.85
409,43,0.8500453035336756,7,0.7,19,0.95
410,43,0.8823618242222894,7,0.7,18,0.9
411,43,0.8914225309574147,6,0.6,18,0.9
412,43,0.8944427665357898,8,0.8,18,0.9
413,43,0.8740561763817577,8,0.8,16,0.8
414,43,0.7828450619148293,7,0.7,17,0.85
415,43,0.8871942011476895,8,0.8,17,0.85
416,43,0.8498942917547568,6,0.6,19,0.95
417,43,0.941256418000604,8,0.8,19,0.95
418,43,0.9053156146179403,8,0.8,18,0.9
419,43,0.9157354273633344,7,0.7,19,0.95
420,43,0.8651464814255512,8,0.8,17,0.85
421,43,0.8717909996979764,7,0.7,18,0.9
422,43,0.8480821504077317,8,0.8,16,0.8
423,43,0.8982180610087588,8,0.8,16,0.8
424,43,0.8624282694050137,7,0.7,17,0.85
425,43,0.8070069465418303,7,0.7,17,0.85
426,43,0.8902144367260648,6,0.6,17,0.85
427,43,0.8939897311990335,8,0.8,17,0.85
428,43,0.9099969797644217,7,0.7,19,0.95
429,43,0.9232860163092721,7,0.7,19,0.95
430,43,0.8159166414980369,7,0.7,16,0.8
431,43,0.8962549078828148,5,0.5,18,0.9
432,43,0.8858350951374208,6,0.6,18,0.9
433,43,0.8683177287828451,7,0.7,17,0.85
434,43,0.8299607369374813,8,0.8,15,0.75
435,43,0.9118091211114466,6,0.6,18,0.9
436,43,0.9244941105406222,7,0.7,18,0.9
437,43,0.8702808819087888,7,0.7,17,0.85
438,43,0.8532165508909696,7,0.7,17,0.85
439,43,0.9335548172757474,7,0.7,19,0.95
440,43,0.9246451223195409,7,0.7,17,0.85
441,43,0.889308366052552,8,0.8,18,0.9
442,43,0.8915735427363335,6,0.6,18,0.9
443,43,0.8778314708547267,8,0.8,18,0.9
444,43,0.9127151917849592,7,0.7,17,0.85
445,43,0.9169435215946844,8,0.8,18,0.9
446,43,0.8491392328601631,8,0.8,17,0.85
447,43,0.8474781032920569,6,0.6,17,0.85
448,43,0.9042585321655088,8,0.8,17,0.85
449,43,0.8805496828752641,9,0.9,16,0.8
450,43,0.9134702506795531,7,0.7,17,0.85
451,43,0.8979160374509211,9,0.9,17,0.85
452,43,0.8769254001812142,6,0.6,18,0.9
453,43,0.9119601328903654,9,0.9,17,0.85
454,43,0.8891573542736333,7,0.7,16,0.8
455,43,0.8840229537903957,6,0.6,18,0.9
456,43,0.9263062518876471,8,0.8,17,0.85
457,43,0.895499848988221,7,0.7,18,0.9
458,43,0.8273935366958622,6,0.6,18,0.9
459,43,0.8731501057082452,7,0.7,17,0.85
460,43,0.869676834793114,6,0.6,17,0.85
461,43,0.8150105708245244,8,0.8,16,0.8
462,43,0.7802778616732106,7,0.7,15,0.75
463,43,0.9213228631833283,8,0.8,18,0.9
464,43,0.8577469042585322,7,0.7,16,0.8
465,43,0.9241920869827847,8,0.8,17,0.85
466,43,0.9279673814557534,8,0.8,18,0.9
467,43,0.8758683177287827,8,0.8,16,0.8
468,43,0.8938387194201147,7,0.7,18,0.9
469,43,0.8769254001812142,6,0.6,15,0.75
470,43,0.8986710963455148,7,0.7,19,0.95
471,43,0.9128662035638779,9,0.9,18,0.9
472,43,0.9024463908184839,8,0.8,16,0.8
473,43,0.9035034732709151,7,0.7,16,0.8
474,43,0.8914225309574147,8,0.8,16,0.8
475,43,0.9163394744790094,8,0.8,18,0.9
476,43,0.8835699184536393,8,0.8,16,0.8
477,43,0.9128662035638779,9,0.9,17,0.85
478,43,0.8751132588341892,8,0.8,16,0.8
479,43,0.89927514346119,8,0.8,18,0.9
480,43,0.911507097553609,7,0.7,19,0.95
481,43,0.8944427665357898,8,0.8,17,0.85
482,43,0.8755662941709452,7,0.7,17,0.85
483,43,0.8523104802174569,7,0.7,16,0.8
484,43,0.9118091211114466,8,0.8,17,0.85
485,43,0.8628813047417698,8,0.8,16,0.8
486,43,0.8455149501661129,6,0.6,16,0.8
487,43,0.8942917547568711,9,0.9,19,0.95
488,43,0.8517064331017818,6,0.6,17,0.85
489,43,0.8965569314406524,7,0.7,18,0.9
490,43,0.9311386288130474,8,0.8,18,0.9
491,43,0.8437028088190879,6,0.6,18,0.9
492,43,0.7813349441256419,7,0.7,17,0.85
493,43,0.9556025369978858,9,0.9,17,0.85
494,43,0.8346421020839626,6,0.6,18,0.9
495,43,0.8141045001510118,7,0.7,16,0.8
496,43,0.9101479915433404,9,0.9,18,0.9
497,43,0.8497432799758382,6,0.6,18,0.9
498,43,0.8533675626698883,7,0.7,16,0.8
499,43,0.8876472364844458,8,0.8,19,0.95
500,43,0.784959226819692,7,0.7,15,0.75
501,43,0.7198731501057083,6,0.6,16,0.8
502,43,0.8530655391120509,7,0.7,15,0.75
503,43,0.8677136816671699,6,0.6,18,0.9
504,43,0.8938387194201147,7,0.7,17,0.85
505,43,0.8595590456055572,7,0.7,16,0.8
506,43,0.9035034732709151,8,0.8,18,0.9
507,43,0.8828148595590455,7,0.7,18,0.9
508,43,0.9299305345816975,8,0.8,19,0.95
509,43,0.9451827242524917,9,0.9,18,0.9
510,43,0.8748112352763515,7,0.7,17,0.85
511,43,0.8538205980066446,7,0.7,17,0.85
512,43,0.8977650256720023,8,0.8,17,0.85
513,43,0.8156146179401994,6,0.6,19,0.95
514,43,0.8482331621866506,4,0.4,18,0.9
515,43,0.8553307157958322,8,0.8,16,0.8
516,43,0.905919661733615,7,0.7,15,0.75
517,43,0.8405315614617941,7,0.7,18,0.9
518,43,0.8517064331017818,8,0.8,16,0.8
519,43,0.8933856840833586,7,0.7,17,0.85
520,43,0.9246451223195409,9,0.9,19,0.95
521,43,0.8844759891271519,8,0.8,17,0.85
522,43,0.9436726064633041,8,0.8,18,0.9
523,43,0.9398973119903352,7,0.7,17,0.85
524,43,0.9249471458773784,7,0.7,18,0.9
525,43,0.8310178193899125,7,0.7,18,0.9
526,43,0.8488372093023255,7,0.7,17,0.85
527,43,0.8526125037752944,8,0.8,16,0.8
528,43,0.8671096345514949,7,0.7,17,0.85
529,43,0.8982180610087588,8,0.8,17,0.85
530,43,0.9053156146179403,8,0.8,16,0.8
531,43,0.8950468136514649,7,0.7,17,0.85
532,43,0.9385382059800665,9,0.9,18,0.9
533,43,0.888100271821202,7,0.7,18,0.9
534,43,0.9065237088492902,8,0.8,17,0.85
535,43,0.9246451223195409,9,0.9,18,0.9
536,43,0.8740561763817577,7,0.7,16,0.8
537,43,0.9060706735125341,7,0.7,18,0.9
538,43,0.9083358501963152,8,0.8,17,0.85
539,43,0.8763213530655392,8,0.8,17,0.85
540,43,0.8501963153125943,8,0.8,16,0.8
541,43,0.8441558441558442,8,0.8,16,0.8
542,43,0.8826638477801267,8,0.8,17,0.85
543,43,0.9186046511627907,7,0.7,17,0.85
544,43,0.9092419208698279,7,0.7,17,0.85
545,43,0.8678646934460886,6,0.6,17,0.85
546,43,0.9414074297795227,8,0.8,18,0.9
547,43,0.9137722742373904,6,0.6,18,0.9
548,43,0.9041075203865901,6,0.6,17,0.85
549,43,0.8803986710963455,7,0.7,17,0.85
550,43,0.8755662941709452,7,0.7,17,0.85
551,43,0.8977650256720023,8,0.8,17,0.85
552,43,0.9160374509211718,7,0.7,19,0.95
553,43,0.9192086982784656,8,0.8,19,0.95
554,43,0.887496224705527,8,0.8,17,0.85
555,43,0.89927514346119,7,0.7,17,0.85
556,43,0.8805496828752641,7,0.7,17,0.85
557,43,0.8441558441558442,6,0.6,15,0.75
558,43,0.9321957112654787,7,0.7,19,0.95
559,43,0.8903654485049833,7,0.7,18,0.9
560,43,0.9323467230443975,9,0.9,18,0.9
561,43,0.8671096345514949,7,0.7,18,0.9
562,43,0.9347629115070976,9,0.9,18,0.9
563,43,0.8557837511325883,8,0.8,17,0.85
564,43,0.8630323165206886,6,0.6,19,0.95
565,43,0.836756266988825,8,0.8,16,0.8
566,43,0.9104500151011778,8,0.8,16,0.8
567,43,0.9051646028390213,8,0.8,17,0.85
568,43,0.8785865297493205,8,0.8,17,0.85
569,43,0.9045605557233464,9,0.9,16,0.8
570,43,0.9347629115070976,8,0.8,19,0.95
571,43,0.8723950468136514,6,0.6,18,0.9
572,43,0.8965569314406524,9,0.9,16,0.8
573,43,0.9033524614919963,7,0.7,17,0.85
574,43,0.8950468136514649,8,0.8,16,0.8
575,43,0.8843249773482332,7,0.7,17,0.85
576,43,0.9106010268800966,7,0.7,16,0.8
577,43,0.8097251585623678,7,0.7,17,0.85
578,43,0.9204167925098158,8,0.8,18,0.9
579,43,0.9021443672606464,7,0.7,19,0.95
580,43,0.9222289338568409,8,0.8,19,0.95
581,43,0.9019933554817275,8,0.8,17,0.85
582,43,0.9254001812141347,8,0.8,18,0.9
583,43,0.8799456357595893,6,0.6,18,0.9
584,43,0.8509513742071881,8,0.8,18,0.9
585,43,0.911507097553609,9,0.9,18,0.9
586,43,0.9240410752038659,8,0.8,18,0.9
587,43,0.8317728782845062,8,0.8,16,0.8
588,43,0.8766233766233766,8,0.8,17,0.85
589,43,0.8989731199033526,8,0.8,18,0.9
590,43,0.8914225309574147,7,0.7,17,0.85
591,43,0.8785865297493205,5,0.5,18,0.9
592,43,0.8781334944125642,8,0.8,18,0.9
593,43,0.8823618242222894,8,0.8,19,0.95
594,43,0.8396254907882815,8,0.8,17,0.85
595,43,0.8961038961038961,8,0.8,18,0.9
596,43,0.8514044095439445,9,0.9,17,0.85
597,43,0.891724554515252,7,0.7,17,0.85
598,43,0.8923286016309272,8,0.8,17,0.85
599,43,0.8997281787979463,7,0.7,14,0.7
600,43,0.8517064331017818,7,0.7,18,0.9
601,43,0.937028088190879,8,0.8,18,0.9
602,43,0.8322259136212624,6,0.6,16,0.8
603,43,0.9427665357897915,8,0.8,19,0.95
604,43,0.8968589549984899,7,0.7,18,0.9
605,43,0.8018725460585926,7,0.7,18,0.9
606,43,0.8517064331017818,6,0.6,17,0.85
607,43,0.8630323165206886,7,0.7,17,0.85
608,43,0.8563877982482634,6,0.6,17,0.85
609,43,0.8551797040169132,8,0.8,17,0.85
610,43,0.7922077922077921,7,0.7,16,0.8
611,43,0.8882512836001207,7,0.7,17,0.85
612,43,0.8911205073995773,7,0.7,19,0.95
613,43,0.9199637571730594,7,0.7,20,1.0
614,43,0.8784355179704018,8,0.8,17,0.85
615,43,0.8236182422228935,5,0.5,19,0.95
616,43,0.9477499244941106,7,0.7,18,0.9
617,43,0.9021443672606464,7,0.7,18,0.9
618,43,0.8606161280579884,6,0.6,17,0.85
619,43,0.8547266686801571,5,0.5,17,0.85
620,43,0.9006342494714589,7,0.7,17,0.85
621,43,0.7923588039867109,6,0.6,15,0.75
622,43,0.9311386288130474,9,0.9,19,0.95
623,43,0.8911205073995773,8,0.8,17,0.85
624,43,0.9373301117487164,8,0.8,18,0.9
625,43,0.8961038961038961,8,0.8,17,0.85
626,43,0.9247961340984596,8,0.8,17,0.85
627,43,0.8755662941709452,5,0.5,16,0.8
628,43,0.8556327393536696,8,0.8,16,0.8
629,43,0.8983690727876775,7,0.7,18,0.9
630,43,0.9217758985200845,9,0.9,18,0.9
631,43,0.8627302929628511,6,0.6,16,0.8
632,43,0.9160374509211718,8,0.8,17,0.85
633,43,0.8672606463304138,8,0.8,16,0.8
634,43,0.8861371186952581,9,0.9,17,0.85
635,43,0.8655995167623075,7,0.7,18,0.9
636,43,0.8657505285412262,6,0.6,19,0.95
637,43,0.9240410752038659,7,0.7,17,0.85
638,43,0.9113560857746904,7,0.7,18,0.9
639,43,0.8595590456055572,6,0.6,15,0.75
640,43,0.9237390516460284,8,0.8,18,0.9
641,43,0.927665357897916,8,0.8,17,0.85
642,43,0.933856840833585,9,0.9,18,0.9
643,43,0.8796436122017517,7,0.7,16,0.8
644,43,0.9318936877076411,6,0.6,18,0.9
645,43,0.9176985804892781,8,0.8,17,0.85
646,43,0.879492600422833,6,0.6,18,0.9
647,43,0.8767743884022955,7,0.7,17,0.85
648,43,0.9021443672606464,7,0.7,16,0.8
649,43,0.8858350951374208,7,0.7,17,0.85
650,43,0.8790395650860766,8,0.8,17,0.85
651,43,0.8769254001812142,8,0.8,16,0.8
652,43,0.9069767441860466,8,0.8,17,0.85
653,43,0.8950468136514649,6,0.6,17,0.85
654,43,0.9068257324071278,9,0.9,16,0.8
655,43,0.8488372093023255,6,0.6,19,0.95
656,43,0.9244941105406222,7,0.7,18,0.9
657,43,0.9050135910601026,7,0.7,18,0.9
658,43,0.9122621564482029,9,0.9,18,0.9
659,43,0.8295077016007247,7,0.7,18,0.9
660,43,0.9184536393838719,9,0.9,18,0.9
661,43,0.9048625792811839,7,0.7,17,0.85
662,43,0.8449109030504378,8,0.8,16,0.8
663,43,0.914678344910903,8,0.8,17,0.85
664,43,0.8675626698882513,8,0.8,18,0.9
665,43,0.888100271821202,6,0.6,19,0.95
666,43,0.9202657807308969,9,0.9,17,0.85
667,43,0.9006342494714589,7,0.7,18,0.9
668,43,0.8237692540018122,6,0.6,16,0.8
669,43,0.9134702506795531,9,0.9,18,0.9
670,43,0.9167925098157657,7,0.7,19,0.95
671,43,0.8811537299909392,8,0.8,17,0.85
672,43,0.8760193295077017,6,0.6,17,0.85
673,43,0.8064028994261552,5,0.5,15,0.75
674,43,0.8746602234974328,6,0.6,17,0.85
675,43,0.9315916641498038,8,0.8,18,0.9
676,43,0.893687707641196,7,0.7,17,0.85
677,43,0.9106010268800966,9,0.9,16,0.8
678,43,0.8731501057082452,5,0.5,18,0.9
679,43,0.8169737239504681,7,0.7,18,0.9
680,43,0.8914225309574147,6,0.6,19,0.95
681,43,0.8424947145877377,8,0.8,17,0.85
682,43,0.8480821504077317,6,0.6,16,0.8
683,43,0.9297795228027786,7,0.7,19,0.95
684,43,0.9099969797644217,8,0.8,17,0.85
685,43,0.8853820598006644,8,0.8,17,0.85
686,43,0.8512533977650255,6,0.6,17,0.85
687,43,0.8645424343098761,7,0.7,18,0.9
688,43,0.893083660525521,7,0.7,18,0.9
689,43,0.8989731199033526,8,0.8,16,0.8
690,43,0.8319238900634249,7,0.7,17,0.85
691,43,0.7863183328299607,8,0.8,16,0.8
692,43,0.9546964663243733,9,0.9,19,0.95
693,43,0.9025974025974025,8,0.8,18,0.9
694,43,0.8965569314406524,8,0.8,18,0.9
695,43,0.8983690727876775,9,0.9,18,0.9
696,43,0.8935366958622774,8,0.8,18,0.9
697,43,0.8050437934158864,6,0.6,16,0.8
698,43,0.9250981576562972,7,0.7,19,0.95
699,43,0.9472968891573543,9,0.9,18,0.9
700,43,0.9042585321655088,9,0.9,17,0.85
701,43,0.905919661733615,8,0.8,18,0.9
702,43,0.9281183932346722,7,0.7,19,0.95
703,43,0.8674116581093325,8,0.8,17,0.85
704,43,0.8539716097855633,7,0.7,17,0.85
705,43,0.8501963153125943,6,0.6,17,0.85
706,43,0.8224101479915432,8,0.8,15,0.75
707,43,0.9012382965871337,7,0.7,18,0.9
708,43,0.9119601328903654,6,0.6,17,0.85
709,43,0.8985200845665962,6,0.6,17,0.85
710,43,0.889912413168227,6,0.6,18,0.9
711,43,0.9317426759287224,8,0.8,18,0.9
712,43,0.878284506191483,7,0.7,18,0.9
713,43,0.8574448807006946,7,0.7,17,0.85
714,43,0.8926306251887648,7,0.7,18,0.9
715,43,0.9208698278465719,9,0.9,18,0.9
716,43,0.9009362730292962,8,0.8,19,0.95
717,43,0.8532165508909696,8,0.8,16,0.8
718,43,0.899879190576865,7,0.7,17,0.85
719,43,0.8358501963153125,7,0.7,17,0.85
720,43,0.9001812141347025,7,0.7,17,0.85
721,43,0.8520084566596193,8,0.8,16,0.8
722,43,0.8477801268498943,7,0.7,18,0.9
723,43,0.9192086982784656,8,0.8,17,0.85
724,43,0.888100271821202,8,0.8,18,0.9
725,43,0.9418604651162791,8,0.8,17,0.85
726,43,0.8785865297493205,6,0.6,18,0.9
727,43,0.9166414980368469,8,0.8,17,0.85
728,43,0.9343098761703412,8,0.8,17,0.85
729,43,0.9075807913017215,7,0.7,18,0.9
730,43,0.8956508607671397,7,0.7,18,0.9
731,43,0.9296285110238599,7,0.7,18,0.9
732,43,0.8751132588341892,8,0.8,18,0.9
733,43,0.8847780126849895,7,0.7,19,0.95
734,43,0.9211718514044096,8,0.8,17,0.85
735,43,0.889308366052552,7,0.7,17,0.85
736,43,0.8050437934158864,8,0.8,16,0.8
737,43,0.8832678948958019,5,0.5,19,0.95
738,43,0.9266082754454846,8,0.8,17,0.85
739,43,0.919661733615222,9,0.9,18,0.9
740,43,0.8746602234974328,8,0.8,18,0.9
741,43,0.901087284808215,9,0.9,17,0.85
742,43,0.9353669586227727,9,0.9,18,0.9
743,43,0.9021443672606464,8,0.8,18,0.9
744,43,0.8945937783147085,8,0.8,17,0.85
745,43,0.9497130776200544,9,0.9,19,0.95
746,43,0.9074297795228028,6,0.6,18,0.9
747,43,0.8692237994563576,7,0.7,17,0.85
748,43,0.9290244639081849,6,0.6,18,0.9
749,43,0.9323467230443975,8,0.8,18,0.9
750,43,0.8772274237390516,8,0.8,16,0.8
751,43,0.9157354273633344,7,0.7,18,0.9
752,43,0.8192389006342494,7,0.7,16,0.8
753,43,0.8959528843249773,8,0.8,16,0.8
754,43,0.9018423437028088,7,0.7,18,0.9
755,43,0.9139232860163091,7,0.7,17,0.85
756,43,0.826940501359106,6,0.6,16,0.8
757,43,0.9022953790395651,8,0.8,19,0.95
758,43,0.8577469042585322,8,0.8,17,0.85
759,43,0.8959528843249773,8,0.8,18,0.9
760,43,0.8654485049833887,7,0.7,17,0.85
761,43,0.894895801872546,9,0.9,17,0.85
762,43,0.8233162186650559,8,0.8,16,0.8
763,43,0.8394744790093628,7,0.7,17,0.85
764,43,0.9225309574146784,8,0.8,19,0.95
765,43,0.9241920869827847,9,0.9,18,0.9
766,43,0.9133192389006344,8,0.8,18,0.9
767,43,0.893687707641196,8,0.8,17,0.85
768,43,0.9154334038054968,8,0.8,18,0.9
769,43,0.9038054968287527,8,0.8,16,0.8
770,43,0.9050135910601026,7,0.7,18,0.9
771,43,0.9176985804892781,7,0.7,19,0.95
772,43,0.8888553307157958,8,0.8,18,0.9
773,43,0.825128360012081,6,0.6,17,0.85
774,43,0.8690727876774389,7,0.7,19,0.95
775,43,0.9337058290546661,7,0.7,18,0.9
776,43,0.8929326487466023,7,0.7,17,0.85
777,43,0.8701298701298701,7,0.7,18,0.9
778,43,0.8538205980066446,7,0.7,18,0.9
779,43,0.9015403201449713,8,0.8,17,0.85
780,43,0.8802476593174268,8,0.8,18,0.9
781,43,0.8270915131380248,6,0.6,17,0.85
782,43,0.9054666263968589,8,0.8,17,0.85
783,43,0.8894593778314709,7,0.7,18,0.9
784,43,0.9244941105406222,8,0.8,18,0.9
785,43,0.8956508607671397,7,0.7,17,0.85
786,43,0.9143763213530656,7,0.7,18,0.9
787,43,0.8746602234974328,7,0.7,17,0.85
788,43,0.8933856840833586,8,0.8,17,0.85
789,43,0.8438538205980066,7,0.7,17,0.85
790,43,0.9474479009362731,7,0.7,18,0.9
791,43,0.8769254001812142,7,0.7,16,0.8
792,43,0.8598610691633947,6,0.6,16,0.8
793,43,0.9167925098157657,9,0.9,18,0.9
794,43,0.9022953790395651,6,0.6,18,0.9
795,43,0.8896103896103896,5,0.5,17,0.85
796,43,0.8956508607671397,8,0.8,17,0.85
797,43,0.9158864391422531,8,0.8,18,0.9
798,43,0.8591060102688008,5,0.5,17,0.85
799,43,0.8172757475083057,7,0.7,19,0.95
800,43,0.8896103896103896,8,0.8,18,0.9
801,43,0.8648444578677137,9,0.9,18,0.9
802,43,0.838115372999094,7,0.7,15,0.75
803,43,0.8350951374207187,8,0.8,15,0.75
804,43,0.8249773482331622,8,0.8,17,0.85
805,43,0.8983690727876775,8,0.8,17,0.85
806,43,0.9244941105406222,8,0.8,19,0.95
807,43,0.888100271821202,9,0.9,16,0.8
808,43,0.9018423437028088,7,0.7,18,0.9
809,43,0.8708849290244639,9,0.9,18,0.9
810,43,0.9296285110238599,8,0.8,19,0.95
811,43,0.8680157052250077,7,0.7,16,0.8
812,43,0.8817577771066143,7,0.7,16,0.8
813,43,0.933856840833585,8,0.8,18,0.9
814,43,0.9109030504379342,6,0.6,18,0.9
815,43,0.8896103896103896,7,0.7,17,0.85
816,43,0.8157656297191181,5,0.5,18,0.9
817,43,0.9065237088492902,7,0.7,18,0.9
818,43,0.8323769254001813,8,0.8,17,0.85
819,43,0.8971609785563273,8,0.8,18,0.9
820,43,0.9323467230443975,8,0.8,19,0.95
821,43,0.8586529749320447,7,0.7,17,0.85
822,43,0.9143763213530656,8,0.8,17,0.85
823,43,0.8791905768649955,7,0.7,16,0.8
824,43,0.8621262458471761,5,0.5,18,0.9
825,43,0.9213228631833283,8,0.8,17,0.85
826,43,0.9038054968287527,8,0.8,18,0.9
827,43,0.8717909996979764,7,0.7,17,0.85
828,43,0.8660525520990636,7,0.7,14,0.7
829,43,0.8669586227725762,7,0.7,18,0.9
830,43,0.9022953790395651,6,0.6,17,0.85
831,43,0.8557837511325883,6,0.6,15,0.75
832,43,0.9032014497130776,7,0.7,18,0.9
833,43,0.8261854424645122,6,0.6,16,0.8
834,43,0.9154334038054968,8,0.8,18,0.9
835,43,0.9190576864995469,7,0.7,18,0.9
836,43,0.9006342494714589,6,0.6,18,0.9
837,43,0.9041075203865901,7,0.7,18,0.9
838,43,0.8956508607671397,9,0.9,18,0.9
839,43,0.9027484143763213,7,0.7,17,0.85
840,43,0.882512836001208,8,0.8,18,0.9
841,43,0.814557535487768,7,0.7,18,0.9
842,43,0.8323769254001813,5,0.5,19,0.95
843,43,0.925249169435216,7,0.7,19,0.95
844,43,0.8785865297493205,9,0.9,17,0.85
845,43,0.8829658713379642,7,0.7,17,0.85
846,43,0.8710359408033826,7,0.7,17,0.85
847,43,0.8646934460887948,9,0.9,17,0.85
848,43,0.8462700090607067,7,0.7,18,0.9
849,43,0.9278163696768348,6,0.6,18,0.9
850,43,0.9243430987617035,9,0.9,17,0.85
851,43,0.9451827242524917,8,0.8,18,0.9
852,43,0.8683177287828451,8,0.8,17,0.85
853,43,0.8310178193899125,6,0.6,17,0.85
854,43,0.8760193295077017,7,0.7,17,0.85
855,43,0.9180006040471157,9,0.9,17,0.85
856,43,0.8461189972817881,8,0.8,17,0.85
857,43,0.9081848384173965,8,0.8,17,0.85
858,43,0.8976140138930836,8,0.8,18,0.9
859,43,0.8464210208396254,7,0.7,17,0.85
860,43,0.8408335850196315,8,0.8,17,0.85
861,43,0.8947447900936273,5,0.5,18,0.9
862,43,0.8675626698882513,8,0.8,17,0.85
863,43,0.9160374509211718,9,0.9,18,0.9
864,43,0.9255511929930534,8,0.8,19,0.95
865,43,0.8994261552401087,5,0.5,19,0.95
866,43,0.911658109332528,7,0.7,18,0.9
867,43,0.9107520386590153,7,0.7,18,0.9
868,43,0.8692237994563576,7,0.7,17,0.85
869,43,0.8988221081244335,6,0.6,18,0.9
870,43,0.891271519178496,8,0.8,17,0.85
871,43,0.8797946239806704,6,0.6,17,0.85
872,43,0.9143763213530656,7,0.7,18,0.9
873,43,0.8814557535487768,8,0.8,19,0.95
874,43,0.8437028088190879,8,0.8,17,0.85
875,43,0.9238900634249472,6,0.6,19,0.95
876,43,0.8622772576260949,7,0.7,17,0.85
877,43,0.893083660525521,7,0.7,17,0.85
878,43,0.8897614013893083,6,0.6,17,0.85
879,43,0.8695258230141951,7,0.7,17,0.85
880,43,0.9151313802476594,6,0.6,18,0.9
881,43,0.9083358501963152,8,0.8,17,0.85
882,43,0.8725460585925702,7,0.7,18,0.9
883,43,0.9691935971005738,8,0.8,19,0.95
884,43,0.9315916641498038,9,0.9,17,0.85
885,43,0.8947447900936273,8,0.8,17,0.85
886,43,0.854122621564482,8,0.8,17,0.85
887,43,0.9065237088492902,8,0.8,18,0.9
888,43,0.8746602234974328,6,0.6,17,0.85
889,43,0.8962549078828148,7,0.7,17,0.85
890,43,0.8660525520990636,7,0.7,17,0.85
891,43,0.8867411658109332,8,0.8,17,0.85
892,43,0.8557837511325883,7,0.7,17,0.85
893,43,0.9220779220779222,9,0.9,18,0.9
894,43,0.9243430987617035,7,0.7,18,0.9
895,43,0.8748112352763515,7,0.7,18,0.9
896,43,0.8637873754152824,8,0.8,16,0.8
897,43,0.9207188160676532,7,0.7,19,0.95
898,43,0.8597100573844759,8,0.8,17,0.85
899,43,0.9367260646330413,8,0.8,19,0.95
900,43,0.8693748112352764,8,0.8,17,0.85
901,43,0.8958018725460586,7,0.7,18,0.9
902,43,0.8243733011174873,7,0.7,15,0.75
903,43,0.8843249773482332,7,0.7,18,0.9
904,43,0.9013893083660526,7,0.7,18,0.9
905,43,0.907278767743884,8,0.8,15,0.75
906,43,0.8607671398369071,6,0.6,16,0.8
907,43,0.9152823920265781,7,0.7,18,0.9
908,43,0.9025974025974025,7,0.7,17,0.85
909,43,0.8902144367260648,8,0.8,18,0.9
910,43,0.9234370280881908,6,0.6,19,0.95
911,43,0.9042585321655088,7,0.7,18,0.9
912,43,0.8501963153125943,6,0.6,16,0.8
913,43,0.9531863485351858,9,0.9,18,0.9
914,43,0.8835699184536393,8,0.8,17,0.85
915,43,0.8621262458471761,6,0.6,15,0.75
916,43,0.9350649350649349,8,0.8,19,0.95
917,43,0.8308668076109937,6,0.6,15,0.75
918,43,0.8091211114466929,8,0.8,17,0.85
919,43,0.8289036544850498,7,0.7,16,0.8
920,43,0.9035034732709151,8,0.8,17,0.85
921,43,0.919661733615222,7,0.7,18,0.9
922,43,0.9092419208698279,8,0.8,19,0.95
923,43,0.93566898218061,8,0.8,18,0.9
924,43,0.8710359408033826,8,0.8,17,0.85
925,43,0.9235880398671097,7,0.7,19,0.95
926,43,0.9148293566898219,7,0.7,18,0.9
927,43,0.8554817275747508,7,0.7,17,0.85
928,43,0.907278767743884,7,0.7,18,0.9
929,43,0.8822108124433704,8,0.8,18,0.9
930,43,0.9068257324071278,8,0.8,18,0.9
931,43,0.8603141045001511,9,0.9,16,0.8
932,43,0.8726970703714889,7,0.7,17,0.85
933,43,0.8867411658109332,7,0.7,17,0.85
934,43,0.9448807006946542,8,0.8,18,0.9
935,43,0.9480519480519481,9,0.9,18,0.9
936,43,0.8791905768649955,8,0.8,18,0.9
937,43,0.8514044095439445,7,0.7,17,0.85
938,43,0.9266082754454846,6,0.6,18,0.9
939,43,0.8835699184536393,8,0.8,16,0.8
940,43,0.8965569314406524,9,0.9,17,0.85
941,43,0.9038054968287527,8,0.8,17,0.85
942,43,0.8449109030504378,7,0.7,18,0.9
943,43,0.9007852612503776,8,0.8,17,0.85
944,43,0.9166414980368469,7,0.7,18,0.9
945,43,0.842343702808819,5,0.5,16,0.8
946,43,0.8849290244639082,4,0.4,19,0.95
947,43,0.9062216852914529,8,0.8,18,0.9
948,43,0.8443068559347628,7,0.7,18,0.9
949,43,0.8779824826336454,8,0.8,19,0.95
950,43,0.9272123225611597,7,0.7,18,0.9
951,43,0.901087284808215,9,0.9,16,0.8
952,43,0.9386892177589853,9,0.9,17,0.85
953,43,0.881304741769858,6,0.6,19,0.95
954,43,0.911658109332528,8,0.8,18,0.9
955,43,0.8808517064331017,8,0.8,17,0.85
956,43,0.8823618242222894,9,0.9,16,0.8
957,43,0.9495620658411354,9,0.9,18,0.9
958,43,0.8526125037752944,6,0.6,15,0.75
959,43,0.8569918453639385,8,0.8,19,0.95
960,43,0.883871942011477,8,0.8,16,0.8
961,43,0.8662035638779824,9,0.9,16,0.8
962,43,0.8290546662639685,7,0.7,16,0.8
963,43,0.8509513742071881,8,0.8,16,0.8
964,43,0.8802476593174268,6,0.6,18,0.9
965,43,0.8633343400785262,7,0.7,16,0.8
966,43,0.8172757475083057,7,0.7,16,0.8
967,43,0.8879492600422834,7,0.7,18,0.9
968,43,0.9036544850498339,6,0.6,18,0.9
969,43,0.9098459679855028,9,0.9,17,0.85
970,43,0.9110540622168529,8,0.8,17,0.85
971,43,0.8337360314104499,7,0.7,18,0.9
972,43,0.8862881304741771,7,0.7,16,0.8
973,43,0.89927514346119,6,0.6,17,0.85
974,43,0.899879190576865,6,0.6,18,0.9
975,43,0.9272123225611597,8,0.8,19,0.95
976,43,0.8470250679553005,7,0.7,16,0.8
977,43,0.8877982482633646,9,0.9,18,0.9
978,43,0.8652974932044699,6,0.6,18,0.9
979,43,0.8773784355179703,7,0.7,18,0.9
980,43,0.8494412564180006,7,0.7,17,0.85
981,43,0.9066747206282089,9,0.9,18,0.9
982,43,0.9250981576562972,8,0.8,17,0.85
983,43,0.8168227121715494,7,0.7,16,0.8
984,43,0.9124131682271217,8,0.8,18,0.9
985,43,0.834340078526125,6,0.6,16,0.8
986,43,0.891724554515252,7,0.7,18,0.9
987,43,0.883720930232558,8,0.8,16,0.8
988,43,0.8964059196617336,6,0.6,18,0.9
989,43,0.865901540320145,7,0.7,17,0.85
990,43,0.9110540622168529,8,0.8,16,0.8
991,43,0.9195107218363032,9,0.9,18,0.9
992,43,0.8797946239806704,8,0.8,16,0.8
993,43,0.8814557535487768,8,0.8,18,0.9
994,43,0.8695258230141951,8,0.8,17,0.85
995,43,0.9051646028390213,7,0.7,18,0.9
996,43,0.8455149501661129,6,0.6,18,0.9
997,43,0.9267592872244035,8,0.8,18,0.9
998,43,0.8563877982482634,7,0.7,18,0.9
999,43,0.83131984294775,7,0.7,17,0.85
1000,43,0.8468740561763818,7,0.7,17,0.85
1001,43,0.875264270613108,6,0.6,17,0.85
1002,43,0.9128662035638779,8,0.8,18,0.9
1003,43,0.8785865297493205,8,0.8,17,0.85
1004,43,0.9176985804892781,7,0.7,19,0.95
1005,43,0.8726970703714889,8,0.8,17,0.85
1006,43,0.9166414980368469,6,0.6,19,0.95
1007,43,0.9074297795228028,9,0.9,16,0.8
1008,43,0.9045605557233464,7,0.7,17,0.85
1009,43,0.8701298701298701,8,0.8,18,0.9
1010,43,0.8430987617034128,6,0.6,17,0.85
1011,43,0.8958018725460586,7,0.7,18,0.9
1012,43,0.8642404107520387,8,0.8,16,0.8
1013,43,0.9193597100573844,8,0.8,17,0.85
1014,43,0.8979160374509211,9,0.9,17,0.85
1015,43,0.9056176381757777,8,0.8,16,0.8
1016,43,0.8816067653276956,7,0.7,16,0.8
1017,43,0.8914225309574147,7,0.7,19,0.95
1018,43,0.9254001812141347,8,0.8,19,0.95
1019,43,0.9202657807308969,6,0.6,19,0.95
1020,43,0.8927816369676835,6,0.6,19,0.95
1021,43,0.8926306251887648,8,0.8,18,0.9
1022,43,0.8471760797342193,7,0.7,17,0.85
1023,43,0.919661733615222,8,0.8,19,0.95
1024,43,0.9041075203865901,9,0.9,16,0.8
1025,43,0.8489882210812444,7,0.7,17,0.85
1026,43,0.820144971307762,7,0.7,16,0.8
1027,43,0.9151313802476594,9,0.9,18,0.9
1028,43,0.8356991845363938,9,0.9,17,0.85
1029,43,0.8486861975234068,5,0.5,16,0.8
1030,43,0.8612201751736636,7,0.7,17,0.85
1031,43,0.8977650256720023,8,0.8,17,0.85
1032,43,0.8970099667774085,8,0.8,16,0.8
1033,43,0.877076411960133,7,0.7,18,0.9
1034,43,0.9152823920265781,8,0.8,17,0.85
1035,43,0.9435215946843855,7,0.7,19,0.95
1036,43,0.8589549984898821,7,0.7,18,0.9
1037,43,0.8606161280579884,8,0.8,17,0.85
1038,43,0.9420114768951978,9,0.9,19,0.95
1039,43,0.9090909090909091,7,0.7,17,0.85
1040,43,0.893083660525521,8,0.8,18,0.9
1041,43,0.9193597100573844,9,0.9,16,0.8
1042,43,0.9122621564482029,8,0.8,16,0.8
1043,43,0.8729990939293265,6,0.6,17,0.85
1044,43,0.8412866203563878,6,0.6,16,0.8
1045,43,0.9086378737541528,8,0.8,18,0.9
1046,43,0.886892177589852,7,0.7,18,0.9
1047,43,0.9278163696768348,9,0.9,18,0.9
1048,43,0.919661733615222,9,0.9,18,0.9
1049,43,0.8855330715795833,7,0.7,17,0.85
1050,43,0.9149803684687406,9,0.9,18,0.9
1051,43,0.9121111446692841,8,0.8,17,0.85
1052,43,0.9155844155844157,9,0.9,19,0.95
1053,43,0.8909694956206585,8,0.8,17,0.85
1054,43,0.9095439444276654,7,0.7,19,0.95
1055,43,0.8444578677136816,6,0.6,15,0.75
1056,43,0.8915735427363335,7,0.7,17,0.85
1057,43,0.9025974025974025,9,0.9,17,0.85
1058,43,0.8159166414980369,6,0.6,16,0.8
1059,43,0.9048625792811839,8,0.8,17,0.85
1060,43,0.9267592872244035,8,0.8,17,0.85
1061,43,0.8834189066747207,8,0.8,16,0.8
1062,43,0.8861371186952581,8,0.8,18,0.9
1063,43,0.9095439444276654,8,0.8,18,0.9
1064,43,0.8808517064331017,7,0.7,18,0.9
1065,43,0.8947447900936273,8,0.8,17,0.85
1066,43,0.928873452129266,7,0.7,19,0.95
1067,43,0.9421624886741166,9,0.9,19,0.95
1068,43,0.899879190576865,9,0.9,17,0.85
1069,43,0.8390214436726064,7,0.7,18,0.9
1070,43,0.9092419208698279,6,0.6,18,0.9
1071,43,0.9320446994865599,8,0.8,19,0.95
1072,43,0.846723044397463,7,0.7,16,0.8
1073,43,0.9006342494714589,7,0.7,18,0.9
1074,43,0.9213228631833283,9,0.9,18,0.9
1075,43,0.9238900634249472,8,0.8,18,0.9
1076,43,0.8506493506493507,8,0.8,17,0.85
1077,43,0.8666565992147387,6,0.6,17,0.85
1078,43,0.8953488372093023,9,0.9,19,0.95
1079,43,0.8835699184536393,8,0.8,18,0.9
1080,43,0.8473270915131381,5,0.5,17,0.85
1081,43,0.8840229537903957,7,0.7,17,0.85
1082,43,0.8560857746904259,9,0.9,19,0.95
1083,43,0.925853216550891,8,0.8,18,0.9
1084,43,0.89927514346119,8,0.8,16,0.8
1085,43,0.8995771670190275,8,0.8,18,0.9
1086,43,0.875264270613108,7,0.7,17,0.85
1087,43,0.8870431893687708,6,0.6,18,0.9
1088,43,0.9095439444276654,7,0.7,18,0.9
1089,43,0.893687707641196,7,0.7,18,0.9
1090,43,0.9225309574146784,7,0.7,19,0.95
1091,43,0.9167925098157657,7,0.7,18,0.9
1092,43,0.9364240410752039,7,0.7,20,1.0
1093,43,0.9367260646330413,8,0.8,18,0.9
1094,43,0.9226819691935972,7,0.7,18,0.9
1095,43,0.8624282694050137,6,0.6,16,0.8
1096,43,0.885684083358502,7,0.7,16,0.8
1097,43,0.8890063424947146,6,0.6,19,0.95
1098,43,0.8748112352763515,7,0.7,18,0.9
1099,43,0.93566898218061,8,0.8,18,0.9
1100,43,0.9210208396254906,8,0.8,17,0.85
1101,43,0.8674116581093325,7,0.7,18,0.9
1102,43,0.9260042283298098,8,0.8,17,0.85
1103,43,0.9329507701600724,8,0.8,18,0.9
1104,43,0.8918755662941711,8,0.8,20,1.0
1105,43,0.8748112352763515,7,0.7,17,0.85
1106,43,0.8695258230141951,6,0.6,17,0.85
1107,43,0.8790395650860766,6,0.6,17,0.85
1108,43,0.8964059196617336,9,0.9,17,0.85
1109,43,0.9087888855330716,9,0.9,17,0.85
1110,43,0.9300815463606161,8,0.8,18,0.9
1111,43,0.9243430987617035,8,0.8,18,0.9
1112,43,0.8924796134098459,6,0.6,17,0.85
1113,43,0.9110540622168529,8,0.8,17,0.85
1114,43,0.882512836001208,8,0.8,17,0.85
1115,43,0.9374811235276351,7,0.7,19,0.95
1116,43,0.8711869525823015,9,0.9,16,0.8
1117,43,0.878284506191483,9,0.9,16,0.8
1118,43,0.8600120809423134,8,0.8,17,0.85
1119,43,0.9285714285714285,8,0.8,17,0.85
1120,43,0.8979160374509211,6,0.6,17,0.85
1121,43,0.914678344910903,8,0.8,18,0.9
1122,43,0.9164904862579282,8,0.8,17,0.85
1123,43,0.887496224705527,6,0.6,17,0.85
1124,43,0.938840229537904,8,0.8,19,0.95
1125,43,0.880096647538508,6,0.6,18,0.9
1126,43,0.9139232860163091,7,0.7,18,0.9
1127,43,0.9021443672606464,6,0.6,19,0.95
1128,43,0.893083660525521,7,0.7,17,0.85
1129,43,0.8989731199033526,7,0.7,18,0.9
1130,43,0.9294774992449412,8,0.8,18,0.9
1131,43,0.883720930232558,7,0.7,17,0.85
1132,43,0.8920265780730897,8,0.8,16,0.8
1133,43,0.8932346723044398,7,0.7,17,0.85
1134,43,0.9084868619752341,8,0.8,17,0.85
1135,43,0.9324977348233162,7,0.7,17,0.85
1136,43,0.932648746602235,8,0.8,18,0.9
1137,43,0.889912413168227,6,0.6,17,0.85
1138,43,0.9062216852914529,6,0.6,18,0.9
1139,43,0.8609181516158262,6,0.6,16,0.8
1140,43,0.9139232860163091,6,0.6,19,0.95
1141,43,0.830564784053156,8,0.8,16,0.8
1142,43,0.9173965569314406,7,0.7,19,0.95
1143,43,0.8130474176985804,8,0.8,15,0.75
1144,43,0.9335548172757474,8,0.8,18,0.9
1145,43,0.9263062518876471,6,0.6,18,0.9
1146,43,0.9281183932346722,8,0.8,18,0.9
1147,43,0.8935366958622774,8,0.8,17,0.85
1148,43,0.9225309574146784,7,0.7,18,0.9
1149,43,0.8349441256418001,7,0.7,18,0.9
1150,43,0.8704318936877077,9,0.9,16,0.8
1151,43,0.9078828148595591,7,0.7,18,0.9
1152,43,0.9025974025974025,7,0.7,18,0.9
1153,43,0.8995771670190275,7,0.7,18,0.9
1154,43,0.8462700090607067,7,0.7,16,0.8
1155,43,0.8844759891271519,7,0.7,18,0.9
1156,43,0.8796436122017517,7,0.7,18,0.9
1157,43,0.9033524614919963,8,0.8,17,0.85
1158,43,0.8569918453639385,7,0.7,17,0.85
1159,43,0.9084868619752341,6,0.6,18,0.9
1160,43,0.9154334038054968,8,0.8,18,0.9
1161,43,0.940048323769254,7,0.7,18,0.9
1162,43,0.8503473270915131,8,0.8,17,0.85
1163,43,0.7771066143159168,7,0.7,15,0.75
1164,43,0.9000302023557838,6,0.6,18,0.9
1165,43,0.8434007852612504,8,0.8,16,0.8
1166,43,0.9260042283298098,8,0.8,17,0.85
1167,43,0.9104500151011778,7,0.7,17,0.85
1168,43,0.9110540622168529,8,0.8,18,0.9
1169,43,0.8849290244639082,8,0.8,19,0.95
1170,43,0.8785865297493205,8,0.8,15,0.75
1171,43,0.8754152823920265,8,0.8,18,0.9
1172,43,0.894895801872546,7,0.7,18,0.9
1173,43,0.9151313802476594,7,0.7,18,0.9
1174,43,0.9006342494714589,8,0.8,17,0.85
1175,43,0.8707339172455452,6,0.6,16,0.8
1176,43,0.8375113258834188,7,0.7,17,0.85
1177,43,0.9208698278465719,8,0.8,17,0.85
1178,43,0.9175475687103594,8,0.8,18,0.9
1179,43,0.9254001812141347,8,0.8,17,0.85
1180,43,0.8497432799758382,6,0.6,16,0.8
1181,43,0.9198127453941407,7,0.7,17,0.85
1182,43,0.8962549078828148,7,0.7,18,0.9
1183,43,0.9051646028390213,8,0.8,19,0.95
1184,43,0.9148293566898219,7,0.7,17,0.85
1185,43,0.858501963153126,6,0.6,17,0.85
1186,43,0.8882512836001207,7,0.7,19,0.95
1187,43,0.9152823920265781,9,0.9,17,0.85
1188,43,0.8751132588341892,6,0.6,18,0.9
1189,43,0.8671096345514949,6,0.6,16,0.8
1190,43,0.8755662941709452,8,0.8,17,0.85
1191,43,0.8982180610087588,8,0.8,17,0.85
1192,43,0.8420416792509816,8,0.8,15,0.75
1193,43,0.9192086982784656,9,0.9,18,0.9
1194,43,0.8669586227725762,8,0.8,17,0.85
1195,43,0.9045605557233464,7,0.7,18,0.9
1196,43,0.8604651162790696,6,0.6,17,0.85
1197,43,0.9257022047719722,8,0.8,18,0.9
1198,43,0.8751132588341892,7,0.7,17,0.85
1199,43,0.8861371186952581,7,0.7,17,0.85
1200,43,0.9069767441860466,10,1.0,17,0.85
1201,43,0.8205980066445182,6,0.6,18,0.9
1202,43,0.9176985804892781,7,0.7,17,0.85
1203,43,0.927061310782241,9,0.9,17,0.85
1204,43,0.8515554213228631,7,0.7,17,0.85
1205,43,0.9128662035638779,6,0.6,18,0.9
1206,43,0.9062216852914529,8,0.8,17,0.85
1207,43,0.8713379643612202,8,0.8,17,0.85
1208,43,0.8905164602839021,7,0.7,17,0.85
1209,43,0.8915735427363335,7,0.7,17,0.85
1210,43,0.9063726970703716,8,0.8,16,0.8
1211,43,0.9235880398671097,6,0.6,18,0.9
1212,43,0.9081848384173965,7,0.7,18,0.9
1213,43,0.8690727876774389,7,0.7,18,0.9
1214,43,0.8716399879190576,7,0.7,18,0.9
1215,43,0.8536695862277256,8,0.8,18,0.9
1216,43,0.7378435517970402,6,0.6,18,0.9
1217,43,0.8231652068861371,6,0.6,18,0.9
1218,43,0.882512836001208,8,0.8,17,0.85
1219,43,0.8292056780428874,7,0.7,16,0.8
1220,43,0.881908788885533,8,0.8,17,0.85
1221,43,0.887496224705527,7,0.7,18,0.9
1222,43,0.8616732105104199,7,0.7,19,0.95
1223,43,0.911507097553609,6,0.6,18,0.9
1224,43,0.8897614013893083,8,0.8,17,0.85
1225,43,0.8823618242222894,7,0.7,17,0.85
1226,43,0.9254001812141347,6,0.6,18,0.9
1227,43,0.9007852612503776,7,0.7,17,0.85
1228,43,0.9420114768951978,7,0.7,17,0.85
1229,43,0.9118091211114466,8,0.8,18,0.9
1230,43,0.8791905768649955,7,0.7,18,0.9
1231,43,0.9335548172757474,9,0.9,18,0.9
1232,43,0.899879190576865,7,0.7,19,0.95
1233,43,0.927061310782241,7,0.7,17,0.85
1234,43,0.9294774992449412,8,0.8,18,0.9
1235,43,0.901087284808215,8,0.8,18,0.9
1236,43,0.8905164602839021,7,0.7,19,0.95
1237,43,0.8945937783147085,7,0.7,18,0.9
1238,43,0.8432497734823315,7,0.7,18,0.9
1239,43,0.9460887949260043,8,0.8,20,1.0
1240,43,0.8440048323769253,7,0.7,16,0.8
1241,43,0.8612201751736636,7,0.7,17,0.85
1242,43,0.8983690727876775,8,0.8,18,0.9
1243,43,0.886892177589852,7,0.7,16,0.8
1244,43,0.9045605557233464,7,0.7,17,0.85
1245,43,0.8684687405617638,6,0.6,18,0.9
1246,43,0.9062216852914529,8,0.8,18,0.9
1247,43,0.9051646028390213,7,0.7,17,0.85
1248,43,0.8415886439142253,7,0.7,17,0.85
1249,43,0.9272123225611597,7,0.7,18,0.9
1250,43,0.8997281787979463,7,0.7,15,0.75
1251,43,0.8924796134098459,6,0.6,17,0.85
1252,43,0.8971609785563273,7,0.7,18,0.9
1253,43,0.9368770764119599,8,0.8,19,0.95
1254,43,0.9074297795228028,7,0.7,19,0.95
1255,43,0.8807006946541831,6,0.6,16,0.8
1256,43,0.8834189066747207,7,0.7,17,0.85
1257,43,0.9122621564482029,9,0.9,17,0.85
1258,43,0.8625792811839325,8,0.8,16,0.8
1259,43,0.905919661733615,7,0.7,17,0.85
1260,43,0.8255813953488372,6,0.6,18,0.9
1261,43,0.8592570220477197,7,0.7,18,0.9
1262,43,0.8832678948958019,7,0.7,18,0.9
1263,43,0.9480519480519481,8,0.8,18,0.9
1264,43,0.8668076109936574,7,0.7,16,0.8
1265,43,0.8663545756569011,7,0.7,17,0.85
1266,43,0.8455149501661129,7,0.7,15,0.75
1267,43,0.927061310782241,8,0.8,20,1.0
1268,43,0.9066747206282089,7,0.7,17,0.85
1269,43,0.9057686499546964,7,0.7,16,0.8
1270,43,0.931440652370885,9,0.9,19,0.95
1271,43,0.8689217758985202,5,0.5,17,0.85
1272,43,0.8832678948958019,7,0.7,17,0.85
1273,43,0.9036544850498339,8,0.8,18,0.9
1274,43,0.9164904862579282,8,0.8,19,0.95
1275,43,0.8979160374509211,9,0.9,17,0.85
1276,43,0.9234370280881908,8,0.8,19,0.95
1277,43,0.8515554213228631,7,0.7,17,0.85
1278,43,0.8758683177287827,6,0.6,17,0.85
1279,43,0.8618242222893386,7,0.7,15,0.75
1280,43,0.8310178193899125,7,0.7,15,0.75
1281,43,0.9001812141347025,5,0.5,18,0.9
1282,43,0.8980670492298398,7,0.7,17,0.85
1283,43,0.8985200845665962,8,0.8,16,0.8
1284,43,0.8520084566596193,6,0.6,18,0.9
1285,43,0.8719420114768952,7,0.7,16,0.8
1286,43,0.9309876170341287,8,0.8,18,0.9
1287,43,0.9235880398671097,6,0.6,16,0.8
1288,43,0.8038356991845362,7,0.7,16,0.8
1289,43,0.869676834793114,8,0.8,17,0.85
1290,43,0.8236182422228935,8,0.8,16,0.8
1291,43,0.8755662941709452,8,0.8,16,0.8
1292,43,0.869676834793114,7,0.7,18,0.9
1293,43,0.9130172153427967,8,0.8,17,0.85
1294,43,0.9287224403503472,9,0.9,18,0.9
1295,43,0.9074297795228028,8,0.8,17,0.85
1296,43,0.8950468136514649,7,0.7,16,0.8
1297,43,0.9246451223195409,8,0.8,17,0.85
1298,43,0.9160374509211718,8,0.8,17,0.85
1299,43,0.8699788583509513,9,0.9,16,0.8
1300,43,0.8983690727876775,9,0.9,16,0.8
1301,43,0.9254001812141347,8,0.8,18,0.9
1302,43,0.9021443672606464,8,0.8,17,0.85
1303,43,0.8790395650860766,7,0.7,17,0.85
1304,43,0.8933856840833586,6,0.6,17,0.85
1305,43,0.8876472364844458,6,0.6,18,0.9
1306,43,0.9176985804892781,6,0.6,18,0.9
1307,43,0.9349139232860163,9,0.9,17,0.85
1308,43,0.9084868619752341,8,0.8,17,0.85
1309,43,0.8979160374509211,6,0.6,17,0.85
1310,43,0.9217758985200845,7,0.7,18,0.9
1311,43,0.9035034732709151,6,0.6,19,0.95
1312,43,0.8600120809423134,8,0.8,16,0.8
1313,43,0.9047115675022651,6,0.6,19,0.95
1314,43,0.8668076109936574,7,0.7,16,0.8
1315,43,0.891271519178496,8,0.8,16,0.8
1316,43,0.8637873754152824,6,0.6,17,0.85
1317,43,0.9190576864995469,6,0.6,19,0.95
1318,43,0.7349743279975839,5,0.5,15,0.75
1319,43,0.9201147689519782,7,0.7,18,0.9
1320,43,0.9264572636665659,6,0.6,19,0.95
1321,43,0.9074297795228028,6,0.6,19,0.95
1322,43,0.8784355179704018,7,0.7,17,0.85
1323,43,0.9181516158260344,7,0.7,18,0.9
1324,43,0.9173965569314406,7,0.7,18,0.9
1325,43,0.8577469042585322,7,0.7,19,0.95
1326,43,0.9060706735125341,8,0.8,16,0.8
1327,43,0.9500151011778918,9,0.9,18,0.9
1328,43,0.8296587133796435,7,0.7,18,0.9
1329,43,0.9098459679855028,7,0.7,19,0.95
1330,43,0.8686197523406824,9,0.9,16,0.8
1331,43,0.8932346723044398,7,0.7,17,0.85
1332,43,0.907278767743884,6,0.6,18,0.9
1333,43,0.9063726970703716,8,0.8,18,0.9
1334,43,0.8764723648444579,7,0.7,17,0.85
1335,43,0.8645424343098761,6,0.6,18,0.9
1336,43,0.8908184838417396,9,0.9,19,0.95
1337,43,0.9056176381757777,8,0.8,16,0.8
1338,43,0.8967079432195711,7,0.7,19,0.95
1339,43,0.8687707641196014,7,0.7,19,0.95
1340,43,0.9155844155844157,7,0.7,18,0.9
1341,43,0.9021443672606464,8,0.8,18,0.9
1342,43,0.8956508607671397,7,0.7,18,0.9
1343,43,0.9238900634249472,9,0.9,17,0.85
1344,43,0.8298097251585622,6,0.6,15,0.75
1345,43,0.8619752340682574,8,0.8,15,0.75
1346,43,0.8148595590456057,7,0.7,17,0.85
1347,43,0.9027484143763213,6,0.6,17,0.85
1348,43,0.8887043189368771,8,0.8,18,0.9
1349,43,0.8547266686801571,7,0.7,17,0.85
1350,43,0.7426759287224403,7,0.7,15,0.75
1351,43,0.8325279371791,7,0.7,17,0.85
1352,43,0.9405013591060103,9,0.9,18,0.9
1353,43,0.907278767743884,7,0.7,18,0.9
1354,43,0.9125641800060404,7,0.7,19,0.95
1355,43,0.7487163998791906,5,0.5,15,0.75
1356,43,0.9071277559649653,7,0.7,17,0.85
1357,43,0.8997281787979463,8,0.8,17,0.85
1358,43,0.9160374509211718,8,0.8,18,0.9
1359,43,0.8977650256720023,9,0.9,15,0.75
1360,43,0.8976140138930836,7,0.7,18,0.9
1361,43,0.8882512836001207,7,0.7,16,0.8
1362,43,0.9122621564482029,8,0.8,18,0.9
1363,43,0.9013893083660526,7,0.7,17,0.85
1364,43,0.9035034732709151,7,0.7,18,0.9
1365,43,0.9389912413168227,6,0.6,18,0.9
1366,43,0.8894593778314709,7,0.7,18,0.9
1367,43,0.891271519178496,7,0.7,19,0.95
1368,43,0.8956508607671397,6,0.6,18,0.9
1369,43,0.887496224705527,6,0.6,17,0.85
1370,43,0.9266082754454846,8,0.8,18,0.9
1371,43,0.8760193295077017,7,0.7,18,0.9
1372,43,0.9057686499546964,8,0.8,16,0.8
1373,43,0.9083358501963152,7,0.7,17,0.85
1374,43,0.828148595590456,7,0.7,15,0.75
1375,43,0.8675626698882513,6,0.6,16,0.8
1376,43,0.9019933554817275,7,0.7,18,0.9
1377,43,0.8270915131380248,7,0.7,16,0.8
1378,43,0.919661733615222,8,0.8,20,1.0
1379,43,0.8011174871639988,6,0.6,17,0.85
1380,43,0.9019933554817275,7,0.7,18,0.9
1381,43,0.8879492600422834,9,0.9,17,0.85
1382,43,0.8341890667472063,6,0.6,15,0.75
1383,43,0.8906674720628208,8,0.8,16,0.8
1384,43,0.8588039867109634,7,0.7,15,0.75
1385,43,0.854122621564482,5,0.5,18,0.9
1386,43,0.9219269102990034,8,0.8,18,0.9
1387,43,0.9238900634249472,9,0.9,18,0.9
1388,43,0.9250981576562972,7,0.7,20,1.0
1389,43,0.9424645122319539,8,0.8,18,0.9
1390,43,0.9267592872244035,9,0.9,18,0.9
1391,43,0.8501963153125943,6,0.6,17,0.85
1392,43,0.9092419208698279,8,0.8,18,0.9
1393,43,0.8529145273331321,7,0.7,18,0.9
1394,43,0.8634853518574449,7,0.7,17,0.85
1395,43,0.881304741769858,7,0.7,18,0.9
1396,43,0.9537903956508608,8,0.8,19,0.95
1397,43,0.8997281787979463,6,0.6,19,0.95
1398,43,0.8971609785563273,8,0.8,18,0.9
1399,43,0.8328299607369375,8,0.8,17,0.85
1400,43,0.9254001812141347,8,0.8,18,0.9
1401,43,0.9006342494714589,6,0.6,18,0.9
1402,43,0.8569918453639385,6,0.6,16,0.8
1403,43,0.9181516158260344,9,0.9,18,0.9
1404,43,0.8983690727876775,9,0.9,17,0.85
1405,43,0.8853820598006644,7,0.7,18,0.9
1406,43,0.8796436122017517,6,0.6,18,0.9
1407,43,0.9038054968287527,7,0.7,18,0.9
1408,43,0.9178495922681968,8,0.8,17,0.85
1409,43,0.8894593778314709,7,0.7,18,0.9
1410,43,0.9166414980368469,8,0.8,18,0.9
1411,43,0.8289036544850498,7,0.7,15,0.75
1412,43,0.8652974932044699,7,0.7,17,0.85
1413,43,0.9112050739957717,6,0.6,17,0.85
1414,43,0.9254001812141347,8,0.8,18,0.9
1415,43,0.8606161280579884,7,0.7,17,0.85
1416,43,0.9106010268800966,7,0.7,17,0.85
1417,43,0.9418604651162791,8,0.8,19,0.95
1418,43,0.8586529749320447,7,0.7,17,0.85
1419,43,0.9287224403503472,7,0.7,18,0.9
1420,43,0.8350951374207187,6,0.6,15,0.75
1421,43,0.8731501057082452,8,0.8,16,0.8
1422,43,0.8974630021141649,8,0.8,17,0.85
1423,43,0.9133192389006344,6,0.6,18,0.9
1424,43,0.8846270009060708,7,0.7,17,0.85
1425,43,0.888100271821202,7,0.7,17,0.85
1426,43,0.8944427665357898,7,0.7,17,0.85
1427,43,0.8705829054666264,8,0.8,17,0.85
1428,43,0.8909694956206585,8,0.8,18,0.9
1429,43,0.9051646028390213,7,0.7,18,0.9
1430,43,0.9208698278465719,8,0.8,18,0.9
1431,43,0.9004832376925401,8,0.8,17,0.85
1432,43,0.9187556629417095,6,0.6,19,0.95
1433,43,0.9012382965871337,8,0.8,16,0.8
1434,43,0.9386892177589853,8,0.8,18,0.9
1435,43,0.8654485049833887,8,0.8,17,0.85
1436,43,0.8855330715795833,8,0.8,17,0.85
1437,43,0.8551797040169132,9,0.9,16,0.8
1438,43,0.9113560857746904,7,0.7,19,0.95
1439,43,0.8791905768649955,7,0.7,17,0.85
1440,43,0.9386892177589853,10,1.0,19,0.95
1441,43,0.9125641800060404,7,0.7,17,0.85
1442,43,0.8902144367260648,7,0.7,18,0.9
1443,43,0.932648746602235,7,0.7,18,0.9
1444,43,0.7964361220175175,7,0.7,16,0.8
1445,43,0.922832980972516,8,0.8,18,0.9
1446,43,0.9358199939595288,7,0.7,18,0.9
1447,43,0.9106010268800966,7,0.7,17,0.85
1448,43,0.9300815463606161,8,0.8,19,0.95
1449,43,0.8755662941709452,8,0.8,17,0.85
1450,43,0.811537299909393,8,0.8,15,0.75
1451,43,0.8958018725460586,7,0.7,17,0.85
1452,43,0.8983690727876775,7,0.7,17,0.85
1453,43,0.8754152823920265,7,0.7,18,0.9
1454,43,0.8760193295077017,6,0.6,17,0.85
1455,43,0.8150105708245244,7,0.7,15,0.75
1456,43,0.8997281787979463,7,0.7,17,0.85
1457,43,0.9021443672606464,7,0.7,17,0.85
1458,43,0.8986710963455148,8,0.8,18,0.9
1459,43,0.9451827242524917,8,0.8,18,0.9
1460,43,0.9086378737541528,8,0.8,19,0.95
1461,43,0.8651464814255512,6,0.6,18,0.9
1462,43,0.9183026276049532,7,0.7,19,0.95
1463,43,0.8598610691633947,8,0.8,17,0.85
1464,43,0.847931138628813,6,0.6,18,0.9
1465,43,0.8462700090607067,8,0.8,18,0.9
1466,43,0.8471760797342193,6,0.6,17,0.85
1467,43,0.8921775898520085,7,0.7,18,0.9
1468,43,0.8826638477801267,8,0.8,17,0.85
1469,43,0.7469042585321656,6,0.6,15,0.75
1470,43,0.8799456357595893,6,0.6,17,0.85
1471,43,0.9329507701600724,8,0.8,19,0.95
1472,43,0.917094533373603,9,0.9,16,0.8
1473,43,0.8437028088190879,6,0.6,15,0.75
1474,43,0.8544246451223195,7,0.7,16,0.8
1475,43,0.9254001812141347,8,0.8,18,0.9
1476,43,0.816520688613712,7,0.7,15,0.75
1477,43,0.8707339172455452,7,0.7,18,0.9
1478,43,0.9080338266384779,6,0.6,18,0.9
1479,43,0.8873452129266083,8,0.8,15,0.75
1480,43,0.9000302023557838,6,0.6,18,0.9
1481,43,0.8465720326185443,9,0.9,16,0.8
1482,43,0.9417094533373603,8,0.8,19,0.95
1483,43,0.846723044397463,5,0.5,18,0.9
1484,43,0.8672606463304138,6,0.6,18,0.9
1485,43,0.8861371186952581,7,0.7,18,0.9
1486,43,0.9045605557233464,8,0.8,19,0.95
1487,43,0.8754152823920265,7,0.7,18,0.9
1488,43,0.9201147689519782,7,0.7,19,0.95
1489,43,0.9004832376925401,6,0.6,18,0.9
1490,43,0.8965569314406524,8,0.8,17,0.85
1491,43,0.8822108124433704,7,0.7,17,0.85
1492,43,0.8178797946239806,4,0.4,17,0.85
1493,43,0.9084868619752341,8,0.8,17,0.85
1494,43,0.8903654485049833,7,0.7,18,0.9
1495,43,0.9143763213530656,8,0.8,19,0.95
1496,43,0.8852310480217457,6,0.6,17,0.85
1497,43,0.8951978254303836,7,0.7,17,0.85
1498,43,0.9131682271217156,7,0.7,19,0.95
1499,43,0.8282996073693748,6,0.6,17,0.85
1500,43,0.9586227725762609,7,0.7,19,0.95
1501,43,0.8977650256720023,8,0.8,16,0.8
1502,43,0.9327997583811537,7,0.7,19,0.95
1503,43,0.9350649350649349,8,0.8,19,0.95
1504,43,0.9035034732709151,9,0.9,20,1.0
1505,43,0.9154334038054968,6,0.6,20,1.0
1506,43,0.8471760797342193,6,0.6,17,0.85
1507,43,0.9260042283298098,7,0.7,18,0.9
1508,43,0.917245545152522,7,0.7,17,0.85
1509,43,0.9001812141347025,6,0.6,17,0.85
1510,43,0.9261552401087285,8,0.8,17,0.85
1511,43,0.9062216852914529,8,0.8,17,0.85
1512,43,0.9006342494714589,7,0.7,18,0.9
1513,43,0.8646934460887948,5,0.5,18,0.9
1514,43,0.9255511929930534,8,0.8,19,0.95
1515,43,0.8583509513742071,7,0.7,17,0.85
1516,43,0.8729990939293265,7,0.7,18,0.9
1517,43,0.8565388100271821,8,0.8,17,0.85
1518,43,0.8547266686801571,8,0.8,17,0.85
1519,43,0.8580489278163697,6,0.6,18,0.9
1520,43,0.9084868619752341,8,0.8,18,0.9
1521,43,0.8616732105104199,6,0.6,17,0.85
1522,43,0.8835699184536393,7,0.7,16,0.8
1523,43,0.8805496828752641,7,0.7,16,0.8
1524,43,0.888100271821202,7,0.7,17,0.85
1525,43,0.8769254001812142,5,0.5,18,0.9
1526,43,0.901087284808215,9,0.9,18,0.9
1527,43,0.9087888855330716,10,1.0,16,0.8
1528,43,0.925249169435216,8,0.8,19,0.95
1529,43,0.9112050739957717,7,0.7,18,0.9
1530,43,0.9092419208698279,7,0.7,19,0.95
1531,43,0.9143763213530656,7,0.7,18,0.9
1532,43,0.9353669586227727,7,0.7,20,1.0
1533,43,0.8707339172455452,7,0.7,16,0.8
1534,43,0.9178495922681968,8,0.8,18,0.9
1535,43,0.8938387194201147,8,0.8,19,0.95
1536,43,0.9166414980368469,7,0.7,19,0.95
1537,43,0.9249471458773784,7,0.7,19,0.95
1538,43,0.8388704318936878,8,0.8,15,0.75
1539,43,0.8591060102688008,8,0.8,17,0.85
1540,43,0.925853216550891,8,0.8,19,0.95
1541,43,0.905919661733615,8,0.8,17,0.85
1542,43,0.894895801872546,8,0.8,18,0.9
1543,43,0.8843249773482332,7,0.7,17,0.85
1544,43,0.9190576864995469,7,0.7,19,0.95
1545,43,0.8882512836001207,7,0.7,18,0.9
1546,43,0.8896103896103896,7,0.7,18,0.9
1547,43,0.8237692540018122,8,0.8,16,0.8
1548,43,0.9211718514044096,8,0.8,18,0.9
1549,43,0.9042585321655088,7,0.7,19,0.95
1550,43,0.8902144367260648,8,0.8,17,0.85
1551,43,0.9466928420416793,8,0.8,18,0.9
1552,43,0.8553307157958322,7,0.7,17,0.85
1553,43,0.8924796134098459,7,0.7,18,0.9
1554,43,0.895499848988221,8,0.8,18,0.9
1555,43,0.8760193295077017,8,0.8,17,0.85
1556,43,0.9161884627000906,6,0.6,18,0.9
1557,43,0.893687707641196,7,0.7,16,0.8
1558,43,0.8421926910299004,8,0.8,15,0.75
1559,43,0.9065237088492902,7,0.7,17,0.85
1560,43,0.8382663847780127,7,0.7,17,0.85
1561,43,0.8799456357595893,8,0.8,16,0.8
1562,43,0.8997281787979463,7,0.7,19,0.95
1563,43,0.8746602234974328,8,0.8,17,0.85
1564,43,0.810178193899124,7,0.7,16,0.8
1565,43,0.905919661733615,8,0.8,16,0.8
1566,43,0.8332829960736938,8,0.8,15,0.75
1567,43,0.93446088794926,8,0.8,19,0.95
1568,43,0.9110540622168529,8,0.8,16,0.8
1569,43,0.8816067653276956,6,0.6,18,0.9
1570,43,0.8637873754152824,7,0.7,17,0.85
1571,43,0.8796436122017517,8,0.8,16,0.8
1572,43,0.8994261552401087,6,0.6,17,0.85
1573,43,0.8831168831168832,7,0.7,17,0.85
1574,43,0.939444276653579,8,0.8,17,0.85
1575,43,0.8575958924796133,9,0.9,17,0.85
1576,43,0.8911205073995773,8,0.8,18,0.9
1577,43,0.9142253095741468,7,0.7,18,0.9
1578,43,0.9107520386590153,7,0.7,20,1.0
1579,43,0.8012684989429175,7,0.7,16,0.8
1580,43,0.8648444578677137,6,0.6,17,0.85
1581,43,0.9198127453941407,8,0.8,17,0.85
1582,43,0.8982180610087588,8,0.8,17,0.85
1583,43,0.9048625792811839,6,0.6,19,0.95
1584,43,0.9056176381757777,8,0.8,18,0.9
1585,43,0.8440048323769253,8,0.8,16,0.8
1586,43,0.9226819691935972,7,0.7,16,0.8
1587,43,0.9193597100573844,8,0.8,18,0.9
1588,43,0.9053156146179403,8,0.8,18,0.9
1589,43,0.8565388100271821,7,0.7,17,0.85
1590,43,0.8871942011476895,8,0.8,16,0.8
1591,43,0.854122621564482,7,0.7,17,0.85
1592,43,0.9480519480519481,8,0.8,19,0.95
1593,43,0.8982180610087588,7,0.7,17,0.85
1594,43,0.9211718514044096,9,0.9,18,0.9
1595,43,0.881304741769858,5,0.5,18,0.9
1596,43,0.9305345816973724,8,0.8,19,0.95
1597,43,0.8871942011476895,8,0.8,17,0.85
1598,43,0.8896103896103896,8,0.8,17,0.85
1599,43,0.8621262458471761,8,0.8,17,0.85
1600,43,0.8701298701298701,7,0.7,18,0.9
1601,43,0.9080338266384779,8,0.8,18,0.9
1602,43,0.928873452129266,8,0.8,18,0.9
1603,43,0.9066747206282089,7,0.7,17,0.85
1604,43,0.9202657807308969,8,0.8,18,0.9
1605,43,0.9349139232860163,8,0.8,19,0.95
1606,43,0.861522198731501,8,0.8,18,0.9
1607,43,0.8130474176985804,7,0.7,14,0.7
1608,43,0.8578979160374509,6,0.6,17,0.85
1609,43,0.886892177589852,6,0.6,18,0.9
1610,43,0.8636363636363636,8,0.8,17,0.85
1611,43,0.9101479915433404,8,0.8,18,0.9
1612,43,0.9009362730292962,7,0.7,18,0.9
1613,43,0.9083358501963152,7,0.7,19,0.95
1614,43,0.917245545152522,8,0.8,19,0.95
1615,43,0.9050135910601026,8,0.8,20,1.0
1616,43,0.888100271821202,7,0.7,16,0.8
1617,43,0.8449109030504378,6,0.6,17,0.85
1618,43,0.9195107218363032,8,0.8,18,0.9
1619,43,0.9186046511627907,7,0.7,17,0.85
1620,43,0.889308366052552,8,0.8,19,0.95
1621,43,0.8965569314406524,9,0.9,17,0.85
1622,43,0.8443068559347628,8,0.8,17,0.85
1623,43,0.9124131682271217,8,0.8,17,0.85
1624,43,0.9198127453941407,7,0.7,18,0.9
1625,43,0.7612503775294472,6,0.6,16,0.8
1626,43,0.8986710963455148,7,0.7,19,0.95
1627,43,0.8982180610087588,8,0.8,17,0.85
1628,43,0.8671096345514949,5,0.5,18,0.9
1629,43,0.8790395650860766,8,0.8,16,0.8
1630,43,0.9208698278465719,7,0.7,18,0.9
1631,43,0.9220779220779222,6,0.6,19,0.95
1632,43,0.9173965569314406,7,0.7,18,0.9
1633,43,0.9281183932346722,9,0.9,18,0.9
1634,43,0.8926306251887648,6,0.6,19,0.95
1635,43,0.9151313802476594,8,0.8,18,0.9
1636,43,0.9089398973119903,8,0.8,19,0.95
1637,43,0.8766233766233766,8,0.8,17,0.85
1638,43,0.8929326487466023,8,0.8,18,0.9
1639,43,0.9214738749622471,9,0.9,17,0.85
1640,43,0.825732407127756,7,0.7,18,0.9
1641,43,0.9154334038054968,8,0.8,16,0.8
1642,43,0.8862881304741771,7,0.7,19,0.95
1643,43,0.8488372093023255,7,0.7,17,0.85
1644,43,0.8577469042585322,7,0.7,18,0.9
1645,43,0.9081848384173965,7,0.7,17,0.85
1646,43,0.9204167925098158,8,0.8,17,0.85
1647,43,0.948655995167623,8,0.8,19,0.95
1648,43,0.8971609785563273,8,0.8,18,0.9
1649,43,0.8947447900936273,8,0.8,18,0.9
1650,43,0.9167925098157657,8,0.8,18,0.9
1651,43,0.9007852612503776,9,0.9,16,0.8
1652,43,0.9087888855330716,9,0.9,19,0.95
1653,43,0.8630323165206886,8,0.8,17,0.85
1654,43,0.8642404107520387,9,0.9,17,0.85
1655,43,0.9247961340984596,7,0.7,19,0.95
1656,43,0.8991241316822713,8,0.8,19,0.95
1657,43,0.8817577771066143,7,0.7,17,0.85
1658,43,0.8600120809423134,7,0.7,18,0.9
1659,43,0.8958018725460586,6,0.6,17,0.85
1660,43,0.8944427665357898,7,0.7,16,0.8
1661,43,0.9238900634249472,7,0.7,20,1.0
1662,43,0.8829658713379642,8,0.8,17,0.85
1663,43,0.8512533977650255,7,0.7,16,0.8
1664,43,0.9216248867411658,10,1.0,18,0.9
1665,43,0.8849290244639082,7,0.7,18,0.9
1666,43,0.8968589549984899,8,0.8,19,0.95
1667,43,0.9074297795228028,7,0.7,18,0.9
1668,43,0.8748112352763515,6,0.6,18,0.9
1669,43,0.927061310782241,8,0.8,18,0.9
1670,43,0.881304741769858,8,0.8,18,0.9
1671,43,0.9089398973119903,9,0.9,18,0.9
1672,43,0.8882512836001207,8,0.8,18,0.9
1673,43,0.8852310480217457,7,0.7,17,0.85
1674,43,0.8171247357293868,7,0.7,16,0.8
1675,43,0.8888553307157958,9,0.9,17,0.85
1676,43,0.931440652370885,8,0.8,19,0.95
1677,43,0.9337058290546661,8,0.8,18,0.9
1678,43,0.9024463908184839,7,0.7,16,0.8
1679,43,0.8717909996979764,7,0.7,17,0.85
1680,43,0.9418604651162791,9,0.9,17,0.85
1681,43,0.8693748112352764,5,0.5,19,0.95
1682,43,0.8810027182120205,7,0.7,17,0.85
1683,43,0.9152823920265781,8,0.8,18,0.9
1684,43,0.9056176381757777,7,0.7,19,0.95
1685,43,0.9349139232860163,8,0.8,19,0.95
1686,43,0.8532165508909696,8,0.8,17,0.85
1687,43,0.875717305949864,6,0.6,19,0.95
1688,43,0.8717909996979764,7,0.7,15,0.75
1689,43,0.9137722742373904,6,0.6,19,0.95
1690,43,0.8950468136514649,8,0.8,17,0.85
1691,43,0.9080338266384779,8,0.8,18,0.9
1692,43,0.8968589549984899,7,0.7,17,0.85
1693,43,0.899879190576865,5,0.5,18,0.9
1694,43,0.86650558743582,7,0.7,17,0.85
1695,43,0.9131682271217156,7,0.7,15,0.75
1696,43,0.8939897311990335,7,0.7,17,0.85
1697,43,0.8341890667472063,6,0.6,16,0.8
1698,43,0.8835699184536393,8,0.8,18,0.9
1699,43,0.8958018725460586,8,0.8,16,0.8
1700,43,0.847931138628813,6,0.6,17,0.85
1701,43,0.8911205073995773,9,0.9,18,0.9
1702,43,0.877076411960133,8,0.8,19,0.95
1703,43,0.9318936877076411,8,0.8,18,0.9
1704,43,0.8633343400785262,8,0.8,17,0.85
1705,43,0.9173965569314406,8,0.8,17,0.85
1706,43,0.8526125037752944,7,0.7,16,0.8
1707,43,0.927061310782241,8,0.8,19,0.95
1708,43,0.9240410752038659,7,0.7,16,0.8
1709,43,0.9164904862579282,7,0.7,18,0.9
1710,43,0.949864089398973,8,0.8,18,0.9
1711,43,0.8459679855028693,8,0.8,17,0.85
1712,43,0.9009362730292962,7,0.7,16,0.8
1713,43,0.8793415886439142,5,0.5,18,0.9
1714,43,0.9528843249773483,9,0.9,18,0.9
1715,43,0.8414376321353065,7,0.7,16,0.8
1716,43,0.8935366958622774,8,0.8,17,0.85
1717,43,0.9060706735125341,8,0.8,18,0.9
1718,43,0.8677136816671699,7,0.7,18,0.9
1719,43,0.8796436122017517,7,0.7,18,0.9
1720,43,0.8728480821504078,7,0.7,17,0.85
1721,43,0.8864391422530957,6,0.6,19,0.95
1722,43,0.8625792811839325,7,0.7,17,0.85
1723,43,0.8846270009060708,6,0.6,16,0.8
1724,43,0.8435517970401691,5,0.5,17,0.85
1725,43,0.8438538205980066,7,0.7,17,0.85
1726,43,0.8643914225309574,6,0.6,18,0.9
1727,43,0.8470250679553005,6,0.6,18,0.9
1728,43,0.907278767743884,8,0.8,18,0.9
1729,43,0.8625792811839325,7,0.7,16,0.8
1730,43,0.8452129266082755,6,0.6,17,0.85
1731,43,0.9071277559649653,8,0.8,17,0.85
1732,43,0.8799456357595893,6,0.6,18,0.9
1733,43,0.8962549078828148,6,0.6,18,0.9
1734,43,0.8897614013893083,7,0.7,17,0.85
1735,43,0.8950468136514649,7,0.7,18,0.9
1736,43,0.917094533373603,8,0.8,17,0.85
1737,43,0.8607671398369071,8,0.8,16,0.8
1738,43,0.9309876170341287,7,0.7,19,0.95
1739,43,0.8832678948958019,6,0.6,17,0.85
1740,43,0.8879492600422834,6,0.6,19,0.95
1741,43,0.873905164602839,7,0.7,15,0.75
1742,43,0.8921775898520085,8,0.8,18,0.9
1743,43,0.9036544850498339,9,0.9,19,0.95
1744,43,0.8841739655693145,7,0.7,17,0.85
1745,43,0.8945937783147085,7,0.7,17,0.85
1746,43,0.8278465720326185,5,0.5,18,0.9
1747,43,0.9373301117487164,8,0.8,18,0.9
1748,43,0.9222289338568409,6,0.6,17,0.85
1749,43,0.9173965569314406,9,0.9,17,0.85
1750,43,0.8548776804590759,8,0.8,15,0.75
1751,43,0.8245243128964059,8,0.8,18,0.9
1752,43,0.8797946239806704,6,0.6,16,0.8
1753,43,0.8979160374509211,8,0.8,18,0.9
1754,43,0.8482331621866506,7,0.7,17,0.85
1755,43,0.922832980972516,7,0.7,20,1.0
1756,43,0.944427665357898,9,0.9,18,0.9
1757,43,0.9089398973119903,9,0.9,17,0.85
1758,43,0.8778314708547267,8,0.8,18,0.9
1759,43,0.9296285110238599,7,0.7,17,0.85
1760,43,0.8787375415282392,7,0.7,16,0.8
1761,43,0.8958018725460586,6,0.6,18,0.9
1762,43,0.9027484143763213,8,0.8,18,0.9
1763,43,0.8337360314104499,7,0.7,16,0.8
1764,43,0.9176985804892781,7,0.7,19,0.95
1765,43,0.8619752340682574,8,0.8,16,0.8
1766,43,0.9343098761703412,7,0.7,19,0.95
1767,43,0.893083660525521,7,0.7,19,0.95
1768,43,0.8572938689217758,6,0.6,18,0.9
1769,43,0.9175475687103594,8,0.8,19,0.95
1770,43,0.8751132588341892,8,0.8,16,0.8
1771,43,0.8799456357595893,7,0.7,17,0.85
1772,43,0.9133192389006344,9,0.9,19,0.95
1773,43,0.8749622470552701,6,0.6,17,0.85
1774,43,0.932648746602235,8,0.8,19,0.95
1775,43,0.9279673814557534,8,0.8,16,0.8
1776,43,0.9075807913017215,9,0.9,18,0.9
1777,43,0.8884022953790395,7,0.7,18,0.9
1778,43,0.9001812141347025,7,0.7,18,0.9
1779,43,0.9161884627000906,9,0.9,18,0.9
1780,43,0.9042585321655088,8,0.8,16,0.8
1781,43,0.9240410752038659,6,0.6,19,0.95
1782,43,0.9192086982784656,7,0.7,18,0.9
1783,43,0.9241920869827847,9,0.9,18,0.9
1784,43,0.8746602234974328,8,0.8,16,0.8
1785,43,0.8202959830866806,6,0.6,17,0.85
1786,43,0.8643914225309574,8,0.8,17,0.85
1787,43,0.9368770764119599,9,0.9,17,0.85
1788,43,0.922832980972516,8,0.8,18,0.9
1789,43,0.8391724554515252,7,0.7,17,0.85
1790,43,0.9371790999697978,9,0.9,19,0.95
1791,43,0.9219269102990034,6,0.6,18,0.9
1792,43,0.893687707641196,7,0.7,16,0.8
1793,43,0.8289036544850498,6,0.6,15,0.75
1794,43,0.8755662941709452,8,0.8,17,0.85
1795,43,0.9312896405919662,7,0.7,18,0.9
1796,43,0.8929326487466023,6,0.6,18,0.9
1797,43,0.9106010268800966,7,0.7,18,0.9
1798,43,0.9374811235276351,8,0.8,18,0.9
1799,43,0.8633343400785262,6,0.6,17,0.85
1800,43,0.8965569314406524,7,0.7,19,0.95
1801,43,0.8909694956206585,7,0.7,18,0.9
1802,43,0.8424947145877377,7,0.7,16,0.8
1803,43,0.8716399879190576,5,0.5,18,0.9
1804,43,0.8908184838417396,8,0.8,16,0.8
1805,43,0.9352159468438537,7,0.7,18,0.9
1806,43,0.8193899124131682,7,0.7,16,0.8
1807,43,0.9303835699184536,7,0.7,18,0.9
1808,43,0.8651464814255512,8,0.8,17,0.85
1809,43,0.8853820598006644,8,0.8,16,0.8
1810,43,0.8938387194201147,7,0.7,16,0.8
1811,43,0.8325279371791,7,0.7,17,0.85
1812,43,0.8852310480217457,7,0.7,18,0.9
1813,43,0.9110540622168529,8,0.8,18,0.9
1814,43,0.8637873754152824,5,0.5,17,0.85
1815,43,0.8729990939293265,7,0.7,16,0.8
1816,43,0.875717305949864,8,0.8,17,0.85
1817,43,0.8841739655693145,7,0.7,18,0.9
1818,43,0.8890063424947146,9,0.9,17,0.85
1819,43,0.8569918453639385,8,0.8,16,0.8
1820,43,0.9385382059800665,8,0.8,18,0.9
1821,43,0.8642404107520387,8,0.8,18,0.9
1822,43,0.8976140138930836,8,0.8,18,0.9
1823,43,0.9001812141347025,8,0.8,17,0.85
1824,43,0.9130172153427967,6,0.6,17,0.85
1825,43,0.8689217758985202,7,0.7,17,0.85
1826,43,0.8736031410450015,7,0.7,17,0.85
1827,43,0.9015403201449713,8,0.8,18,0.9
1828,43,0.9121111446692841,9,0.9,18,0.9
1829,43,0.889308366052552,8,0.8,18,0.9
1830,43,0.7559649652672908,7,0.7,17,0.85
1831,43,0.8523104802174569,6,0.6,18,0.9
1832,43,0.8896103896103896,6,0.6,19,0.95
1833,43,0.8803986710963455,8,0.8,17,0.85
1834,43,0.9018423437028088,8,0.8,17,0.85
1835,43,0.8896103896103896,9,0.9,15,0.75
1836,43,0.8563877982482634,6,0.6,17,0.85
1837,43,0.9086378737541528,8,0.8,18,0.9
1838,43,0.8311688311688312,8,0.8,16,0.8
1839,43,0.9074297795228028,7,0.7,18,0.9
1840,43,0.8192389006342494,5,0.5,16,0.8
1841,43,0.8947447900936273,8,0.8,18,0.9
1842,43,0.8823618242222894,8,0.8,18,0.9
1843,43,0.8850800362428269,7,0.7,18,0.9
1844,43,0.9208698278465719,7,0.7,17,0.85
1845,43,0.848535185744488,7,0.7,17,0.85
1846,43,0.9163394744790094,8,0.8,18,0.9
1847,43,0.8853820598006644,8,0.8,16,0.8
1848,43,0.8876472364844458,7,0.7,19,0.95
1849,43,0.9044095439444275,7,0.7,18,0.9
1850,43,0.8657505285412262,9,0.9,15,0.75
1851,43,0.8915735427363335,7,0.7,17,0.85
1852,43,0.8855330715795833,7,0.7,17,0.85
1853,43,0.9429175475687103,9,0.9,18,0.9
1854,43,0.8905164602839021,7,0.7,17,0.85
1855,43,0.8600120809423134,8,0.8,16,0.8
1856,43,0.8621262458471761,6,0.6,17,0.85
1857,43,0.9044095439444275,8,0.8,17,0.85
1858,43,0.9125641800060404,8,0.8,17,0.85
1859,43,0.8705829054666264,7,0.7,16,0.8
1860,43,0.8631833282996073,9,0.9,17,0.85
1861,43,0.914678344910903,7,0.7,17,0.85
1862,43,0.8609181516158262,8,0.8,17,0.85
1863,43,0.8853820598006644,7,0.7,18,0.9
1864,43,0.893083660525521,7,0.7,17,0.85
1865,43,0.8935366958622774,7,0.7,17,0.85
1866,43,0.8394744790093628,6,0.6,19,0.95
1867,43,0.9112050739957717,8,0.8,19,0.95
1868,43,0.8630323165206886,5,0.5,17,0.85
1869,43,0.9089398973119903,8,0.8,19,0.95
1870,43,0.8867411658109332,7,0.7,19,0.95
1871,43,0.8841739655693145,8,0.8,18,0.9
1872,43,0.9084868619752341,7,0.7,17,0.85
1873,43,0.8908184838417396,8,0.8,17,0.85
1874,43,0.9371790999697978,7,0.7,18,0.9
1875,43,0.8994261552401087,7,0.7,19,0.95
1876,43,0.822108124433706,6,0.6,16,0.8
1877,43,0.9160374509211718,9,0.9,16,0.8
1878,43,0.8980670492298398,7,0.7,19,0.95
1879,43,0.8282996073693748,6,0.6,18,0.9
1880,43,0.9065237088492902,8,0.8,18,0.9
1881,43,0.8988221081244335,8,0.8,18,0.9
1882,43,0.810178193899124,7,0.7,15,0.75
1883,43,0.8896103896103896,6,0.6,18,0.9
1884,43,0.9036544850498339,8,0.8,18,0.9
1885,43,0.9140742977952281,7,0.7,17,0.85
1886,43,0.8494412564180006,7,0.7,18,0.9
1887,43,0.8631833282996073,7,0.7,16,0.8
1888,43,0.8939897311990335,5,0.5,19,0.95
1889,43,0.885684083358502,8,0.8,18,0.9
1890,43,0.9098459679855028,7,0.7,18,0.9
1891,43,0.8902144367260648,8,0.8,18,0.9
1892,43,0.838115372999094,6,0.6,18,0.9
1893,43,0.8781334944125642,7,0.7,19,0.95
1894,43,0.9175475687103594,8,0.8,19,0.95
1895,43,0.847931138628813,6,0.6,16,0.8
1896,43,0.8378133494412565,7,0.7,16,0.8
1897,43,0.899879190576865,8,0.8,19,0.95
1898,43,0.9071277559649653,8,0.8,18,0.9
1899,43,0.9122621564482029,8,0.8,18,0.9
1900,43,0.917094533373603,8,0.8,18,0.9
1901,43,0.9013893083660526,7,0.7,19,0.95
1902,43,0.8888553307157958,7,0.7,16,0.8
1903,43,0.8980670492298398,7,0.7,19,0.95
1904,43,0.9199637571730594,8,0.8,19,0.95
1905,43,0.848535185744488,6,0.6,18,0.9
1906,43,0.9015403201449713,8,0.8,18,0.9
1907,43,0.89927514346119,6,0.6,18,0.9
1908,43,0.8947447900936273,7,0.7,19,0.95
1909,43,0.9149803684687406,7,0.7,17,0.85
1910,43,0.925249169435216,9,0.9,16,0.8
1911,43,0.8958018725460586,9,0.9,17,0.85
1912,43,0.8820598006644518,6,0.6,17,0.85
1913,43,0.9007852612503776,6,0.6,18,0.9
1914,43,0.9415584415584415,8,0.8,18,0.9
1915,43,0.8835699184536393,9,0.9,18,0.9
1916,43,0.9078828148595591,8,0.8,17,0.85
1917,43,0.8945937783147085,9,0.9,17,0.85
1918,43,0.9151313802476594,7,0.7,17,0.85
1919,43,0.9152823920265781,9,0.9,16,0.8
1920,43,0.8891573542736333,8,0.8,17,0.85
1921,43,0.9477499244941106,8,0.8,18,0.9
1922,43,0.9083358501963152,7,0.7,17,0.85
1923,43,0.8050437934158864,6,0.6,17,0.85
1924,43,0.9134702506795531,8,0.8,17,0.85
1925,43,0.8733011174871639,8,0.8,16,0.8
1926,43,0.8926306251887648,9,0.9,19,0.95
1927,43,0.8548776804590759,7,0.7,17,0.85
1928,43,0.9157354273633344,7,0.7,18,0.9
1929,43,0.8547266686801571,7,0.7,16,0.8
1930,43,0.9317426759287224,8,0.8,18,0.9
1931,43,0.8935366958622774,8,0.8,17,0.85
1932,43,0.945031712473573,9,0.9,19,0.95
1933,43,0.9415584415584415,9,0.9,19,0.95
1934,43,0.8891573542736333,6,0.6,18,0.9
1935,43,0.9284204167925099,8,0.8,18,0.9
1936,43,0.931440652370885,7,0.7,20,1.0
1937,43,0.9028994261552401,8,0.8,17,0.85
1938,43,0.9053156146179403,6,0.6,17,0.85
1939,43,0.8802476593174268,8,0.8,17,0.85
1940,43,0.8384173965569315,8,0.8,16,0.8
1941,43,0.9395952884324977,8,0.8,17,0.85
1942,43,0.9109030504379342,7,0.7,18,0.9
1943,43,0.9355179704016913,6,0.6,19,0.95
1944,43,0.8681667170039264,7,0.7,17,0.85
1945,43,0.820144971307762,6,0.6,16,0.8
1946,43,0.9418604651162791,7,0.7,18,0.9
1947,43,0.8870431893687708,7,0.7,18,0.9
1948,43,0.8867411658109332,6,0.6,17,0.85
1949,43,0.9163394744790094,9,0.9,17,0.85
1950,43,0.89927514346119,8,0.8,18,0.9
1951,43,0.8896103896103896,9,0.9,18,0.9
1952,43,0.9042585321655088,8,0.8,19,0.95
1953,43,0.9383871942011477,7,0.7,19,0.95
1954,43,0.8956508607671397,6,0.6,17,0.85
1955,43,0.9092419208698279,7,0.7,17,0.85
1956,43,0.8563877982482634,7,0.7,18,0.9
1957,43,0.8710359408033826,7,0.7,18,0.9
1958,43,0.901087284808215,6,0.6,18,0.9
1959,43,0.9178495922681968,7,0.7,16,0.8
1960,43,0.825732407127756,7,0.7,16,0.8
1961,43,0.9237390516460284,6,0.6,18,0.9
1962,43,0.8956508607671397,7,0.7,18,0.9
1963,43,0.8663545756569011,7,0.7,18,0.9
1964,43,0.9294774992449412,8,0.8,18,0.9
1965,43,0.891724554515252,7,0.7,18,0.9
1966,43,0.8569918453639385,7,0.7,15,0.75
1967,43,0.8695258230141951,6,0.6,18,0.9
1968,43,0.8447598912715191,7,0.7,16,0.8
1969,43,0.9019933554817275,7,0.7,18,0.9
1970,43,0.8953488372093023,8,0.8,17,0.85
1971,43,0.9391422530957414,7,0.7,18,0.9
1972,43,0.8150105708245244,7,0.7,19,0.95
1973,43,0.9148293566898219,8,0.8,17,0.85
1974,43,0.8588039867109634,7,0.7,17,0.85
1975,43,0.8625792811839325,8,0.8,17,0.85
1976,43,0.8506493506493507,6,0.6,16,0.8
1977,43,0.9225309574146784,8,0.8,18,0.9
1978,43,0.8476291150709756,5,0.5,18,0.9
1979,43,0.8495922681969192,8,0.8,17,0.85
1980,43,0.9346118997281788,7,0.7,18,0.9
1981,43,0.9198127453941407,7,0.7,18,0.9
1982,43,0.8903654485049833,5,0.5,18,0.9
1983,43,0.9051646028390213,7,0.7,18,0.9
1984,43,0.8722440350347327,7,0.7,17,0.85
1985,43,0.9140742977952281,7,0.7,18,0.9
1986,43,0.89927514346119,9,0.9,16,0.8
1987,43,0.9181516158260344,7,0.7,17,0.85
1988,43,0.891271519178496,8,0.8,17,0.85
1989,43,0.8680157052250077,7,0.7,16,0.8
1990,43,0.9263062518876471,9,0.9,19,0.95
1991,43,0.93446088794926,8,0.8,18,0.9
1992,43,0.8612201751736636,8,0.8,16,0.8
1993,43,0.9071277559649653,8,0.8,19,0.95
1994,43,0.8953488372093023,9,0.9,17,0.85
1995,43,0.9427665357897915,8,0.8,18,0.9
1996,43,0.8153125943823618,6,0.6,17,0.85
1997,43,0.9081848384173965,8,0.8,16,0.8
1998,43,0.8903654485049833,9,0.9,17,0.85
1999,43,0.9164904862579282,8,0.8,18,0.9
2000,43,0.9229839927514346,7,0.7,18,0.9
2001,43,0.893083660525521,8,0.8,17,0.85
2002,43,0.8518574448807006,6,0.6,18,0.9
2003,43,0.8810027182120205,8,0.8,18,0.9
2004,43,0.8995771670190275,8,0.8,18,0.9
2005,43,0.928873452129266,6,0.6,18,0.9
2006,43,0.8550286922379946,8,0.8,17,0.85
2007,43,0.8039867109634552,8,0.8,15,0.75
2008,43,0.871488976140139,8,0.8,17,0.85
2009,43,0.8986710963455148,6,0.6,17,0.85
2010,43,0.8877982482633646,7,0.7,17,0.85
2011,43,0.8372093023255813,7,0.7,17,0.85
2012,43,0.9016913319238901,6,0.6,18,0.9
2013,43,0.8908184838417396,9,0.9,17,0.85
2014,43,0.8594080338266384,8,0.8,15,0.75
2015,43,0.9050135910601026,9,0.9,17,0.85
2016,43,0.8802476593174268,9,0.9,18,0.9
2017,43,0.901087284808215,6,0.6,18,0.9
2018,43,0.828752642706131,7,0.7,15,0.75
2019,43,0.8521594684385383,5,0.5,18,0.9
2020,43,0.9318936877076411,8,0.8,18,0.9
2021,43,0.8933856840833586,8,0.8,16,0.8
2022,43,0.8905164602839021,8,0.8,18,0.9
2023,43,0.8927816369676835,8,0.8,17,0.85
2024,43,0.8560857746904259,7,0.7,16,0.8
2025,43,0.8926306251887648,7,0.7,18,0.9
2026,43,0.9293264874660224,7,0.7,18,0.9
2027,43,0.9181516158260344,9,0.9,18,0.9
2028,43,0.8604651162790696,9,0.9,16,0.8
2029,43,0.9243430987617035,9,0.9,18,0.9
2030,43,0.8908184838417396,7,0.7,16,0.8
2031,43,0.9216248867411658,7,0.7,19,0.95
2032,43,0.9036544850498339,8,0.8,19,0.95
2033,43,0.9148293566898219,7,0.7,18,0.9
2034,43,0.9128662035638779,8,0.8,17,0.85
2035,43,0.9284204167925099,8,0.8,18,0.9
2036,43,0.821353065539112,7,0.7,16,0.8
2037,43,0.9001812141347025,8,0.8,17,0.85
2038,43,0.8677136816671699,7,0.7,16,0.8
2039,43,0.8544246451223195,7,0.7,15,0.75
2040,43,0.8778314708547267,8,0.8,18,0.9
2041,43,0.9240410752038659,8,0.8,18,0.9
2042,43,0.8227121715493807,7,0.7,17,0.85
2043,43,0.9238900634249472,8,0.8,18,0.9
2044,43,0.8920265780730897,8,0.8,18,0.9
2045,43,0.9012382965871337,8,0.8,17,0.85
2046,43,0.8527635155542131,9,0.9,17,0.85
2047,43,0.8849290244639082,7,0.7,18,0.9
2048,43,0.8686197523406824,7,0.7,17,0.85
2049,43,0.8320749018423437,5,0.5,17,0.85
2050,43,0.9315916641498038,9,0.9,17,0.85
2051,43,0.9367260646330413,7,0.7,19,0.95
2052,43,0.7965871337964362,5,0.5,17,0.85
2053,43,0.8843249773482332,7,0.7,18,0.9
2054,43,0.887496224705527,7,0.7,18,0.9
2055,43,0.9131682271217156,7,0.7,17,0.85
2056,43,0.8539716097855633,6,0.6,16,0.8
2057,43,0.914678344910903,7,0.7,19,0.95
2058,43,0.9250981576562972,7,0.7,18,0.9
2059,43,0.8788885533071579,8,0.8,16,0.8
2060,43,0.8260344306855936,8,0.8,16,0.8
2061,43,0.8569918453639385,6,0.6,18,0.9
2062,43,0.8616732105104199,7,0.7,17,0.85
2063,43,0.9033524614919963,8,0.8,18,0.9
2064,43,0.9320446994865599,7,0.7,17,0.85
2065,43,0.8909694956206585,8,0.8,17,0.85
2066,43,0.8849290244639082,8,0.8,17,0.85
2067,43,0.9183026276049532,7,0.7,17,0.85
2068,43,0.8802476593174268,6,0.6,18,0.9
2069,43,0.8329809725158562,7,0.7,17,0.85
2070,43,0.8939897311990335,6,0.6,17,0.85
2071,43,0.9158864391422531,9,0.9,18,0.9
2072,43,0.8483841739655693,7,0.7,17,0.85
2073,43,0.883871942011477,7,0.7,18,0.9
2074,43,0.893083660525521,7,0.7,18,0.9
2075,43,0.8914225309574147,8,0.8,16,0.8
2076,43,0.883871942011477,8,0.8,17,0.85
2077,43,0.9421624886741166,9,0.9,18,0.9
2078,43,0.8473270915131381,7,0.7,17,0.85
2079,43,0.8769254001812142,8,0.8,16,0.8
2080,43,0.875717305949864,5,0.5,18,0.9
2081,43,0.893083660525521,8,0.8,17,0.85
2082,43,0.9095439444276654,8,0.8,18,0.9
2083,43,0.8766233766233766,6,0.6,19,0.95
2084,43,0.944427665357898,8,0.8,19,0.95
2085,43,0.8642404107520387,7,0.7,16,0.8
2086,43,0.830715795832075,7,0.7,17,0.85
2087,43,0.9151313802476594,8,0.8,18,0.9
2088,43,0.93325279371791,8,0.8,18,0.9
2089,43,0.8980670492298398,9,0.9,17,0.85
2090,43,0.894895801872546,7,0.7,17,0.85
2091,43,0.8808517064331017,8,0.8,17,0.85
2092,43,0.877076411960133,7,0.7,18,0.9
2093,43,0.846723044397463,7,0.7,17,0.85
2094,43,0.9047115675022651,7,0.7,18,0.9
2095,43,0.9210208396254906,7,0.7,17,0.85
2096,43,0.8666565992147387,6,0.6,19,0.95
2097,43,0.9263062518876471,7,0.7,17,0.85
2098,43,0.885684083358502,7,0.7,18,0.9
2099,43,0.9207188160676532,8,0.8,17,0.85
2100,43,0.9149803684687406,8,0.8,17,0.85
2101,43,0.9355179704016913,8,0.8,17,0.85
2102,43,0.9003322259136213,8,0.8,17,0.85
2103,43,0.9220779220779222,9,0.9,17,0.85
2104,43,0.9302325581395349,8,0.8,18,0.9
2105,43,0.8598610691633947,7,0.7,16,0.8
2106,43,0.8633343400785262,7,0.7,16,0.8
2107,43,0.8648444578677137,6,0.6,17,0.85
2108,43,0.9013893083660526,7,0.7,17,0.85
2109,43,0.8929326487466023,9,0.9,14,0.7
2110,43,0.9003322259136213,8,0.8,17,0.85
2111,43,0.8372093023255813,6,0.6,16,0.8
2112,43,0.8939897311990335,8,0.8,16,0.8
2113,43,0.8971609785563273,7,0.7,16,0.8
2114,43,0.9243430987617035,9,0.9,19,0.95
2115,43,0.8678646934460886,7,0.7,16,0.8
2116,43,0.8301117487163999,6,0.6,17,0.85
2117,43,0.8817577771066143,7,0.7,18,0.9
2118,43,0.8958018725460586,7,0.7,18,0.9
2119,43,0.894895801872546,7,0.7,19,0.95
2120,43,0.9013893083660526,5,0.5,19,0.95
2121,43,0.9069767441860466,8,0.8,16,0.8
2122,43,0.8820598006644518,7,0.7,16,0.8
2123,43,0.8604651162790696,7,0.7,17,0.85
2124,43,0.8162186650558744,6,0.6,18,0.9
2125,43,0.803533675626699,5,0.5,17,0.85
2126,43,0.8578979160374509,8,0.8,16,0.8
2127,43,0.8862881304741771,6,0.6,19,0.95
2128,43,0.8942917547568711,8,0.8,18,0.9
2129,43,0.9166414980368469,8,0.8,18,0.9
2130,43,0.9296285110238599,7,0.7,18,0.9
2131,43,0.9202657807308969,8,0.8,18,0.9
2132,43,0.8778314708547267,7,0.7,17,0.85
2133,43,0.8349441256418001,6,0.6,16,0.8
2134,43,0.9069767441860466,6,0.6,19,0.95
2135,43,0.9359710057384475,9,0.9,18,0.9
2136,43,0.8751132588341892,8,0.8,17,0.85
2137,43,0.9081848384173965,8,0.8,18,0.9
2138,43,0.9226819691935972,8,0.8,17,0.85
2139,43,0.7881304741769858,6,0.6,16,0.8
2140,43,0.802778616732105,7,0.7,17,0.85
2141,43,0.8810027182120205,8,0.8,17,0.85
2142,43,0.8202959830866806,7,0.7,16,0.8
2143,43,0.8733011174871639,7,0.7,17,0.85
2144,43,0.886892177589852,7,0.7,17,0.85
2145,43,0.8628813047417698,8,0.8,18,0.9
2146,43,0.9471458773784355,9,0.9,18,0.9
2147,43,0.8204469948655996,7,0.7,15,0.75
2148,43,0.8935366958622774,6,0.6,18,0.9
2149,43,0.8980670492298398,6,0.6,18,0.9
2150,43,0.8988221081244335,8,0.8,17,0.85
2151,43,0.8887043189368771,7,0.7,17,0.85
2152,43,0.8633343400785262,7,0.7,18,0.9
2153,43,0.8935366958622774,8,0.8,17,0.85
2154,43,0.9323467230443975,8,0.8,18,0.9
2155,43,0.8242222893385683,7,0.7,16,0.8
2156,43,0.8578979160374509,7,0.7,16,0.8
2157,43,0.878284506191483,6,0.6,17,0.85
2158,43,0.8382663847780127,5,0.5,18,0.9
2159,43,0.8902144367260648,7,0.7,17,0.85
2160,43,0.9158864391422531,8,0.8,17,0.85
2161,43,0.9045605557233464,8,0.8,19,0.95
2162,43,0.7745394140742978,7,0.7,17,0.85
2163,43,0.8594080338266384,7,0.7,17,0.85
2164,43,0.9255511929930534,9,0.9,19,0.95
2165,43,0.9131682271217156,10,1.0,18,0.9
2166,43,0.919661733615222,7,0.7,18,0.9
2167,43,0.9222289338568409,8,0.8,16,0.8
2168,43,0.9266082754454846,9,0.9,18,0.9
2169,43,0.8918755662941711,7,0.7,19,0.95
2170,43,0.9376321353065539,8,0.8,18,0.9
2171,43,0.9166414980368469,7,0.7,18,0.9
2172,43,0.9368770764119599,8,0.8,19,0.95
2173,43,0.9012382965871337,8,0.8,18,0.9
2174,43,0.9269102990033222,7,0.7,18,0.9
2175,43,0.893687707641196,7,0.7,17,0.85
2176,43,0.9084868619752341,6,0.6,18,0.9
2177,43,0.8832678948958019,8,0.8,18,0.9
2178,43,0.8360012080942313,8,0.8,17,0.85
2179,43,0.7372395046813651,7,0.7,16,0.8
2180,43,0.8781334944125642,7,0.7,17,0.85
2181,43,0.93325279371791,8,0.8,17,0.85
2182,43,0.8553307157958322,7,0.7,17,0.85
2183,43,0.881304741769858,6,0.6,17,0.85
2184,43,0.8726970703714889,8,0.8,18,0.9
2185,43,0.9022953790395651,8,0.8,16,0.8
2186,43,0.8619752340682574,5,0.5,15,0.75
2187,43,0.8482331621866506,8,0.8,17,0.85
2188,43,0.8929326487466023,9,0.9,18,0.9
2189,43,0.8278465720326185,7,0.7,17,0.85
2190,43,0.8533675626698883,7,0.7,18,0.9
2191,43,0.8677136816671699,8,0.8,16,0.8
2192,43,0.8106312292358804,6,0.6,17,0.85
2193,43,0.8976140138930836,8,0.8,16,0.8
2194,43,0.8719420114768952,7,0.7,17,0.85
2195,43,0.8929326487466023,8,0.8,18,0.9
2196,43,0.8763213530655392,8,0.8,16,0.8
2197,43,0.9347629115070976,8,0.8,18,0.9
2198,43,0.8816067653276956,8,0.8,15,0.75
2199,43,0.889308366052552,7,0.7,18,0.9
2200,43,0.9000302023557838,6,0.6,18,0.9
2201,43,0.9257022047719722,9,0.9,19,0.95
2202,43,0.9208698278465719,8,0.8,16,0.8
2203,43,0.8900634249471457,8,0.8,18,0.9
2204,43,0.8799456357595893,7,0.7,18,0.9
2205,43,0.8994261552401087,8,0.8,17,0.85
2206,43,0.8524614919963757,7,0.7,16,0.8
2207,43,0.9178495922681968,5,0.5,18,0.9
2208,43,0.8701298701298701,6,0.6,17,0.85
2209,43,0.9311386288130474,8,0.8,19,0.95
2210,43,0.8942917547568711,7,0.7,18,0.9
2211,43,0.8628813047417698,6,0.6,16,0.8
2212,43,0.9122621564482029,6,0.6,18,0.9
2213,43,0.8581999395952884,7,0.7,17,0.85
2214,43,0.861522198731501,5,0.5,17,0.85
2215,43,0.8935366958622774,7,0.7,18,0.9
2216,43,0.7922077922077921,7,0.7,17,0.85
2217,43,0.8831168831168832,7,0.7,17,0.85
2218,43,0.9003322259136213,8,0.8,16,0.8
2219,43,0.9343098761703412,8,0.8,17,0.85
2220,43,0.8891573542736333,9,0.9,17,0.85
2221,43,0.9030504379341588,8,0.8,17,0.85
2222,43,0.8986710963455148,8,0.8,19,0.95
2223,43,0.9062216852914529,7,0.7,18,0.9
2224,43,0.9074297795228028,6,0.6,18,0.9
2225,43,0.9331017819389913,7,0.7,18,0.9
2226,43,0.8951978254303836,7,0.7,19,0.95
2227,43,0.8684687405617638,6,0.6,18,0.9
2228,43,0.8877982482633646,7,0.7,17,0.85
2229,43,0.8015705225007551,7,0.7,16,0.8
2230,43,0.8323769254001813,7,0.7,16,0.8
2231,43,0.9238900634249472,6,0.6,19,0.95
2232,43,0.9056176381757777,7,0.7,18,0.9
2233,43,0.8438538205980066,8,0.8,18,0.9
2234,43,0.9190576864995469,6,0.6,19,0.95
2235,43,0.9054666263968589,9,0.9,18,0.9
2236,43,0.8563877982482634,6,0.6,17,0.85
2237,43,0.8693748112352764,6,0.6,16,0.8
2238,43,0.8704318936877077,7,0.7,18,0.9
2239,43,0.9000302023557838,7,0.7,19,0.95
2240,43,0.8811537299909392,7,0.7,17,0.85
2241,43,0.8822108124433704,7,0.7,17,0.85
2242,43,0.8335850196315312,5,0.5,17,0.85
2243,43,0.8628813047417698,6,0.6,18,0.9
2244,43,0.8769254001812142,8,0.8,18,0.9
2245,43,0.878284506191483,8,0.8,16,0.8
2246,43,0.9098459679855028,9,0.9,18,0.9
2247,43,0.8482331621866506,6,0.6,17,0.85
2248,43,0.8482331621866506,8,0.8,15,0.75
2249,43,0.8550286922379946,10,1.0,15,0.75
2250,43,0.8997281787979463,7,0.7,17,0.85
2251,43,0.9104500151011778,7,0.7,17,0.85
2252,43,0.9210208396254906,6,0.6,18,0.9
2253,43,0.8751132588341892,7,0.7,17,0.85
2254,43,0.8660525520990636,7,0.7,17,0.85
2255,43,0.9069767441860466,8,0.8,17,0.85
2256,43,0.8841739655693145,5,0.5,18,0.9
2257,43,0.8997281787979463,7,0.7,17,0.85
2258,43,0.8370582905466628,8,0.8,17,0.85
2259,43,0.8873452129266083,6,0.6,17,0.85
2260,43,0.8749622470552701,9,0.9,17,0.85
2261,43,0.8852310480217457,8,0.8,18,0.9
2262,43,0.8504983388704318,6,0.6,17,0.85
2263,43,0.8501963153125943,8,0.8,17,0.85
2264,43,0.8974630021141649,7,0.7,17,0.85
2265,43,0.8109332527937179,8,0.8,16,0.8
2266,43,0.7987012987012986,5,0.5,16,0.8
2267,43,0.8909694956206585,9,0.9,17,0.85
2268,43,0.8844759891271519,7,0.7,17,0.85
2269,43,0.8933856840833586,7,0.7,17,0.85
2270,43,0.9169435215946844,6,0.6,18,0.9
2271,43,0.9192086982784656,7,0.7,18,0.9
2272,43,0.9095439444276654,8,0.8,18,0.9
2273,43,0.8882512836001207,7,0.7,18,0.9
2274,43,0.8867411658109332,5,0.5,18,0.9
2275,43,0.9293264874660224,9,0.9,18,0.9
2276,43,0.9403503473270916,8,0.8,18,0.9
2277,43,0.8965569314406524,9,0.9,17,0.85
2278,43,0.877076411960133,8,0.8,18,0.9
2279,43,0.8119903352461492,7,0.7,16,0.8
2280,43,0.8468740561763818,7,0.7,17,0.85
2281,43,0.9133192389006344,8,0.8,19,0.95
2282,43,0.9158864391422531,9,0.9,18,0.9
2283,43,0.8621262458471761,7,0.7,17,0.85
2284,43,0.8340380549682875,7,0.7,16,0.8
2285,43,0.9068257324071278,7,0.7,18,0.9
2286,43,0.879492600422833,8,0.8,17,0.85
2287,43,0.8787375415282392,9,0.9,17,0.85
2288,43,0.8988221081244335,9,0.9,17,0.85
2289,43,0.8865901540320145,7,0.7,18,0.9
2290,43,0.9113560857746904,7,0.7,19,0.95
2291,43,0.893083660525521,7,0.7,19,0.95
2292,43,0.8671096345514949,8,0.8,15,0.75
2293,43,0.9106010268800966,9,0.9,17,0.85
2294,43,0.8885533071579582,8,0.8,17,0.85
2295,43,0.9352159468438537,8,0.8,17,0.85
2296,43,0.8832678948958019,7,0.7,17,0.85
2297,43,0.9250981576562972,8,0.8,17,0.85
2298,43,0.8581999395952884,7,0.7,16,0.8
2299,43,0.8566898218061009,9,0.9,16,0.8
2300,43,0.877076411960133,8,0.8,18,0.9
2301,43,0.8882512836001207,8,0.8,17,0.85
2302,43,0.9025974025974025,8,0.8,17,0.85
2303,43,0.8550286922379946,8,0.8,15,0.75
2304,43,0.8458169737239506,8,0.8,16,0.8
2305,43,0.8636363636363636,7,0.7,16,0.8
2306,43,0.8977650256720023,8,0.8,18,0.9
2307,43,0.9503171247357293,8,0.8,18,0.9
2308,43,0.8666565992147387,7,0.7,17,0.85
2309,43,0.8810027182120205,8,0.8,17,0.85
2310,43,0.9101479915433404,8,0.8,17,0.85
2311,43,0.9331017819389913,7,0.7,18,0.9
2312,43,0.8498942917547568,7,0.7,17,0.85
2313,43,0.9158864391422531,6,0.6,17,0.85
2314,43,0.8840229537903957,7,0.7,18,0.9
2315,43,0.8811537299909392,7,0.7,17,0.85
2316,43,0.8970099667774085,6,0.6,19,0.95
2317,43,0.8674116581093325,7,0.7,16,0.8
2318,43,0.8877982482633646,6,0.6,18,0.9
2319,43,0.938840229537904,8,0.8,18,0.9
2320,43,0.9395952884324977,8,0.8,18,0.9
2321,43,0.875264270613108,8,0.8,16,0.8
2322,43,0.8814557535487768,6,0.6,19,0.95
2323,43,0.9250981576562972,7,0.7,19,0.95
2324,43,0.8702808819087888,7,0.7,17,0.85
2325,43,0.9199637571730594,9,0.9,19,0.95
2326,43,0.8355481727574751,6,0.6,17,0.85
2327,43,0.8764723648444579,7,0.7,17,0.85
2328,43,0.838115372999094,8,0.8,15,0.75
2329,43,0.8588039867109634,6,0.6,17,0.85
2330,43,0.9045605557233464,8,0.8,18,0.9
2331,43,0.8649954696466324,8,0.8,16,0.8
2332,43,0.8539716097855633,8,0.8,17,0.85
2333,43,0.86650558743582,8,0.8,17,0.85
2334,43,0.8722440350347327,6,0.6,18,0.9
2335,43,0.8805496828752641,8,0.8,17,0.85
2336,43,0.9004832376925401,7,0.7,18,0.9
2337,43,0.8424947145877377,7,0.7,17,0.85
2338,43,0.8906674720628208,6,0.6,18,0.9
2339,43,0.8758683177287827,7,0.7,15,0.75
2340,43,0.8796436122017517,7,0.7,18,0.9
2341,43,0.8295077016007247,7,0.7,16,0.8
2342,43,0.8681667170039264,7,0.7,17,0.85
2343,43,0.8862881304741771,7,0.7,16,0.8
2344,43,0.8947447900936273,7,0.7,18,0.9
2345,43,0.8252793717909997,7,0.7,17,0.85
2346,43,0.9255511929930534,8,0.8,19,0.95
2347,43,0.949864089398973,8,0.8,19,0.95
2348,43,0.9038054968287527,7,0.7,17,0.85
2349,43,0.9012382965871337,7,0.7,17,0.85
2350,43,0.8438538205980066,8,0.8,17,0.85
2351,43,0.8973119903352461,7,0.7,18,0.9
2352,43,0.889308366052552,7,0.7,18,0.9
2353,43,0.8890063424947146,7,0.7,17,0.85
2354,43,0.9151313802476594,7,0.7,17,0.85
2355,43,0.8781334944125642,6,0.6,18,0.9
2356,43,0.9231350045303534,8,0.8,19,0.95
2357,43,0.9131682271217156,7,0.7,18,0.9
2358,43,0.9213228631833283,8,0.8,17,0.85
2359,43,0.9131682271217156,7,0.7,18,0.9
2360,43,0.8793415886439142,7,0.7,17,0.85
2361,43,0.9027484143763213,6,0.6,17,0.85
2362,43,0.8509513742071881,8,0.8,16,0.8
2363,43,0.8690727876774389,5,0.5,18,0.9
2364,43,0.9081848384173965,7,0.7,18,0.9
2365,43,0.7777106614315916,7,0.7,17,0.85
2366,43,0.9211718514044096,7,0.7,18,0.9
2367,43,0.8775294472968892,6,0.6,17,0.85
2368,43,0.8938387194201147,8,0.8,18,0.9
2369,43,0.8592570220477197,6,0.6,17,0.85
2370,43,0.8621262458471761,7,0.7,16,0.8
2371,43,0.881908788885533,6,0.6,16,0.8
2372,43,0.8791905768649955,8,0.8,18,0.9
2373,43,0.8841739655693145,7,0.7,18,0.9
2374,43,0.7902446390818484,7,0.7,16,0.8
2375,43,0.882512836001208,7,0.7,17,0.85
2376,43,0.8698278465720327,8,0.8,17,0.85
2377,43,0.841739655693144,7,0.7,18,0.9
2378,43,0.9081848384173965,9,0.9,18,0.9
2379,43,0.8548776804590759,7,0.7,17,0.85
2380,43,0.9229839927514346,7,0.7,17,0.85
2381,43,0.8864391422530957,8,0.8,17,0.85
2382,43,0.9198127453941407,8,0.8,18,0.9
2383,43,0.855934762911507,7,0.7,18,0.9
2384,43,0.8879492600422834,9,0.9,17,0.85
2385,43,0.8504983388704318,6,0.6,17,0.85
2386,43,0.8909694956206585,8,0.8,17,0.85
2387,43,0.8646934460887948,7,0.7,17,0.85
2388,43,0.9015403201449713,7,0.7,18,0.9
2389,43,0.8867411658109332,8,0.8,16,0.8
2390,43,0.8763213530655392,7,0.7,17,0.85
2391,43,0.8662035638779824,6,0.6,17,0.85
2392,43,0.8255813953488372,5,0.5,17,0.85
2393,43,0.8734521292660826,9,0.9,18,0.9
2394,43,0.9148293566898219,8,0.8,18,0.9
2395,43,0.9377831470854727,8,0.8,18,0.9
2396,43,0.8884022953790395,8,0.8,16,0.8
2397,43,0.8504983388704318,8,0.8,18,0.9
2398,43,0.886892177589852,6,0.6,19,0.95
2399,43,0.8118393234672304,6,0.6,17,0.85
2400,43,0.9235880398671097,8,0.8,18,0.9
2401,43,0.8702808819087888,5,0.5,18,0.9
2402,43,0.9466928420416793,8,0.8,18,0.9
2403,43,0.8823618242222894,7,0.7,16,0.8
2404,43,0.9145273331319843,8,0.8,18,0.9
2405,43,0.9134702506795531,8,0.8,18,0.9
2406,43,0.8737541528239202,7,0.7,17,0.85
2407,43,0.811537299909393,8,0.8,16,0.8
2408,43,0.8524614919963757,9,0.9,17,0.85
2409,43,0.9190576864995469,9,0.9,18,0.9
2410,43,0.9110540622168529,9,0.9,18,0.9
2411,43,0.8210510419812744,9,0.9,16,0.8
2412,43,0.8332829960736938,6,0.6,17,0.85
2413,43,0.9231350045303534,9,0.9,17,0.85
2414,43,0.8483841739655693,7,0.7,17,0.85
2415,43,0.9163394744790094,6,0.6,18,0.9
2416,43,0.9195107218363032,7,0.7,18,0.9
2417,43,0.8914225309574147,8,0.8,17,0.85
2418,43,0.9057686499546964,7,0.7,18,0.9
2419,43,0.9009362730292962,7,0.7,17,0.85
2420,43,0.8708849290244639,8,0.8,17,0.85
2421,43,0.9066747206282089,8,0.8,17,0.85
2422,43,0.8012684989429175,7,0.7,17,0.85
2423,43,0.7979462398067049,7,0.7,17,0.85
2424,43,0.9087888855330716,8,0.8,17,0.85
2425,43,0.8483841739655693,9,0.9,16,0.8
2426,43,0.8924796134098459,7,0.7,17,0.85
2427,43,0.8628813047417698,6,0.6,17,0.85
2428,43,0.9337058290546661,9,0.9,18,0.9
2429,43,0.8483841739655693,8,0.8,17,0.85
2430,43,0.8808517064331017,7,0.7,17,0.85
2431,43,0.9327997583811537,8,0.8,20,1.0
2432,43,0.8520084566596193,7,0.7,19,0.95
2433,43,0.8517064331017818,7,0.7,16,0.8
2434,43,0.8575958924796133,7,0.7,18,0.9
2435,43,0.9392932648746601,9,0.9,17,0.85
2436,43,0.8601630927212324,9,0.9,16,0.8
2437,43,0.8832678948958019,8,0.8,16,0.8
2438,43,0.8476291150709756,6,0.6,17,0.85
2439,43,0.9166414980368469,7,0.7,17,0.85
2440,43,0.9219269102990034,8,0.8,18,0.9
2441,43,0.877076411960133,6,0.6,17,0.85
2442,43,0.9303835699184536,10,1.0,19,0.95
2443,43,0.9016913319238901,7,0.7,18,0.9
2444,43,0.9148293566898219,8,0.8,17,0.85
2445,43,0.9074297795228028,8,0.8,17,0.85
2446,43,0.9019933554817275,9,0.9,18,0.9
2447,43,0.8591060102688008,6,0.6,18,0.9
2448,43,0.9021443672606464,7,0.7,17,0.85
2449,43,0.9534883720930232,8,0.8,20,1.0
2450,43,0.8604651162790696,7,0.7,18,0.9
2451,43,0.9071277559649653,7,0.7,17,0.85
2452,43,0.9154334038054968,8,0.8,18,0.9
2453,43,0.9187556629417095,7,0.7,19,0.95
2454,43,0.8918755662941711,6,0.6,18,0.9
2455,43,0.9220779220779222,6,0.6,18,0.9
2456,43,0.9214738749622471,7,0.7,18,0.9
2457,43,0.8566898218061009,8,0.8,17,0.85
2458,43,0.8458169737239506,7,0.7,17,0.85
2459,43,0.8391724554515252,7,0.7,18,0.9
2460,43,0.8319238900634249,9,0.9,16,0.8
2461,43,0.9349139232860163,8,0.8,17,0.85
2462,43,0.8701298701298701,7,0.7,16,0.8
2463,43,0.9272123225611597,7,0.7,18,0.9
2464,43,0.9294774992449412,7,0.7,17,0.85
2465,43,0.9192086982784656,7,0.7,19,0.95
2466,43,0.9231350045303534,7,0.7,17,0.85
2467,43,0.9207188160676532,7,0.7,17,0.85
2468,43,0.9214738749622471,7,0.7,17,0.85
2469,43,0.925249169435216,8,0.8,17,0.85
2470,43,0.8950468136514649,7,0.7,17,0.85
2471,43,0.9096949562065841,6,0.6,19,0.95
2472,43,0.891724554515252,7,0.7,17,0.85
2473,43,0.8675626698882513,6,0.6,18,0.9
2474,43,0.9027484143763213,8,0.8,17,0.85
2475,43,0.7417698580489278,6,0.6,17,0.85
2476,43,0.8979160374509211,5,0.5,17,0.85
2477,43,0.9371790999697978,8,0.8,19,0.95
2478,43,0.86650558743582,8,0.8,18,0.9
2479,43,0.8909694956206585,7,0.7,18,0.9
2480,43,0.8465720326185443,8,0.8,17,0.85
2481,43,0.8749622470552701,5,0.5,17,0.85
2482,43,0.9380851706433102,9,0.9,17,0.85
2483,43,0.9063726970703716,7,0.7,17,0.85
2484,43,0.8338870431893688,7,0.7,17,0.85
2485,43,0.8962549078828148,8,0.8,18,0.9
2486,43,0.8480821504077317,7,0.7,17,0.85
2487,43,0.9219269102990034,7,0.7,17,0.85
2488,43,0.8994261552401087,8,0.8,17,0.85
2489,43,0.881304741769858,7,0.7,18,0.9
2490,43,0.861522198731501,8,0.8,17,0.85
2491,43,0.8717909996979764,6,0.6,18,0.9
2492,43,0.9062216852914529,8,0.8,18,0.9
2493,43,0.8649954696466324,7,0.7,18,0.9
2494,43,0.9346118997281788,7,0.7,18,0.9
2495,43,0.8754152823920265,8,0.8,16,0.8
2496,43,0.8905164602839021,8,0.8,17,0.85
2497,43,0.9164904862579282,8,0.8,19,0.95
2498,43,0.9240410752038659,7,0.7,18,0.9
2499,43,0.8841739655693145,8,0.8,15,0.75
2500,43,0.8944427665357898,7,0.7,16,0.8
2501,43,0.885684083358502,7,0.7,18,0.9
2502,43,0.8471760797342193,8,0.8,16,0.8
2503,43,0.8979160374509211,8,0.8,17,0.85
2504,43,0.8660525520990636,8,0.8,16,0.8
2505,43,0.9028994261552401,6,0.6,19,0.95
2506,43,0.8985200845665962,8,0.8,19,0.95
2507,43,0.891724554515252,6,0.6,18,0.9
2508,43,0.8317728782845062,7,0.7,17,0.85
2509,43,0.8716399879190576,7,0.7,18,0.9
2510,43,0.9118091211114466,7,0.7,17,0.85
2511,43,0.9231350045303534,8,0.8,18,0.9
2512,43,0.8542736333434008,7,0.7,18,0.9
2513,43,0.883720930232558,7,0.7,17,0.85
2514,43,0.9081848384173965,7,0.7,18,0.9
2515,43,0.927061310782241,7,0.7,19,0.95
2516,43,0.8862881304741771,9,0.9,18,0.9
2517,43,0.8894593778314709,7,0.7,16,0.8
2518,43,0.8666565992147387,7,0.7,16,0.8
2519,43,0.9047115675022651,6,0.6,20,1.0
2520,43,0.9160374509211718,9,0.9,17,0.85
2521,43,0.893687707641196,8,0.8,19,0.95
2522,43,0.8945937783147085,8,0.8,18,0.9
2523,43,0.9071277559649653,7,0.7,18,0.9
2524,43,0.8571428571428571,8,0.8,18,0.9
2525,43,0.911658109332528,7,0.7,18,0.9
2526,43,0.8918755662941711,8,0.8,17,0.85
2527,43,0.9287224403503472,8,0.8,17,0.85
2528,43,0.8329809725158562,8,0.8,14,0.7
2529,43,0.9025974025974025,7,0.7,19,0.95
2530,43,0.9355179704016913,8,0.8,18,0.9
2531,43,0.8927816369676835,8,0.8,17,0.85
2532,43,0.8282996073693748,6,0.6,17,0.85
2533,43,0.9027484143763213,7,0.7,18,0.9
2534,43,0.8523104802174569,9,0.9,16,0.8
2535,43,0.9004832376925401,5,0.5,18,0.9
2536,43,0.8458169737239506,8,0.8,18,0.9
2537,43,0.8473270915131381,7,0.7,18,0.9
2538,43,0.8636363636363636,8,0.8,17,0.85
2539,43,0.8227121715493807,8,0.8,16,0.8
2540,43,0.9127151917849592,8,0.8,17,0.85
2541,43,0.8802476593174268,7,0.7,19,0.95
2542,43,0.9281183932346722,6,0.6,20,1.0
2543,43,0.8511023859861069,8,0.8,18,0.9
2544,43,0.8610691633947448,7,0.7,16,0.8
2545,43,0.9350649350649349,8,0.8,16,0.8
2546,43,0.8961038961038961,8,0.8,17,0.85
2547,43,0.8971609785563273,7,0.7,19,0.95
2548,43,0.8369072787677437,8,0.8,17,0.85
2549,43,0.8237692540018122,5,0.5,16,0.8
2550,43,0.8372093023255813,5,0.5,17,0.85
2551,43,0.8649954696466324,8,0.8,17,0.85
2552,43,0.8791905768649955,7,0.7,18,0.9
2553,43,0.8797946239806704,8,0.8,16,0.8
2554,43,0.9044095439444275,7,0.7,18,0.9
2555,43,0.8687707641196014,8,0.8,17,0.85
2556,43,0.9223799456357596,7,0.7,18,0.9
2557,43,0.8879492600422834,7,0.7,17,0.85
2558,43,0.879492600422833,9,0.9,17,0.85
2559,43,0.8862881304741771,7,0.7,18,0.9
2560,43,0.9152823920265781,7,0.7,19,0.95
2561,43,0.8785865297493205,7,0.7,16,0.8
2562,43,0.911658109332528,7,0.7,18,0.9
2563,43,0.9028994261552401,9,0.9,17,0.85
2564,43,0.8646934460887948,5,0.5,18,0.9
2565,43,0.8973119903352461,7,0.7,17,0.85
2566,43,0.9376321353065539,9,0.9,17,0.85
2567,43,0.8879492600422834,9,0.9,17,0.85
2568,43,0.9294774992449412,9,0.9,18,0.9
2569,43,0.9287224403503472,8,0.8,18,0.9
2570,43,0.945031712473573,8,0.8,19,0.95
2571,43,0.9096949562065841,7,0.7,19,0.95
2572,43,0.8578979160374509,8,0.8,13,0.65
2573,43,0.9167925098157657,8,0.8,17,0.85
2574,43,0.8317728782845062,8,0.8,16,0.8
2575,43,0.8942917547568711,7,0.7,18,0.9
2576,43,0.8619752340682574,8,0.8,17,0.85
2577,43,0.8909694956206585,8,0.8,18,0.9
2578,43,0.93566898218061,7,0.7,18,0.9
2579,43,0.8959528843249773,8,0.8,18,0.9
2580,43,0.9000302023557838,7,0.7,18,0.9
2581,43,0.8959528843249773,8,0.8,18,0.9
2582,43,0.9118091211114466,7,0.7,18,0.9
2583,43,0.9327997583811537,8,0.8,19,0.95
2584,43,0.8994261552401087,7,0.7,17,0.85
2585,43,0.8781334944125642,8,0.8,16,0.8
2586,43,0.830564784053156,7,0.7,16,0.8
2587,43,0.9164904862579282,8,0.8,17,0.85
2588,43,0.8655995167623075,8,0.8,18,0.9
2589,43,0.9015403201449713,8,0.8,18,0.9
2590,43,0.8662035638779824,7,0.7,18,0.9
2591,43,0.8508003624282694,6,0.6,17,0.85
2592,43,0.7832980972515856,8,0.8,15,0.75
2593,43,0.9041075203865901,8,0.8,18,0.9
2594,43,0.9235880398671097,9,0.9,19,0.95
2595,43,0.8876472364844458,7,0.7,16,0.8
2596,43,0.9078828148595591,7,0.7,18,0.9
2597,43,0.712020537601933,6,0.6,15,0.75
2598,43,0.9435215946843855,8,0.8,19,0.95
2599,43,0.9001812141347025,8,0.8,18,0.9
2600,43,0.8911205073995773,8,0.8,17,0.85
2601,43,0.9152823920265781,7,0.7,18,0.9
2602,43,0.7754454847478103,7,0.7,15,0.75
2603,43,0.8740561763817577,8,0.8,17,0.85
2604,43,0.8879492600422834,8,0.8,17,0.85
2605,43,0.9121111446692841,7,0.7,19,0.95
2606,43,0.8483841739655693,8,0.8,16,0.8
2607,43,0.9013893083660526,6,0.6,17,0.85
2608,43,0.8791905768649955,8,0.8,17,0.85
2609,43,0.8939897311990335,7,0.7,17,0.85
2610,43,0.8986710963455148,7,0.7,19,0.95
2611,43,0.8884022953790395,9,0.9,17,0.85
2612,43,0.9321957112654787,7,0.7,19,0.95
2613,43,0.8850800362428269,7,0.7,18,0.9
2614,43,0.8447598912715191,7,0.7,15,0.75
2615,43,0.8918755662941711,7,0.7,18,0.9
2616,43,0.8562367864693446,7,0.7,17,0.85
2617,43,0.8349441256418001,8,0.8,16,0.8
2618,43,0.9204167925098158,8,0.8,19,0.95
2619,43,0.8625792811839325,7,0.7,17,0.85
2620,43,0.8716399879190576,8,0.8,17,0.85
2621,43,0.9379341588643915,8,0.8,18,0.9
2622,43,0.8897614013893083,6,0.6,17,0.85
2623,43,0.9214738749622471,8,0.8,18,0.9
2624,43,0.9066747206282089,7,0.7,19,0.95
2625,43,0.8788885533071579,5,0.5,18,0.9
2626,43,0.7553609181516158,8,0.8,17,0.85
2627,43,0.8973119903352461,6,0.6,17,0.85
2628,43,0.8400785261250378,7,0.7,16,0.8
2629,43,0.8453639383871941,7,0.7,16,0.8
2630,43,0.9113560857746904,7,0.7,19,0.95
2631,43,0.8551797040169132,6,0.6,18,0.9
2632,43,0.8565388100271821,7,0.7,18,0.9
2633,43,0.8282996073693748,7,0.7,17,0.85
2634,43,0.9297795228027786,7,0.7,17,0.85
2635,43,0.9048625792811839,7,0.7,18,0.9
2636,43,0.9173965569314406,9,0.9,19,0.95
2637,43,0.9320446994865599,8,0.8,18,0.9
2638,43,0.932648746602235,7,0.7,18,0.9
2639,43,0.917245545152522,7,0.7,18,0.9
2640,43,0.8914225309574147,8,0.8,17,0.85
2641,43,0.8737541528239202,8,0.8,16,0.8
2642,43,0.9189066747206283,6,0.6,17,0.85
2643,43,0.9420114768951978,8,0.8,18,0.9
2644,43,0.9004832376925401,8,0.8,16,0.8
2645,43,0.8391724554515252,7,0.7,18,0.9
2646,43,0.8594080338266384,6,0.6,17,0.85
2647,43,0.8939897311990335,7,0.7,16,0.8
2648,43,0.8403805496828753,7,0.7,17,0.85
2649,43,0.8544246451223195,7,0.7,17,0.85
2650,43,0.8961038961038961,8,0.8,19,0.95
2651,43,0.9272123225611597,8,0.8,19,0.95
2652,43,0.883871942011477,8,0.8,18,0.9
2653,43,0.9025974025974025,8,0.8,17,0.85
2654,43,0.9226819691935972,9,0.9,17,0.85
2655,43,0.8320749018423437,9,0.9,18,0.9
2656,43,0.8843249773482332,8,0.8,16,0.8
2657,43,0.9119601328903654,7,0.7,18,0.9
2658,43,0.8464210208396254,9,0.9,16,0.8
2659,43,0.8802476593174268,7,0.7,19,0.95
2660,43,0.925249169435216,6,0.6,18,0.9
2661,43,0.8278465720326185,8,0.8,16,0.8
2662,43,0.8832678948958019,6,0.6,19,0.95
2663,43,0.8356991845363938,6,0.6,15,0.75
2664,43,0.9216248867411658,7,0.7,18,0.9
2665,43,0.8240712775596497,7,0.7,16,0.8
2666,43,0.8711869525823015,6,0.6,17,0.85
2667,43,0.8814557535487768,8,0.8,15,0.75
2668,43,0.9284204167925099,8,0.8,18,0.9
2669,43,0.8230141951072184,8,0.8,17,0.85
2670,43,0.8877982482633646,8,0.8,16,0.8
2671,43,0.8921775898520085,8,0.8,17,0.85
2672,43,0.8394744790093628,8,0.8,15,0.75
2673,43,0.89927514346119,8,0.8,16,0.8
2674,43,0.9133192389006344,5,0.5,19,0.95
2675,43,0.8903654485049833,8,0.8,18,0.9
2676,43,0.8841739655693145,7,0.7,18,0.9
2677,43,0.8962549078828148,7,0.7,18,0.9
2678,43,0.8926306251887648,7,0.7,17,0.85
2679,43,0.9181516158260344,8,0.8,18,0.9
2680,43,0.9477499244941106,8,0.8,18,0.9
2681,43,0.8766233766233766,8,0.8,16,0.8
2682,43,0.8769254001812142,7,0.7,16,0.8
2683,43,0.886892177589852,8,0.8,17,0.85
2684,43,0.9151313802476594,9,0.9,18,0.9
2685,43,0.8979160374509211,7,0.7,17,0.85
2686,43,0.8284506191482935,7,0.7,15,0.75
2687,43,0.8915735427363335,6,0.6,19,0.95
2688,43,0.8905164602839021,8,0.8,16,0.8
2689,43,0.9050135910601026,8,0.8,18,0.9
2690,43,0.9003322259136213,8,0.8,16,0.8
2691,43,0.9586227725762609,7,0.7,20,1.0
2692,43,0.8530655391120509,6,0.6,17,0.85
2693,43,0.9021443672606464,8,0.8,17,0.85
2694,43,0.949864089398973,8,0.8,18,0.9
2695,43,0.8939897311990335,7,0.7,19,0.95
2696,43,0.8767743884022955,7,0.7,17,0.85
2697,43,0.8988221081244335,9,0.9,17,0.85
2698,43,0.9374811235276351,8,0.8,20,1.0
2699,43,0.9306855934762912,9,0.9,18,0.9
2700,43,0.8831168831168832,6,0.6,16,0.8
2701,43,0.9183026276049532,7,0.7,18,0.9
2702,43,0.9195107218363032,7,0.7,18,0.9
2703,43,0.9263062518876471,8,0.8,18,0.9
2704,43,0.8677136816671699,8,0.8,16,0.8
2705,43,0.8619752340682574,8,0.8,16,0.8
2706,43,0.8532165508909696,7,0.7,17,0.85
2707,43,0.9081848384173965,8,0.8,17,0.85
2708,43,0.9260042283298098,9,0.9,19,0.95
2709,43,0.9272123225611597,7,0.7,16,0.8
2710,43,0.8521594684385383,7,0.7,18,0.9
2711,43,0.875717305949864,6,0.6,17,0.85
2712,43,0.7712171549380852,6,0.6,15,0.75
2713,43,0.9122621564482029,8,0.8,17,0.85
2714,43,0.8536695862277256,7,0.7,17,0.85
2715,43,0.9030504379341588,6,0.6,19,0.95
2716,43,0.9383871942011477,6,0.6,20,1.0
2717,43,0.8979160374509211,8,0.8,17,0.85
2718,43,0.8588039867109634,6,0.6,17,0.85
2719,43,0.9084868619752341,8,0.8,18,0.9
2720,43,0.9263062518876471,7,0.7,19,0.95
2721,43,0.8850800362428269,8,0.8,17,0.85
2722,43,0.9198127453941407,8,0.8,18,0.9
2723,43,0.899879190576865,7,0.7,17,0.85
2724,43,0.8569918453639385,7,0.7,16,0.8
2725,43,0.8600120809423134,7,0.7,16,0.8
2726,43,0.9327997583811537,9,0.9,19,0.95
2727,43,0.8512533977650255,9,0.9,18,0.9
2728,43,0.8862881304741771,7,0.7,17,0.85
2729,43,0.9039565086076714,8,0.8,19,0.95
2730,43,0.8736031410450015,8,0.8,17,0.85
2731,43,0.8461189972817881,6,0.6,17,0.85
2732,43,0.9131682271217156,7,0.7,17,0.85
2733,43,0.9208698278465719,8,0.8,18,0.9
2734,43,0.8769254001812142,8,0.8,15,0.75
2735,43,0.8935366958622774,6,0.6,18,0.9
2736,43,0.83856840833585,6,0.6,16,0.8
2737,43,0.9474479009362731,9,0.9,18,0.9
2738,43,0.9065237088492902,7,0.7,17,0.85
2739,43,0.8728480821504078,7,0.7,17,0.85
2740,43,0.9264572636665659,8,0.8,18,0.9
2741,43,0.879492600422833,7,0.7,16,0.8
2742,43,0.8844759891271519,8,0.8,18,0.9
2743,43,0.889308366052552,7,0.7,17,0.85
2744,43,0.9257022047719722,7,0.7,17,0.85
2745,43,0.911507097553609,8,0.8,18,0.9
2746,43,0.9192086982784656,8,0.8,17,0.85
2747,43,0.8356991845363938,7,0.7,17,0.85
2748,43,0.9130172153427967,7,0.7,18,0.9
2749,43,0.8710359408033826,8,0.8,18,0.9
2750,43,0.8572938689217758,7,0.7,17,0.85
2751,43,0.9164904862579282,7,0.7,18,0.9
2752,43,0.8894593778314709,9,0.9,18,0.9
2753,43,0.8326789489580187,8,0.8,13,0.65
2754,43,0.9261552401087285,7,0.7,17,0.85
2755,43,0.9054666263968589,8,0.8,19,0.95
2756,43,0.8630323165206886,7,0.7,17,0.85
2757,43,0.8456659619450315,7,0.7,16,0.8
2758,43,0.8950468136514649,7,0.7,17,0.85
2759,43,0.8701298701298701,8,0.8,16,0.8
2760,43,0.8840229537903957,8,0.8,18,0.9
2761,43,0.9083358501963152,7,0.7,18,0.9
2762,43,0.8310178193899125,6,0.6,17,0.85
2763,43,0.8877982482633646,7,0.7,18,0.9
2764,43,0.9062216852914529,7,0.7,19,0.95
2765,43,0.9086378737541528,6,0.6,17,0.85
2766,43,0.854122621564482,7,0.7,17,0.85
2767,43,0.7453941407429779,6,0.6,17,0.85
2768,43,0.7950770160072484,7,0.7,15,0.75
2769,43,0.8526125037752944,9,0.9,18,0.9
2770,43,0.9176985804892781,8,0.8,19,0.95
2771,43,0.8964059196617336,7,0.7,18,0.9
2772,43,0.879492600422833,7,0.7,18,0.9
2773,43,0.8729990939293265,6,0.6,17,0.85
2774,43,0.883871942011477,9,0.9,17,0.85
2775,43,0.9018423437028088,8,0.8,17,0.85
2776,43,0.8415886439142253,7,0.7,16,0.8
2777,43,0.8147085472666866,6,0.6,16,0.8
2778,43,0.9016913319238901,7,0.7,16,0.8
2779,43,0.8973119903352461,7,0.7,17,0.85
2780,43,0.8829658713379642,7,0.7,19,0.95
2781,43,0.9145273331319843,8,0.8,17,0.85
2782,43,0.8156146179401994,6,0.6,15,0.75
2783,43,0.9231350045303534,7,0.7,18,0.9
2784,43,0.8713379643612202,7,0.7,17,0.85
2785,43,0.8862881304741771,7,0.7,17,0.85
2786,43,0.8606161280579884,5,0.5,18,0.9
2787,43,0.8047417698580489,6,0.6,16,0.8
2788,43,0.9234370280881908,8,0.8,18,0.9
2789,43,0.9051646028390213,7,0.7,19,0.95
2790,43,0.922832980972516,8,0.8,18,0.9
2791,43,0.9083358501963152,7,0.7,20,1.0
2792,43,0.8942917547568711,7,0.7,17,0.85
2793,43,0.8713379643612202,7,0.7,18,0.9
2794,43,0.8962549078828148,7,0.7,19,0.95
2795,43,0.9220779220779222,6,0.6,19,0.95
2796,43,0.9267592872244035,8,0.8,18,0.9
2797,43,0.9335548172757474,8,0.8,18,0.9
2798,43,0.8462700090607067,8,0.8,18,0.9
2799,43,0.8548776804590759,10,1.0,17,0.85
2800,43,0.8591060102688008,8,0.8,16,0.8
2801,43,0.9095439444276654,8,0.8,18,0.9
2802,43,0.9166414980368469,7,0.7,18,0.9
2803,43,0.925249169435216,7,0.7,18,0.9
2804,43,0.883720930232558,7,0.7,17,0.85
2805,43,0.8974630021141649,8,0.8,17,0.85
2806,43,0.9216248867411658,8,0.8,16,0.8
2807,43,0.9157354273633344,10,1.0,18,0.9
2808,43,0.879492600422833,8,0.8,17,0.85
2809,43,0.9009362730292962,7,0.7,18,0.9
2810,43,0.812745394140743,7,0.7,15,0.75
2811,43,0.9024463908184839,7,0.7,18,0.9
2812,43,0.9365750528541227,7,0.7,18,0.9
2813,43,0.9149803684687406,7,0.7,18,0.9
2814,43,0.8568408335850195,8,0.8,17,0.85
2815,43,0.8589549984898821,7,0.7,17,0.85
2816,43,0.8891573542736333,8,0.8,18,0.9
2817,43,0.888100271821202,7,0.7,16,0.8
2818,43,0.9099969797644217,7,0.7,18,0.9
2819,43,0.9003322259136213,8,0.8,18,0.9
2820,43,0.8826638477801267,8,0.8,15,0.75
2821,43,0.9164904862579282,7,0.7,19,0.95
2822,43,0.8618242222893386,8,0.8,18,0.9
2823,43,0.8517064331017818,7,0.7,17,0.85
2824,43,0.8686197523406824,5,0.5,17,0.85
2825,43,0.8408335850196315,7,0.7,17,0.85
2826,43,0.8227121715493807,6,0.6,17,0.85
2827,43,0.9021443672606464,7,0.7,18,0.9
2828,43,0.8731501057082452,6,0.6,17,0.85
2829,43,0.8468740561763818,6,0.6,18,0.9
2830,43,0.8607671398369071,8,0.8,18,0.9
2831,43,0.9013893083660526,9,0.9,18,0.9
2832,43,0.8864391422530957,8,0.8,17,0.85
2833,43,0.9278163696768348,7,0.7,18,0.9
2834,43,0.8388704318936878,7,0.7,17,0.85
2835,43,0.8858350951374208,8,0.8,19,0.95
2836,43,0.8982180610087588,8,0.8,18,0.9
2837,43,0.8249773482331622,5,0.5,17,0.85
2838,43,0.8045907580791302,7,0.7,16,0.8
2839,43,0.7435819993959529,6,0.6,16,0.8
2840,43,0.9066747206282089,8,0.8,16,0.8
2841,43,0.89927514346119,8,0.8,17,0.85
2842,43,0.8790395650860766,7,0.7,17,0.85
2843,43,0.8988221081244335,7,0.7,19,0.95
2844,43,0.9279673814557534,8,0.8,18,0.9
2845,43,0.8754152823920265,8,0.8,17,0.85
2846,43,0.8581999395952884,7,0.7,18,0.9
2847,43,0.9063726970703716,8,0.8,17,0.85
2848,43,0.8850800362428269,7,0.7,18,0.9
2849,43,0.83856840833585,6,0.6,16,0.8
2850,43,0.911507097553609,5,0.5,18,0.9
2851,43,0.8846270009060708,7,0.7,17,0.85
2852,43,0.9013893083660526,8,0.8,18,0.9
2853,43,0.93083660525521,7,0.7,18,0.9
2854,43,0.9160374509211718,7,0.7,18,0.9
2855,43,0.8572938689217758,8,0.8,18,0.9
2856,43,0.899879190576865,7,0.7,17,0.85
2857,43,0.8678646934460886,6,0.6,18,0.9
2858,43,0.9418604651162791,7,0.7,19,0.95
2859,43,0.8897614013893083,6,0.6,18,0.9
2860,43,0.8763213530655392,7,0.7,17,0.85
2861,43,0.885684083358502,7,0.7,18,0.9
2862,43,0.8511023859861069,8,0.8,16,0.8
2863,43,0.8415886439142253,8,0.8,16,0.8
2864,43,0.86650558743582,8,0.8,18,0.9
2865,43,0.7724252491694352,6,0.6,17,0.85
2866,43,0.919661733615222,9,0.9,18,0.9
2867,43,0.8430987617034128,7,0.7,15,0.75
2868,43,0.8994261552401087,7,0.7,16,0.8
2869,43,0.8905164602839021,6,0.6,18,0.9
2870,43,0.9092419208698279,6,0.6,19,0.95
2871,43,0.9081848384173965,9,0.9,16,0.8
2872,43,0.9273633343400784,7,0.7,19,0.95
2873,43,0.8950468136514649,10,1.0,17,0.85
2874,43,0.8091211114466929,8,0.8,15,0.75
2875,43,0.8900634249471457,8,0.8,17,0.85
2876,43,0.881908788885533,8,0.8,18,0.9
2877,43,0.888100271821202,9,0.9,17,0.85
2878,43,0.880096647538508,8,0.8,15,0.75
2879,43,0.8871942011476895,9,0.9,16,0.8
2880,43,0.8835699184536393,8,0.8,17,0.85
2881,43,0.9009362730292962,7,0.7,17,0.85
2882,43,0.9087888855330716,8,0.8,18,0.9
2883,43,0.8415886439142253,6,0.6,16,0.8
2884,43,0.9364240410752039,7,0.7,18,0.9
2885,43,0.9074297795228028,7,0.7,18,0.9
2886,43,0.9355179704016913,9,0.9,18,0.9
2887,43,0.874509211718514,8,0.8,18,0.9
2888,43,0.8456659619450315,8,0.8,16,0.8
2889,43,0.7802778616732106,7,0.7,16,0.8
2890,43,0.9084868619752341,7,0.7,18,0.9
2891,43,0.9054666263968589,8,0.8,19,0.95
2892,43,0.9293264874660224,7,0.7,18,0.9
2893,43,0.9084868619752341,7,0.7,17,0.85
2894,43,0.8962549078828148,8,0.8,18,0.9
2895,43,0.888100271821202,7,0.7,19,0.95
2896,43,0.9027484143763213,9,0.9,17,0.85
2897,43,0.8959528843249773,6,0.6,17,0.85
2898,43,0.9134702506795531,7,0.7,17,0.85
2899,43,0.8790395650860766,7,0.7,17,0.85
2900,43,0.9355179704016913,7,0.7,17,0.85
2901,43,0.8378133494412565,7,0.7,16,0.8
2902,43,0.9045605557233464,8,0.8,17,0.85
2903,43,0.9022953790395651,8,0.8,19,0.95
2904,43,0.917245545152522,7,0.7,18,0.9
2905,43,0.9075807913017215,8,0.8,18,0.9
2906,43,0.8743581999395953,7,0.7,17,0.85
2907,43,0.8879492600422834,6,0.6,17,0.85
2908,43,0.8006644518272424,9,0.9,16,0.8
2909,43,0.8560857746904259,6,0.6,18,0.9
2910,43,0.880096647538508,9,0.9,17,0.85
2911,43,0.8243733011174873,6,0.6,16,0.8
2912,43,0.9157354273633344,6,0.6,18,0.9
2913,43,0.8701298701298701,8,0.8,17,0.85
2914,43,0.9065237088492902,8,0.8,17,0.85
2915,43,0.893083660525521,7,0.7,17,0.85
2916,43,0.8953488372093023,7,0.7,19,0.95
2917,43,0.8162186650558744,7,0.7,18,0.9
2918,43,0.9083358501963152,8,0.8,17,0.85
2919,43,0.8415886439142253,8,0.8,18,0.9
2920,43,0.917245545152522,7,0.7,19,0.95
2921,43,0.9068257324071278,8,0.8,18,0.9
2922,43,0.8796436122017517,7,0.7,18,0.9
2923,43,0.855934762911507,5,0.5,17,0.85
2924,43,0.8353971609785562,7,0.7,18,0.9
2925,43,0.93325279371791,7,0.7,18,0.9
2926,43,0.8816067653276956,7,0.7,16,0.8
2927,43,0.8763213530655392,6,0.6,19,0.95
2928,43,0.8379643612201753,8,0.8,16,0.8
2929,43,0.9004832376925401,8,0.8,17,0.85
2930,43,0.8751132588341892,7,0.7,17,0.85
2931,43,0.7543038356991845,6,0.6,16,0.8
2932,43,0.8530655391120509,8,0.8,15,0.75
2933,43,0.8742071881606764,7,0.7,18,0.9
2934,43,0.9234370280881908,8,0.8,17,0.85
2935,43,0.9173965569314406,8,0.8,18,0.9
2936,43,0.9142253095741468,8,0.8,17,0.85
2937,43,0.8575958924796133,7,0.7,19,0.95
2938,43,0.8723950468136514,6,0.6,16,0.8
2939,43,0.9083358501963152,8,0.8,18,0.9
2940,43,0.8316218665055876,8,0.8,16,0.8
2941,43,0.8983690727876775,7,0.7,18,0.9
2942,43,0.79975838115373,6,0.6,16,0.8
2943,43,0.9154334038054968,6,0.6,18,0.9
2944,43,0.9445786771368166,7,0.7,18,0.9
2945,43,0.9112050739957717,8,0.8,18,0.9
2946,43,0.89927514346119,10,1.0,17,0.85
2947,43,0.8418906674720629,8,0.8,16,0.8
2948,43,0.9036544850498339,7,0.7,17,0.85
2949,43,0.8074599818785864,7,0.7,17,0.85
2950,43,0.8707339172455452,7,0.7,18,0.9
2951,43,0.8817577771066143,9,0.9,18,0.9
2952,43,0.9078828148595591,7,0.7,18,0.9
2953,43,0.8973119903352461,7,0.7,18,0.9
2954,43,0.9032014497130776,8,0.8,19,0.95
2955,43,0.9007852612503776,6,0.6,17,0.85
2956,43,0.8803986710963455,7,0.7,18,0.9
2957,43,0.9027484143763213,7,0.7,17,0.85
2958,43,0.8619752340682574,7,0.7,18,0.9
2959,43,0.9285714285714285,9,0.9,18,0.9
2960,43,0.8488372093023255,5,0.5,16,0.8
2961,43,0.9093929326487467,8,0.8,17,0.85
2962,43,0.8887043189368771,7,0.7,17,0.85
2963,43,0.8885533071579582,8,0.8,17,0.85
2964,43,0.927665357897916,7,0.7,18,0.9
2965,43,0.7983992751434612,6,0.6,15,0.75
2966,43,0.8847780126849895,9,0.9,18,0.9
2967,43,0.8968589549984899,7,0.7,18,0.9
2968,43,0.9042585321655088,7,0.7,18,0.9
2969,43,0.9210208396254906,7,0.7,18,0.9
2970,43,0.8911205073995773,5,0.5,18,0.9
2971,43,0.8604651162790696,7,0.7,16,0.8
2972,43,0.8681667170039264,6,0.6,16,0.8
2973,43,0.9121111446692841,8,0.8,19,0.95
2974,43,0.8784355179704018,7,0.7,18,0.9
2975,43,0.8811537299909392,7,0.7,18,0.9
2976,43,0.9195107218363032,9,0.9,17,0.85
2977,43,0.8914225309574147,8,0.8,18,0.9
2978,43,0.8349441256418001,7,0.7,16,0.8
2979,43,0.8604651162790696,7,0.7,16,0.8
2980,43,0.8832678948958019,7,0.7,17,0.85
2981,43,0.8828148595590455,8,0.8,17,0.85
2982,43,0.8796436122017517,7,0.7,18,0.9
2983,43,0.8523104802174569,7,0.7,14,0.7
2984,43,0.830564784053156,7,0.7,16,0.8
2985,43,0.8885533071579582,8,0.8,18,0.9
2986,43,0.8939897311990335,8,0.8,18,0.9
2987,43,0.893687707641196,8,0.8,17,0.85
2988,43,0.8766233766233766,8,0.8,16,0.8
2989,43,0.8796436122017517,7,0.7,16,0.8
2990,43,0.9001812141347025,7,0.7,18,0.9
2991,43,0.9069767441860466,8,0.8,17,0.85
2992,43,0.8139534883720929,8,0.8,17,0.85
2993,43,0.9161884627000906,8,0.8,18,0.9
2994,43,0.8683177287828451,7,0.7,17,0.85
2995,43,0.9181516158260344,9,0.9,18,0.9
2996,43,0.8988221081244335,9,0.9,17,0.85
2997,43,0.8772274237390516,8,0.8,16,0.8
2998,43,0.9317426759287224,7,0.7,18,0.9
2999,43,0.9101479915433404,8,0.8,18,0.9
3000,43,0.9148293566898219,6,0.6,17,0.85
3001,43,0.9039565086076714,8,0.8,18,0.9
3002,43,0.8255813953488372,6,0.6,17,0.85
3003,43,0.9084868619752341,5,0.5,17,0.85
3004,43,0.9003322259136213,10,1.0,18,0.9
3005,43,0.8787375415282392,6,0.6,18,0.9
3006,43,0.885684083358502,6,0.6,18,0.9
3007,43,0.9104500151011778,6,0.6,19,0.95
3008,43,0.8926306251887648,7,0.7,17,0.85
3009,43,0.8755662941709452,7,0.7,16,0.8
3010,43,0.8366052552099064,7,0.7,17,0.85
3011,43,0.9081848384173965,7,0.7,18,0.9
3012,43,0.8495922681969192,6,0.6,18,0.9
3013,43,0.8489882210812444,7,0.7,17,0.85
3014,43,0.8763213530655392,7,0.7,17,0.85
3015,43,0.9137722742373904,7,0.7,19,0.95
3016,43,0.8698278465720327,6,0.6,17,0.85
3017,43,0.8089700996677741,6,0.6,17,0.85
3018,43,0.9044095439444275,8,0.8,18,0.9
3019,43,0.8713379643612202,5,0.5,19,0.95
3020,43,0.8772274237390516,7,0.7,18,0.9
3021,43,0.9489580187254606,8,0.8,19,0.95
3022,43,0.855934762911507,8,0.8,18,0.9
3023,43,0.9246451223195409,8,0.8,18,0.9
3024,43,0.9426155240108728,8,0.8,19,0.95
3025,43,0.880096647538508,6,0.6,18,0.9
3026,43,0.8613711869525823,8,0.8,17,0.85
3027,43,0.9151313802476594,7,0.7,19,0.95
3028,43,0.9273633343400784,9,0.9,19,0.95
3029,43,0.875717305949864,8,0.8,17,0.85
3030,43,0.887496224705527,7,0.7,18,0.9
3031,43,0.8630323165206886,8,0.8,18,0.9
3032,43,0.8684687405617638,7,0.7,19,0.95
3033,43,0.895499848988221,7,0.7,16,0.8
3034,43,0.9152823920265781,8,0.8,18,0.9
3035,43,0.8986710963455148,8,0.8,17,0.85
3036,43,0.8803986710963455,6,0.6,19,0.95
3037,43,0.9290244639081849,9,0.9,19,0.95
3038,43,0.927061310782241,8,0.8,19,0.95
3039,43,0.8723950468136514,7,0.7,16,0.8
3040,43,0.8772274237390516,7,0.7,18,0.9
3041,43,0.893083660525521,7,0.7,18,0.9
3042,43,0.9279673814557534,8,0.8,18,0.9
3043,43,0.9275143461189973,7,0.7,18,0.9
3044,43,0.9211718514044096,9,0.9,18,0.9
3045,43,0.9284204167925099,8,0.8,16,0.8
3046,43,0.9417094533373603,7,0.7,18,0.9
3047,43,0.9036544850498339,9,0.9,17,0.85
3048,43,0.8634853518574449,7,0.7,17,0.85
3049,43,0.8746602234974328,7,0.7,17,0.85
3050,43,0.8986710963455148,7,0.7,17,0.85
3051,43,0.9140742977952281,8,0.8,17,0.85
3052,43,0.8749622470552701,6,0.6,18,0.9
3053,43,0.9145273331319843,8,0.8,16,0.8
3054,43,0.8985200845665962,6,0.6,17,0.85
3055,43,0.8976140138930836,7,0.7,18,0.9
3056,43,0.9036544850498339,9,0.9,17,0.85
3057,43,0.9140742977952281,8,0.8,18,0.9
3058,43,0.9243430987617035,7,0.7,19,0.95
3059,43,0.9122621564482029,8,0.8,19,0.95
3060,43,0.8846270009060708,8,0.8,17,0.85
3061,43,0.9192086982784656,7,0.7,18,0.9
3062,43,0.9086378737541528,7,0.7,18,0.9
3063,43,0.9104500151011778,8,0.8,18,0.9
3064,43,0.9024463908184839,7,0.7,18,0.9
3065,43,0.9109030504379342,7,0.7,17,0.85
3066,43,0.8793415886439142,7,0.7,15,0.75
3067,43,0.8568408335850195,7,0.7,18,0.9
3068,43,0.8858350951374208,5,0.5,19,0.95
3069,43,0.8538205980066446,8,0.8,16,0.8
3070,43,0.945031712473573,8,0.8,19,0.95
3071,43,0.8322259136212624,6,0.6,17,0.85
3072,43,0.9311386288130474,9,0.9,18,0.9
3073,43,0.9086378737541528,8,0.8,19,0.95
3074,43,0.9042585321655088,8,0.8,18,0.9
3075,43,0.9205678042887345,7,0.7,18,0.9
3076,43,0.8254303835699185,6,0.6,18,0.9
3077,43,0.8891573542736333,7,0.7,18,0.9
3078,43,0.8855330715795833,7,0.7,18,0.9
3079,43,0.8643914225309574,7,0.7,19,0.95
3080,43,0.8864391422530957,6,0.6,18,0.9
3081,43,0.8796436122017517,7,0.7,16,0.8
3082,43,0.8628813047417698,6,0.6,17,0.85
3083,43,0.8578979160374509,7,0.7,17,0.85
3084,43,0.9266082754454846,7,0.7,18,0.9
3085,43,0.8921775898520085,7,0.7,17,0.85
3086,43,0.8702808819087888,9,0.9,16,0.8
3087,43,0.7798248263364542,6,0.6,16,0.8
3088,43,0.8914225309574147,7,0.7,18,0.9
3089,43,0.8938387194201147,9,0.9,17,0.85
3090,43,0.9237390516460284,8,0.8,17,0.85
3091,43,0.9365750528541227,8,0.8,18,0.9
3092,43,0.9260042283298098,9,0.9,18,0.9
3093,43,0.8959528843249773,8,0.8,17,0.85
3094,43,0.8699788583509513,8,0.8,16,0.8
3095,43,0.8793415886439142,8,0.8,17,0.85
3096,43,0.8511023859861069,6,0.6,17,0.85
3097,43,0.8625792811839325,7,0.7,16,0.8
3098,43,0.9109030504379342,8,0.8,16,0.8
3099,43,0.8378133494412565,7,0.7,17,0.85
3100,43,0.8859861069163395,8,0.8,17,0.85
3101,43,0.9089398973119903,8,0.8,16,0.8
3102,43,0.8911205073995773,7,0.7,19,0.95
3103,43,0.8816067653276956,6,0.6,17,0.85
3104,43,0.891724554515252,8,0.8,17,0.85
3105,43,0.9207188160676532,8,0.8,19,0.95
3106,43,0.8926306251887648,8,0.8,17,0.85
3107,43,0.8480821504077317,7,0.7,16,0.8
3108,43,0.9323467230443975,8,0.8,18,0.9
3109,43,0.9163394744790094,9,0.9,18,0.9
3110,43,0.9013893083660526,8,0.8,16,0.8
3111,43,0.9163394744790094,7,0.7,19,0.95
3112,43,0.8754152823920265,8,0.8,17,0.85
3113,43,0.8982180610087588,6,0.6,18,0.9
3114,43,0.8850800362428269,7,0.7,18,0.9
3115,43,0.8944427665357898,7,0.7,17,0.85
3116,43,0.8480821504077317,8,0.8,14,0.7
3117,43,0.9013893083660526,7,0.7,16,0.8
3118,43,0.9119601328903654,8,0.8,17,0.85
3119,43,0.8725460585925702,7,0.7,18,0.9
3120,43,0.9167925098157657,7,0.7,19,0.95
3121,43,0.8982180610087588,7,0.7,17,0.85
3122,43,0.8578979160374509,7,0.7,17,0.85
3123,43,0.8668076109936574,7,0.7,17,0.85
3124,43,0.8680157052250077,8,0.8,14,0.7
3125,43,0.8983690727876775,9,0.9,18,0.9
3126,43,0.9024463908184839,7,0.7,16,0.8
3127,43,0.9102990033222591,8,0.8,18,0.9
3128,43,0.93083660525521,8,0.8,19,0.95
3129,43,0.9009362730292962,8,0.8,17,0.85
3130,43,0.8184838417396557,6,0.6,18,0.9
3131,43,0.901087284808215,8,0.8,18,0.9
3132,43,0.9365750528541227,8,0.8,19,0.95
3133,43,0.8654485049833887,8,0.8,18,0.9
3134,43,0.8788885533071579,8,0.8,18,0.9
3135,43,0.9042585321655088,8,0.8,18,0.9
3136,43,0.9166414980368469,8,0.8,18,0.9
3137,43,0.8678646934460886,9,0.9,17,0.85
3138,43,0.9238900634249472,8,0.8,18,0.9
3139,43,0.9104500151011778,7,0.7,17,0.85
3140,43,0.8710359408033826,8,0.8,18,0.9
3141,43,0.7928118393234673,8,0.8,16,0.8
3142,43,0.8192389006342494,6,0.6,18,0.9
3143,43,0.8888553307157958,6,0.6,19,0.95
3144,43,0.8443068559347628,7,0.7,17,0.85
3145,43,0.9134702506795531,9,0.9,19,0.95
3146,43,0.9022953790395651,9,0.9,18,0.9
3147,43,0.8935366958622774,7,0.7,18,0.9
3148,43,0.8979160374509211,8,0.8,18,0.9
3149,43,0.8832678948958019,9,0.9,18,0.9
3150,43,0.8958018725460586,6,0.6,19,0.95
3151,43,0.9081848384173965,7,0.7,19,0.95
3152,43,0.9137722742373904,7,0.7,17,0.85
3153,43,0.9202657807308969,8,0.8,17,0.85
3154,43,0.9128662035638779,8,0.8,17,0.85
3155,43,0.943068559347629,9,0.9,18,0.9
3156,43,0.9074297795228028,8,0.8,17,0.85
3157,43,0.9199637571730594,9,0.9,17,0.85
3158,43,0.8707339172455452,8,0.8,16,0.8
3159,43,0.8840229537903957,7,0.7,17,0.85
3160,43,0.9044095439444275,8,0.8,18,0.9
3161,43,0.8652974932044699,7,0.7,18,0.9
3162,43,0.9198127453941407,9,0.9,18,0.9
3163,43,0.9355179704016913,7,0.7,19,0.95
3164,43,0.8702808819087888,6,0.6,17,0.85
3165,43,0.9379341588643915,9,0.9,18,0.9
3166,43,0.9038054968287527,7,0.7,17,0.85
3167,43,0.8565388100271821,8,0.8,18,0.9
3168,43,0.8175777710661432,6,0.6,16,0.8
3169,43,0.8877982482633646,8,0.8,18,0.9
3170,43,0.8971609785563273,7,0.7,17,0.85
3171,43,0.8278465720326185,6,0.6,18,0.9
3172,43,0.8982180610087588,7,0.7,18,0.9
3173,43,0.8076109936575053,6,0.6,16,0.8
3174,43,0.8890063424947146,6,0.6,15,0.75
3175,43,0.8861371186952581,7,0.7,16,0.8
3176,43,0.9408033826638477,8,0.8,18,0.9
3177,43,0.8687707641196014,7,0.7,17,0.85
3178,43,0.9202657807308969,7,0.7,19,0.95
3179,43,0.9099969797644217,7,0.7,18,0.9
3180,43,0.8542736333434008,7,0.7,18,0.9
3181,43,0.9062216852914529,9,0.9,17,0.85
3182,43,0.808366052552099,7,0.7,18,0.9
3183,43,0.9140742977952281,8,0.8,17,0.85
3184,43,0.9503171247357293,8,0.8,19,0.95
3185,43,0.8607671398369071,9,0.9,17,0.85
3186,43,0.8796436122017517,9,0.9,16,0.8
3187,43,0.8781334944125642,6,0.6,17,0.85
3188,43,0.9320446994865599,9,0.9,18,0.9
3189,43,0.8521594684385383,7,0.7,15,0.75
3190,43,0.8797946239806704,7,0.7,17,0.85
3191,43,0.875264270613108,7,0.7,17,0.85
3192,43,0.8876472364844458,7,0.7,18,0.9
3193,43,0.8461189972817881,9,0.9,15,0.75
3194,43,0.9022953790395651,8,0.8,17,0.85
3195,43,0.9003322259136213,8,0.8,19,0.95
3196,43,0.8967079432195711,7,0.7,18,0.9
3197,43,0.855934762911507,7,0.7,16,0.8
3198,43,0.891271519178496,7,0.7,19,0.95
3199,43,0.8695258230141951,8,0.8,16,0.8
3200,43,0.8776804590758079,6,0.6,17,0.85
3201,43,0.8844759891271519,7,0.7,17,0.85
3202,43,0.9183026276049532,7,0.7,19,0.95
3203,43,0.86408939897312,7,0.7,17,0.85
3204,43,0.8148595590456057,7,0.7,18,0.9
3205,43,0.8810027182120205,7,0.7,17,0.85
3206,43,0.882512836001208,9,0.9,17,0.85
3207,43,0.8887043189368771,8,0.8,16,0.8
3208,43,0.8935366958622774,6,0.6,17,0.85
3209,43,0.8876472364844458,8,0.8,16,0.8
3210,43,0.8814557535487768,8,0.8,18,0.9
3211,43,0.8329809725158562,6,0.6,18,0.9
3212,43,0.8492902446390819,6,0.6,16,0.8
3213,43,0.8144065237088493,7,0.7,18,0.9
3214,43,0.9025974025974025,7,0.7,19,0.95
3215,43,0.8959528843249773,7,0.7,19,0.95
3216,43,0.9222289338568409,7,0.7,18,0.9
3217,43,0.8873452129266083,7,0.7,16,0.8
3218,43,0.8855330715795833,6,0.6,17,0.85
3219,43,0.9063726970703716,6,0.6,18,0.9
3220,43,0.8859861069163395,6,0.6,19,0.95
3221,43,0.8627302929628511,6,0.6,18,0.9
3222,43,0.8264874660223497,7,0.7,16,0.8
3223,43,0.9068257324071278,8,0.8,19,0.95
3224,43,0.9180006040471157,6,0.6,19,0.95
3225,43,0.8387194201147691,8,0.8,15,0.75
3226,43,0.8722440350347327,8,0.8,19,0.95
3227,43,0.8796436122017517,8,0.8,17,0.85
3228,43,0.8905164602839021,7,0.7,17,0.85
3229,43,0.878284506191483,8,0.8,19,0.95
3230,43,0.9395952884324977,8,0.8,18,0.9
3231,43,0.8945937783147085,8,0.8,17,0.85
3232,43,0.8358501963153125,8,0.8,19,0.95
3233,43,0.949864089398973,7,0.7,19,0.95
3234,43,0.8515554213228631,7,0.7,17,0.85
3235,43,0.8521594684385383,8,0.8,16,0.8
3236,43,0.9036544850498339,7,0.7,17,0.85
3237,43,0.877076411960133,7,0.7,17,0.85
3238,43,0.8826638477801267,7,0.7,17,0.85
3239,43,0.8859861069163395,7,0.7,19,0.95
3240,43,0.8967079432195711,8,0.8,17,0.85
3241,43,0.8298097251585622,7,0.7,17,0.85
3242,43,0.8480821504077317,6,0.6,16,0.8
3243,43,0.836756266988825,6,0.6,15,0.75
3244,43,0.8652974932044699,8,0.8,17,0.85
3245,43,0.8373603141045001,7,0.7,16,0.8
3246,43,0.8569918453639385,8,0.8,18,0.9
3247,43,0.828148595590456,7,0.7,16,0.8
3248,43,0.9250981576562972,9,0.9,18,0.9
3249,43,0.86650558743582,9,0.9,18,0.9
3250,43,0.8432497734823315,6,0.6,18,0.9
3251,43,0.9086378737541528,8,0.8,17,0.85
3252,43,0.8192389006342494,6,0.6,15,0.75
3253,43,0.9054666263968589,9,0.9,18,0.9
3254,43,0.8491392328601631,6,0.6,16,0.8
3255,43,0.9038054968287527,8,0.8,17,0.85
3256,43,0.9025974025974025,7,0.7,18,0.9
3257,43,0.9149803684687406,8,0.8,17,0.85
3258,43,0.8600120809423134,8,0.8,17,0.85
3259,43,0.9260042283298098,7,0.7,19,0.95
3260,43,0.8530655391120509,7,0.7,19,0.95
3261,43,0.7902446390818484,7,0.7,16,0.8
3262,43,0.8458169737239506,7,0.7,18,0.9
3263,43,0.9346118997281788,8,0.8,18,0.9
3264,43,0.8630323165206886,9,0.9,17,0.85
3265,43,0.8246753246753247,5,0.5,15,0.75
3266,43,0.93083660525521,9,0.9,19,0.95
3267,43,0.9190576864995469,8,0.8,19,0.95
3268,43,0.8923286016309272,7,0.7,18,0.9
3269,43,0.8261854424645122,8,0.8,15,0.75
3270,43,0.9193597100573844,9,0.9,19,0.95
3271,43,0.8903654485049833,8,0.8,16,0.8
3272,43,0.8858350951374208,8,0.8,17,0.85
3273,43,0.9063726970703716,7,0.7,18,0.9
3274,43,0.9198127453941407,8,0.8,17,0.85
3275,43,0.9056176381757777,8,0.8,16,0.8
3276,43,0.9353669586227727,7,0.7,19,0.95
3277,43,0.8364542434309876,6,0.6,17,0.85
3278,43,0.9329507701600724,8,0.8,18,0.9
3279,43,0.8796436122017517,7,0.7,17,0.85
3280,43,0.9513742071881608,7,0.7,18,0.9
3281,43,0.8802476593174268,9,0.9,17,0.85
3282,43,0.8976140138930836,7,0.7,17,0.85
3283,43,0.8822108124433704,6,0.6,18,0.9
3284,43,0.8729990939293265,6,0.6,18,0.9
3285,43,0.8870431893687708,8,0.8,18,0.9
3286,43,0.9080338266384779,8,0.8,17,0.85
3287,43,0.8657505285412262,7,0.7,17,0.85
3288,43,0.9019933554817275,8,0.8,17,0.85
3289,43,0.9531863485351858,7,0.7,19,0.95
3290,43,0.9083358501963152,8,0.8,17,0.85
3291,43,0.9287224403503472,8,0.8,18,0.9
3292,43,0.941256418000604,7,0.7,18,0.9
3293,43,0.9069767441860466,6,0.6,17,0.85
3294,43,0.9069767441860466,7,0.7,18,0.9
3295,43,0.8803986710963455,7,0.7,17,0.85
3296,43,0.8098761703412866,6,0.6,17,0.85
3297,43,0.9471458773784355,8,0.8,19,0.95
3298,43,0.8935366958622774,8,0.8,18,0.9
3299,43,0.8272425249169435,7,0.7,16,0.8
3300,43,0.8909694956206585,7,0.7,16,0.8
3301,43,0.9302325581395349,8,0.8,18,0.9
3302,43,0.855934762911507,7,0.7,17,0.85
3303,43,0.8829658713379642,8,0.8,19,0.95
3304,43,0.8378133494412565,7,0.7,17,0.85
3305,43,0.9030504379341588,8,0.8,18,0.9
3306,43,0.9504681365146481,8,0.8,18,0.9
3307,43,0.9311386288130474,7,0.7,18,0.9
3308,43,0.8526125037752944,9,0.9,16,0.8
3309,43,0.8956508607671397,7,0.7,18,0.9
3310,43,0.8657505285412262,7,0.7,17,0.85
3311,43,0.8486861975234068,7,0.7,15,0.75
3312,43,0.8840229537903957,7,0.7,18,0.9
3313,43,0.8504983388704318,6,0.6,18,0.9
3314,43,0.8932346723044398,8,0.8,18,0.9
3315,43,0.9202657807308969,8,0.8,17,0.85
3316,43,0.9106010268800966,8,0.8,18,0.9
3317,43,0.9060706735125341,7,0.7,18,0.9
3318,43,0.8588039867109634,8,0.8,18,0.9
3319,43,0.880096647538508,8,0.8,18,0.9
3320,43,0.874509211718514,8,0.8,16,0.8
3321,43,0.8820598006644518,8,0.8,18,0.9
3322,43,0.8628813047417698,7,0.7,17,0.85
3323,43,0.9169435215946844,6,0.6,18,0.9
3324,43,0.922832980972516,7,0.7,17,0.85
3325,43,0.8849290244639082,7,0.7,17,0.85
3326,43,0.8970099667774085,9,0.9,17,0.85
3327,43,0.8675626698882513,8,0.8,16,0.8
3328,43,0.889912413168227,9,0.9,18,0.9
3329,43,0.8396254907882815,8,0.8,17,0.85
3330,43,0.9110540622168529,8,0.8,18,0.9
3331,43,0.8456659619450315,7,0.7,16,0.8
3332,43,0.889308366052552,6,0.6,16,0.8
3333,43,0.8855330715795833,7,0.7,16,0.8
3334,43,0.9217758985200845,8,0.8,16,0.8
3335,43,0.905919661733615,7,0.7,17,0.85
3336,43,0.8991241316822713,8,0.8,18,0.9
3337,43,0.919661733615222,7,0.7,19,0.95
3338,43,0.9202657807308969,9,0.9,18,0.9
3339,43,0.858501963153126,8,0.8,17,0.85
3340,43,0.9095439444276654,9,0.9,18,0.9
3341,43,0.8329809725158562,7,0.7,18,0.9
3342,43,0.9056176381757777,8,0.8,19,0.95
3343,43,0.8808517064331017,8,0.8,18,0.9
3344,43,0.9278163696768348,8,0.8,18,0.9
3345,43,0.9093929326487467,6,0.6,19,0.95
3346,43,0.9118091211114466,8,0.8,18,0.9
3347,43,0.9347629115070976,9,0.9,19,0.95
3348,43,0.8465720326185443,7,0.7,17,0.85
3349,43,0.8944427665357898,6,0.6,16,0.8
3350,43,0.8964059196617336,8,0.8,17,0.85
3351,43,0.9273633343400784,7,0.7,19,0.95
3352,43,0.8222591362126245,7,0.7,16,0.8
3353,43,0.8554817275747508,8,0.8,17,0.85
3354,43,0.8369072787677437,9,0.9,16,0.8
3355,43,0.8556327393536696,6,0.6,17,0.85
3356,43,0.8823618242222894,6,0.6,19,0.95
3357,43,0.9119601328903654,7,0.7,18,0.9
3358,43,0.9099969797644217,7,0.7,18,0.9
3359,43,0.8690727876774389,8,0.8,15,0.75
3360,43,0.9302325581395349,6,0.6,18,0.9
3361,43,0.8340380549682875,6,0.6,18,0.9
3362,43,0.9102990033222591,7,0.7,18,0.9
3363,43,0.8775294472968892,7,0.7,18,0.9
3364,43,0.9507701600724856,9,0.9,18,0.9
3365,43,0.9004832376925401,8,0.8,17,0.85
3366,43,0.8802476593174268,7,0.7,16,0.8
3367,43,0.83131984294775,7,0.7,16,0.8
3368,43,0.9053156146179403,8,0.8,18,0.9
3369,43,0.8933856840833586,8,0.8,17,0.85
3370,43,0.9211718514044096,6,0.6,18,0.9
3371,43,0.8686197523406824,7,0.7,16,0.8
3372,43,0.8776804590758079,6,0.6,18,0.9
3373,43,0.8686197523406824,8,0.8,16,0.8
3374,43,0.8652974932044699,8,0.8,16,0.8
3375,43,0.9092419208698279,6,0.6,18,0.9
3376,43,0.8843249773482332,7,0.7,16,0.8
3377,43,0.883720930232558,8,0.8,18,0.9
3378,43,0.9480519480519481,7,0.7,18,0.9
3379,43,0.8575958924796133,8,0.8,17,0.85
3380,43,0.9154334038054968,8,0.8,18,0.9
3381,43,0.8865901540320145,7,0.7,18,0.9
3382,43,0.9184536393838719,8,0.8,18,0.9
3383,43,0.931440652370885,8,0.8,18,0.9
3384,43,0.8565388100271821,7,0.7,17,0.85
3385,43,0.925249169435216,8,0.8,19,0.95
3386,43,0.8935366958622774,8,0.8,17,0.85
3387,43,0.9190576864995469,7,0.7,17,0.85
3388,43,0.8970099667774085,7,0.7,17,0.85
3389,43,0.917245545152522,7,0.7,19,0.95
3390,43,0.8885533071579582,7,0.7,17,0.85
3391,43,0.8951978254303836,6,0.6,17,0.85
3392,43,0.9066747206282089,7,0.7,18,0.9
3393,43,0.8896103896103896,8,0.8,18,0.9
3394,43,0.938840229537904,7,0.7,18,0.9
3395,43,0.8616732105104199,8,0.8,18,0.9
3396,43,0.8592570220477197,6,0.6,18,0.9
3397,43,0.9024463908184839,9,0.9,18,0.9
3398,43,0.9260042283298098,9,0.9,18,0.9
3399,43,0.9102990033222591,8,0.8,18,0.9
3400,43,0.8877982482633646,8,0.8,18,0.9
3401,43,0.8974630021141649,9,0.9,18,0.9
3402,43,0.9315916641498038,7,0.7,18,0.9
3403,43,0.9075807913017215,8,0.8,18,0.9
3404,43,0.894895801872546,7,0.7,18,0.9
3405,43,0.8828148595590455,6,0.6,17,0.85
3406,43,0.8855330715795833,6,0.6,18,0.9
3407,43,0.8970099667774085,6,0.6,18,0.9
3408,43,0.9282694050135912,8,0.8,19,0.95
3409,43,0.875717305949864,6,0.6,16,0.8
3410,43,0.8603141045001511,7,0.7,18,0.9
3411,43,0.784959226819692,6,0.6,17,0.85
3412,43,0.9028994261552401,9,0.9,17,0.85
3413,43,0.8897614013893083,9,0.9,18,0.9
3414,43,0.8533675626698883,6,0.6,20,1.0
3415,43,0.8968589549984899,8,0.8,18,0.9
3416,43,0.9433705829054667,8,0.8,19,0.95
3417,43,0.894895801872546,7,0.7,19,0.95
3418,43,0.9048625792811839,7,0.7,18,0.9
3419,43,0.9331017819389913,9,0.9,18,0.9
3420,43,0.8652974932044699,7,0.7,17,0.85
3421,43,0.9210208396254906,6,0.6,19,0.95
3422,43,0.9035034732709151,8,0.8,16,0.8
3423,43,0.9133192389006344,9,0.9,17,0.85
3424,43,0.9195107218363032,8,0.8,18,0.9
3425,43,0.8979160374509211,8,0.8,17,0.85
3426,43,0.9315916641498038,8,0.8,19,0.95
3427,43,0.9281183932346722,8,0.8,18,0.9
3428,43,0.9134702506795531,7,0.7,19,0.95
3429,43,0.8627302929628511,8,0.8,19,0.95
3430,43,0.9166414980368469,9,0.9,16,0.8
3431,43,0.8663545756569011,8,0.8,16,0.8
3432,43,0.848535185744488,7,0.7,18,0.9
3433,43,0.9148293566898219,8,0.8,19,0.95
3434,43,0.9145273331319843,7,0.7,17,0.85
3435,43,0.8896103896103896,7,0.7,18,0.9
3436,43,0.8849290244639082,8,0.8,17,0.85
3437,43,0.8938387194201147,7,0.7,16,0.8
3438,43,0.9053156146179403,6,0.6,18,0.9
3439,43,0.811537299909393,6,0.6,16,0.8
3440,43,0.8968589549984899,6,0.6,18,0.9
3441,43,0.9237390516460284,7,0.7,19,0.95
3442,43,0.7814859559045606,7,0.7,16,0.8
3443,43,0.8366052552099064,7,0.7,15,0.75
3444,43,0.9136212624584716,6,0.6,17,0.85
3445,43,0.8524614919963757,8,0.8,16,0.8
3446,43,0.8729990939293265,8,0.8,16,0.8
3447,43,0.9164904862579282,8,0.8,18,0.9
3448,43,0.9488070069465417,9,0.9,18,0.9
3449,43,0.8651464814255512,6,0.6,19,0.95
3450,43,0.874509211718514,7,0.7,17,0.85
3451,43,0.8811537299909392,7,0.7,19,0.95
3452,43,0.8592570220477197,6,0.6,17,0.85
3453,43,0.9062216852914529,5,0.5,18,0.9
3454,43,0.8702808819087888,7,0.7,16,0.8
3455,43,0.9246451223195409,8,0.8,18,0.9
3456,43,0.9368770764119599,8,0.8,19,0.95
3457,43,0.8944427665357898,7,0.7,16,0.8
3458,43,0.8544246451223195,7,0.7,15,0.75
3459,43,0.8329809725158562,5,0.5,17,0.85
3460,43,0.9246451223195409,7,0.7,17,0.85
3461,43,0.8175777710661432,6,0.6,17,0.85
3462,43,0.8764723648444579,7,0.7,16,0.8
3463,43,0.9619450317124736,7,0.7,20,1.0
3464,43,0.9007852612503776,7,0.7,19,0.95
3465,43,0.8289036544850498,7,0.7,17,0.85
3466,43,0.9071277559649653,6,0.6,18,0.9
3467,43,0.8036846874056177,7,0.7,16,0.8
3468,43,0.8524614919963757,5,0.5,17,0.85
3469,43,0.8678646934460886,7,0.7,18,0.9
3470,43,0.8734521292660826,9,0.9,15,0.75
3471,43,0.8545756569012384,8,0.8,15,0.75
3472,43,0.9060706735125341,7,0.7,18,0.9
3473,43,0.8953488372093023,8,0.8,17,0.85
3474,43,0.8950468136514649,7,0.7,18,0.9
3475,43,0.8988221081244335,8,0.8,18,0.9
3476,43,0.8924796134098459,8,0.8,16,0.8
3477,43,0.8708849290244639,8,0.8,15,0.75
3478,43,0.8320749018423437,6,0.6,16,0.8
3479,43,0.8603141045001511,6,0.6,17,0.85
3480,43,0.7908486861975235,6,0.6,16,0.8
3481,43,0.8918755662941711,7,0.7,18,0.9
3482,43,0.8947447900936273,7,0.7,18,0.9
3483,43,0.883871942011477,6,0.6,18,0.9
3484,43,0.8988221081244335,6,0.6,17,0.85
3485,43,0.8962549078828148,6,0.6,18,0.9
3486,43,0.9035034732709151,9,0.9,18,0.9
3487,43,0.9096949562065841,7,0.7,18,0.9
3488,43,0.8683177287828451,8,0.8,18,0.9
3489,43,0.8051948051948052,6,0.6,17,0.85
3490,43,0.8421926910299004,8,0.8,16,0.8
3491,43,0.9078828148595591,9,0.9,16,0.8
3492,43,0.8973119903352461,7,0.7,18,0.9
3493,43,0.8681667170039264,8,0.8,17,0.85
3494,43,0.8352461491996375,7,0.7,16,0.8
3495,43,0.9139232860163091,7,0.7,17,0.85
3496,43,0.9297795228027786,9,0.9,17,0.85
3497,43,0.8574448807006946,7,0.7,15,0.75
3498,43,0.8773784355179703,6,0.6,18,0.9
3499,43,0.8994261552401087,8,0.8,19,0.95
3500,43,0.8859861069163395,6,0.6,18,0.9
3501,43,0.9176985804892781,7,0.7,17,0.85
3502,43,0.9374811235276351,8,0.8,19,0.95
3503,43,0.9161884627000906,7,0.7,18,0.9
3504,43,0.9151313802476594,8,0.8,18,0.9
3505,43,0.9081848384173965,8,0.8,18,0.9
3506,43,0.9302325581395349,9,0.9,18,0.9
3507,43,0.869676834793114,7,0.7,18,0.9
3508,43,0.8982180610087588,8,0.8,17,0.85
3509,43,0.940048323769254,9,0.9,19,0.95
3510,43,0.8051948051948052,7,0.7,15,0.75
3511,43,0.9036544850498339,9,0.9,17,0.85
3512,43,0.8678646934460886,6,0.6,17,0.85
3513,43,0.9214738749622471,7,0.7,18,0.9
3514,43,0.8452129266082755,7,0.7,17,0.85
3515,43,0.9266082754454846,6,0.6,17,0.85
3516,43,0.8894593778314709,8,0.8,20,1.0
3517,43,0.9098459679855028,9,0.9,19,0.95
3518,43,0.9050135910601026,8,0.8,18,0.9
3519,43,0.9398973119903352,8,0.8,19,0.95
3520,43,0.8603141045001511,7,0.7,17,0.85
3521,43,0.9090909090909091,7,0.7,19,0.95
3522,43,0.8338870431893688,6,0.6,17,0.85
3523,43,0.8805496828752641,8,0.8,17,0.85
3524,43,0.8951978254303836,6,0.6,19,0.95
3525,43,0.9095439444276654,7,0.7,19,0.95
3526,43,0.8743581999395953,7,0.7,16,0.8
3527,43,0.8236182422228935,6,0.6,18,0.9
3528,43,0.8994261552401087,8,0.8,18,0.9
3529,43,0.8938387194201147,7,0.7,18,0.9
3530,43,0.8965569314406524,7,0.7,17,0.85
3531,43,0.9275143461189973,9,0.9,19,0.95
3532,43,0.9255511929930534,9,0.9,18,0.9
3533,43,0.8924796134098459,8,0.8,18,0.9
3534,43,0.8683177287828451,7,0.7,18,0.9
3535,43,0.905919661733615,8,0.8,18,0.9
3536,43,0.927061310782241,9,0.9,18,0.9
3537,43,0.8974630021141649,7,0.7,18,0.9
3538,43,0.9099969797644217,9,0.9,18,0.9
3539,43,0.9205678042887345,8,0.8,18,0.9
3540,43,0.8495922681969192,7,0.7,17,0.85
3541,43,0.8512533977650255,7,0.7,17,0.85
3542,43,0.8852310480217457,9,0.9,15,0.75
3543,43,0.8968589549984899,7,0.7,18,0.9
3544,43,0.8772274237390516,8,0.8,17,0.85
3545,43,0.9391422530957414,8,0.8,19,0.95
3546,43,0.9294774992449412,9,0.9,17,0.85
3547,43,0.8418906674720629,8,0.8,16,0.8
3548,43,0.9244941105406222,8,0.8,18,0.9
3549,43,0.8761703412866204,9,0.9,16,0.8
3550,43,0.8935366958622774,5,0.5,18,0.9
3551,43,0.8810027182120205,7,0.7,17,0.85
3552,43,0.9012382965871337,8,0.8,18,0.9
3553,43,0.9015403201449713,7,0.7,17,0.85
3554,43,0.8660525520990636,7,0.7,18,0.9
3555,43,0.8242222893385683,8,0.8,15,0.75
3556,43,0.8758683177287827,7,0.7,18,0.9
3557,43,0.7944729688915736,8,0.8,15,0.75
3558,43,0.8772274237390516,8,0.8,17,0.85
3559,43,0.8073089700996677,7,0.7,18,0.9
3560,43,0.881304741769858,8,0.8,15,0.75
3561,43,0.9190576864995469,8,0.8,19,0.95
3562,43,0.9210208396254906,7,0.7,17,0.85
3563,43,0.9299305345816975,8,0.8,16,0.8
3564,43,0.8991241316822713,8,0.8,19,0.95
3565,43,0.871488976140139,7,0.7,19,0.95
3566,43,0.8326789489580187,8,0.8,17,0.85
3567,43,0.8612201751736636,8,0.8,16,0.8
3568,43,0.8828148595590455,6,0.6,18,0.9
3569,43,0.9148293566898219,7,0.7,18,0.9
3570,43,0.9028994261552401,6,0.6,17,0.85
3571,43,0.9195107218363032,9,0.9,18,0.9
3572,43,0.8360012080942313,6,0.6,19,0.95
3573,43,0.8373603141045001,8,0.8,15,0.75
3574,43,0.7736333434007853,7,0.7,16,0.8
3575,43,0.8853820598006644,7,0.7,18,0.9
3576,43,0.8967079432195711,7,0.7,18,0.9
3577,43,0.8347931138628814,7,0.7,15,0.75
3578,43,0.8961038961038961,6,0.6,18,0.9
3579,43,0.8468740561763818,7,0.7,17,0.85
3580,43,0.883871942011477,7,0.7,18,0.9
3581,43,0.9077318030806404,8,0.8,17,0.85
3582,43,0.8760193295077017,7,0.7,18,0.9
3583,43,0.957263666565992,9,0.9,17,0.85
3584,43,0.8831168831168832,7,0.7,18,0.9
3585,43,0.8885533071579582,8,0.8,18,0.9
3586,43,0.9075807913017215,7,0.7,18,0.9
3587,43,0.9057686499546964,8,0.8,16,0.8
3588,43,0.8853820598006644,6,0.6,18,0.9
3589,43,0.9022953790395651,7,0.7,17,0.85
3590,43,0.9273633343400784,8,0.8,17,0.85
3591,43,0.9109030504379342,8,0.8,17,0.85
3592,43,0.8319238900634249,6,0.6,17,0.85
3593,43,0.8793415886439142,8,0.8,19,0.95
3594,43,0.8364542434309876,6,0.6,16,0.8
3595,43,0.9048625792811839,8,0.8,19,0.95
3596,43,0.9279673814557534,9,0.9,18,0.9
3597,43,0.9139232860163091,8,0.8,18,0.9
3598,43,0.89927514346119,8,0.8,19,0.95
3599,43,0.9216248867411658,7,0.7,18,0.9
3600,43,0.8977650256720023,9,0.9,18,0.9
3601,43,0.8347931138628814,5,0.5,18,0.9
3602,43,0.8733011174871639,6,0.6,17,0.85
3603,43,0.9293264874660224,6,0.6,17,0.85
3604,43,0.9238900634249472,8,0.8,18,0.9
3605,43,0.8968589549984899,8,0.8,17,0.85
3606,43,0.8876472364844458,9,0.9,16,0.8
3607,43,0.8729990939293265,8,0.8,18,0.9
3608,43,0.8790395650860766,6,0.6,17,0.85
3609,43,0.8903654485049833,9,0.9,17,0.85
3610,43,0.8828148595590455,7,0.7,16,0.8
3611,43,0.9205678042887345,6,0.6,18,0.9
3612,43,0.8184838417396557,7,0.7,17,0.85
3613,43,0.9092419208698279,7,0.7,19,0.95
3614,43,0.854122621564482,7,0.7,17,0.85
3615,43,0.8512533977650255,7,0.7,18,0.9
3616,43,0.8867411658109332,7,0.7,18,0.9
3617,43,0.8713379643612202,7,0.7,16,0.8
3618,43,0.8634853518574449,8,0.8,16,0.8
3619,43,0.8908184838417396,7,0.7,16,0.8
3620,43,0.8885533071579582,7,0.7,19,0.95
3621,43,0.8672606463304138,8,0.8,16,0.8
3622,43,0.8427967381455753,5,0.5,18,0.9
3623,43,0.8849290244639082,7,0.7,15,0.75
3624,43,0.9281183932346722,8,0.8,18,0.9
3625,43,0.8332829960736938,6,0.6,16,0.8
3626,43,0.8687707641196014,6,0.6,17,0.85
3627,43,0.8793415886439142,7,0.7,17,0.85
3628,43,0.9234370280881908,6,0.6,17,0.85
3629,43,0.9095439444276654,7,0.7,18,0.9
3630,43,0.9149803684687406,7,0.7,19,0.95
3631,43,0.9033524614919963,6,0.6,18,0.9
3632,43,0.8726970703714889,8,0.8,18,0.9
3633,43,0.8042887345212926,6,0.6,17,0.85
3634,43,0.961038961038961,8,0.8,18,0.9
3635,43,0.9149803684687406,9,0.9,18,0.9
3636,43,0.8723950468136514,5,0.5,17,0.85
3637,43,0.8832678948958019,7,0.7,18,0.9
3638,43,0.8924796134098459,6,0.6,19,0.95
3639,43,0.93083660525521,9,0.9,19,0.95
3640,43,0.8316218665055876,7,0.7,17,0.85
3641,43,0.9001812141347025,7,0.7,16,0.8
3642,43,0.9042585321655088,9,0.9,18,0.9
3643,43,0.8769254001812142,7,0.7,17,0.85
3644,43,0.9195107218363032,6,0.6,18,0.9
3645,43,0.8991241316822713,6,0.6,19,0.95
3646,43,0.8977650256720023,7,0.7,17,0.85
3647,43,0.9151313802476594,7,0.7,18,0.9
3648,43,0.8177287828450619,8,0.8,16,0.8
3649,43,0.9122621564482029,8,0.8,18,0.9
3650,43,0.8906674720628208,8,0.8,18,0.9
3651,43,0.9243430987617035,7,0.7,17,0.85
3652,43,0.8933856840833586,7,0.7,19,0.95
3653,43,0.8832678948958019,7,0.7,18,0.9
3654,43,0.9151313802476594,7,0.7,18,0.9
3655,43,0.8743581999395953,8,0.8,18,0.9
3656,43,0.9243430987617035,9,0.9,17,0.85
3657,43,0.9093929326487467,8,0.8,18,0.9
3658,43,0.8530655391120509,8,0.8,16,0.8
3659,43,0.914678344910903,8,0.8,17,0.85
3660,43,0.9211718514044096,9,0.9,18,0.9
3661,43,0.8702808819087888,7,0.7,17,0.85
3662,43,0.9056176381757777,7,0.7,18,0.9
3663,43,0.8729990939293265,7,0.7,18,0.9
3664,43,0.9192086982784656,7,0.7,18,0.9
3665,43,0.9278163696768348,8,0.8,17,0.85
3666,43,0.7920567804288735,7,0.7,17,0.85
3667,43,0.8864391422530957,8,0.8,17,0.85
3668,43,0.8755662941709452,8,0.8,18,0.9
3669,43,0.9189066747206283,8,0.8,19,0.95
3670,43,0.9119601328903654,7,0.7,18,0.9
3671,43,0.8363032316520689,7,0.7,17,0.85
3672,43,0.8708849290244639,7,0.7,17,0.85
3673,43,0.885684083358502,8,0.8,16,0.8
3674,43,0.9263062518876471,7,0.7,18,0.9
3675,43,0.8882512836001207,8,0.8,17,0.85
3676,43,0.9244941105406222,8,0.8,18,0.9
3677,43,0.9231350045303534,6,0.6,18,0.9
3678,43,0.8070069465418303,6,0.6,16,0.8
3679,43,0.9205678042887345,8,0.8,18,0.9
3680,43,0.9334038054968287,7,0.7,18,0.9
3681,43,0.8909694956206585,9,0.9,17,0.85
3682,43,0.9353669586227727,8,0.8,19,0.95
3683,43,0.9130172153427967,7,0.7,19,0.95
3684,43,0.8630323165206886,7,0.7,17,0.85
3685,43,0.8438538205980066,7,0.7,17,0.85
3686,43,0.8902144367260648,7,0.7,19,0.95
3687,43,0.8939897311990335,7,0.7,18,0.9
3688,43,0.8630323165206886,7,0.7,17,0.85
3689,43,0.9045605557233464,8,0.8,18,0.9
3690,43,0.9139232860163091,8,0.8,18,0.9
3691,43,0.8823618242222894,5,0.5,17,0.85
3692,43,0.8273935366958622,6,0.6,16,0.8
3693,43,0.8959528843249773,8,0.8,16,0.8
3694,43,0.8190878888553307,6,0.6,17,0.85
3695,43,0.9092419208698279,9,0.9,17,0.85
3696,43,0.9121111446692841,10,1.0,18,0.9
3697,43,0.9000302023557838,8,0.8,17,0.85
3698,43,0.8846270009060708,6,0.6,18,0.9
3699,43,0.9112050739957717,8,0.8,18,0.9
3700,43,0.8882512836001207,8,0.8,17,0.85
3701,43,0.9134702506795531,7,0.7,18,0.9
3702,43,0.8945937783147085,8,0.8,18,0.9
3703,43,0.8947447900936273,9,0.9,17,0.85
3704,43,0.8799456357595893,8,0.8,17,0.85
3705,43,0.8859861069163395,7,0.7,17,0.85
3706,43,0.9367260646330413,8,0.8,18,0.9
3707,43,0.9178495922681968,7,0.7,19,0.95
3708,43,0.9035034732709151,7,0.7,17,0.85
3709,43,0.93325279371791,8,0.8,19,0.95
3710,43,0.8982180610087588,6,0.6,19,0.95
3711,43,0.9424645122319539,8,0.8,18,0.9
3712,43,0.9048625792811839,8,0.8,17,0.85
3713,43,0.9113560857746904,8,0.8,17,0.85
3714,43,0.8210510419812744,8,0.8,18,0.9
3715,43,0.875264270613108,7,0.7,15,0.75
3716,43,0.8648444578677137,8,0.8,17,0.85
3717,43,0.8440048323769253,6,0.6,16,0.8
3718,43,0.8512533977650255,7,0.7,17,0.85
3719,43,0.9015403201449713,8,0.8,17,0.85
3720,43,0.8947447900936273,8,0.8,17,0.85
3721,43,0.8986710963455148,6,0.6,18,0.9
3722,43,0.7996073693748112,6,0.6,15,0.75
3723,43,0.9408033826638477,7,0.7,18,0.9
3724,43,0.889308366052552,8,0.8,17,0.85
3725,43,0.8571428571428571,8,0.8,18,0.9
3726,43,0.8769254001812142,8,0.8,16,0.8
3727,43,0.9334038054968287,8,0.8,19,0.95
3728,43,0.8986710963455148,7,0.7,17,0.85
3729,43,0.9060706735125341,8,0.8,18,0.9
3730,43,0.8914225309574147,6,0.6,18,0.9
3731,43,0.9044095439444275,8,0.8,18,0.9
3732,43,0.8514044095439445,8,0.8,17,0.85
3733,43,0.8959528843249773,9,0.9,15,0.75
3734,43,0.8902144367260648,8,0.8,17,0.85
3735,43,0.8550286922379946,7,0.7,17,0.85
3736,43,0.8586529749320447,8,0.8,16,0.8
3737,43,0.9109030504379342,7,0.7,18,0.9
3738,43,0.8994261552401087,7,0.7,16,0.8
3739,43,0.8387194201147691,6,0.6,17,0.85
3740,43,0.9275143461189973,8,0.8,17,0.85
3741,43,0.9405013591060103,8,0.8,19,0.95
3742,43,0.9119601328903654,8,0.8,18,0.9
3743,43,0.9222289338568409,8,0.8,19,0.95
3744,43,0.8933856840833586,8,0.8,18,0.9
3745,43,0.9166414980368469,7,0.7,18,0.9
3746,43,0.9145273331319843,7,0.7,17,0.85
3747,43,0.9102990033222591,9,0.9,18,0.9
3748,43,0.9315916641498038,8,0.8,19,0.95
3749,43,0.8810027182120205,7,0.7,18,0.9
3750,43,0.8803986710963455,7,0.7,18,0.9
3751,43,0.8443068559347628,8,0.8,18,0.9
3752,43,0.8563877982482634,8,0.8,16,0.8
3753,43,0.7660827544548474,7,0.7,17,0.85
3754,43,0.8921775898520085,8,0.8,16,0.8
3755,43,0.8414376321353065,7,0.7,17,0.85
3756,43,0.8477801268498943,7,0.7,17,0.85
3757,43,0.8609181516158262,7,0.7,18,0.9
3758,43,0.9139232860163091,7,0.7,17,0.85
3759,43,0.8655995167623075,6,0.6,18,0.9
3760,43,0.9240410752038659,8,0.8,17,0.85
3761,43,0.9109030504379342,7,0.7,18,0.9
3762,43,0.9426155240108728,7,0.7,19,0.95
3763,43,0.8630323165206886,7,0.7,17,0.85
3764,43,0.9329507701600724,6,0.6,19,0.95
3765,43,0.9139232860163091,7,0.7,18,0.9
3766,43,0.9125641800060404,8,0.8,19,0.95
3767,43,0.8983690727876775,7,0.7,16,0.8
3768,43,0.889308366052552,8,0.8,16,0.8
3769,43,0.89927514346119,7,0.7,18,0.9
3770,43,0.8726970703714889,6,0.6,17,0.85
3771,43,0.8994261552401087,8,0.8,17,0.85
3772,43,0.925249169435216,8,0.8,17,0.85
3773,43,0.8006644518272424,5,0.5,16,0.8
3774,43,0.8970099667774085,5,0.5,18,0.9
3775,43,0.893083660525521,6,0.6,18,0.9
3776,43,0.8683177287828451,9,0.9,17,0.85
3777,43,0.9124131682271217,7,0.7,17,0.85
3778,43,0.9143763213530656,8,0.8,16,0.8
3779,43,0.8731501057082452,6,0.6,16,0.8
3780,43,0.9229839927514346,8,0.8,19,0.95
3781,43,0.8775294472968892,8,0.8,17,0.85
3782,43,0.9056176381757777,8,0.8,16,0.8
3783,43,0.9436726064633041,7,0.7,18,0.9
3784,43,0.8426457263666566,7,0.7,15,0.75
3785,43,0.9249471458773784,8,0.8,18,0.9
3786,43,0.8198429477499245,7,0.7,17,0.85
3787,43,0.8130474176985804,8,0.8,16,0.8
3788,43,0.9187556629417095,7,0.7,18,0.9
3789,43,0.8755662941709452,7,0.7,18,0.9
3790,43,0.8835699184536393,7,0.7,16,0.8
3791,43,0.8600120809423134,8,0.8,17,0.85
3792,43,0.8871942011476895,7,0.7,17,0.85
3793,43,0.9025974025974025,8,0.8,18,0.9
3794,43,0.8751132588341892,7,0.7,18,0.9
3795,43,0.8953488372093023,6,0.6,18,0.9
3796,43,0.879492600422833,7,0.7,16,0.8
3797,43,0.8402295379039566,8,0.8,17,0.85
3798,43,0.8646934460887948,7,0.7,19,0.95
3799,43,0.9069767441860466,8,0.8,17,0.85
3800,43,0.8831168831168832,7,0.7,17,0.85
3801,43,0.8763213530655392,7,0.7,17,0.85
3802,43,0.8736031410450015,8,0.8,17,0.85
3803,43,0.9075807913017215,8,0.8,16,0.8
3804,43,0.9065237088492902,8,0.8,18,0.9
3805,43,0.9489580187254606,9,0.9,18,0.9
3806,43,0.8914225309574147,7,0.7,18,0.9
3807,43,0.8911205073995773,8,0.8,18,0.9
3808,43,0.8713379643612202,8,0.8,17,0.85
3809,43,0.8565388100271821,5,0.5,18,0.9
3810,43,0.9053156146179403,7,0.7,19,0.95
3811,43,0.8958018725460586,7,0.7,18,0.9
3812,43,0.9329507701600724,9,0.9,17,0.85
3813,43,0.8942917547568711,6,0.6,18,0.9
3814,43,0.8135004530353367,8,0.8,16,0.8
3815,43,0.8538205980066446,7,0.7,18,0.9
3816,43,0.8722440350347327,8,0.8,17,0.85
3817,43,0.888100271821202,9,0.9,16,0.8
3818,43,0.885684083358502,5,0.5,17,0.85
3819,43,0.9044095439444275,9,0.9,15,0.75
3820,43,0.8400785261250378,7,0.7,16,0.8
3821,43,0.911658109332528,8,0.8,18,0.9
3822,43,0.8284506191482935,7,0.7,17,0.85
3823,43,0.8855330715795833,8,0.8,17,0.85
3824,43,0.8749622470552701,9,0.9,18,0.9
3825,43,0.9192086982784656,9,0.9,18,0.9
3826,43,0.9095439444276654,8,0.8,16,0.8
3827,43,0.8862881304741771,8,0.8,17,0.85
3828,43,0.9415584415584415,8,0.8,17,0.85
3829,43,0.8405315614617941,6,0.6,18,0.9
3830,43,0.8811537299909392,8,0.8,17,0.85
3831,43,0.8840229537903957,6,0.6,17,0.85
3832,43,0.9284204167925099,7,0.7,17,0.85
3833,43,0.9095439444276654,7,0.7,18,0.9
3834,43,0.9122621564482029,7,0.7,18,0.9
3835,43,0.8424947145877377,8,0.8,17,0.85
3836,43,0.8844759891271519,7,0.7,18,0.9
3837,43,0.8604651162790696,6,0.6,18,0.9
3838,43,0.8400785261250378,7,0.7,17,0.85
3839,43,0.9327997583811537,8,0.8,17,0.85
3840,43,0.8785865297493205,7,0.7,18,0.9
3841,43,0.9238900634249472,7,0.7,18,0.9
3842,43,0.8568408335850195,7,0.7,18,0.9
3843,43,0.8163696768347931,4,0.4,16,0.8
3844,43,0.879492600422833,8,0.8,17,0.85
3845,43,0.9137722742373904,9,0.9,18,0.9
3846,43,0.8885533071579582,8,0.8,16,0.8
3847,43,0.7937179099969798,7,0.7,16,0.8
3848,43,0.8737541528239202,6,0.6,19,0.95
3849,43,0.9250981576562972,7,0.7,17,0.85
3850,43,0.9075807913017215,7,0.7,16,0.8
3851,43,0.8742071881606764,8,0.8,18,0.9
3852,43,0.9106010268800966,8,0.8,20,1.0
3853,43,0.8672606463304138,8,0.8,16,0.8
3854,43,0.893687707641196,6,0.6,18,0.9
3855,43,0.9137722742373904,7,0.7,18,0.9
3856,43,0.9001812141347025,7,0.7,18,0.9
3857,43,0.8341890667472063,6,0.6,16,0.8
3858,43,0.8660525520990636,8,0.8,16,0.8
3859,43,0.9112050739957717,5,0.5,19,0.95
3860,43,0.9249471458773784,7,0.7,19,0.95
3861,43,0.8686197523406824,7,0.7,16,0.8
3862,43,0.8595590456055572,8,0.8,17,0.85
3863,43,0.9041075203865901,7,0.7,18,0.9
3864,43,0.9297795228027786,8,0.8,19,0.95
3865,43,0.86650558743582,8,0.8,15,0.75
3866,43,0.8961038961038961,7,0.7,16,0.8
3867,43,0.8918755662941711,8,0.8,16,0.8
3868,43,0.8574448807006946,6,0.6,17,0.85
3869,43,0.8577469042585322,8,0.8,16,0.8
3870,43,0.9184536393838719,8,0.8,19,0.95
3871,43,0.9441256418000605,7,0.7,19,0.95
3872,43,0.9290244639081849,8,0.8,18,0.9
3873,43,0.83615221987315,6,0.6,17,0.85
3874,43,0.9022953790395651,7,0.7,18,0.9
3875,43,0.9414074297795227,8,0.8,19,0.95
3876,43,0.9145273331319843,7,0.7,17,0.85
3877,43,0.8791905768649955,6,0.6,18,0.9
3878,43,0.8743581999395953,8,0.8,19,0.95
3879,43,0.8634853518574449,6,0.6,17,0.85
3880,43,0.8923286016309272,8,0.8,17,0.85
3881,43,0.8764723648444579,8,0.8,17,0.85
3882,43,0.9254001812141347,6,0.6,18,0.9
3883,43,0.8517064331017818,7,0.7,15,0.75
3884,43,0.9127151917849592,8,0.8,18,0.9
3885,43,0.9415584415584415,7,0.7,19,0.95
3886,43,0.8903654485049833,7,0.7,17,0.85
3887,43,0.8443068559347628,6,0.6,15,0.75
3888,43,0.8663545756569011,9,0.9,17,0.85
3889,43,0.8986710963455148,7,0.7,16,0.8
3890,43,0.9284204167925099,7,0.7,19,0.95
3891,43,0.9032014497130776,8,0.8,16,0.8
3892,43,0.8684687405617638,9,0.9,16,0.8
3893,43,0.8684687405617638,6,0.6,17,0.85
3894,43,0.9012382965871337,7,0.7,19,0.95
3895,43,0.8290546662639685,6,0.6,17,0.85
3896,43,0.8871942011476895,5,0.5,16,0.8
3897,43,0.8461189972817881,6,0.6,18,0.9
3898,43,0.9472968891573543,8,0.8,19,0.95
3899,43,0.8890063424947146,7,0.7,17,0.85
3900,43,0.9000302023557838,7,0.7,17,0.85
3901,43,0.8562367864693446,8,0.8,16,0.8
3902,43,0.9231350045303534,7,0.7,18,0.9
3903,43,0.885684083358502,7,0.7,18,0.9
3904,43,0.9028994261552401,8,0.8,18,0.9
3905,43,0.8628813047417698,8,0.8,16,0.8
3906,43,0.8418906674720629,7,0.7,18,0.9
3907,43,0.8628813047417698,6,0.6,16,0.8
3908,43,0.883871942011477,8,0.8,16,0.8
3909,43,0.8986710963455148,7,0.7,18,0.9
3910,43,0.9077318030806404,7,0.7,19,0.95
3911,43,0.8500453035336756,7,0.7,17,0.85
3912,43,0.8234672304439746,6,0.6,17,0.85
3913,43,0.8595590456055572,7,0.7,17,0.85
3914,43,0.869676834793114,7,0.7,18,0.9
3915,43,0.9352159468438537,9,0.9,18,0.9
3916,43,0.8734521292660826,8,0.8,16,0.8
3917,43,0.8530655391120509,7,0.7,15,0.75
3918,43,0.8941407429779523,8,0.8,17,0.85
3919,43,0.8805496828752641,6,0.6,18,0.9
3920,43,0.8841739655693145,7,0.7,18,0.9
3921,43,0.886892177589852,6,0.6,19,0.95
3922,43,0.8743581999395953,7,0.7,19,0.95
3923,43,0.8504983388704318,8,0.8,16,0.8
3924,43,0.9133192389006344,8,0.8,17,0.85
3925,43,0.9035034732709151,8,0.8,18,0.9
3926,43,0.9235880398671097,8,0.8,16,0.8
3927,43,0.887496224705527,7,0.7,16,0.8
3928,43,0.8958018725460586,7,0.7,18,0.9
3929,43,0.8923286016309272,6,0.6,17,0.85
3930,43,0.9137722742373904,7,0.7,18,0.9
3931,43,0.838115372999094,8,0.8,16,0.8
3932,43,0.9169435215946844,6,0.6,18,0.9
3933,43,0.9149803684687406,7,0.7,17,0.85
3934,43,0.8710359408033826,8,0.8,16,0.8
3935,43,0.8430987617034128,8,0.8,17,0.85
3936,43,0.8302627604953187,6,0.6,16,0.8
3937,43,0.9036544850498339,7,0.7,16,0.8
3938,43,0.8338870431893688,7,0.7,17,0.85
3939,43,0.9075807913017215,9,0.9,19,0.95
3940,43,0.911658109332528,9,0.9,17,0.85
3941,43,0.8871942011476895,5,0.5,18,0.9
3942,43,0.9056176381757777,6,0.6,18,0.9
3943,43,0.9199637571730594,8,0.8,18,0.9
3944,43,0.8894593778314709,7,0.7,19,0.95
3945,43,0.8444578677136816,6,0.6,16,0.8
3946,43,0.9148293566898219,7,0.7,16,0.8
3947,43,0.891724554515252,8,0.8,18,0.9
3948,43,0.8888553307157958,6,0.6,18,0.9
3949,43,0.7937179099969798,6,0.6,16,0.8
3950,43,0.9041075203865901,8,0.8,17,0.85
3951,43,0.7808819087888854,7,0.7,17,0.85
3952,43,0.8861371186952581,9,0.9,18,0.9
3953,43,0.8862881304741771,6,0.6,19,0.95
3954,43,0.911507097553609,7,0.7,18,0.9
3955,43,0.861522198731501,7,0.7,16,0.8
3956,43,0.9263062518876471,6,0.6,19,0.95
3957,43,0.8455149501661129,6,0.6,17,0.85
3958,43,0.9176985804892781,6,0.6,18,0.9
3959,43,0.9074297795228028,7,0.7,19,0.95
3960,43,0.9250981576562972,8,0.8,17,0.85
3961,43,0.8189368770764119,6,0.6,18,0.9
3962,43,0.8973119903352461,9,0.9,17,0.85
3963,43,0.911507097553609,7,0.7,18,0.9
3964,43,0.9007852612503776,8,0.8,17,0.85
3965,43,0.8128964059196617,7,0.7,15,0.75
3966,43,0.854122621564482,7,0.7,17,0.85
3967,43,0.8470250679553005,8,0.8,17,0.85
3968,43,0.8876472364844458,7,0.7,18,0.9
3969,43,0.9229839927514346,8,0.8,18,0.9
3970,43,0.8906674720628208,8,0.8,19,0.95
3971,43,0.8633343400785262,8,0.8,17,0.85
3972,43,0.9189066747206283,7,0.7,18,0.9
3973,43,0.894895801872546,8,0.8,18,0.9
3974,43,0.9510721836303231,7,0.7,19,0.95
3975,43,0.9098459679855028,8,0.8,18,0.9
3976,43,0.8106312292358804,8,0.8,15,0.75
3977,43,0.8772274237390516,9,0.9,17,0.85
3978,43,0.8970099667774085,8,0.8,17,0.85
3979,43,0.9128662035638779,7,0.7,18,0.9
3980,43,0.9263062518876471,7,0.7,18,0.9
3981,43,0.8858350951374208,7,0.7,17,0.85
3982,43,0.8805496828752641,6,0.6,17,0.85
3983,43,0.8994261552401087,8,0.8,18,0.9
3984,43,0.8953488372093023,7,0.7,18,0.9
3985,43,0.8903654485049833,7,0.7,16,0.8
3986,43,0.8440048323769253,7,0.7,17,0.85
3987,43,0.9044095439444275,7,0.7,17,0.85
3988,43,0.8822108124433704,7,0.7,18,0.9
3989,43,0.8826638477801267,7,0.7,17,0.85
3990,43,0.9403503473270916,8,0.8,19,0.95
3991,43,0.8488372093023255,7,0.7,17,0.85
3992,43,0.8440048323769253,7,0.7,17,0.85
3993,43,0.9243430987617035,8,0.8,16,0.8
3994,43,0.8722440350347327,8,0.8,17,0.85
3995,43,0.8612201751736636,8,0.8,18,0.9
3996,43,0.8434007852612504,7,0.7,17,0.85
3997,43,0.8719420114768952,8,0.8,17,0.85
3998,43,0.8468740561763818,7,0.7,18,0.9
3999,43,0.9090909090909091,8,0.8,18,0.9
4000,43,0.8983690727876775,8,0.8,18,0.9
4001,43,0.9216248867411658,7,0.7,18,0.9
4002,43,0.8841739655693145,10,1.0,17,0.85
4003,43,0.8884022953790395,8,0.8,19,0.95
4004,43,0.8622772576260949,7,0.7,16,0.8
4005,43,0.8840229537903957,6,0.6,18,0.9
4006,43,0.9359710057384475,8,0.8,19,0.95
4007,43,0.9131682271217156,8,0.8,18,0.9
4008,43,0.8554817275747508,6,0.6,15,0.75
4009,43,0.9032014497130776,7,0.7,17,0.85
4010,43,0.8959528843249773,8,0.8,18,0.9
4011,43,0.9069767441860466,8,0.8,18,0.9
4012,43,0.9044095439444275,6,0.6,17,0.85
4013,43,0.8592570220477197,8,0.8,16,0.8
4014,43,0.8849290244639082,7,0.7,18,0.9
4015,43,0.9106010268800966,7,0.7,17,0.85
4016,43,0.8956508607671397,8,0.8,17,0.85
4017,43,0.8224101479915432,8,0.8,16,0.8
4018,43,0.9095439444276654,7,0.7,17,0.85
4019,43,0.8301117487163999,6,0.6,18,0.9
4020,43,0.7339172455451525,6,0.6,15,0.75
4021,43,0.8852310480217457,8,0.8,18,0.9
4022,43,0.9199637571730594,7,0.7,20,1.0
4023,43,0.9485049833887043,9,0.9,19,0.95
4024,43,0.8873452129266083,6,0.6,18,0.9
4025,43,0.8279975838115372,7,0.7,16,0.8
4026,43,0.891271519178496,7,0.7,18,0.9
4027,43,0.8945937783147085,8,0.8,19,0.95
4028,43,0.9077318030806404,8,0.8,18,0.9
4029,43,0.8568408335850195,7,0.7,16,0.8
4030,43,0.9068257324071278,9,0.9,18,0.9
4031,43,0.854122621564482,7,0.7,18,0.9
4032,43,0.9231350045303534,7,0.7,17,0.85
4033,43,0.9374811235276351,8,0.8,19,0.95
4034,43,0.9131682271217156,8,0.8,17,0.85
4035,43,0.9297795228027786,7,0.7,18,0.9
4036,43,0.8935366958622774,8,0.8,18,0.9
4037,43,0.9149803684687406,7,0.7,19,0.95
4038,43,0.8814557535487768,8,0.8,17,0.85
4039,43,0.8535185744488069,6,0.6,17,0.85
4040,43,0.9302325581395349,6,0.6,17,0.85
4041,43,0.8497432799758382,6,0.6,16,0.8
4042,43,0.8298097251585622,6,0.6,17,0.85
4043,43,0.8983690727876775,7,0.7,17,0.85
4044,43,0.8613711869525823,6,0.6,17,0.85
4045,43,0.8760193295077017,7,0.7,16,0.8
4046,43,0.8172757475083057,8,0.8,15,0.75
4047,43,0.8983690727876775,8,0.8,17,0.85
4048,43,0.905919661733615,7,0.7,16,0.8
4049,43,0.8506493506493507,7,0.7,19,0.95
4050,43,0.9249471458773784,7,0.7,18,0.9
4051,43,0.8822108124433704,7,0.7,18,0.9
4052,43,0.873905164602839,8,0.8,17,0.85
4053,43,0.8908184838417396,8,0.8,18,0.9
4054,43,0.89927514346119,7,0.7,18,0.9
4055,43,0.9315916641498038,8,0.8,18,0.9
4056,43,0.8604651162790696,8,0.8,17,0.85
4057,43,0.8110842645726367,8,0.8,16,0.8
4058,43,0.8029296285110238,7,0.7,16,0.8
4059,43,0.901087284808215,8,0.8,19,0.95
4060,43,0.901087284808215,7,0.7,18,0.9
4061,43,0.8814557535487768,6,0.6,16,0.8
4062,43,0.761401389308366,6,0.6,16,0.8
4063,43,0.8994261552401087,8,0.8,19,0.95
4064,43,0.9125641800060404,8,0.8,18,0.9
4065,43,0.8523104802174569,7,0.7,16,0.8
4066,43,0.8802476593174268,6,0.6,17,0.85
4067,43,0.8897614013893083,7,0.7,18,0.9
4068,43,0.8941407429779523,8,0.8,17,0.85
4069,43,0.8890063424947146,8,0.8,17,0.85
4070,43,0.8310178193899125,7,0.7,16,0.8
4071,43,0.9180006040471157,8,0.8,18,0.9
4072,43,0.8865901540320145,7,0.7,17,0.85
4073,43,0.8791905768649955,7,0.7,17,0.85
4074,43,0.9015403201449713,8,0.8,17,0.85
4075,43,0.9069767441860466,6,0.6,19,0.95
4076,43,0.8894593778314709,8,0.8,17,0.85
4077,43,0.8942917547568711,8,0.8,18,0.9
4078,43,0.887496224705527,8,0.8,18,0.9
4079,43,0.8524614919963757,8,0.8,17,0.85
4080,43,0.9281183932346722,8,0.8,18,0.9
4081,43,0.9257022047719722,7,0.7,19,0.95
4082,43,0.9205678042887345,7,0.7,19,0.95
4083,43,0.9152823920265781,7,0.7,18,0.9
4084,43,0.9056176381757777,7,0.7,18,0.9
4085,43,0.8847780126849895,6,0.6,17,0.85
4086,43,0.8607671398369071,5,0.5,17,0.85
4087,43,0.7860163092721232,5,0.5,17,0.85
4088,43,0.8965569314406524,8,0.8,18,0.9
4089,43,0.8734521292660826,8,0.8,17,0.85
4090,43,0.8788885533071579,7,0.7,17,0.85
4091,43,0.8193899124131682,8,0.8,16,0.8
4092,43,0.8737541528239202,6,0.6,17,0.85
4093,43,0.869676834793114,6,0.6,18,0.9
4094,43,0.9066747206282089,7,0.7,17,0.85
4095,43,0.9453337360314105,8,0.8,18,0.9
4096,43,0.899879190576865,9,0.9,16,0.8
4097,43,0.8373603141045001,8,0.8,15,0.75
4098,43,0.8308668076109937,6,0.6,16,0.8
4099,43,0.9063726970703716,7,0.7,17,0.85
4100,43,0.8986710963455148,8,0.8,17,0.85
4101,43,0.9192086982784656,7,0.7,19,0.95
4102,43,0.8174267592872244,9,0.9,17,0.85
4103,43,0.8637873754152824,7,0.7,17,0.85
4104,43,0.9025974025974025,8,0.8,16,0.8
4105,43,0.9193597100573844,9,0.9,17,0.85
4106,43,0.8785865297493205,8,0.8,17,0.85
4107,43,0.9047115675022651,7,0.7,19,0.95
4108,43,0.9030504379341588,7,0.7,18,0.9
4109,43,0.8228631833282997,8,0.8,17,0.85
4110,43,0.9007852612503776,7,0.7,18,0.9
4111,43,0.9335548172757474,7,0.7,17,0.85
4112,43,0.8805496828752641,7,0.7,16,0.8
4113,43,0.8557837511325883,6,0.6,17,0.85
4114,43,0.9093929326487467,7,0.7,18,0.9
4115,43,0.8950468136514649,6,0.6,17,0.85
4116,43,0.8760193295077017,8,0.8,16,0.8
4117,43,0.8918755662941711,9,0.9,17,0.85
4118,43,0.9074297795228028,9,0.9,17,0.85
4119,43,0.9080338266384779,8,0.8,18,0.9
4120,43,0.893687707641196,7,0.7,16,0.8
4121,43,0.8908184838417396,7,0.7,17,0.85
4122,43,0.932648746602235,8,0.8,18,0.9
4123,43,0.8849290244639082,7,0.7,17,0.85
4124,43,0.8464210208396254,8,0.8,15,0.75
4125,43,0.9013893083660526,7,0.7,18,0.9
4126,43,0.938840229537904,7,0.7,20,1.0
4127,43,0.9075807913017215,7,0.7,17,0.85
4128,43,0.8338870431893688,8,0.8,17,0.85
4129,43,0.8648444578677137,7,0.7,17,0.85
4130,43,0.9107520386590153,6,0.6,18,0.9
4131,43,0.9186046511627907,8,0.8,18,0.9
4132,43,0.8775294472968892,8,0.8,17,0.85
4133,43,0.9472968891573543,8,0.8,18,0.9
4134,43,0.9167925098157657,9,0.9,17,0.85
4135,43,0.9204167925098158,8,0.8,17,0.85
4136,43,0.885684083358502,8,0.8,17,0.85
4137,43,0.8811537299909392,8,0.8,18,0.9
4138,43,0.9240410752038659,8,0.8,18,0.9
4139,43,0.8761703412866204,7,0.7,17,0.85
4140,43,0.8723950468136514,7,0.7,17,0.85
4141,43,0.8719420114768952,8,0.8,17,0.85
4142,43,0.9007852612503776,7,0.7,18,0.9
4143,43,0.8498942917547568,6,0.6,16,0.8
4144,43,0.8655995167623075,8,0.8,17,0.85
4145,43,0.8803986710963455,7,0.7,16,0.8
4146,43,0.8761703412866204,8,0.8,15,0.75
4147,43,0.89927514346119,8,0.8,17,0.85
4148,43,0.9163394744790094,8,0.8,17,0.85
4149,43,0.914678344910903,8,0.8,17,0.85
4150,43,0.9000302023557838,8,0.8,18,0.9
4151,43,0.8945937783147085,7,0.7,18,0.9
4152,43,0.8885533071579582,7,0.7,18,0.9
4153,43,0.8464210208396254,7,0.7,18,0.9
4154,43,0.9237390516460284,8,0.8,19,0.95
4155,43,0.9380851706433102,9,0.9,20,1.0
4156,43,0.8668076109936574,6,0.6,18,0.9
4157,43,0.9157354273633344,8,0.8,19,0.95
4158,43,0.9287224403503472,8,0.8,18,0.9
4159,43,0.8594080338266384,7,0.7,16,0.8
4160,43,0.8627302929628511,7,0.7,17,0.85
4161,43,0.9136212624584716,7,0.7,19,0.95
4162,43,0.7444880700694654,7,0.7,16,0.8
4163,43,0.9284204167925099,8,0.8,19,0.95
4164,43,0.8767743884022955,7,0.7,18,0.9
4165,43,0.9053156146179403,7,0.7,18,0.9
4166,43,0.847931138628813,6,0.6,15,0.75
4167,43,0.8521594684385383,8,0.8,15,0.75
4168,43,0.8542736333434008,7,0.7,18,0.9
4169,43,0.883871942011477,7,0.7,18,0.9
4170,43,0.8536695862277256,5,0.5,17,0.85
4171,43,0.8761703412866204,7,0.7,18,0.9
4172,43,0.7935668982180609,7,0.7,16,0.8
4173,43,0.8959528843249773,7,0.7,18,0.9
4174,43,0.807762005436424,7,0.7,17,0.85
4175,43,0.888100271821202,8,0.8,17,0.85
4176,43,0.7965871337964362,8,0.8,16,0.8
4177,43,0.931440652370885,7,0.7,18,0.9
4178,43,0.9300815463606161,8,0.8,19,0.95
4179,43,0.8723950468136514,6,0.6,17,0.85
4180,43,0.9323467230443975,8,0.8,17,0.85
4181,43,0.8565388100271821,7,0.7,17,0.85
4182,43,0.8633343400785262,7,0.7,17,0.85
4183,43,0.9033524614919963,8,0.8,15,0.75
4184,43,0.9429175475687103,8,0.8,18,0.9
4185,43,0.9098459679855028,7,0.7,18,0.9
4186,43,0.9284204167925099,8,0.8,18,0.9
4187,43,0.9003322259136213,7,0.7,17,0.85
4188,43,0.9003322259136213,7,0.7,17,0.85
4189,43,0.8725460585925702,8,0.8,17,0.85
4190,43,0.8662035638779824,7,0.7,17,0.85
4191,43,0.8464210208396254,5,0.5,16,0.8
4192,43,0.8885533071579582,7,0.7,16,0.8
4193,43,0.8906674720628208,7,0.7,18,0.9
4194,43,0.9016913319238901,8,0.8,18,0.9
4195,43,0.8483841739655693,6,0.6,16,0.8
4196,43,0.9047115675022651,8,0.8,17,0.85
4197,43,0.8970099667774085,8,0.8,18,0.9
4198,43,0.8811537299909392,6,0.6,17,0.85
4199,43,0.9439746300211415,6,0.6,19,0.95
4200,43,0.8550286922379946,6,0.6,17,0.85
4201,43,0.8832678948958019,5,0.5,18,0.9
4202,43,0.8859861069163395,8,0.8,17,0.85
4203,43,0.8355481727574751,6,0.6,17,0.85
4204,43,0.8459679855028693,7,0.7,16,0.8
4205,43,0.9264572636665659,8,0.8,19,0.95
4206,43,0.8808517064331017,8,0.8,17,0.85
4207,43,0.8488372093023255,8,0.8,16,0.8
4208,43,0.8378133494412565,7,0.7,15,0.75
4209,43,0.8628813047417698,6,0.6,16,0.8
4210,43,0.8571428571428571,7,0.7,16,0.8
4211,43,0.9346118997281788,9,0.9,18,0.9
4212,43,0.8494412564180006,7,0.7,17,0.85
4213,43,0.9066747206282089,8,0.8,17,0.85
4214,43,0.9401993355481728,7,0.7,18,0.9
4215,43,0.8554817275747508,6,0.6,16,0.8
4216,43,0.8841739655693145,7,0.7,18,0.9
4217,43,0.822108124433706,6,0.6,18,0.9
4218,43,0.895499848988221,8,0.8,16,0.8
4219,43,0.9303835699184536,8,0.8,18,0.9
4220,43,0.8506493506493507,7,0.7,17,0.85
4221,43,0.9223799456357596,8,0.8,18,0.9
4222,43,0.8560857746904259,7,0.7,16,0.8
4223,43,0.8748112352763515,7,0.7,18,0.9
4224,43,0.807762005436424,8,0.8,16,0.8
4225,43,0.8956508607671397,8,0.8,16,0.8
4226,43,0.8192389006342494,7,0.7,17,0.85
4227,43,0.8681667170039264,8,0.8,15,0.75
4228,43,0.8394744790093628,7,0.7,17,0.85
4229,43,0.8704318936877077,6,0.6,19,0.95
4230,43,0.8509513742071881,5,0.5,18,0.9
4231,43,0.8796436122017517,7,0.7,18,0.9
4232,43,0.854122621564482,7,0.7,16,0.8
4233,43,0.9184536393838719,7,0.7,18,0.9
4234,43,0.8803986710963455,7,0.7,18,0.9
4235,43,0.8498942917547568,7,0.7,16,0.8
4236,43,0.8660525520990636,7,0.7,18,0.9
4237,43,0.8908184838417396,7,0.7,17,0.85
4238,43,0.8633343400785262,7,0.7,16,0.8
4239,43,0.9001812141347025,8,0.8,17,0.85
4240,43,0.8779824826336454,7,0.7,18,0.9
4241,43,0.8443068559347628,7,0.7,16,0.8
4242,43,0.9093929326487467,9,0.9,17,0.85
4243,43,0.8360012080942313,7,0.7,16,0.8
4244,43,0.8595590456055572,8,0.8,16,0.8
4245,43,0.9380851706433102,7,0.7,19,0.95
4246,43,0.8942917547568711,8,0.8,17,0.85
4247,43,0.8441558441558442,7,0.7,16,0.8
4248,43,0.9080338266384779,8,0.8,18,0.9
4249,43,0.9362730292962852,8,0.8,17,0.85
4250,43,0.8776804590758079,7,0.7,17,0.85
4251,43,0.9021443672606464,7,0.7,17,0.85
4252,43,0.8850800362428269,8,0.8,15,0.75
4253,43,0.8867411658109332,6,0.6,18,0.9
4254,43,0.882512836001208,6,0.6,18,0.9
4255,43,0.8686197523406824,7,0.7,18,0.9
4256,43,0.8778314708547267,8,0.8,16,0.8
4257,43,0.8873452129266083,8,0.8,18,0.9
4258,43,0.9374811235276351,7,0.7,18,0.9
4259,43,0.9358199939595288,8,0.8,18,0.9
4260,43,0.8443068559347628,8,0.8,17,0.85
4261,43,0.9213228631833283,8,0.8,18,0.9
4262,43,0.86408939897312,8,0.8,17,0.85
4263,43,0.8509513742071881,6,0.6,17,0.85
4264,43,0.879492600422833,7,0.7,18,0.9
4265,43,0.9109030504379342,9,0.9,18,0.9
4266,43,0.8751132588341892,8,0.8,18,0.9
4267,43,0.9045605557233464,9,0.9,18,0.9
4268,43,0.8778314708547267,7,0.7,17,0.85
4269,43,0.8742071881606764,8,0.8,17,0.85
4270,43,0.8441558441558442,7,0.7,18,0.9
4271,43,0.9184536393838719,7,0.7,18,0.9
4272,43,0.8855330715795833,8,0.8,17,0.85
4273,43,0.8763213530655392,7,0.7,17,0.85
4274,43,0.9302325581395349,7,0.7,19,0.95
4275,43,0.8622772576260949,6,0.6,19,0.95
4276,43,0.9323467230443975,7,0.7,19,0.95
4277,43,0.9349139232860163,9,0.9,18,0.9
4278,43,0.885684083358502,6,0.6,18,0.9
4279,43,0.9130172153427967,8,0.8,16,0.8
4280,43,0.8924796134098459,7,0.7,16,0.8
4281,43,0.9101479915433404,7,0.7,18,0.9
4282,43,0.8459679855028693,6,0.6,18,0.9
4283,43,0.8553307157958322,9,0.9,15,0.75
4284,43,0.9069767441860466,7,0.7,19,0.95
4285,43,0.9155844155844157,7,0.7,17,0.85
4286,43,0.8026276049531863,8,0.8,16,0.8
4287,43,0.9180006040471157,8,0.8,17,0.85
4288,43,0.8692237994563576,5,0.5,17,0.85
4289,43,0.9254001812141347,8,0.8,18,0.9
4290,43,0.8634853518574449,7,0.7,16,0.8
4291,43,0.8311688311688312,7,0.7,17,0.85
4292,43,0.8829658713379642,7,0.7,17,0.85
4293,43,0.8877982482633646,8,0.8,18,0.9
4294,43,0.9053156146179403,8,0.8,16,0.8
4295,43,0.894895801872546,8,0.8,17,0.85
4296,43,0.8769254001812142,7,0.7,17,0.85
4297,43,0.8861371186952581,8,0.8,17,0.85
4298,43,0.9130172153427967,9,0.9,19,0.95
4299,43,0.8692237994563576,6,0.6,17,0.85
4300,43,0.9007852612503776,7,0.7,17,0.85
4301,43,0.7168529145273332,6,0.6,14,0.7
4302,43,0.9327997583811537,8,0.8,19,0.95
4303,43,0.830564784053156,7,0.7,16,0.8
4304,43,0.8906674720628208,7,0.7,18,0.9
4305,43,0.893083660525521,8,0.8,17,0.85
4306,43,0.8565388100271821,6,0.6,17,0.85
4307,43,0.9229839927514346,8,0.8,18,0.9
4308,43,0.871488976140139,8,0.8,16,0.8
4309,43,0.9303835699184536,7,0.7,18,0.9
4310,43,0.939444276653579,8,0.8,18,0.9
4311,43,0.9107520386590153,8,0.8,17,0.85
4312,43,0.9087888855330716,8,0.8,16,0.8
4313,43,0.9300815463606161,8,0.8,17,0.85
4314,43,0.8551797040169132,8,0.8,18,0.9
4315,43,0.9099969797644217,8,0.8,18,0.9
4316,43,0.8504983388704318,6,0.6,17,0.85
4317,43,0.8941407429779523,8,0.8,17,0.85
4318,43,0.8986710963455148,9,0.9,18,0.9
4319,43,0.8772274237390516,5,0.5,18,0.9
4320,43,0.8261854424645122,6,0.6,16,0.8
4321,43,0.881304741769858,5,0.5,18,0.9
4322,43,0.8675626698882513,6,0.6,18,0.9
4323,43,0.8222591362126245,7,0.7,15,0.75
4324,43,0.905919661733615,8,0.8,17,0.85
4325,43,0.9012382965871337,8,0.8,17,0.85
4326,43,0.8328299607369375,5,0.5,17,0.85
4327,43,0.9039565086076714,6,0.6,17,0.85
4328,43,0.887496224705527,7,0.7,17,0.85
4329,43,0.8319238900634249,7,0.7,16,0.8
4330,43,0.8945937783147085,7,0.7,18,0.9
4331,43,0.7810329205678043,7,0.7,16,0.8
4332,43,0.8799456357595893,6,0.6,17,0.85
4333,43,0.919661733615222,7,0.7,18,0.9
4334,43,0.8523104802174569,7,0.7,16,0.8
4335,43,0.8871942011476895,6,0.6,19,0.95
4336,43,0.9189066747206283,9,0.9,18,0.9
4337,43,0.8702808819087888,7,0.7,16,0.8
4338,43,0.9389912413168227,7,0.7,18,0.9
4339,43,0.9376321353065539,8,0.8,18,0.9
4340,43,0.9098459679855028,8,0.8,19,0.95
4341,43,0.8341890667472063,5,0.5,17,0.85
4342,43,0.9127151917849592,8,0.8,17,0.85
4343,43,0.8867411658109332,6,0.6,19,0.95
4344,43,0.8550286922379946,6,0.6,17,0.85
4345,43,0.9062216852914529,7,0.7,17,0.85
4346,43,0.881304741769858,7,0.7,18,0.9
4347,43,0.8933856840833586,7,0.7,18,0.9
4348,43,0.8761703412866204,7,0.7,17,0.85
4349,43,0.8861371186952581,8,0.8,18,0.9
4350,43,0.8113862881304741,5,0.5,16,0.8
4351,43,0.8646934460887948,6,0.6,18,0.9
4352,43,0.8719420114768952,6,0.6,17,0.85
4353,43,0.9192086982784656,8,0.8,18,0.9
4354,43,0.9176985804892781,7,0.7,18,0.9
4355,43,0.8903654485049833,8,0.8,16,0.8
4356,43,0.93325279371791,9,0.9,18,0.9
4357,43,0.8517064331017818,5,0.5,19,0.95
4358,43,0.8847780126849895,7,0.7,17,0.85
4359,43,0.9255511929930534,7,0.7,18,0.9
4360,43,0.9110540622168529,8,0.8,17,0.85
4361,43,0.882512836001208,7,0.7,17,0.85
4362,43,0.8722440350347327,8,0.8,17,0.85
4363,43,0.7518876472364844,8,0.8,15,0.75
4364,43,0.822108124433706,7,0.7,17,0.85
4365,43,0.9317426759287224,8,0.8,18,0.9
4366,43,0.8500453035336756,5,0.5,17,0.85
4367,43,0.8387194201147691,7,0.7,15,0.75
4368,43,0.9048625792811839,8,0.8,19,0.95
4369,43,0.8701298701298701,7,0.7,17,0.85
4370,43,0.828148595590456,7,0.7,16,0.8
4371,43,0.9083358501963152,6,0.6,19,0.95
4372,43,0.891271519178496,8,0.8,17,0.85
4373,43,0.8846270009060708,5,0.5,19,0.95
4374,43,0.9025974025974025,7,0.7,17,0.85
4375,43,0.9047115675022651,8,0.8,18,0.9
4376,43,0.8781334944125642,9,0.9,17,0.85
4377,43,0.9016913319238901,8,0.8,17,0.85
4378,43,0.8293566898218061,6,0.6,17,0.85
4379,43,0.8421926910299004,7,0.7,17,0.85
4380,43,0.8230141951072184,7,0.7,15,0.75
4381,43,0.8375113258834188,7,0.7,17,0.85
4382,43,0.8902144367260648,9,0.9,16,0.8
4383,43,0.854122621564482,6,0.6,17,0.85
4384,43,0.8566898218061009,8,0.8,17,0.85
4385,43,0.9047115675022651,8,0.8,17,0.85
4386,43,0.8743581999395953,7,0.7,15,0.75
4387,43,0.8879492600422834,8,0.8,17,0.85
4388,43,0.9426155240108728,8,0.8,18,0.9
4389,43,0.9260042283298098,8,0.8,19,0.95
4390,43,0.8299607369374813,8,0.8,14,0.7
4391,43,0.8994261552401087,8,0.8,17,0.85
4392,43,0.8471760797342193,6,0.6,17,0.85
4393,43,0.8890063424947146,6,0.6,18,0.9
4394,43,0.891271519178496,6,0.6,17,0.85
4395,43,0.9133192389006344,7,0.7,18,0.9
4396,43,0.8995771670190275,8,0.8,18,0.9
4397,43,0.8363032316520689,6,0.6,16,0.8
4398,43,0.9181516158260344,8,0.8,19,0.95
4399,43,0.8678646934460886,6,0.6,19,0.95
4400,43,0.8850800362428269,6,0.6,17,0.85
4401,43,0.8748112352763515,8,0.8,18,0.9
4402,43,0.9409543944427665,7,0.7,18,0.9
4403,43,0.9149803684687406,8,0.8,17,0.85
4404,43,0.9367260646330413,8,0.8,18,0.9
4405,43,0.880096647538508,7,0.7,18,0.9
4406,43,0.8778314708547267,8,0.8,17,0.85
4407,43,0.925249169435216,7,0.7,17,0.85
4408,43,0.8897614013893083,9,0.9,18,0.9
4409,43,0.8796436122017517,6,0.6,16,0.8
4410,43,0.8773784355179703,8,0.8,16,0.8
4411,43,0.9267592872244035,8,0.8,18,0.9
4412,43,0.9447296889157354,9,0.9,18,0.9
4413,43,0.9432195711265478,8,0.8,19,0.95
4414,43,0.9124131682271217,7,0.7,18,0.9
4415,43,0.8621262458471761,9,0.9,17,0.85
4416,43,0.8470250679553005,7,0.7,16,0.8
4417,43,0.8742071881606764,7,0.7,18,0.9
4418,43,0.9099969797644217,9,0.9,18,0.9
4419,43,0.7993053458169737,9,0.9,15,0.75
4420,43,0.8749622470552701,6,0.6,17,0.85
4421,43,0.8360012080942313,6,0.6,17,0.85
4422,43,0.9047115675022651,7,0.7,18,0.9
4423,43,0.8548776804590759,7,0.7,16,0.8
4424,43,0.8835699184536393,7,0.7,17,0.85
4425,43,0.9035034732709151,7,0.7,19,0.95
4426,43,0.9006342494714589,8,0.8,18,0.9
4427,43,0.89927514346119,8,0.8,18,0.9
4428,43,0.8722440350347327,7,0.7,18,0.9
4429,43,0.9122621564482029,5,0.5,18,0.9
4430,43,0.8950468136514649,7,0.7,18,0.9
4431,43,0.8920265780730897,7,0.7,19,0.95
4432,43,0.9099969797644217,8,0.8,18,0.9
4433,43,0.8785865297493205,7,0.7,17,0.85
4434,43,0.883720930232558,6,0.6,18,0.9
4435,43,0.8517064331017818,7,0.7,17,0.85
4436,43,0.9112050739957717,8,0.8,18,0.9
4437,43,0.8627302929628511,8,0.8,16,0.8
4438,43,0.8958018725460586,8,0.8,17,0.85
4439,43,0.8692237994563576,8,0.8,18,0.9
4440,43,0.9068257324071278,8,0.8,20,1.0
4441,43,0.8344910903050438,7,0.7,18,0.9
4442,43,0.8562367864693446,7,0.7,16,0.8
4443,43,0.8911205073995773,7,0.7,19,0.95
4444,43,0.9320446994865599,8,0.8,17,0.85
4445,43,0.8840229537903957,7,0.7,18,0.9
4446,43,0.9021443672606464,5,0.5,18,0.9
4447,43,0.9148293566898219,6,0.6,18,0.9
4448,43,0.9022953790395651,6,0.6,18,0.9
4449,43,0.9229839927514346,7,0.7,19,0.95
4450,43,0.9303835699184536,8,0.8,19,0.95
4451,43,0.8929326487466023,9,0.9,17,0.85
4452,43,0.8941407429779523,8,0.8,17,0.85
4453,43,0.8870431893687708,8,0.8,16,0.8
4454,43,0.885684083358502,5,0.5,17,0.85
4455,43,0.9102990033222591,8,0.8,17,0.85
4456,43,0.8994261552401087,7,0.7,17,0.85
4457,43,0.9137722742373904,8,0.8,19,0.95
4458,43,0.8429477499244941,7,0.7,17,0.85
4459,43,0.8974630021141649,6,0.6,18,0.9
4460,43,0.8871942011476895,8,0.8,17,0.85
4461,43,0.8767743884022955,7,0.7,18,0.9
4462,43,0.8971609785563273,7,0.7,17,0.85
4463,43,0.9149803684687406,7,0.7,19,0.95
4464,43,0.9376321353065539,8,0.8,18,0.9
4465,43,0.880096647538508,10,1.0,16,0.8
4466,43,0.8784355179704018,8,0.8,15,0.75
4467,43,0.8073089700996677,7,0.7,16,0.8
4468,43,0.8634853518574449,6,0.6,18,0.9
4469,43,0.8598610691633947,7,0.7,18,0.9
4470,43,0.9003322259136213,7,0.7,17,0.85
4471,43,0.9208698278465719,8,0.8,18,0.9
4472,43,0.8938387194201147,7,0.7,16,0.8
4473,43,0.9157354273633344,8,0.8,19,0.95
4474,43,0.8464210208396254,7,0.7,16,0.8
4475,43,0.927061310782241,7,0.7,18,0.9
4476,43,0.9291754756871037,8,0.8,17,0.85
4477,43,0.9408033826638477,8,0.8,19,0.95
4478,43,0.886892177589852,8,0.8,17,0.85
4479,43,0.8799456357595893,7,0.7,17,0.85
4480,43,0.9173965569314406,8,0.8,19,0.95
4481,43,0.8973119903352461,7,0.7,18,0.9
4482,43,0.8701298701298701,10,1.0,17,0.85
4483,43,0.9152823920265781,7,0.7,18,0.9
4484,43,0.9173965569314406,8,0.8,17,0.85
4485,43,0.8805496828752641,6,0.6,17,0.85
4486,43,0.9098459679855028,7,0.7,18,0.9
4487,43,0.9183026276049532,8,0.8,17,0.85
4488,43,0.9275143461189973,8,0.8,17,0.85
4489,43,0.9272123225611597,7,0.7,19,0.95
4490,43,0.8853820598006644,7,0.7,18,0.9
4491,43,0.8486861975234068,7,0.7,17,0.85
4492,43,0.8731501057082452,7,0.7,16,0.8
4493,43,0.8459679855028693,8,0.8,16,0.8
4494,43,0.8384173965569315,7,0.7,16,0.8
4495,43,0.9213228631833283,7,0.7,19,0.95
4496,43,0.9367260646330413,9,0.9,18,0.9
4497,43,0.8877982482633646,7,0.7,18,0.9
4498,43,0.8468740561763818,7,0.7,18,0.9
4499,43,0.9057686499546964,7,0.7,18,0.9
4500,43,0.9232860163092721,8,0.8,19,0.95
4501,43,0.8606161280579884,7,0.7,16,0.8
4502,43,0.8554817275747508,7,0.7,16,0.8
4503,43,0.8994261552401087,8,0.8,19,0.95
4504,43,0.8850800362428269,8,0.8,16,0.8
4505,43,0.9077318030806404,7,0.7,19,0.95
4506,43,0.8556327393536696,6,0.6,18,0.9
4507,43,0.8950468136514649,9,0.9,18,0.9
4508,43,0.901087284808215,8,0.8,18,0.9
4509,43,0.9427665357897915,7,0.7,19,0.95
4510,43,0.9113560857746904,8,0.8,19,0.95
4511,43,0.8947447900936273,7,0.7,18,0.9
4512,43,0.927061310782241,8,0.8,17,0.85
4513,43,0.8799456357595893,6,0.6,16,0.8
4514,43,0.8989731199033526,8,0.8,16,0.8
4515,43,0.8387194201147691,7,0.7,17,0.85
4516,43,0.9463908184838417,8,0.8,19,0.95
4517,43,0.8375113258834188,7,0.7,15,0.75
4518,43,0.9184536393838719,8,0.8,18,0.9
4519,43,0.9109030504379342,5,0.5,18,0.9
4520,43,0.8876472364844458,8,0.8,17,0.85
4521,43,0.9042585321655088,6,0.6,18,0.9
4522,43,0.807762005436424,8,0.8,16,0.8
4523,43,0.8988221081244335,9,0.9,18,0.9
4524,43,0.9184536393838719,10,1.0,18,0.9
4525,43,0.8511023859861069,7,0.7,17,0.85
4526,43,0.8272425249169435,9,0.9,15,0.75
4527,43,0.8335850196315312,9,0.9,15,0.75
4528,43,0.8678646934460886,7,0.7,17,0.85
4529,43,0.9028994261552401,7,0.7,19,0.95
4530,43,0.9359710057384475,8,0.8,18,0.9
4531,43,0.8935366958622774,7,0.7,17,0.85
4532,43,0.9207188160676532,8,0.8,17,0.85
4533,43,0.8754152823920265,7,0.7,17,0.85
4534,43,0.8500453035336756,7,0.7,16,0.8
4535,43,0.9121111446692841,7,0.7,18,0.9
4536,43,0.80096647538508,8,0.8,16,0.8
4537,43,0.8660525520990636,7,0.7,19,0.95
4538,43,0.9294774992449412,7,0.7,18,0.9
4539,43,0.8736031410450015,6,0.6,18,0.9
4540,43,0.9009362730292962,8,0.8,18,0.9
4541,43,0.9323467230443975,7,0.7,19,0.95
4542,43,0.834340078526125,7,0.7,16,0.8
4543,43,0.8816067653276956,8,0.8,17,0.85
4544,43,0.9672304439746301,7,0.7,18,0.9
4545,43,0.9315916641498038,7,0.7,17,0.85
4546,43,0.8566898218061009,6,0.6,17,0.85
4547,43,0.8947447900936273,9,0.9,18,0.9
4548,43,0.9477499244941106,9,0.9,17,0.85
4549,43,0.922832980972516,7,0.7,18,0.9
4550,43,0.9169435215946844,8,0.8,17,0.85
4551,43,0.8740561763817577,7,0.7,18,0.9
4552,43,0.9071277559649653,8,0.8,17,0.85
4553,43,0.922832980972516,7,0.7,18,0.9
4554,43,0.9006342494714589,6,0.6,17,0.85
4555,43,0.891724554515252,7,0.7,18,0.9
4556,43,0.9282694050135912,8,0.8,18,0.9
4557,43,0.882512836001208,7,0.7,18,0.9
4558,43,0.9183026276049532,9,0.9,18,0.9
4559,43,0.8915735427363335,7,0.7,17,0.85
4560,43,0.6907278767743884,6,0.6,16,0.8
4561,43,0.8799456357595893,8,0.8,17,0.85
4562,43,0.8846270009060708,8,0.8,18,0.9
4563,43,0.8652974932044699,7,0.7,17,0.85
4564,43,0.9305345816973724,7,0.7,18,0.9
4565,43,0.8764723648444579,8,0.8,17,0.85
4566,43,0.7999093929326487,5,0.5,17,0.85
4567,43,0.8299607369374813,8,0.8,17,0.85
4568,43,0.9032014497130776,8,0.8,17,0.85
4569,43,0.8810027182120205,7,0.7,18,0.9
4570,43,0.8877982482633646,7,0.7,18,0.9
4571,43,0.8894593778314709,8,0.8,17,0.85
4572,43,0.8923286016309272,9,0.9,18,0.9
4573,43,0.9198127453941407,7,0.7,18,0.9
4574,43,0.8958018725460586,8,0.8,17,0.85
4575,43,0.8622772576260949,7,0.7,16,0.8
4576,43,0.8187858652974933,6,0.6,16,0.8
4577,43,0.8991241316822713,8,0.8,17,0.85
4578,43,0.9027484143763213,7,0.7,18,0.9
4579,43,0.8057988523104801,5,0.5,18,0.9
4580,43,0.8896103896103896,8,0.8,20,1.0
4581,43,0.8947447900936273,7,0.7,17,0.85
4582,43,0.9223799456357596,8,0.8,19,0.95
4583,43,0.8802476593174268,7,0.7,15,0.75
4584,43,0.9122621564482029,8,0.8,18,0.9
4585,43,0.8591060102688008,6,0.6,17,0.85
4586,43,0.9025974025974025,9,0.9,17,0.85
4587,43,0.8566898218061009,6,0.6,17,0.85
4588,43,0.8692237994563576,7,0.7,18,0.9
4589,43,0.9086378737541528,8,0.8,18,0.9
4590,43,0.894895801872546,7,0.7,18,0.9
4591,43,0.9136212624584716,8,0.8,16,0.8
4592,43,0.8879492600422834,9,0.9,18,0.9
4593,43,0.8397765025672003,6,0.6,17,0.85
4594,43,0.9290244639081849,7,0.7,19,0.95
4595,43,0.8391724554515252,7,0.7,18,0.9
4596,43,0.8926306251887648,8,0.8,18,0.9
4597,43,0.883720930232558,6,0.6,19,0.95
4598,43,0.8755662941709452,8,0.8,17,0.85
4599,43,0.8672606463304138,6,0.6,18,0.9
4600,43,0.9013893083660526,7,0.7,18,0.9
4601,43,0.9211718514044096,8,0.8,16,0.8
4602,43,0.8455149501661129,8,0.8,17,0.85
4603,43,0.9222289338568409,8,0.8,16,0.8
4604,43,0.8581999395952884,7,0.7,17,0.85
4605,43,0.8731501057082452,8,0.8,16,0.8
4606,43,0.861522198731501,6,0.6,18,0.9
4607,43,0.8799456357595893,8,0.8,18,0.9
4608,43,0.8240712775596497,6,0.6,18,0.9
4609,43,0.891724554515252,8,0.8,16,0.8
4610,43,0.9213228631833283,9,0.9,18,0.9
4611,43,0.9065237088492902,9,0.9,16,0.8
4612,43,0.9140742977952281,7,0.7,17,0.85
4613,43,0.8973119903352461,8,0.8,18,0.9
4614,43,0.8911205073995773,7,0.7,17,0.85
4615,43,0.9125641800060404,9,0.9,18,0.9
4616,43,0.8961038961038961,6,0.6,19,0.95
4617,43,0.9099969797644217,8,0.8,18,0.9
4618,43,0.9189066747206283,8,0.8,17,0.85
4619,43,0.8958018725460586,8,0.8,18,0.9
4620,43,0.8811537299909392,6,0.6,18,0.9
4621,43,0.8452129266082755,8,0.8,16,0.8
4622,43,0.885684083358502,7,0.7,18,0.9
4623,43,0.9110540622168529,8,0.8,18,0.9
4624,43,0.8973119903352461,7,0.7,17,0.85
4625,43,0.9019933554817275,8,0.8,19,0.95
4626,43,0.8962549078828148,7,0.7,19,0.95
4627,43,0.8773784355179703,7,0.7,18,0.9
4628,43,0.9160374509211718,7,0.7,17,0.85
4629,43,0.9021443672606464,8,0.8,18,0.9
4630,43,0.9074297795228028,8,0.8,17,0.85
4631,43,0.8939897311990335,6,0.6,16,0.8
4632,43,0.9136212624584716,7,0.7,18,0.9
4633,43,0.8680157052250077,6,0.6,17,0.85
4634,43,0.901087284808215,8,0.8,19,0.95
4635,43,0.9451827242524917,8,0.8,18,0.9
4636,43,0.9282694050135912,8,0.8,18,0.9
4637,43,0.9142253095741468,7,0.7,18,0.9
4638,43,0.9106010268800966,9,0.9,17,0.85
4639,43,0.9089398973119903,8,0.8,17,0.85
4640,43,0.8826638477801267,7,0.7,18,0.9
4641,43,0.888100271821202,8,0.8,17,0.85
4642,43,0.8876472364844458,8,0.8,16,0.8
4643,43,0.9436726064633041,8,0.8,16,0.8
4644,43,0.9084868619752341,7,0.7,18,0.9
4645,43,0.9106010268800966,9,0.9,17,0.85
4646,43,0.8927816369676835,6,0.6,19,0.95
4647,43,0.8989731199033526,7,0.7,17,0.85
4648,43,0.8172757475083057,7,0.7,18,0.9
4649,43,0.8908184838417396,6,0.6,18,0.9
4650,43,0.9022953790395651,9,0.9,18,0.9
4651,43,0.9232860163092721,7,0.7,19,0.95
4652,43,0.9033524614919963,8,0.8,16,0.8
4653,43,0.8784355179704018,7,0.7,18,0.9
4654,43,0.8430987617034128,8,0.8,17,0.85
4655,43,0.9229839927514346,8,0.8,18,0.9
4656,43,0.8971609785563273,7,0.7,18,0.9
4657,43,0.8847780126849895,8,0.8,17,0.85
4658,43,0.9112050739957717,7,0.7,17,0.85
4659,43,0.93325279371791,9,0.9,19,0.95
4660,43,0.8861371186952581,8,0.8,17,0.85
4661,43,0.8828148595590455,7,0.7,17,0.85
4662,43,0.907278767743884,8,0.8,18,0.9
4663,43,0.8295077016007247,6,0.6,18,0.9
4664,43,0.9128662035638779,6,0.6,18,0.9
4665,43,0.9139232860163091,8,0.8,19,0.95
4666,43,0.8733011174871639,9,0.9,19,0.95
4667,43,0.9128662035638779,9,0.9,19,0.95
4668,43,0.9238900634249472,9,0.9,18,0.9
4669,43,0.8929326487466023,7,0.7,16,0.8
4670,43,0.9287224403503472,8,0.8,19,0.95
4671,43,0.8328299607369375,6,0.6,17,0.85
4672,43,0.8814557535487768,8,0.8,16,0.8
4673,43,0.8693748112352764,8,0.8,17,0.85
4674,43,0.9048625792811839,8,0.8,18,0.9
4675,43,0.9004832376925401,8,0.8,20,1.0
4676,43,0.9154334038054968,8,0.8,18,0.9
4677,43,0.8754152823920265,8,0.8,17,0.85
4678,43,0.9433705829054667,8,0.8,19,0.95
4679,43,0.9018423437028088,6,0.6,19,0.95
4680,43,0.8871942011476895,9,0.9,16,0.8
4681,43,0.9235880398671097,7,0.7,18,0.9
4682,43,0.8767743884022955,8,0.8,18,0.9
4683,43,0.9158864391422531,8,0.8,17,0.85
4684,43,0.9389912413168227,8,0.8,18,0.9
4685,43,0.9414074297795227,8,0.8,19,0.95
4686,43,0.8681667170039264,8,0.8,18,0.9
4687,43,0.8926306251887648,6,0.6,16,0.8
4688,43,0.8746602234974328,8,0.8,16,0.8
4689,43,0.9028994261552401,7,0.7,18,0.9
4690,43,0.8994261552401087,7,0.7,18,0.9
4691,43,0.8580489278163697,6,0.6,17,0.85
4692,43,0.8859861069163395,7,0.7,16,0.8
4693,43,0.8671096345514949,7,0.7,17,0.85
4694,43,0.8677136816671699,7,0.7,18,0.9
4695,43,0.8887043189368771,7,0.7,19,0.95
4696,43,0.8799456357595893,6,0.6,18,0.9
4697,43,0.9128662035638779,8,0.8,19,0.95
4698,43,0.954243430987617,8,0.8,19,0.95
4699,43,0.8560857746904259,6,0.6,16,0.8
4700,43,0.9217758985200845,7,0.7,17,0.85
4701,43,0.8319238900634249,7,0.7,18,0.9
4702,43,0.8791905768649955,9,0.9,19,0.95
4703,43,0.9121111446692841,8,0.8,17,0.85
4704,43,0.9030504379341588,8,0.8,16,0.8
4705,43,0.893687707641196,6,0.6,18,0.9
4706,43,0.9113560857746904,8,0.8,17,0.85
4707,43,0.8877982482633646,9,0.9,17,0.85
4708,43,0.7772576260948353,6,0.6,16,0.8
4709,43,0.9361220175173662,7,0.7,18,0.9
4710,43,0.9074297795228028,7,0.7,18,0.9
4711,43,0.9109030504379342,7,0.7,18,0.9
4712,43,0.9232860163092721,8,0.8,18,0.9
4713,43,0.8325279371791,7,0.7,17,0.85
4714,43,0.8763213530655392,7,0.7,17,0.85
4715,43,0.8391724554515252,6,0.6,16,0.8
4716,43,0.8568408335850195,7,0.7,17,0.85
4717,43,0.7985502869223798,8,0.8,17,0.85
4718,43,0.8652974932044699,7,0.7,17,0.85
4719,43,0.8491392328601631,6,0.6,18,0.9
4720,43,0.8424947145877377,7,0.7,17,0.85
4721,43,0.8985200845665962,8,0.8,18,0.9
4722,43,0.9134702506795531,8,0.8,19,0.95
4723,43,0.8962549078828148,8,0.8,17,0.85
4724,43,0.8970099667774085,7,0.7,16,0.8
4725,43,0.8598610691633947,7,0.7,16,0.8
4726,43,0.9275143461189973,9,0.9,17,0.85
4727,43,0.8699788583509513,7,0.7,17,0.85
4728,43,0.8542736333434008,6,0.6,16,0.8
4729,43,0.9009362730292962,5,0.5,19,0.95
4730,43,0.9149803684687406,8,0.8,17,0.85
4731,43,0.8212020537601933,7,0.7,17,0.85
4732,43,0.8840229537903957,8,0.8,16,0.8
4733,43,0.9287224403503472,8,0.8,18,0.9
4734,43,0.8435517970401691,6,0.6,18,0.9
4735,43,0.8906674720628208,7,0.7,18,0.9
4736,43,0.7909996979764422,6,0.6,18,0.9
4737,43,0.7994563575958924,6,0.6,16,0.8
4738,43,0.9053156146179403,9,0.9,17,0.85
4739,43,0.9260042283298098,9,0.9,18,0.9
4740,43,0.8844759891271519,8,0.8,16,0.8
4741,43,0.9125641800060404,8,0.8,17,0.85
4742,43,0.9062216852914529,6,0.6,19,0.95
4743,43,0.8583509513742071,8,0.8,17,0.85
4744,43,0.8976140138930836,7,0.7,18,0.9
4745,43,0.9013893083660526,7,0.7,17,0.85
4746,43,0.9148293566898219,7,0.7,18,0.9
4747,43,0.8304137722742373,7,0.7,17,0.85
4748,43,0.9012382965871337,8,0.8,17,0.85
4749,43,0.9093929326487467,7,0.7,18,0.9
4750,43,0.9083358501963152,7,0.7,18,0.9
4751,43,0.8560857746904259,7,0.7,18,0.9
4752,43,0.8733011174871639,8,0.8,18,0.9
4753,43,0.8716399879190576,7,0.7,17,0.85
4754,43,0.9056176381757777,9,0.9,17,0.85
4755,43,0.9211718514044096,6,0.6,18,0.9
4756,43,0.8609181516158262,5,0.5,18,0.9
4757,43,0.9169435215946844,8,0.8,17,0.85
4758,43,0.8675626698882513,6,0.6,18,0.9
4759,43,0.9054666263968589,7,0.7,17,0.85
4760,43,0.9143763213530656,7,0.7,17,0.85
4761,43,0.8947447900936273,8,0.8,19,0.95
4762,43,0.8945937783147085,7,0.7,18,0.9
4763,43,0.9148293566898219,7,0.7,18,0.9
4764,43,0.8598610691633947,6,0.6,19,0.95
4765,43,0.8533675626698883,7,0.7,18,0.9
4766,43,0.7713681667170038,8,0.8,16,0.8
4767,43,0.8438538205980066,5,0.5,17,0.85
4768,43,0.8589549984898821,6,0.6,18,0.9
4769,43,0.8962549078828148,8,0.8,18,0.9
4770,43,0.8369072787677437,7,0.7,17,0.85
4771,43,0.9238900634249472,9,0.9,17,0.85
4772,43,0.8729990939293265,8,0.8,16,0.8
4773,43,0.8859861069163395,9,0.9,16,0.8
4774,43,0.8636363636363636,8,0.8,18,0.9
4775,43,0.8887043189368771,6,0.6,17,0.85
4776,43,0.8793415886439142,7,0.7,18,0.9
4777,43,0.8621262458471761,8,0.8,15,0.75
4778,43,0.9101479915433404,8,0.8,19,0.95
4779,43,0.9183026276049532,7,0.7,18,0.9
4780,43,0.9205678042887345,7,0.7,17,0.85
4781,43,0.8560857746904259,6,0.6,18,0.9
4782,43,0.8633343400785262,7,0.7,18,0.9
4783,43,0.8885533071579582,8,0.8,17,0.85
4784,43,0.8708849290244639,7,0.7,17,0.85
4785,43,0.9022953790395651,5,0.5,17,0.85
4786,43,0.8772274237390516,8,0.8,17,0.85
4787,43,0.8784355179704018,7,0.7,18,0.9
4788,43,0.9183026276049532,8,0.8,18,0.9
4789,43,0.9158864391422531,8,0.8,19,0.95
4790,43,0.8887043189368771,6,0.6,18,0.9
4791,43,0.8831168831168832,7,0.7,16,0.8
4792,43,0.9237390516460284,9,0.9,20,1.0
4793,43,0.8814557535487768,7,0.7,16,0.8
4794,43,0.8666565992147387,7,0.7,18,0.9
4795,43,0.8970099667774085,8,0.8,18,0.9
4796,43,0.8991241316822713,6,0.6,18,0.9
4797,43,0.8945937783147085,8,0.8,18,0.9
4798,43,0.8290546662639685,7,0.7,17,0.85
4799,43,0.8426457263666566,7,0.7,17,0.85
4800,43,0.917094533373603,8,0.8,19,0.95
4801,43,0.8465720326185443,7,0.7,17,0.85
4802,43,0.9133192389006344,8,0.8,18,0.9
4803,43,0.8763213530655392,7,0.7,17,0.85
4804,43,0.9134702506795531,9,0.9,18,0.9
4805,43,0.9027484143763213,9,0.9,17,0.85
4806,43,0.9060706735125341,8,0.8,16,0.8
4807,43,0.8841739655693145,8,0.8,16,0.8
4808,43,0.8622772576260949,7,0.7,17,0.85
4809,43,0.8791905768649955,8,0.8,17,0.85
4810,43,0.879492600422833,6,0.6,18,0.9
4811,43,0.8397765025672003,9,0.9,17,0.85
4812,43,0.9142253095741468,7,0.7,16,0.8
4813,43,0.8452129266082755,7,0.7,17,0.85
4814,43,0.8986710963455148,8,0.8,18,0.9
4815,43,0.8822108124433704,8,0.8,17,0.85
4816,43,0.883871942011477,7,0.7,18,0.9
4817,43,0.907278767743884,9,0.9,18,0.9
4818,43,0.8397765025672003,7,0.7,15,0.75
4819,43,0.8613711869525823,7,0.7,19,0.95
4820,43,0.8867411658109332,7,0.7,18,0.9
4821,43,0.8227121715493807,8,0.8,16,0.8
4822,43,0.8888553307157958,7,0.7,17,0.85
4823,43,0.931440652370885,8,0.8,17,0.85
4824,43,0.9210208396254906,8,0.8,18,0.9
4825,43,0.9155844155844157,8,0.8,16,0.8
4826,43,0.8612201751736636,7,0.7,18,0.9
4827,43,0.8799456357595893,7,0.7,18,0.9
4828,43,0.9290244639081849,9,0.9,19,0.95
4829,43,0.8965569314406524,6,0.6,17,0.85
4830,43,0.8109332527937179,9,0.9,15,0.75
4831,43,0.9033524614919963,7,0.7,18,0.9
4832,43,0.9062216852914529,8,0.8,16,0.8
4833,43,0.9083358501963152,7,0.7,18,0.9
4834,43,0.9355179704016913,7,0.7,19,0.95
4835,43,0.8961038961038961,7,0.7,18,0.9
4836,43,0.8491392328601631,6,0.6,16,0.8
4837,43,0.9113560857746904,8,0.8,17,0.85
4838,43,0.8518574448807006,7,0.7,17,0.85
4839,43,0.8610691633947448,9,0.9,16,0.8
4840,43,0.9041075203865901,8,0.8,17,0.85
4841,43,0.9016913319238901,8,0.8,18,0.9
4842,43,0.8356991845363938,8,0.8,17,0.85
4843,43,0.9053156146179403,7,0.7,17,0.85
4844,43,0.881304741769858,8,0.8,18,0.9
4845,43,0.9044095439444275,8,0.8,18,0.9
4846,43,0.9376321353065539,7,0.7,18,0.9
4847,43,0.9006342494714589,7,0.7,18,0.9
4848,43,0.8811537299909392,7,0.7,17,0.85
4849,43,0.9335548172757474,10,1.0,17,0.85
4850,43,0.9405013591060103,7,0.7,18,0.9
4851,43,0.8835699184536393,7,0.7,16,0.8
4852,43,0.8929326487466023,7,0.7,16,0.8
4853,43,0.8932346723044398,8,0.8,17,0.85
4854,43,0.9207188160676532,7,0.7,18,0.9
4855,43,0.9261552401087285,9,0.9,18,0.9
4856,43,0.9178495922681968,8,0.8,18,0.9
4857,43,0.9092419208698279,6,0.6,18,0.9
4858,43,0.8763213530655392,6,0.6,18,0.9
4859,43,0.8634853518574449,7,0.7,19,0.95
4860,43,0.8822108124433704,9,0.9,17,0.85
4861,43,0.9237390516460284,7,0.7,19,0.95
4862,43,0.861522198731501,6,0.6,16,0.8
4863,43,0.8669586227725762,7,0.7,18,0.9
4864,43,0.911507097553609,8,0.8,18,0.9
4865,43,0.9078828148595591,7,0.7,17,0.85
4866,43,0.9047115675022651,7,0.7,18,0.9
4867,43,0.8719420114768952,8,0.8,16,0.8
4868,43,0.8855330715795833,6,0.6,17,0.85
4869,43,0.8427967381455753,9,0.9,17,0.85
4870,43,0.9098459679855028,9,0.9,18,0.9
4871,43,0.9164904862579282,9,0.9,17,0.85
4872,43,0.9042585321655088,9,0.9,17,0.85
4873,43,0.893687707641196,7,0.7,16,0.8
4874,43,0.9149803684687406,8,0.8,17,0.85
4875,43,0.8797946239806704,8,0.8,18,0.9
4876,43,0.9213228631833283,8,0.8,18,0.9
4877,43,0.9173965569314406,8,0.8,17,0.85
4878,43,0.8846270009060708,7,0.7,17,0.85
4879,43,0.9143763213530656,8,0.8,17,0.85
4880,43,0.8945937783147085,7,0.7,17,0.85
4881,43,0.8805496828752641,6,0.6,18,0.9
4882,43,0.922832980972516,8,0.8,18,0.9
4883,43,0.8378133494412565,5,0.5,16,0.8
4884,43,0.875717305949864,7,0.7,17,0.85
4885,43,0.8195409241920869,7,0.7,16,0.8
4886,43,0.9018423437028088,9,0.9,17,0.85
4887,43,0.8344910903050438,6,0.6,18,0.9
4888,43,0.8775294472968892,6,0.6,16,0.8
4889,43,0.9207188160676532,9,0.9,18,0.9
4890,43,0.8822108124433704,6,0.6,15,0.75
4891,43,0.9050135910601026,8,0.8,18,0.9
4892,43,0.7965871337964362,6,0.6,17,0.85
4893,43,0.9299305345816975,9,0.9,17,0.85
4894,43,0.9028994261552401,8,0.8,18,0.9
4895,43,0.932648746602235,7,0.7,18,0.9
4896,43,0.8162186650558744,8,0.8,16,0.8
4897,43,0.8568408335850195,8,0.8,17,0.85
4898,43,0.8589549984898821,8,0.8,18,0.9
4899,43,0.7961340984596799,6,0.6,18,0.9
4900,43,0.8713379643612202,9,0.9,17,0.85
4901,43,0.8547266686801571,7,0.7,18,0.9
4902,43,0.8687707641196014,8,0.8,18,0.9
4903,43,0.8968589549984899,9,0.9,17,0.85
4904,43,0.8977650256720023,8,0.8,16,0.8
4905,43,0.9208698278465719,7,0.7,17,0.85
4906,43,0.8248263364542434,5,0.5,17,0.85
4907,43,0.8763213530655392,7,0.7,17,0.85
4908,43,0.8791905768649955,7,0.7,19,0.95
4909,43,0.8663545756569011,8,0.8,17,0.85
4910,43,0.925853216550891,8,0.8,18,0.9
4911,43,0.872093023255814,6,0.6,17,0.85
4912,43,0.8918755662941711,8,0.8,17,0.85
4913,43,0.8068559347629115,6,0.6,16,0.8
4914,43,0.8976140138930836,6,0.6,18,0.9
4915,43,0.8879492600422834,6,0.6,18,0.9
4916,43,0.9106010268800966,8,0.8,18,0.9
4917,43,0.888100271821202,6,0.6,19,0.95
4918,43,0.7813349441256419,6,0.6,17,0.85
4919,43,0.8816067653276956,7,0.7,18,0.9
4920,43,0.9164904862579282,9,0.9,15,0.75
4921,43,0.9137722742373904,7,0.7,17,0.85
4922,43,0.8905164602839021,8,0.8,16,0.8
4923,43,0.911658109332528,7,0.7,18,0.9
4924,43,0.8094231350045302,7,0.7,15,0.75
4925,43,0.8766233766233766,7,0.7,17,0.85
4926,43,0.9164904862579282,8,0.8,17,0.85
4927,43,0.8666565992147387,7,0.7,16,0.8
4928,43,0.9397463002114165,7,0.7,19,0.95
4929,43,0.9241920869827847,7,0.7,18,0.9
4930,43,0.8353971609785562,6,0.6,17,0.85
4931,43,0.919661733615222,7,0.7,19,0.95
4932,43,0.7899426155240108,8,0.8,18,0.9
4933,43,0.937028088190879,8,0.8,19,0.95
4934,43,0.9130172153427967,9,0.9,17,0.85
4935,43,0.855934762911507,6,0.6,16,0.8
4936,43,0.865901540320145,7,0.7,18,0.9
4937,43,0.9089398973119903,8,0.8,19,0.95
4938,43,0.9024463908184839,8,0.8,18,0.9
4939,43,0.8908184838417396,9,0.9,18,0.9
4940,43,0.8855330715795833,7,0.7,17,0.85
4941,43,0.8402295379039566,7,0.7,18,0.9
4942,43,0.9169435215946844,7,0.7,17,0.85
4943,43,0.8740561763817577,6,0.6,16,0.8
4944,43,0.812745394140743,7,0.7,17,0.85
4945,43,0.8870431893687708,6,0.6,19,0.95
4946,43,0.9099969797644217,8,0.8,17,0.85
4947,43,0.9163394744790094,7,0.7,18,0.9
4948,43,0.8726970703714889,7,0.7,18,0.9
4949,43,0.9198127453941407,7,0.7,19,0.95
4950,43,0.8870431893687708,7,0.7,18,0.9
4951,43,0.8995771670190275,9,0.9,17,0.85
4952,43,0.869676834793114,5,0.5,17,0.85
4953,43,0.8734521292660826,8,0.8,15,0.75
4954,43,0.928873452129266,9,0.9,19,0.95
4955,43,0.9137722742373904,8,0.8,17,0.85
4956,43,0.8609181516158262,7,0.7,18,0.9
4957,43,0.8890063424947146,7,0.7,18,0.9
4958,43,0.871488976140139,7,0.7,18,0.9
4959,43,0.8666565992147387,7,0.7,18,0.9
4960,43,0.941256418000604,7,0.7,17,0.85
4961,43,0.9139232860163091,7,0.7,16,0.8
4962,43,0.9198127453941407,7,0.7,20,1.0
4963,43,0.9099969797644217,8,0.8,17,0.85
4964,43,0.8962549078828148,8,0.8,18,0.9
4965,43,0.8594080338266384,7,0.7,19,0.95
4966,43,0.882512836001208,8,0.8,18,0.9
4967,43,0.8603141045001511,7,0.7,16,0.8
4968,43,0.8131984294774991,7,0.7,17,0.85
4969,43,0.9030504379341588,7,0.7,17,0.85
4970,43,0.9128662035638779,7,0.7,18,0.9
4971,43,0.8370582905466628,7,0.7,16,0.8
4972,43,0.8977650256720023,7,0.7,20,1.0
4973,43,0.8613711869525823,8,0.8,16,0.8
4974,43,0.9231350045303534,9,0.9,18,0.9
4975,43,0.9254001812141347,8,0.8,18,0.9
4976,43,0.9267592872244035,7,0.7,18,0.9
4977,43,0.9340078526125037,8,0.8,18,0.9
4978,43,0.9119601328903654,8,0.8,18,0.9
4979,43,0.9219269102990034,9,0.9,17,0.85
4980,43,0.8858350951374208,7,0.7,18,0.9
4981,43,0.89927514346119,7,0.7,19,0.95
4982,43,0.8577469042585322,7,0.7,15,0.75
4983,43,0.9187556629417095,7,0.7,16,0.8
4984,43,0.9278163696768348,7,0.7,18,0.9
4985,43,0.9001812141347025,8,0.8,17,0.85
4986,43,0.8988221081244335,8,0.8,16,0.8
4987,43,0.9083358501963152,7,0.7,18,0.9
4988,43,0.8900634249471457,8,0.8,18,0.9
4989,43,0.8506493506493507,6,0.6,17,0.85
4990,43,0.8438538205980066,7,0.7,14,0.7
4991,43,0.7894895801872547,8,0.8,16,0.8
4992,43,0.8729990939293265,8,0.8,17,0.85
4993,43,0.8832678948958019,7,0.7,16,0.8
4994,43,0.8409845967985503,8,0.8,17,0.85
4995,43,0.9093929326487467,9,0.9,17,0.85
4996,43,0.8675626698882513,7,0.7,16,0.8
4997,43,0.8678646934460886,7,0.7,16,0.8
4998,43,0.8962549078828148,7,0.7,17,0.85
4999,43,0.8843249773482332,7,0.7,17,0.85
5000,43,0.9050135910601026,7,0.7,18,0.9
