bootstrap_iteration,ace,double_fault,forced_return_error_drawn,unforced_return_error,return_winner,winner,forced_error_drawn,unforced_error
1,0.14213673811437727,-0.1942786726657499,0.14637672898619314,-0.1469298013294168,0.18856311004432702,0.1713398164065144,0.17961882925326084,-0.18356013593361967
2,0.14203696620575998,-0.19537134468288597,0.14730236024630902,-0.14741692487081282,0.1925246989320167,0.17167258019494322,0.18049561691646332,-0.1843450368288747
3,0.1438273669111537,-0.19478736345865533,0.14761775182374123,-0.1489791279627279,0.19079639410975655,0.1720276283404176,0.17997189757548218,-0.1842162116028903
4,0.14383918339242147,-0.196399396461438,0.1500731862933614,-0.1504551307141831,0.19134196676196133,0.17364321287612092,0.18153298960275288,-0.18544947287906774
5,0.14306855041483835,-0.1948964177724188,0.1476991062659303,-0.14794920369629344,0.18982540936043615,0.1721271187242307,0.1800021782604166,-0.1844771805377136
6,0.14367189159900087,-0.19656429227386393,0.14859491610139966,-0.14834011540838507,0.19186330325431475,0.1733029252081312,0.1810417501620902,-0.1847864632586067
7,0.14374105898637105,-0.19469344433738092,0.14791605951081624,-0.1482400257207798,0.19206857629025165,0.1723135831500123,0.18013142316672007,-0.1842869621942835
8,0.14226212775789263,-0.19412037052150918,0.14803223339430668,-0.14914058290285612,0.18931840474179656,0.17219979220483456,0.18015881563993394,-0.1841430188048894
9,0.14247140500785987,-0.19558448127482655,0.14780281055961392,-0.14828980333822353,0.19036441247026026,0.17232465413301032,0.17993385762985498,-0.18453042479599377
10,0.1434757101128772,-0.1960886402082475,0.14803040057314706,-0.14912858838244836,0.19147105767488443,0.17299295957802036,0.18085058141658233,-0.18434624920754894
11,0.14460174489088665,-0.1950450694221764,0.1479644804161467,-0.1493091630382551,0.19110206800397816,0.17215521072912468,0.180404372052481,-0.18434808893723445
12,0.1433154554554141,-0.19584437442384586,0.14781889572488446,-0.14882273681475652,0.1918117590845606,0.17315638854306473,0.18093267376599295,-0.18516547745348502
13,0.1430695719170702,-0.1966136356711112,0.1476918674436103,-0.14895976137944497,0.19179344161360323,0.17250981815220304,0.18066891775812619,-0.18446836636425867
14,0.14343365653365076,-0.19616794355451678,0.1482395749187641,-0.14907492826016205,0.19089649239792014,0.17326146863433545,0.18102014294959606,-0.18496497034129006
15,0.14415897626275181,-0.19593435857389846,0.14873520733210605,-0.14947485987645628,0.190196711429295,0.17347449129609227,0.18094306786545525,-0.1852664735077394
16,0.14474541856900583,-0.19777629459635662,0.1494378998988325,-0.14961851115959227,0.1930154848548227,0.17390957658738707,0.18184152184460484,-0.18575076316535588
17,0.1430195438255917,-0.19599247183859353,0.14736924256654063,-0.1489466941170199,0.18889916416723793,0.1724357106167848,0.18002876197422563,-0.18382335770600927
18,0.14302505544783614,-0.1961491481408413,0.14771967162925712,-0.14977275302105167,0.19111749349251841,0.17210798015377832,0.1803337354323339,-0.18410293528585586
19,0.14510003419729564,-0.1971113421827379,0.14905829142383986,-0.15050452616348636,0.19230936513140376,0.1737498387720974,0.1812568049678754,-0.18526041033721252
20,0.14382125809482144,-0.19512006861449693,0.14732764791221914,-0.1490323222635061,0.19145710431841867,0.17250085136451357,0.1799044816465844,-0.1841902636792046
21,0.1429705149758798,-0.19457721950709816,0.1481796327077475,-0.14792723348280615,0.18985268512108724,0.1726303520666529,0.18006384090845606,-0.18419435365052764
22,0.14342922585109016,-0.19415167042197443,0.1476277624008036,-0.14777284832525533,0.18904704577770765,0.17189565976534413,0.17988764018081135,-0.18437362409336897
23,0.1427234287623343,-0.1955583714833721,0.14808086390188918,-0.14851385700798647,0.19042648002797996,0.1725247788028435,0.18017804250568195,-0.18433063586252726
24,0.14234573065447012,-0.19612235265667796,0.1476146937135236,-0.14779652175173172,0.19054290200951748,0.17181829665914256,0.180057530297594,-0.18415693297659305
25,0.14181565104445443,-0.1953636786048014,0.14763621461346263,-0.14941959997823628,0.19096763829055366,0.1722034580708017,0.17999976297565687,-0.18404157380714814
26,0.1430326367336204,-0.1968937088897982,0.14883067712738937,-0.14882568940117857,0.19083924082538506,0.17308345914077028,0.18135509383127077,-0.18512637719353406
27,0.14277732237027244,-0.19480373216075547,0.1478751725864941,-0.1493085100267186,0.18964053895951838,0.17264293202584333,0.1801670262264072,-0.18403355975277885
28,0.142324052616995,-0.1960245343873709,0.14678889959930563,-0.1482611564719413,0.19143603777801857,0.17221777557432189,0.18009309411711272,-0.18453223375607578
29,0.14424946205103933,-0.19658920497402296,0.1481543935148023,-0.14981537984911758,0.19120520290096552,0.1727816985479233,0.1809374381669247,-0.1848651907571455
30,0.142836737684362,-0.19406128501126726,0.14784273587824126,-0.14884000776207953,0.19067078384297892,0.1725119532504638,0.180872466998699,-0.184335371453472
31,0.14370457039887044,-0.19509321946053584,0.148197734171355,-0.14827765415976799,0.1935004216443464,0.17308745309417312,0.18097653406209466,-0.18541052343516173
32,0.1450602156008006,-0.19591242838947256,0.1483398612927766,-0.14925530811626286,0.19229574617267073,0.17318764969906844,0.1802603806085684,-0.18444968324654537
33,0.14459398116182864,-0.19543277418529756,0.14877271967680292,-0.15029714641956146,0.19088483486795257,0.17292601417213244,0.1814273745381575,-0.18532300512822375
34,0.14289409784852763,-0.19424300409032738,0.14753767039420196,-0.14800871145397096,0.19136149435222038,0.1716467105508823,0.17952636574833594,-0.18361138340091712
35,0.14181964704058694,-0.19522543819195892,0.147729437884558,-0.14866115972165334,0.18994952019835018,0.17252146031668902,0.1801775766576473,-0.18398919763101637
36,0.1440137447707071,-0.19394857873115462,0.14824741549965256,-0.14802879513335532,0.18948596571742216,0.17200707044467795,0.1801891240033972,-0.184134475997074
37,0.1426925394754131,-0.1956191950727636,0.1472562165948524,-0.14804443844764614,0.1905012424953522,0.1725164374442148,0.18063987949984925,-0.18474817901022708
38,0.14353969227093233,-0.1956974330947846,0.14814154986965178,-0.14975872159139925,0.1911282215569866,0.17259963106791051,0.18078832196281397,-0.18498902419367794
39,0.14182163039208376,-0.19431871032307985,0.14649309956216963,-0.1470576007054832,0.18991749616161732,0.17122675429278364,0.1791196700526592,-0.1836535317074651
40,0.14417687131772142,-0.19569975592464905,0.149805694307588,-0.15055891623127443,0.1911951630091968,0.17380783629991278,0.1817614038847517,-0.18534529971611433
41,0.14462517691430393,-0.19525075009973328,0.14886268243767892,-0.15052923086224496,0.19004026457986228,0.17322840137781456,0.18094742168563516,-0.1848354370353984
42,0.14108883556215646,-0.1940291075469176,0.14605006847750565,-0.14852937434343655,0.18984372708391356,0.1708949256087155,0.17931415740374546,-0.18312845194612926
43,0.1439013439209199,-0.19584311034767612,0.1482414475920217,-0.1504327123873733,0.19207985972918598,0.17338085960206678,0.1807094371732002,-0.18468567559341523
44,0.14469405917591707,-0.1946358309049669,0.1479808079565352,-0.14852287400325961,0.1908931976135617,0.17238398266158497,0.18033270969901335,-0.18500106968303506
45,0.14247078890632703,-0.19518099669489644,0.14781806923770321,-0.1485281710048643,0.19149201158958434,0.1727967445591134,0.18006250303396473,-0.18460683747604176
46,0.14573507681909556,-0.19635425331622594,0.14948222651862733,-0.1504703708754373,0.19251018525781258,0.17450773200352626,0.18163502066340445,-0.1854825313788722
47,0.14418840358309934,-0.19644047401048753,0.14873892634719504,-0.15023309654603878,0.19189780516300597,0.17355119731041874,0.1811321627913876,-0.18560650980389404
48,0.14289203198099748,-0.19426596359236187,0.1478331001477977,-0.14805443226227716,0.19229813333604204,0.1728104853093601,0.1805823803696404,-0.18412806867704157
49,0.14238864111336583,-0.19481051601838006,0.1476934478263187,-0.14743573130776153,0.1910397359486002,0.17236071807972228,0.18013750698060862,-0.18392432777908432
50,0.14267508977981663,-0.19549000699377045,0.14660974243849814,-0.14840429300864388,0.18984086753329796,0.17172925974399042,0.17987740687643328,-0.1837145561252142
51,0.1429052177562987,-0.19418784080614862,0.14799143557984273,-0.14854063079198113,0.18903267350347733,0.172304284253285,0.17972884827567956,-0.18410981116271083
52,0.14316814807779876,-0.1950112100334478,0.1484190871643305,-0.14893247101273366,0.19000994460533227,0.1728493245166074,0.1800626649382312,-0.18477562367290942
53,0.14506810621024285,-0.1964149637433104,0.14930429307804804,-0.1503869503347908,0.19220178737098043,0.17382382106807925,0.18202378513572992,-0.1857184856169481
54,0.1429575770130992,-0.1957841094910899,0.14775108629801045,-0.14752930144881765,0.19198039163977088,0.17284716914724532,0.18096462153937143,-0.1845776680256194
55,0.14207289774453624,-0.19423654915845415,0.14657689350232275,-0.1474396582945182,0.18888423117705597,0.17106093350554566,0.1790548420024731,-0.18332490535027984
56,0.14286843394081047,-0.1944767067576901,0.14667110494566152,-0.14671344436721162,0.19019343763708657,0.1708193545442395,0.1791147911341133,-0.1833711242194114
57,0.14340884094074735,-0.1957731108580488,0.14819878993544208,-0.14938880834720175,0.18958796329871738,0.17329820256773937,0.18091371515330187,-0.18529460740846618
58,0.14261496170730825,-0.19441582399494106,0.14707194457431885,-0.14764589080733173,0.1908348104393515,0.17147172627704566,0.17980937921188403,-0.18381663375896276
59,0.14473338908081163,-0.1963616053896904,0.1488160221123572,-0.14966011571150956,0.19052783396645026,0.1733834230709034,0.1818770582862135,-0.18517470916346074
60,0.14283345988075538,-0.19535816048973187,0.1480205753883698,-0.14771663808354296,0.19058907400284616,0.17228492781584984,0.18057551061513274,-0.18417685655711027
61,0.14593530971771723,-0.1956643072574433,0.14803620613813087,-0.14937322198425865,0.18883565477717532,0.17269848138621263,0.18033022254782066,-0.184681822103305
62,0.14305019762831359,-0.1954283525541223,0.14784280188050078,-0.14849203704400976,0.19014675084082117,0.17275402746319518,0.18083910095687108,-0.18437059639644737
63,0.14322314663509084,-0.19566080481710002,0.14787873464386936,-0.1481464987959328,0.1915867441588444,0.17240654970255623,0.18005016412618344,-0.18405977004637597
64,0.1433844016483751,-0.19378709998268645,0.14764256003370077,-0.14794043603345838,0.19084819851744847,0.17236791035291285,0.1797040562510621,-0.18358955859000617
65,0.14299993306715506,-0.1956433200388763,0.14833567031929767,-0.14965231311489247,0.1920999446825218,0.1726510978940971,0.18073372835980758,-0.18484468077228572
66,0.14322863420085816,-0.19518116019745843,0.1487685615202919,-0.14932386526188168,0.19122391741458702,0.17332094320923047,0.18093220430058915,-0.18476518973688316
67,0.14518216396097608,-0.19559675780044697,0.14899411804827145,-0.14995116788742996,0.1912622846852817,0.17309001910143346,0.1813381065024063,-0.18504884270340663
68,0.1421676123860992,-0.19417964094009504,0.14728245126253625,-0.1480544350845435,0.19013424163804232,0.17121456465785428,0.17933781553575656,-0.18307601089564046
69,0.14361834815005156,-0.19586805056572834,0.1485425026403169,-0.14941283168324998,0.19230492679758004,0.1733271756444532,0.18096269733394452,-0.18540050917354162
70,0.14365769885759305,-0.19504909006590168,0.14753125449692672,-0.14849103944307931,0.19084504770390537,0.1717846062598817,0.17956697930872315,-0.1841397599172972
71,0.14289028913475957,-0.19515923493463216,0.14792530160311776,-0.1484654264216449,0.18987326260017395,0.1717650055351625,0.18009238080537912,-0.18407034925466026
72,0.14505509256475402,-0.1945176678077649,0.1493050774281296,-0.14888988662002423,0.18972218619812414,0.1727059975623892,0.1806776522207617,-0.1841965793701599
73,0.14409550612837865,-0.19516213998746818,0.14820980831071848,-0.1484606720051343,0.19145318583745477,0.172651629791743,0.18064604262234776,-0.18483120629918795
74,0.14238772521616339,-0.194642664197633,0.1471326820614312,-0.1491352309086377,0.19037009973261393,0.1718828909527062,0.18008134489990096,-0.18391702535154697
75,0.1423080735639542,-0.1953425915649859,0.14834379088024716,-0.150069958709805,0.19066919377180377,0.1729716561329725,0.18057730655980977,-0.18425996505018005
76,0.14336820124369146,-0.1967049754717161,0.14792531912330503,-0.149141306318303,0.1931912088701918,0.17306540968665146,0.18043184306565602,-0.18483665306356342
77,0.1415993173912927,-0.19415566537476603,0.14600438301361363,-0.1466088141868934,0.18943855627900208,0.1709780614511273,0.17894850457688896,-0.18282013664658786
78,0.14180823244850946,-0.19535951360029688,0.14718515994025488,-0.14741960257660588,0.19077920439155274,0.17176774068958453,0.1800830139561675,-0.18433713789800787
79,0.14248745253301132,-0.19498638306302346,0.14726351724783884,-0.1486099775163176,0.19041533899931054,0.1722382412125362,0.18010570970897502,-0.18423231022930134
80,0.14355807471158086,-0.1959405563447971,0.1483943368318748,-0.1492523384669263,0.19147506165067255,0.1730227060881759,0.18134649171557066,-0.18563187346861895
81,0.14410629376390316,-0.19570671461287553,0.14873741268015506,-0.1501157062855875,0.18984703120101432,0.17307674864585323,0.18073586154391075,-0.1851501575412271
82,0.1435392790825973,-0.19551539909297735,0.14832585173690818,-0.1483739481677987,0.1905004468502636,0.17206328451016698,0.1807175449199165,-0.18466031899822868
83,0.1425534571020221,-0.19521815072655407,0.14714125883114265,-0.14791737386986417,0.19152269655838547,0.17199062274228577,0.1808340124903348,-0.1844064013800928
84,0.1446946725457296,-0.19459467323571597,0.14809531743990606,-0.14983239323001185,0.19137424757715726,0.17288598107260858,0.1807363148920433,-0.18446634871716638
85,0.14447421738977168,-0.19730934723683718,0.1504127810049101,-0.15068434333432523,0.19240352869237487,0.17449565639178632,0.18233398458619626,-0.18623330192312693
86,0.14430198909911782,-0.19456472436964617,0.14834663058686504,-0.14868076956810797,0.19200422029384537,0.17254448928444652,0.18017222535080685,-0.1845087674419612
87,0.14323564368825917,-0.1963157446931262,0.14789463607232045,-0.1483599386364471,0.1907283902628098,0.17291388635620267,0.1806838896712931,-0.18472961636935054
88,0.14228802641630306,-0.19588978605992396,0.14832968393623583,-0.14812551122435472,0.1914408819319858,0.1728373095840642,0.18124173246851094,-0.18529817479649793
89,0.14462850700766045,-0.19557718787675393,0.14920097159190218,-0.14973040038417426,0.1926846583403526,0.17233883864473062,0.18170525702606805,-0.18502725089333544
90,0.14414713593703699,-0.19516369827523095,0.14887531126108247,-0.14969372297521152,0.19037696379281938,0.17386559035542262,0.18099256387434046,-0.18503419608876717
91,0.1432955772566502,-0.1951859361296041,0.14723903767137447,-0.1484661295292787,0.19294496190186286,0.17267504170907289,0.1803739406480286,-0.18473891460821407
92,0.14395621905468622,-0.19605510207215082,0.14860726608134966,-0.14892507394128152,0.19126030347660272,0.17325698847454524,0.18104765912131593,-0.18543460571909667
93,0.1402068244950355,-0.1937984631267739,0.14504797530918923,-0.14672101760788256,0.1885618023614695,0.1697589975433196,0.17819641181518972,-0.1821794373025774
94,0.1447942119264906,-0.19587817081918102,0.14893364435888054,-0.14975119473778145,0.19020784551873135,0.17354703707638314,0.18086161429372324,-0.1845832587340841
95,0.14382785393285238,-0.19583858486781294,0.1486962450097276,-0.15075810703098083,0.19120167384727746,0.17332467712782934,0.1808501132054296,-0.1848217056786569
96,0.14385689308760863,-0.19458234653097728,0.14765669216187347,-0.14839985985506368,0.1906526106185115,0.1718889204578486,0.17993662183622652,-0.18381101307912262
97,0.14247635979393547,-0.19614211158019013,0.14788151107301165,-0.1482895501578578,0.19175763798191078,0.17283112691771696,0.18056563844156528,-0.18464081911921487
98,0.14400053742776303,-0.19679594027895692,0.1487907356901702,-0.1495678015204188,0.19084748450495015,0.17338980098680978,0.18149029692346338,-0.18543148347013944
99,0.14325645889910799,-0.19423272200852415,0.14786597513152944,-0.1484623122816857,0.19018584004408895,0.17197003205078554,0.1799843706953106,-0.18399687030272882
100,0.14209243226969995,-0.1954679251115191,0.14682825929611873,-0.14777785262462143,0.19000195591766275,0.1713576435291911,0.17945910842009263,-0.18377046997236432
101,0.1418987320002915,-0.19504029570854295,0.1471049054368399,-0.14845357723099276,0.19069860345970385,0.17181555318083347,0.17980792566898218,-0.1839382813246243
102,0.14367421195288305,-0.19433740966617075,0.14838199972336255,-0.14819100336217408,0.1913106353580371,0.17265182746988927,0.18033485718325684,-0.18432293801125704
103,0.14287955857589793,-0.19416189805078132,0.14779858082161784,-0.1476433029595641,0.19159291983205887,0.17194555429480698,0.17969091443486604,-0.1838859795827667
104,0.14470801805984,-0.1963871852251146,0.14937267752054903,-0.1506934034897188,0.19155670595084887,0.17410913248283924,0.18155685788032488,-0.1859966711971444
105,0.14402612108626803,-0.1958206069991857,0.1485431511110035,-0.14919796938890875,0.19179389904140162,0.17378383780765094,0.18127623262764894,-0.1849633811086217
106,0.14411208614643956,-0.194264981908824,0.149153283018614,-0.14938610318313078,0.18895372938725113,0.1724755796215311,0.18031714859996698,-0.18429907335158505
107,0.14399237350962327,-0.19523481321418387,0.1481037855269554,-0.15010340189937083,0.19034400444529456,0.17277598413937958,0.1811168440598778,-0.1844659186177263
108,0.14381992235039467,-0.19480442304353157,0.14793487333109367,-0.14943556214869125,0.19093536007174813,0.1727084840743132,0.1801120809870237,-0.1844340283901676
109,0.14501494346171778,-0.1944975326607192,0.14860408482626078,-0.15024610211268632,0.1904687430765766,0.17298631326251507,0.18065310809234275,-0.18467271279750683
110,0.14671269750896732,-0.19583057771109028,0.1507455681461248,-0.151922545249045,0.19140620881208317,0.17477331277112465,0.18207336064239485,-0.18559313226658325
111,0.1436199676001362,-0.19515741553468596,0.1480329436079651,-0.14868254747938922,0.19195174528752743,0.17289292482328852,0.18089738228699537,-0.18488912309801156
112,0.1434034904008937,-0.19416038651546305,0.1484769414474846,-0.14990032381541685,0.191661556436497,0.17257676672411845,0.17999000282419308,-0.18469766526466724
113,0.1442873425453079,-0.19549031926086705,0.1484474092001531,-0.1489102161458259,0.19127591318914267,0.17302031667374843,0.18092701185605614,-0.18465992860866925
114,0.14347477978594989,-0.19506103201183622,0.14823295927619348,-0.148680660985802,0.1901878948784866,0.17237240988767324,0.18012647030346787,-0.18420324487724493
115,0.14213679268006024,-0.1948767709976198,0.1468842982121602,-0.1479566167172056,0.18816044402731563,0.17225301124466746,0.17972578233271255,-0.18401405304316049
116,0.14361228908815826,-0.19522086385607088,0.14829954480852478,-0.1484471512800747,0.19075108559895648,0.1730429851143588,0.18000901927573323,-0.18461341884386273
117,0.14283510452594603,-0.1945296559866026,0.14751179303450312,-0.14757598153791152,0.1898437773334244,0.17172412014050473,0.1794280741826494,-0.18364304938467602
118,0.14232364060371158,-0.19526246469733363,0.14733271386938257,-0.14860742884479372,0.19121262630048094,0.17316799792455004,0.18021147633459278,-0.1843767850378345
119,0.14478153739170083,-0.19580181958115075,0.14920481011540462,-0.15032579252847414,0.19278300337554238,0.17366994520849177,0.18187473630912204,-0.1858670729517163
120,0.1434172707440714,-0.19373279322349282,0.14810880847387717,-0.148509143158483,0.19073830706293057,0.17268253867709835,0.1804257428093814,-0.184370685501895
121,0.14389476434055792,-0.19436827219190977,0.1484070121864352,-0.14908121234228341,0.19175750696256094,0.17279441884910932,0.18038410463616972,-0.18450420805252923
122,0.14303077073478218,-0.19540963857478924,0.14843538518577726,-0.1484021464509398,0.19080622744248543,0.1727120206061437,0.18042244714566993,-0.1845976904092199
123,0.14389517052664158,-0.19508174116171015,0.14816159954660058,-0.1487002445929634,0.19098775067986673,0.17256230966053315,0.1807399252422751,-0.18458709222606717
124,0.14331704912637144,-0.196308143101565,0.14722093955076473,-0.14876193686091327,0.19177582269160956,0.1724222297757777,0.1806389367396008,-0.18464407751302284
125,0.14329688146414624,-0.1948569588887235,0.14779517591529584,-0.1485121600073222,0.1915737291168802,0.17246122216277882,0.18055099419713969,-0.18449819818446714
126,0.14416518407338202,-0.19479080671798407,0.14859518647684933,-0.14936917882608422,0.19149782550038075,0.1726309441240434,0.18109292782178607,-0.1847963040454812
127,0.14366400256897385,-0.19465511447377068,0.14832535108706346,-0.1480537839816967,0.19125562630792428,0.17279774457259503,0.18108024914854498,-0.1848361255858288
128,0.14357823749533227,-0.1966369588508848,0.1481710001320285,-0.14931451813001415,0.19139164053429053,0.17299562210076472,0.1806278151089003,-0.1851953691631214
129,0.14224871559143523,-0.1947296808847527,0.14643494969294918,-0.14753915149473054,0.19168476929919048,0.17176210064038197,0.17975621910468667,-0.18393007097464298
130,0.14399917059228354,-0.19508662333845855,0.14756863464891085,-0.14851482795852858,0.190255178935773,0.17213742017829803,0.17971434786716864,-0.18407579117307438
131,0.14499224143714676,-0.19636416647412824,0.14907011834471257,-0.14993507069719725,0.1934690532431572,0.17384886548552145,0.18178118450054453,-0.18576039401672728
132,0.144404871533642,-0.19655063477248974,0.1480147138119914,-0.14854017601953526,0.19218819577287938,0.17301227679525583,0.18169835756633462,-0.18526810452121853
133,0.1434007429388963,-0.19423782226314484,0.14760943656960335,-0.1482670124848933,0.19093109186012833,0.17224111818727972,0.18019457010184328,-0.1838905929064509
134,0.14584090728762195,-0.19558833439433143,0.14955059827755035,-0.15016700273468012,0.19068048680674932,0.17423586773786104,0.1814693210477312,-0.18569041831674427
135,0.1440829319868353,-0.19461551579997788,0.14822258176506076,-0.14761856568287393,0.19141330664308467,0.17246981864475744,0.1803693054622355,-0.1842630423185276
136,0.14417404371807885,-0.19461791082016616,0.14806904911058744,-0.14867707647456646,0.19178916280477784,0.17286922006915828,0.1805509499909184,-0.1843687061026029
137,0.142713694938195,-0.1925009922793165,0.14717956808420085,-0.14803698750606364,0.19110219519747226,0.17146212681810113,0.17877146093467855,-0.1832804989030466
138,0.14465981031586173,-0.19564782235647152,0.14817401291519802,-0.14901490898331268,0.19076624515240986,0.17321387798259985,0.18048075899806973,-0.1847153086884539
139,0.14350963710217235,-0.19498738317884642,0.14797310549417633,-0.14886630435912604,0.1917782350230462,0.17246877146410344,0.1810042317118447,-0.18482580382802566
140,0.14241824663219654,-0.19447001661514143,0.1481246087800337,-0.14931486588050558,0.19017691991056337,0.17151825014856337,0.18009623021521334,-0.18411562563465228
141,0.14292134382270702,-0.19497231347518362,0.14859569329307737,-0.1495843930911503,0.19020417943549492,0.17280877929519756,0.18072019054591507,-0.1846530220117977
142,0.1428291066567494,-0.19448623509766075,0.14701102742370528,-0.14745117399318633,0.19010746576873025,0.17176268945521886,0.18000022202256188,-0.18365393403477792
143,0.14450084022140844,-0.19564628470833545,0.14719065713385288,-0.1480898387011094,0.19098357018010065,0.17231353098163937,0.1804207880204734,-0.18444699053991218
144,0.144786245727548,-0.19497916999504245,0.14872954501662297,-0.14987202512451203,0.18997514076812985,0.17331859054982943,0.1806376940569606,-0.18479756362112187
145,0.14441171944797979,-0.1959787023773558,0.1488341533312468,-0.14933467718505747,0.19126278031924918,0.17331668619201349,0.18087423104504716,-0.18492434512254569
146,0.1431195613361164,-0.19478599816053246,0.1480038407011255,-0.14865923073793047,0.1909886057793773,0.17188852537033852,0.1800850468499985,-0.1840981545783924
147,0.1435164908077311,-0.19465518512820731,0.14816188443085745,-0.14940111742506662,0.19022942104329207,0.1717472547514755,0.18021032306357399,-0.18362501608657583
148,0.1419214586358114,-0.19504525008613027,0.14666530084624155,-0.14717125653707758,0.18989192582502268,0.1717724740607815,0.17991663843071373,-0.18416176041527124
149,0.14523354743622124,-0.19413133711795744,0.14935944429614686,-0.14998390397194783,0.19089973894741774,0.17410891708969234,0.18135581034987655,-0.18561539348035533
150,0.1422840539320276,-0.1935282287692214,0.1465761374099004,-0.14812691915327506,0.1907760429810918,0.17142381303812756,0.17886752813848755,-0.18349861296715475
151,0.14237888262211207,-0.19483861346746373,0.14778995869960268,-0.14831361309696417,0.18968497675716983,0.1722493908017298,0.1799585404550705,-0.18411567060674955
152,0.1423583474321407,-0.19382148826566184,0.1472136848331375,-0.1473319071504139,0.1919330853215357,0.17217408079786187,0.18026615099520477,-0.184469494512328
153,0.1441650162274932,-0.19417060167369254,0.14850906208527054,-0.14914524915160166,0.19093540106198886,0.17269560341772328,0.18061057318538173,-0.18476404312320444
154,0.14207157125245243,-0.19426231368898988,0.14683347903311295,-0.14646809567668398,0.19136535091003481,0.17083474954811048,0.17905952405185,-0.1838227503687929
155,0.1415253162261437,-0.19388956014025394,0.14710037905449935,-0.14644362567108357,0.1899899323929445,0.17086896256320508,0.17927027433896792,-0.18328422243041914
156,0.143468992623463,-0.1962688863955256,0.14801726570048004,-0.14881121438727052,0.1901542946072949,0.1731141679020692,0.18078788631772036,-0.18424853045331374
157,0.14318834069654854,-0.19666733641701462,0.14884895679691207,-0.14897475596302784,0.19306214623952556,0.1739917570129552,0.18176835054054316,-0.18558439715360409
158,0.1441070545498684,-0.1953997699476276,0.1491428552953386,-0.15113754714721786,0.18903308026591875,0.17225275161899234,0.18114632779224174,-0.18499644043407457
159,0.14373316807184247,-0.19409204206048963,0.14741284901746632,-0.14859258449730303,0.19019224842779178,0.1726643912930802,0.1807928408281754,-0.18491499514002616
160,0.142565332269626,-0.194189698605667,0.14825004908023898,-0.15011015009244402,0.19186747942540341,0.17286586532737264,0.18024883135531797,-0.18413090695757112
161,0.14408404419710782,-0.19496867594140183,0.14890467843624702,-0.15053796933878943,0.19072669215594892,0.17301675441594727,0.18071105815386712,-0.1849292621857027
162,0.14477770465482886,-0.1962300416879621,0.14922381952429806,-0.15144851145847846,0.19260665080621628,0.17394414242869222,0.18201643002382772,-0.1858827487581132
163,0.14353202793680428,-0.19468735056556882,0.14798142353949922,-0.1484343747615621,0.1910375611816621,0.17253077206707926,0.1808232698232788,-0.18427080876579638
164,0.14216699167726346,-0.1943060427141147,0.14738008922365356,-0.1479579403304563,0.1904614389326223,0.1717540979477721,0.17985930017208926,-0.18421943019804413
165,0.14364867402698875,-0.1951927010862556,0.1481922554401307,-0.1491650933450376,0.19213671112211117,0.17263137984549137,0.18029981825121733,-0.18448649492461433
166,0.14344077936136448,-0.19456421164435783,0.14813122040961646,-0.14871477917245662,0.19109011777357435,0.17249376493448287,0.18034465729817084,-0.18410543358017492
167,0.1436961803293442,-0.1963728569395112,0.14776254984837212,-0.14863056790872448,0.19102808146223768,0.1729135758258439,0.1810270192925939,-0.1852469026542846
168,0.14280157718903108,-0.19639895022410772,0.14829137856580046,-0.1497724962418042,0.1920522153146271,0.17338266961512125,0.18165630849244807,-0.1851331526550442
169,0.1430828269243554,-0.1945674568867424,0.14802530303781058,-0.14856487805500823,0.19179485548103717,0.1722425670296203,0.18019442741811229,-0.1843895595246476
170,0.14404224387808306,-0.1943754707870103,0.14718607577638626,-0.14800553217821294,0.19024129556579975,0.1722913205063244,0.17963117112011995,-0.18423734624791407
171,0.14279376925901777,-0.1957048175028706,0.14800891148462578,-0.147677012457515,0.18983454990930787,0.1724850502182388,0.18036679932000607,-0.18398264702120626
172,0.14239051351374565,-0.19348472226950358,0.14768201991301627,-0.14749019778083508,0.18954075205986626,0.1719175172600739,0.1802615280106064,-0.1836412428750048
173,0.14252288513426423,-0.19492381615516013,0.14806697473439964,-0.14881344841726044,0.1899939430771157,0.17234011302169472,0.1800684593085937,-0.18436973350925187
174,0.14371303299626625,-0.19584221843938932,0.1487511932060512,-0.14890905470017948,0.19187680035684815,0.17303335000633727,0.18108965458102044,-0.18530264575156594
175,0.14461067873485825,-0.19491995273216245,0.14875554558821588,-0.1495625224692993,0.19148242617162733,0.17270231908806305,0.18055830846700885,-0.18492338164853753
176,0.1439672886448175,-0.1946036979371041,0.14798916674501575,-0.14915269560111388,0.19129660602200993,0.1727177863548084,0.1806414494472267,-0.18465303632034313
177,0.14347423800897485,-0.19615894265252895,0.14829600680416152,-0.14862353025387057,0.19158027342969686,0.1722711634999198,0.1803109127383035,-0.18518048714608368
178,0.14355356832894994,-0.1948806147336529,0.1481835801466784,-0.1487173759733363,0.19242492436168526,0.17323755651185588,0.18111813687398218,-0.18495435487959114
179,0.14356021442144923,-0.19598707721803202,0.14702293646816247,-0.1495178809043582,0.19159539188700886,0.17249564244496263,0.18045547637301998,-0.18461792835747348
180,0.14403609035420953,-0.19719090834206895,0.14796179121409023,-0.1486880264616366,0.1901743669705545,0.17243032295304717,0.1814569324652985,-0.1855140740117576
181,0.14255767154050156,-0.19557910842340703,0.14703787242309282,-0.14774634449227267,0.1907964137173683,0.17239903793411665,0.18022792223659617,-0.18450714445769476
182,0.1446235705637836,-0.19641215019526323,0.14901231464623368,-0.14991199793330418,0.19127268112900495,0.17342032822875297,0.1809056239821161,-0.1852347657445404
183,0.14341950782496626,-0.19433904838359983,0.1483666338235176,-0.1485420633199241,0.1902818083715271,0.17233951005032358,0.1801362884015337,-0.1838632926095744
184,0.14280217820614277,-0.1948093266388154,0.14714215869930244,-0.14672665495572684,0.19072047214967044,0.17196912785969892,0.17894104724171037,-0.18406305297183176
185,0.14355876388208935,-0.19491213919118291,0.14765087592743112,-0.14869563454740006,0.19039769538928109,0.17271485348872295,0.18076248869460546,-0.18442735359093834
186,0.14342625544503165,-0.195595583057206,0.1483447086481028,-0.1492214373512525,0.19090422222502748,0.1731271276298492,0.180822601589277,-0.18455766062028728
187,0.14447513730753947,-0.19623262757966162,0.1489103862470239,-0.15080748574795336,0.19196934082199843,0.1733927499789244,0.18156444674851208,-0.1849786300528999
188,0.1436735715332684,-0.19583823207723247,0.14769860584460326,-0.14829396072426596,0.19110380729283813,0.17307425133154838,0.181477142972771,-0.18544428269813973
189,0.14320907408474867,-0.19559530717772397,0.14880408415886057,-0.14918124838197053,0.19222480858857613,0.17297502270831533,0.18071177827089016,-0.18492336841260423
190,0.14385007376192052,-0.19415887656088957,0.14807641204016034,-0.14952662803356162,0.1897508769796207,0.17259698188514297,0.17973006619873783,-0.1845070178315436
191,0.1429369735667685,-0.19480127806719846,0.14656086651699815,-0.14674980176571986,0.19171204514314175,0.17112105434260144,0.1789078789001983,-0.1836052912802709
192,0.14401171392556153,-0.19498373161255866,0.14729625099768923,-0.14870278453160846,0.19036576574543856,0.1723049281043672,0.1802874984568507,-0.18397088617078686
193,0.14298454754246903,-0.19452567683117492,0.1475221056126243,-0.14711995843621306,0.18832700769610197,0.17190403486121442,0.1800716030082921,-0.18385149324153183
194,0.1421322516886339,-0.19423058214630098,0.146525968861733,-0.14667694291110545,0.1928945869482994,0.17105019241442268,0.17922735916506619,-0.1832351602549838
195,0.1429386423317273,-0.19493161882027388,0.14769080272740412,-0.14829859013289873,0.19078261654716464,0.17257767445014713,0.18018503541610867,-0.1845415585516722
196,0.14301595941617137,-0.19583826893255848,0.14750475043586136,-0.1484297937143768,0.19136030788722488,0.17238818043087303,0.18006536641037865,-0.18409211343216902
197,0.14433774952625594,-0.19499632246811077,0.14900674028399843,-0.1487984075210441,0.1902606682764242,0.17314921843292383,0.181088880333705,-0.18478719745825217
198,0.1415359563596274,-0.19467274075903473,0.1474172996649737,-0.1478082345259963,0.19049840105514756,0.17162709679619043,0.18003280126657883,-0.18393437153076142
199,0.14314866366109844,-0.1950104079288126,0.1476815917276961,-0.14885471404365627,0.19207926090954774,0.1727445350892817,0.18067140085808714,-0.18459204890437544
200,0.14359951984439528,-0.19596597488777087,0.14849312510716184,-0.14900107976735766,0.19159806320503855,0.1732352907280191,0.18053999939949694,-0.18489880390509403
201,0.14303291574820096,-0.196065425348813,0.14737658126033365,-0.14865312738025865,0.19216697412337191,0.17295552891449262,0.18062504649797856,-0.1847193872031253
202,0.14326009706949028,-0.1960841140053718,0.14815799263274126,-0.14880500260855511,0.1912596550680281,0.17215591102972533,0.1806727880402641,-0.18415593147782525
203,0.14359818489274898,-0.19580060702694255,0.14803077713360435,-0.1489967157577089,0.1913956259009483,0.17316245330308344,0.18079026359631192,-0.18478156445217805
204,0.14331845361784268,-0.1936570817801287,0.14636812209289007,-0.14693483982539923,0.18957223235070741,0.1705308680146251,0.17882739775993348,-0.18288535746662107
205,0.14227651537383035,-0.19548688577290604,0.14707716816587313,-0.1471293923037183,0.19013213321197606,0.1719335977660579,0.1796969082667926,-0.18396878188156804
206,0.142086386120127,-0.19323093554029686,0.14741034551248786,-0.14798311761445,0.19014228894372262,0.1718800594128215,0.1794498217062076,-0.18357164489554298
207,0.14335205084063013,-0.19376505183276369,0.14799776608480997,-0.14834368501842846,0.19040895443420588,0.17257206986254361,0.1801906896765973,-0.18400080833293633
208,0.1433018028608848,-0.19367019316238174,0.1476502732955805,-0.14875437794267587,0.18918492438150253,0.17160715309318175,0.18012616655194752,-0.1839059294677512
209,0.14299398068295763,-0.19468884246507054,0.1481424798426293,-0.1488660215262179,0.19080696189000096,0.17244084698431164,0.17993684587760536,-0.18382499297271773
210,0.14050076215195278,-0.19427111077494538,0.14682335736757968,-0.1469066783666449,0.18971744098296967,0.17190749923374476,0.17915724293013316,-0.18382353391946443
211,0.14258349685700894,-0.19591843571436604,0.14842800834673858,-0.1487260432314166,0.19245549784055918,0.1729504464751787,0.1806755217489178,-0.1847765987385576
212,0.14375694305111583,-0.19566365363836216,0.14780004839374017,-0.1496721560237037,0.18975593477470754,0.17254583144339916,0.180706983094092,-0.18405847582805465
213,0.14275585362655785,-0.19544358512493654,0.14672060934098963,-0.14829221447080781,0.19111571388624787,0.17189000402275856,0.18008100573147492,-0.18382324256379098
214,0.14444588133581787,-0.19607761234384785,0.14897470287148837,-0.14944381984256583,0.1900041739921924,0.17353090501748464,0.18119435712608783,-0.18542322815560414
215,0.14485753065375437,-0.19470860803397877,0.14926360716045678,-0.14887304078054586,0.19242220815139602,0.1734325626654267,0.1811052738676815,-0.18493425176930903
216,0.1444202139499821,-0.1945384538198142,0.14853729559773146,-0.14898772988166858,0.1904381881154463,0.17282523290692797,0.18037364432782732,-0.18518992289363434
217,0.14295870466312632,-0.1938412416522117,0.14807064848391227,-0.14900504162414552,0.19199722041126951,0.17241152962573147,0.18014103647954063,-0.18395259175956685
218,0.1434755790982339,-0.19502632997955216,0.14820994645252528,-0.14888605348851394,0.1916020738011753,0.17270620225018432,0.18090865844415932,-0.184809073491241
219,0.14210547777279756,-0.19459166941148268,0.14732243011840107,-0.14850383965385677,0.18983424472278906,0.17237790893557675,0.17917509828124825,-0.18389732984617616
220,0.14207739707104766,-0.1939723972712664,0.1469938534151611,-0.14852926225670998,0.1899011647712142,0.17206374681930914,0.18031484542029186,-0.18405846901300693
221,0.1451358733025418,-0.19541356470526,0.14900917050019333,-0.1496110168088814,0.18991102617140587,0.1734365562420166,0.18169254951149957,-0.18494895726814203
222,0.1418643268224818,-0.1949175296177263,0.1467184478085308,-0.1459055758722872,0.19022028935583327,0.17199717733978534,0.18008565134204296,-0.18392762825930759
223,0.1417247593676197,-0.19541673707073945,0.14730666048908672,-0.1474756631892464,0.1914739917158334,0.17230019722877774,0.18044571786639704,-0.18425727582278137
224,0.14581252364619918,-0.19401425345823078,0.14933426620454174,-0.15037516868788373,0.19147205309368365,0.17381303063072748,0.1813804877279875,-0.1853165672266741
225,0.14319288915775752,-0.19416842955655153,0.1480459991187156,-0.14900624607824683,0.19130433939286745,0.17275034248055965,0.1802107489478859,-0.18464400068830097
226,0.1423908309632658,-0.1948410928507833,0.14776604675003552,-0.14899545360388156,0.19109080757519278,0.17176114913963475,0.18001524144316994,-0.18415756847813206
227,0.14391667300608696,-0.1945285432319898,0.14825449913799824,-0.14916240067025902,0.19044572682898347,0.17246457336626644,0.18054505707442267,-0.1844162847862359
228,0.1442845661900694,-0.19384541994140042,0.14848060166742594,-0.14961987054146283,0.19115685165050494,0.17335920622465806,0.1807028412078417,-0.1847878858799595
229,0.14264037480952188,-0.19692560655581579,0.14786886480246456,-0.14848001789133713,0.1913615074880056,0.1725497443459368,0.18094910567480493,-0.18466712248474623
230,0.1429486952735642,-0.195805943964407,0.147913720904081,-0.14802725512460024,0.19029754237081822,0.1721409058284542,0.18025273301338973,-0.18399253304049493
231,0.14321579149489744,-0.1945621378354131,0.1475016270231954,-0.1494935201188251,0.19079365101127455,0.17225658960403284,0.18020295096659555,-0.18472239115113423
232,0.142895853499042,-0.19498212141859486,0.14782100272042464,-0.14951230432855453,0.18994299622733782,0.1730681060698537,0.18115332820799435,-0.18459045735543814
233,0.14348193806451176,-0.193360795504986,0.14820833107108994,-0.14923781288819918,0.18929616876575991,0.17185834693640145,0.17947041364493138,-0.1839941395048583
234,0.14215862850710245,-0.19531264164958312,0.1467500982485361,-0.14771645178025036,0.1920958366753419,0.17207098478834537,0.1800347208735791,-0.18374410975742728
235,0.14232885100821396,-0.19589873471106606,0.147080713083989,-0.14754792477571343,0.19169913525965265,0.17239864726698978,0.18020422653967086,-0.1841065428087107
236,0.14355657527736856,-0.19487335679396986,0.14777611978880342,-0.1483846011284747,0.1908780533507418,0.1721874502739286,0.18009954398855232,-0.1842284481831288
237,0.14348702173181832,-0.19551412020201878,0.14842680771581754,-0.1486505786707257,0.1903416677848929,0.17220511586308565,0.1801434089500238,-0.18406230155758738
238,0.14218123904380167,-0.19515174110589031,0.1472264703597088,-0.14791774265313248,0.19013451319753083,0.17146361232686744,0.17977046577045708,-0.18420764967883524
239,0.14423521681319917,-0.19474841393408326,0.1482532671697705,-0.14878058315739096,0.19046357845921041,0.17288208213604733,0.180478065446403,-0.18532240763160096
240,0.14503076398469256,-0.19445532362585932,0.14868917384921285,-0.14867680052317614,0.19077017311294406,0.17311895484738146,0.18024282752870388,-0.18444281253751424
241,0.1430089842681532,-0.19576648975721334,0.148243960527737,-0.1502611274774551,0.1908711508626849,0.1736979371167001,0.18088969794351747,-0.1853733164004284
242,0.14375411313345696,-0.195596341379981,0.14810011266095996,-0.14977458295688795,0.19085771356528541,0.1727581669302506,0.18060603008220436,-0.18487673253503525
243,0.1430890295432164,-0.19441741734898574,0.1467738174171487,-0.14722026526161672,0.18917544630652441,0.17167568069319292,0.17971446258952936,-0.18363623147286276
244,0.1433650092470598,-0.19599881949915726,0.14758194085507337,-0.14880561288306382,0.1895831538726598,0.1728189410593318,0.1808090008172452,-0.1848455392027064
245,0.1426628935616578,-0.19413838746745038,0.14714250720759153,-0.14861768455907756,0.1886934389680245,0.1724137968500674,0.17947553565446003,-0.18405964855202353
246,0.1436107168668507,-0.19613203968475101,0.14843269998495376,-0.1488949918486905,0.19102840366762433,0.17346822732708175,0.18101506865195235,-0.18504341157453136
247,0.14538886871794635,-0.1958777563137656,0.1507692974563689,-0.15105065652916674,0.19075164974392048,0.1748754928597406,0.18219690428368737,-0.1864421294681403
248,0.14212846904450416,-0.1945209622062672,0.14700160206200166,-0.14835122149127536,0.18974538838665006,0.17204960836673924,0.1795137821898805,-0.18355437506082098
249,0.14259304300483952,-0.19533157367416276,0.14817565499507493,-0.1490520966344105,0.19010524876451682,0.17244739505634823,0.18017708933669419,-0.18452012134112813
250,0.14413523865121403,-0.19511383400028945,0.14911060687943367,-0.15055974709796507,0.19202985831875566,0.17364263940945956,0.1814820977099047,-0.1848402076329293
251,0.143738462886971,-0.19469083232383538,0.1482827618907154,-0.14871840975109954,0.18998236352674572,0.17253424425785807,0.1804048993526409,-0.18417555463390145
252,0.1428548960716402,-0.19414156931791882,0.147250630700983,-0.1484605630492485,0.19062035357886345,0.17184685479460624,0.1793547543745733,-0.18343175281385557
253,0.1440782597380516,-0.19611136184647873,0.14843604810017105,-0.1488353507326161,0.19098025757476447,0.1728016310401915,0.18081004117146263,-0.1849677118197102
254,0.14420013204149362,-0.19573406162076498,0.14803360942498917,-0.14877051583786413,0.19138674786222892,0.17261160618571864,0.18023732950445326,-0.18459253228146386
255,0.14425212864045514,-0.19575488487221376,0.1488869839635835,-0.1493407824443248,0.19215501571932062,0.17246383173444943,0.1803265194377743,-0.1841735871973991
256,0.14356460576847466,-0.19633150736722618,0.14816081058895114,-0.1496801059537486,0.19141978737250123,0.17291113140616893,0.18060532791703157,-0.1850090950902492
257,0.14434891288540874,-0.19580148773599595,0.14862841774536095,-0.1491653644217787,0.19194582502267907,0.1737380769433907,0.181924337126243,-0.1856139542992413
258,0.14375538832093998,-0.19504287183602304,0.1486683237233526,-0.14985872633010744,0.19296143954850734,0.1737380211893384,0.18106650524665274,-0.1855897148456451
259,0.14420736297983838,-0.193623400542906,0.1475854287724034,-0.14909268408912163,0.1910204937695684,0.1723472817368136,0.18017085906553656,-0.18456171603769972
260,0.1427243348222942,-0.1950329256902867,0.14764059252743375,-0.14827149485993177,0.1913222203998276,0.17270561193077585,0.1808822060391457,-0.1848137435980375
261,0.14475170284090608,-0.19599847737970988,0.14939861092545237,-0.14988056968956934,0.19170317688426802,0.17347347487242595,0.18141113106455506,-0.18468237385970596
262,0.1437877279210132,-0.19586001949913168,0.14859146453934655,-0.14960873319100354,0.18975246189505185,0.17262609756369898,0.1805168224753523,-0.18473784552005876
263,0.14177816290485817,-0.19489110171854943,0.1466718498306673,-0.14683005574960856,0.18928704009830602,0.17101715512669916,0.1791226445513146,-0.1837583483682404
264,0.14333017354417926,-0.19617121683988684,0.14881341374919674,-0.14878668664037498,0.19209664841618596,0.1729057995444163,0.18086099063161618,-0.18493598999370664
265,0.14362775009752027,-0.19493864786025092,0.14806389448146529,-0.14827645958835992,0.19073746260748164,0.1723471025212632,0.1801712388131539,-0.184083667947032
266,0.14425103360670755,-0.1954691150606194,0.14777357680781353,-0.14863013435363448,0.1915921501795363,0.17235019740923974,0.17998385742473896,-0.18464879616626007
267,0.14416219141355469,-0.1943095209534474,0.14857443583821472,-0.14923056275428775,0.1890725847446347,0.17227178618681072,0.18040636231995366,-0.18450942390826097
268,0.14294318676219506,-0.19741383182685862,0.1476217734183584,-0.14901577550802195,0.19202939011636674,0.17228838021399967,0.18038962144782925,-0.18482230098210814
269,0.14272879453134688,-0.19449132144436235,0.14753558050488122,-0.14939695407033632,0.19076442820893688,0.172266664084799,0.18018314025003168,-0.18387729183202828
270,0.1429414900045502,-0.1954636989330138,0.14711073303177846,-0.1476635413964033,0.1884453354893875,0.1723861032510716,0.18003010094161584,-0.1838697944866465
271,0.14488632851700264,-0.19501479447411693,0.1486828726751555,-0.14956542364255712,0.19169579408655738,0.17375434993377095,0.18095273138219076,-0.18536165401844149
272,0.1435168376602985,-0.19460147634229671,0.14856850443488373,-0.1476782156489688,0.18827122635459229,0.17217510457170979,0.18064196271783808,-0.18456905141748173
273,0.14267374086012438,-0.194411116164079,0.1475659191067208,-0.14878159514998637,0.19018126821810147,0.17224141329702125,0.18006447184093402,-0.18440774281463698
274,0.14316810188764204,-0.1963819167233288,0.14776341612437932,-0.14804676734999797,0.1912919009918698,0.17222473526935736,0.18046100451401342,-0.1846581214444875
275,0.14490701880732929,-0.1973413226650513,0.14874379392660123,-0.14998097306437153,0.1904095761181937,0.17352786808151732,0.18182876285416755,-0.18557511319306882
276,0.14202145817049866,-0.19491310050786329,0.14691219730534807,-0.1467813740634403,0.19033943198905937,0.17166268088926043,0.17936775853674272,-0.18308748061603358
277,0.14438776889623023,-0.19403670089065692,0.14876464867182795,-0.14967327353216142,0.18951159904870007,0.1731959543582061,0.18088190984736405,-0.18486594979366608
278,0.1445652607962636,-0.19511017369275876,0.1488275867195235,-0.1499857818365366,0.19049076751687435,0.17289108909756318,0.18055595904365768,-0.18493909207373282
279,0.14279587908994223,-0.19474343795829016,0.14760687618242635,-0.14814099197720376,0.19072922025268085,0.1721033924302045,0.1795603668749086,-0.18392193268023735
280,0.14215538012485002,-0.19322883653115364,0.14751586356327884,-0.14754469089003447,0.19017064787501342,0.17204750104516833,0.17939754993982943,-0.1831857574080128
281,0.14200657823786086,-0.194537247381178,0.14764808891501766,-0.14836095927455123,0.18908370459136306,0.17212591789237916,0.17966405077445588,-0.18390717595248837
282,0.143584213013261,-0.19545576172103532,0.14771341033581428,-0.14871015760670542,0.19116326559641794,0.17211027013057534,0.18058931962351563,-0.183887081570765
283,0.14453846150531907,-0.19502457799273418,0.1491085062580404,-0.149364903106338,0.19183088456555536,0.17278830408984006,0.18132230263927207,-0.18497387098921014
284,0.14350321837544486,-0.19373906269806362,0.1480585295239323,-0.1492742582346126,0.18995720721989573,0.17212171015768485,0.17999330081639145,-0.18350787211066888
285,0.14477740115854365,-0.19526203274910864,0.148770419942678,-0.14958131888676288,0.19040094483419864,0.1726955661265907,0.18066484395279758,-0.18427949130043897
286,0.14298306140381506,-0.19356909077732606,0.1461897247411456,-0.14707191199407402,0.19062463965342052,0.17121283124655687,0.1795629647145512,-0.1830274153335231
287,0.1435562310909895,-0.19507185168815186,0.14860442821407696,-0.1488355457716682,0.1916093804212853,0.17292195999469995,0.18092554092573737,-0.18491370408439928
288,0.14433198535991792,-0.19417099391246223,0.14802825627930621,-0.14918102602992123,0.19249903215305508,0.17295736515050264,0.18048063782008636,-0.18444471174626
289,0.14423757035641718,-0.195649066663592,0.14890566597028795,-0.14901582221813944,0.19146218404562107,0.1734810367600955,0.18154842139976238,-0.1854478376267032
290,0.14223694429789266,-0.19420661040952533,0.1468991733368335,-0.1483242453744357,0.1920483511156489,0.17145282134901613,0.18024537835229418,-0.1837589416280826
291,0.14064252469738225,-0.19446306689644477,0.1462293852067661,-0.14726868758411396,0.19158072674517518,0.1710031774448739,0.17943949819515911,-0.18321010723544245
292,0.14298688564256898,-0.1953455329654324,0.14836517387687934,-0.1486862779321651,0.19065715426665586,0.17270147074642037,0.18032476329012348,-0.18460103534423639
293,0.14340422967608335,-0.19552857944969124,0.14849747820620743,-0.14955991640327113,0.1919946008927308,0.17254284386879362,0.1807719688574064,-0.18511409808656792
294,0.14374506258729852,-0.1945268648099586,0.14836599444688386,-0.14854872052689405,0.19167824471988804,0.17223884893553562,0.18085574100889704,-0.18499809618101154
295,0.14339490796032123,-0.19445255848397894,0.14827887692575334,-0.1493465171918833,0.1909164396960046,0.1723392886792701,0.1802342495912341,-0.1847402777227563
296,0.14289903165275153,-0.19528071232853778,0.14702654029953502,-0.14850354024283607,0.19060971440695357,0.17196497889395967,0.18015112233626268,-0.18414487476474112
297,0.1427207353036922,-0.1951454045360368,0.14741655354661792,-0.1477357260801906,0.19093805654597906,0.1728244639846158,0.18032935723101892,-0.1844384963401864
298,0.14337004171582612,-0.1961362261232374,0.14832357815415118,-0.14880519736897846,0.19154688844228976,0.17306252238117487,0.18113225789475917,-0.1848679311800227
299,0.14352759169863025,-0.19448782296613165,0.14891003125554184,-0.14926069099408107,0.19113575367020438,0.17327415605267035,0.18031554889750087,-0.18479069887553545
300,0.1438585843695495,-0.19503748658353434,0.14753142506661782,-0.14812129486804057,0.1901531058776024,0.1722061713530444,0.17931948246534127,-0.18428741621252875
301,0.1446719981729621,-0.1951695620261861,0.1490659685835583,-0.14979603575055606,0.19050102290486629,0.17311120605910832,0.18093893084814225,-0.18454237566904141
302,0.1439382096228721,-0.195982614698775,0.14821860752900914,-0.14840845622500995,0.19018202016099178,0.17288695178431504,0.18069830098355374,-0.18424057625085413
303,0.1428448187201057,-0.19503345534052477,0.14858721130948938,-0.14914260537380217,0.19029868769853797,0.17328883507446483,0.18017606186069665,-0.18460867278850246
304,0.14322086094061123,-0.1942631950537547,0.1477920653093293,-0.14793633045436455,0.19144461854953887,0.17280534641893408,0.1808500244768752,-0.18460218546803805
305,0.1421036007435973,-0.19475873196725776,0.14699468752767375,-0.14746899097759478,0.19118594016106746,0.17160414772467258,0.17960224690248108,-0.18416924014698974
306,0.14421624347392833,-0.19591510293219877,0.14900148185611922,-0.14902521419474407,0.19058733248296272,0.17275375115288003,0.1813774478919509,-0.1851239590485651
307,0.14519199896326773,-0.19425842319692604,0.148645638607226,-0.1497910249190168,0.19142902312962579,0.17285474784361182,0.18098159022669338,-0.18453430483093924
308,0.14392866756058645,-0.19443214629500846,0.14878321944089887,-0.1495197240465625,0.19074401811503286,0.1731299915680139,0.1809191910388702,-0.18488510836228284
309,0.14425071526827488,-0.19557233769816196,0.1488635542303672,-0.14932268591712494,0.19129968322163565,0.1729148146783709,0.1811019754454804,-0.1852898054998193
310,0.14379183269981116,-0.19595823391647518,0.14794503660878933,-0.14937609349201844,0.1909064082845229,0.172724671801059,0.1808031766041903,-0.18490932823596914
311,0.14261482911356224,-0.19417549297738632,0.14761219234131046,-0.14921519420472135,0.18984982106248646,0.1725476550878849,0.17957686795017064,-0.18454761669238143
312,0.14336745409163226,-0.19451230036992795,0.14756887896665782,-0.1488733983999099,0.18983205699756114,0.17248345545496988,0.17998288901749193,-0.1843409846074887
313,0.14335209949469707,-0.19429689082263274,0.14774003457344065,-0.14872211081592573,0.19158136648527302,0.17205735341305464,0.17976379109343665,-0.18393537187858053
314,0.1438641031859777,-0.19557448886294423,0.14934814923443807,-0.14943176052411564,0.19195588395847005,0.1732561848694864,0.18160541025619215,-0.18514858680936877
315,0.14330176543519882,-0.1946642727973191,0.14723877635090407,-0.14753031724628218,0.19131100514839708,0.17239705373473382,0.1806647747514806,-0.1840118720540321
316,0.14351767810011087,-0.19577761308488828,0.14819161342805043,-0.14957018379722406,0.19100630939478272,0.1726271383359337,0.18049583757960802,-0.18463409620806026
317,0.14422895258829987,-0.19521471160735887,0.14910861142200701,-0.14927525681068213,0.19125377791911413,0.1735071941442239,0.18130222542708493,-0.18486804337841345
318,0.14351723017347398,-0.19443112509808952,0.1472430492824139,-0.14911954896005833,0.19130303202250773,0.17200878682136467,0.1804862250945153,-0.1844915879879562
319,0.14165125132866183,-0.19351593870993958,0.1469421835991198,-0.1470548094301944,0.18855753078345053,0.1713132457307876,0.17932811582437938,-0.18356982270958822
320,0.1434256763988934,-0.1948404737325274,0.14806905552228486,-0.14863401437457463,0.19042629298586092,0.17298268007209086,0.18052509651381643,-0.18439490574874876
321,0.14112893376997362,-0.1931319029565736,0.14529767980729597,-0.14626783543133315,0.18942931396360052,0.17031032716416913,0.17792832116702287,-0.18282070474177686
322,0.14670499558287603,-0.1962392335335234,0.15083485672003877,-0.15058476202829943,0.19174173546173992,0.17488767867218039,0.18206340043851052,-0.1864468642347613
323,0.1432171759310797,-0.19404164516213737,0.1472682718465686,-0.14808196374354463,0.19048463696903617,0.1707825689946417,0.17956486147578363,-0.1835428459284593
324,0.14109760386139697,-0.19435499226345537,0.14694759400059565,-0.14760575973063456,0.1892819281747953,0.17172159736345863,0.1794009929495788,-0.1831659515931525
325,0.14381601323324253,-0.1948899772343702,0.14846570731957714,-0.14901018711679379,0.19174840543861452,0.1732917589156967,0.18103810826789152,-0.1853839991774601
326,0.14335461854179682,-0.19479258899978838,0.14773895371029253,-0.1486078226867233,0.1905315576538628,0.1721175771419368,0.1802400296584148,-0.18395886509611054
327,0.1423481695656559,-0.19466552604079743,0.14776106109900314,-0.14826487495742724,0.18972529515862588,0.1720219745132249,0.18034241430602926,-0.1847982135534622
328,0.144581518538019,-0.19437716411648795,0.14955829225718026,-0.14906779337917184,0.19185273503094638,0.17372665391157943,0.1813771838587967,-0.1853341116211128
329,0.14494408404892592,-0.19634050334686753,0.14955681669573556,-0.14977079874468002,0.1915342650049346,0.17365666640750563,0.18066393711074602,-0.18568348169438936
330,0.1436514632984695,-0.19513397325179893,0.14846238306487394,-0.1499299631609273,0.19172279810201612,0.1731160070653252,0.1807533118308059,-0.18427656500203524
331,0.14404945556926785,-0.19428305371214746,0.14746593750814144,-0.14906294808165255,0.19055032990738296,0.17238504566184448,0.1801785191608917,-0.1846599321823844
332,0.14322072052713855,-0.19454764492522553,0.14764664883786574,-0.14853677721607084,0.18928061160631665,0.1728068917738709,0.18092299613425702,-0.18487892464750896
333,0.14355788621201557,-0.19529485092198176,0.1487473650866257,-0.14961447718465848,0.1906966162584771,0.17245819446302696,0.18069301277455602,-0.1846619230865786
334,0.14279727847520782,-0.19584964974453822,0.14730330422788607,-0.14727623209192553,0.19094122948774025,0.17190875925470495,0.17978166405549448,-0.18360583726689397
335,0.14587651381282007,-0.19674020341018308,0.14959389832999598,-0.14979221091578795,0.19208509999722015,0.17418340553403044,0.181765829592645,-0.18568217296991835
336,0.14213788004050562,-0.19500378350054695,0.1470466318526044,-0.14835113245349824,0.19134760665101336,0.1721328557547315,0.1801394993951743,-0.18346110820457417
337,0.14571562809831493,-0.19600771763848104,0.15074807178839578,-0.1517435353296563,0.1918752294572961,0.17475580602197247,0.18193233347701043,-0.18600362755833913
338,0.14484478724460256,-0.19438978463118237,0.14953141681033078,-0.1503319530893696,0.1905284900244391,0.17334330623886798,0.18128609580323604,-0.18454766007062373
339,0.14434153957888354,-0.1944819508932672,0.14897933621706885,-0.14938685400554905,0.1901245196097133,0.17263069883126264,0.18081458442647141,-0.18444017745843766
340,0.14419871271659404,-0.19671676468187554,0.14856583088057096,-0.15015925797702534,0.19164554974967804,0.17379756804505658,0.18173566449560608,-0.1851099901024336
341,0.14417358559384671,-0.19419813230897232,0.14874554991379355,-0.14812533184735868,0.1904651312855874,0.17316671678382584,0.18106368815210333,-0.18487265330727862
342,0.14255825377861642,-0.19539718437471762,0.147590766245256,-0.14926669765409475,0.19066460948219446,0.17250879768699887,0.18009168657955218,-0.1848958162388046
343,0.14419170899494546,-0.19486197624423665,0.14822390657371567,-0.15015570386957697,0.19171172006092638,0.1726436210183667,0.18027598089482424,-0.1847204029442956
344,0.14397068470925845,-0.1930940649994874,0.14856071427413098,-0.1491968264137077,0.18962687110455206,0.17264494954882303,0.1797492459165955,-0.18446485493368464
345,0.1424697760659011,-0.19357355436076873,0.14771553344119692,-0.14868577036234518,0.18977521757118646,0.17250693064326295,0.17989323512815414,-0.18382380225831516
346,0.1437055774528451,-0.19509015276760525,0.14834768449597832,-0.14805804042352058,0.19160475183145054,0.1726915988294636,0.1810828247612051,-0.18446971635854842
347,0.14418128940898087,-0.19456512970760348,0.14767460898092116,-0.1499127044094286,0.19035205683490158,0.17189292212155036,0.18073435742220256,-0.18415039057695348
348,0.1433325220553881,-0.19528126698276058,0.14792900825508878,-0.14811536495602595,0.19191775296727542,0.17232295612348444,0.18093160198204908,-0.18484709403907443
349,0.14208101018962685,-0.19461809269821662,0.14726980538660722,-0.14887345786514816,0.19074870490156928,0.17179736874596147,0.1791406622180058,-0.18355712771948893
350,0.14430279761375997,-0.19512633338737245,0.14847986338483296,-0.14919521193748747,0.1914722578431913,0.17227604223277526,0.18091296426048636,-0.18435630665066727
351,0.14342745371881482,-0.19330358211451756,0.14751428358265223,-0.14796747293997145,0.1895340531660237,0.17213929253481722,0.17981731145933377,-0.18346068510176788
352,0.14120286630795106,-0.19510252593955402,0.1468625702203724,-0.14713229731183622,0.19087181836071465,0.17210359868147226,0.17944280594483916,-0.18334804390855566
353,0.14102481670040665,-0.19396044025965636,0.14567906561028382,-0.14645068419162294,0.1909920105992968,0.17086655289592442,0.17860129309947126,-0.18316367875981193
354,0.14426800983811466,-0.1957063508574019,0.1485608474390111,-0.1492076501192262,0.1912856498537481,0.1733828688042134,0.1802342945273463,-0.18489665022124246
355,0.14292355222067774,-0.1946148362404741,0.1471061337162857,-0.1472725672608959,0.19041644825923365,0.17168809616236266,0.1791615126960876,-0.18346239212538798
356,0.14447290002302948,-0.19412602795268485,0.1481212259313205,-0.14999991530964263,0.19196834867905835,0.17285998440528866,0.18097662446799645,-0.18478696418587628
357,0.1421083721724144,-0.19590206907361882,0.1477108484587545,-0.14795649607491188,0.18997183558420053,0.17186736961919172,0.17974832829565235,-0.1841115482063993
358,0.14352866693559047,-0.195675865939294,0.14878925340403235,-0.1489398737591286,0.19142593454276774,0.17272371797945857,0.18101858078473465,-0.1850552035374702
359,0.1447816197977413,-0.19606533824633565,0.1496102306508143,-0.14988601871694512,0.19157663599496993,0.1743316913674508,0.18195617272704698,-0.18556643822741814
360,0.144250169510859,-0.1953070601626738,0.14896871774521117,-0.14972947752126214,0.1892187968616888,0.17365426168164924,0.18140251701030477,-0.1850261111630659
361,0.14213662962446338,-0.19414391550411506,0.14652161257653715,-0.1473541502987573,0.19037934846785795,0.1716237776901838,0.1793560867571091,-0.18353328410828937
362,0.14391041957446707,-0.19563633832402433,0.14814639109647595,-0.14881305130877773,0.19105830341008237,0.172865745951199,0.180594349383524,-0.18449204559008597
363,0.14282972661635548,-0.1945268452286082,0.14721514351536474,-0.14753624340822133,0.19008790742974963,0.17227561725677085,0.18012628897292726,-0.18441056619560037
364,0.14298465714882627,-0.19465372553179264,0.14757671267669423,-0.14846852962071663,0.19120114315093867,0.17211564902364812,0.1803808264034376,-0.18433251681595877
365,0.1432273696131153,-0.19668755438542893,0.1484238020475747,-0.14811738754982484,0.1925223690388489,0.17296843795088174,0.18055680695249682,-0.18476138707365417
366,0.1430553225374185,-0.19478220648020023,0.14777910932914218,-0.1493867582710788,0.19052595847881593,0.17263346948642314,0.18091249322590902,-0.18481817614732485
367,0.14509189204545858,-0.194624454471176,0.14840974525247916,-0.15039994037638224,0.18990313193925382,0.1722343628828624,0.18060858040855374,-0.18435076768123482
368,0.1437908654765739,-0.19512351426038296,0.14800912660466928,-0.14774780626395398,0.1932475499740096,0.1728427626094612,0.18052828168904733,-0.18489506153483756
369,0.1428854508113784,-0.19513912329425354,0.1471622766689209,-0.14825496033301286,0.19318432225130672,0.17277315440264354,0.18029492830272562,-0.18451909454624807
370,0.14287338239031616,-0.19380918087995824,0.1469807228584684,-0.1475960235496589,0.19084648405049653,0.17193338265845665,0.1793750243081533,-0.18337682654203535
371,0.14374099096172807,-0.1947951327190291,0.14866988877505968,-0.14871645309650855,0.19175914112856546,0.17315626645005835,0.18024658077938052,-0.18470832951915778
372,0.1434658685339527,-0.19477801066185643,0.14805379658753726,-0.14908671089901598,0.19114412160228264,0.17299470528283017,0.18055899165868428,-0.1845321967724766
373,0.14451453303794168,-0.1951857681857905,0.14811943829850407,-0.14928195348646037,0.19069630051174843,0.17243468577399734,0.18028779306785656,-0.1844352281058422
374,0.14313892362827652,-0.19476156329004293,0.14747077608430953,-0.14723568045966007,0.19111712476395726,0.17187225697619724,0.18047109968523026,-0.18454607755909488
375,0.14314350408636828,-0.1954264846806287,0.14807948486015413,-0.14882356583416026,0.1904917996353345,0.17240654798262922,0.1799000886946567,-0.18465623657149544
376,0.14160690949871677,-0.19468795992454263,0.14657985312318678,-0.14805982082205277,0.1905207344279722,0.1710134688458924,0.17975892291687565,-0.1837861884655729
377,0.14276055721370676,-0.19552642976568033,0.14701521805636028,-0.14742563630421265,0.19123563003360136,0.17194892650796523,0.18058793175108995,-0.18432583392951707
378,0.1418442481987861,-0.19413771573458716,0.14664798921169575,-0.14744158293643211,0.18985296999787415,0.17115235145823351,0.1790157355108819,-0.1827353392379328
379,0.14367853774793465,-0.19513025787941285,0.14768193559819687,-0.14888399223289622,0.19055035594471018,0.17242801090430337,0.17990590216334892,-0.1836385152402491
380,0.14406118158186978,-0.1958197135931822,0.14903231796355138,-0.14986977876715618,0.19185921691688854,0.17352442399264445,0.18131904025138995,-0.1850095795545499
381,0.14368801871347744,-0.19500062935759926,0.14809481593792817,-0.14839929880538988,0.1899346110747382,0.17299533895843844,0.18068429725058552,-0.18498943542210192
382,0.14410144887060078,-0.19432864743099368,0.14801291735096175,-0.1488318402943891,0.18905445032957727,0.17239183680572084,0.17996912726445138,-0.18453657335188756
383,0.14309814973677518,-0.1956017671011582,0.14798813097227134,-0.1483831489896688,0.19127096503848215,0.17296446552457673,0.1809623856222247,-0.1847928631830883
384,0.14318135142036623,-0.19567408389011495,0.14761171246936017,-0.1478141437710971,0.19038556672583143,0.1726866718592101,0.18027610164752694,-0.18456527882666077
385,0.14331720914412943,-0.19415162482552942,0.14734322144577272,-0.14811243642173746,0.18968883367889597,0.1716198938075366,0.17957494926422624,-0.18348575747276413
386,0.1439907495026486,-0.19594823737911143,0.1477434965961573,-0.14840803510049833,0.19049246304736278,0.17232977461131033,0.18039805404628093,-0.18426578256816364
387,0.14264398514274967,-0.19460345632477777,0.14781622386125703,-0.1480213623744555,0.18934299619687983,0.17331434927176448,0.18104998358163585,-0.1847193179767949
388,0.14354883075520242,-0.19455762189191797,0.1482767315080394,-0.14894174272215352,0.18970401871072234,0.17281088621364174,0.18082871290132185,-0.18431104652838326
389,0.1440655407604193,-0.19458634071058256,0.1493413941204538,-0.15044174336146326,0.19143223104754306,0.1732661103365633,0.1813017565389122,-0.18526820227838475
390,0.1437399180981372,-0.1957751763595208,0.1480241242635304,-0.14900548031612396,0.19093657967697497,0.17261051154716742,0.1806368365770197,-0.1843561215181651
391,0.14357528797672642,-0.19380652874572593,0.14756839410202743,-0.14822148883469427,0.19046195374965594,0.1720828626318828,0.179769113418866,-0.1840703346581767
392,0.14148570307345526,-0.19454977816491686,0.1472369127264316,-0.1483295103335995,0.1888184674730741,0.1715442794840276,0.18057454966839148,-0.18386369479315132
393,0.1427648288838961,-0.19538373152799574,0.14739719929857212,-0.1481845933437541,0.19016411315299067,0.1726034440487245,0.18032506295503073,-0.18406680245702267
394,0.14327596327825917,-0.19505204060319184,0.14874499251125028,-0.1492532855514516,0.1910707553036786,0.17326760758158422,0.18113411265535972,-0.18466559500130456
395,0.14374144209202602,-0.1939429349802033,0.14806862602184095,-0.14961218642232166,0.19078180737701625,0.17235795381630917,0.1804009252147125,-0.1840331492783969
396,0.1438423506902039,-0.1955577513849422,0.14813084942300767,-0.1488131890907292,0.19007279247525102,0.17288863145435793,0.18067296461234242,-0.18463601060382434
397,0.1435645374663803,-0.1947967916713734,0.14781559936035735,-0.14936558896759894,0.1888135914297835,0.17243340109847108,0.18004906883607466,-0.18412458408813406
398,0.14197071676314815,-0.19450903347252502,0.14676479427461533,-0.14794288366670438,0.1894002188622774,0.17169392430557634,0.18005787356713407,-0.1838783465393184
399,0.1424248734056957,-0.19591539147945047,0.14731079753081439,-0.14814560170369057,0.191490791757517,0.172122683129125,0.1801003611823678,-0.18417352683612964
400,0.1425285965030212,-0.19731699050571436,0.14798571901244423,-0.14879887289012775,0.19248503892302926,0.17327632353012937,0.18142144156589407,-0.1852986332593862
401,0.14322631095604924,-0.19623359881011077,0.14824887321863414,-0.14934287390112694,0.189471555930004,0.17340664518115698,0.1805675638787001,-0.1854435733267311
402,0.1436681254354399,-0.19494774943060955,0.14769504123665195,-0.14880777794090547,0.19244170211765732,0.17252311217047142,0.18117401877212197,-0.18441634232202164
403,0.1445602425204295,-0.1954867803848687,0.14834682436183969,-0.14921260284127186,0.19061076978402935,0.17322665886716027,0.1808167684408967,-0.18467501368695938
404,0.14510056491263626,-0.19494157954370778,0.14969460352288652,-0.1508552153326798,0.19107691392459725,0.17436683591480354,0.18153519274569854,-0.1855874742278534
405,0.14401638186962099,-0.19562509544545084,0.14824279520582506,-0.14815537316224037,0.19145307683505547,0.17274555110894313,0.18084845695144539,-0.1849247186209366
406,0.1439519204970937,-0.19418935674735874,0.14825988889758415,-0.14882874783579966,0.1916687093720118,0.17200108061667005,0.1800247379422521,-0.1842439756436751
407,0.141885440731196,-0.19414893884257078,0.1469142178454964,-0.14832457353765058,0.1893522611291147,0.17120638532756605,0.17884658430049505,-0.1838870192472416
408,0.14369929409879537,-0.19637742014929982,0.14788926980133382,-0.14985377901113547,0.19247885887476568,0.17343511227202713,0.1816269264974871,-0.18542977413126208
409,0.14261541696060467,-0.19606863256202575,0.1478206829793331,-0.14770411217799484,0.19019800124269934,0.17209273974413766,0.17996671090313596,-0.18408712191093726
410,0.14267729600858958,-0.19461544109594536,0.1467999574046398,-0.1473177290222117,0.1913850637588267,0.17146627205908166,0.1793212383528633,-0.18342217066016295
411,0.14311801026418094,-0.1971290320142568,0.1485612606193896,-0.1491829783130685,0.1926478388810828,0.17312623939106248,0.18159776640174916,-0.18546147081194583
412,0.14417474828291135,-0.19544176877770766,0.14858222921532718,-0.14989454204259975,0.19167007726286178,0.17262227698480193,0.180834712594653,-0.1845517254162644
413,0.14368410471588197,-0.19498659956085848,0.1481504228314514,-0.14932354201927,0.19123942765215607,0.17271660091974902,0.1805573125497297,-0.1844548344355613
414,0.14168563414551077,-0.19336032780010648,0.14650045399584652,-0.14799421440123647,0.18776378591914478,0.17111678277586304,0.17878139161055123,-0.18301913401115183
415,0.14384477629750297,-0.19478930092845448,0.14877662119558943,-0.15028271255950446,0.1901986893640968,0.17363193493088605,0.18091859980311067,-0.18469280997873572
416,0.14408724894690736,-0.1972396300147103,0.14929554678331605,-0.1502834421761167,0.19211069012490217,0.17429379219633434,0.18267179475139675,-0.18600076074912653
417,0.14517946065774523,-0.1959436793971841,0.14907309702865007,-0.14985628268472198,0.19207694801195005,0.17328148582272446,0.18016200204495775,-0.18461016457134022
418,0.1419045331045699,-0.19429293379026594,0.14753620675417625,-0.14701916543896704,0.1914953203986149,0.1716942294303222,0.17986585723791962,-0.1839913752702116
419,0.1444809916392928,-0.1943622353621401,0.1483001121123656,-0.14969669633876648,0.19103741117056208,0.17294576780449647,0.18018689436225144,-0.18444703570697799
420,0.1413765193756349,-0.19471596714678788,0.1480099766593792,-0.14744831955378385,0.19053942634095894,0.1720146701435915,0.18045387797421408,-0.18449949161084833
421,0.14355728608478574,-0.19576595085646314,0.14819939606674906,-0.14915148380477922,0.1918998621271102,0.17302176961853094,0.18095166730607498,-0.1851387205797279
422,0.1453701550090369,-0.19543564670755353,0.14907532595671485,-0.15044770413562264,0.1917113886261198,0.1739191427765947,0.18175139404274274,-0.1857030663182985
423,0.14420143894046872,-0.19572917575883172,0.1490814323377609,-0.14995343960070545,0.19091125967411046,0.17339912694983467,0.18129134925356402,-0.18473277099013252
424,0.14272384097545,-0.19453900684523878,0.14738963349618053,-0.14927638261025591,0.1920873515605586,0.1730121475982357,0.18047364285295442,-0.18453901725210906
425,0.14388808950253262,-0.19614433821190555,0.14799841878161232,-0.14838111634116913,0.19113179023934776,0.17289818415968142,0.18090843163108034,-0.18461842071420312
426,0.14301498701426577,-0.19674019620693625,0.14821264439202625,-0.14826632408053378,0.19085486327136747,0.172768552648707,0.18090562016107242,-0.18479354061150247
427,0.14331873774561554,-0.19527069166813688,0.14833500364827992,-0.14941712006365257,0.19174688734343392,0.17253449921882044,0.18055950948891458,-0.18454916787847672
428,0.1442527778592724,-0.19414651772502076,0.14821009783818326,-0.14888371538014833,0.1905079560660626,0.17264415692261473,0.18078923594676466,-0.18440566645405124
429,0.14300804648522028,-0.19588723440600897,0.14777775420543984,-0.14893968950940667,0.19315934780501676,0.17255530137230052,0.18077679897875912,-0.18476936282815193
430,0.14366663222498097,-0.19472556121902865,0.14854556531726282,-0.14920273424856384,0.1904210330086141,0.1724537875466144,0.18022780643355593,-0.1844770230021217
431,0.14192065336235454,-0.19424042515564893,0.14615532771126152,-0.1470597908266543,0.18964673861556006,0.17119300888841188,0.1790906602850176,-0.18316038451684075
432,0.1423990394058932,-0.19528813739063977,0.1467646609158251,-0.14767805459874156,0.19106511500258722,0.17245290127464352,0.18041227458151468,-0.18504394229641963
433,0.14231578162578895,-0.19513614878171923,0.14712044255753576,-0.14791925219093208,0.18973115153214548,0.17166135895963763,0.18002938458386117,-0.18388509739604836
434,0.14315145803713353,-0.1956536057224573,0.14808340290317204,-0.14897211462888302,0.19179827812291508,0.17223533471421604,0.1803465545192634,-0.1846821246609052
435,0.14340241073581364,-0.19715397975656296,0.14899528677476198,-0.1493325952315014,0.19189759597908013,0.1739068890661479,0.1817304870699064,-0.1856802929149457
436,0.1428345439937235,-0.19575190315940563,0.14716087579797146,-0.14784338902033634,0.19125205564441902,0.17188062894466866,0.1801077902982551,-0.1843642300113741
437,0.14395173556394053,-0.19363629745576716,0.14771797678554438,-0.14888756362561845,0.18833048793448592,0.1723976400602913,0.17941982799088835,-0.18390480640593768
438,0.14399848366470455,-0.19652891039909126,0.14919080713610897,-0.15028712275025258,0.19176375274720775,0.17365122190207935,0.18164849969747404,-0.1858658263527097
439,0.14350483296283328,-0.19540860098560375,0.1484043013805449,-0.14985745853313076,0.18957575001720847,0.17288445868745952,0.18082600710590419,-0.18479478406267863
440,0.14119407815962465,-0.19441977965266793,0.1463962926420906,-0.14768353798168507,0.1911502442648769,0.17111493345980724,0.1788751473842286,-0.1829537037972899
441,0.1445502018004058,-0.19594625695748394,0.1493367511972154,-0.15035885653040337,0.19228534189011012,0.17344609625298577,0.18100477220179356,-0.1853113496550896
442,0.14387996535427294,-0.1954251828082388,0.14820769307685353,-0.14930137670752755,0.19085529952478056,0.17236476199387646,0.18029602600902198,-0.18395827181334917
443,0.14288922495336406,-0.19505962717408093,0.14769016208028862,-0.14828981491067386,0.191400200122415,0.17195708539269355,0.18065314774754918,-0.18424864226815188
444,0.1452580161111615,-0.19478863362730206,0.14979880157896094,-0.15111225092752092,0.1887710646096025,0.17338156572668129,0.18114958800908693,-0.18520485060247152
445,0.1440516793936183,-0.19412399810452372,0.14785206136845006,-0.14841838745452793,0.19127503967592346,0.17241346796254883,0.18020107372089506,-0.18471483597710478
446,0.1430992962599343,-0.19588485612972376,0.1488891826708788,-0.14926396575898004,0.18909733039829238,0.1728016584021007,0.18160299895012627,-0.1850128880678237
447,0.14258687824223315,-0.1948438240511188,0.1471228596495726,-0.1485595123580285,0.18956139061665103,0.17182929673864702,0.1792719636686405,-0.18405106751085476
448,0.1439040202108507,-0.1964775978633795,0.14923269265893793,-0.149654957026896,0.19264239141500603,0.17369709638026257,0.18144887448581457,-0.18574230060035085
449,0.14298456353509784,-0.19545393838562952,0.14850932765911137,-0.14938789617748285,0.19124627188276813,0.1727148903393253,0.18078929991607717,-0.18462513821314444
450,0.14408873842146946,-0.1952797642825457,0.14804957868013816,-0.14823884399021656,0.18911443420554433,0.17205706976200044,0.18029300158878162,-0.18486382882173563
451,0.14295227616709508,-0.19539598707638495,0.14787189255273103,-0.14860205636547077,0.19049580560043036,0.17291932023323814,0.18044813617716807,-0.18438597235628415
452,0.14460422103434303,-0.19431431163722068,0.1492711511030681,-0.1505978855912642,0.18958598662791387,0.1734511488302895,0.18129389675759056,-0.18479082098890456
453,0.14442722050966197,-0.1977086642141663,0.14975801790895008,-0.15052312592204645,0.19087288036771255,0.17455636993310789,0.18221036815512434,-0.18620500207301394
454,0.14242045960720917,-0.19490965428334894,0.14725568955289456,-0.1488975835936053,0.19129908003492563,0.17194036405952623,0.17984420800662268,-0.18394929160324267
455,0.14404711568684475,-0.19422129195583254,0.14810010935370832,-0.14868161182074305,0.19159082302027775,0.17276698160166074,0.18022379435579047,-0.1840058662636577
456,0.14225273887020834,-0.1953312241037556,0.1471391333049565,-0.14848406533606426,0.19177009718407684,0.1721006260600265,0.18013230376150596,-0.1842318516148403
457,0.14315321057944577,-0.19509376776016327,0.1477070209737838,-0.14751388550366432,0.19116341406406562,0.17177287767715035,0.18012135286777273,-0.18389735061469153
458,0.14288984583369477,-0.19550396775565623,0.14876691872867742,-0.14941861188943406,0.19050172468181953,0.17321719523715276,0.1803566549164771,-0.18475418569119714
459,0.1432915814632639,-0.1952033576202459,0.14714134073993923,-0.14848159276131936,0.19108519764419274,0.17185206487675173,0.17966141088421395,-0.1835904320309415
460,0.14360573287526615,-0.19583617172256282,0.14774974791900275,-0.15016644502163412,0.1903125778422432,0.17264073479067385,0.1810785584276693,-0.18445524309764433
461,0.14337173321892893,-0.1959456316903511,0.14761189936328917,-0.14858123854457012,0.19047990953526264,0.17256422339457442,0.1804074569467203,-0.18468038090278474
462,0.14343471789253814,-0.19493584571133743,0.1476229852335788,-0.14914561125221457,0.19131676646854814,0.1724627663086427,0.17996656229688118,-0.18434939207302625
463,0.14266213645235717,-0.19434464437041227,0.14753509598580763,-0.14776908542247513,0.19055024985893784,0.17273446330333125,0.18024870285368583,-0.18452874767122907
464,0.1439373867463279,-0.19769429852092035,0.14949866290811853,-0.14947316288946885,0.19212584776403502,0.17431417644840763,0.18197671546302105,-0.18596349844394458
465,0.14385584394167159,-0.19492015823806913,0.1477491732161699,-0.14840563523089154,0.1907127074175178,0.1729683088573192,0.18005079877206556,-0.1846129356072837
466,0.14237226568187591,-0.19394416981948814,0.14724666115270313,-0.14771096309059945,0.1919192410259785,0.1714939756499815,0.17975474161671515,-0.18342284466019396
467,0.14366530608616893,-0.1949422712046815,0.14723648490416144,-0.1489569473579722,0.19086477927795195,0.17207821918972152,0.18012012307036582,-0.1843320217861614
468,0.1427948764993608,-0.19449588946858493,0.14832990141069052,-0.14927988346951132,0.1905843944006794,0.17314527362616886,0.18017036248154655,-0.18427219110981022
469,0.14156645369853482,-0.19408366392757712,0.14716534346374474,-0.14713599700169844,0.1901879286066026,0.17212508014505426,0.17956776031258767,-0.18408614005878923
470,0.14346995638267596,-0.19483553831755393,0.14799650210790458,-0.14885135876700373,0.18937627491992148,0.1722761929219109,0.18037259536747133,-0.1847479687458982
471,0.14209839325758938,-0.19468527868666832,0.14546589367286192,-0.1470493301224178,0.18917408292678412,0.16976312786791617,0.1781736579161158,-0.18281032367022784
472,0.14426189007710458,-0.19641202562722374,0.14952220789428308,-0.14995085886627973,0.1916317131310192,0.1731666076458139,0.18140902813900633,-0.1853408838385509
473,0.14179039618702508,-0.19424463727419744,0.14647764064855096,-0.14767829575635344,0.19006624971093358,0.17146194795627737,0.1793800055942488,-0.18408481882724526
474,0.14345683056270223,-0.196638933727203,0.14833071908661732,-0.14869709098831813,0.19026716434492685,0.17283824020209226,0.1810376588550007,-0.1850773398355303
475,0.14244757735661892,-0.19514828084457925,0.146965912156683,-0.14824680734212636,0.19072872347265524,0.17200680334667554,0.17975540491335162,-0.1841871087590939
476,0.1441125319826819,-0.19572961348520407,0.1488227681720946,-0.14975446981646973,0.19179524042321547,0.17258932212612488,0.18048983021070344,-0.1845326020387032
477,0.1439111202237475,-0.19381744853275218,0.14698909159974044,-0.14669028170983767,0.19081767981239117,0.17138186119966775,0.17927574991229125,-0.18314098275020393
478,0.14413739848793972,-0.1954835486911688,0.1493448174635418,-0.1499897160752439,0.19227621296570085,0.17424980401930587,0.18132561624220736,-0.18535782709250437
479,0.14547238761906364,-0.195855033961164,0.1494171729857074,-0.15006955162186386,0.19155263927592667,0.17380561266291958,0.18148634250150003,-0.18536039577568866
480,0.14287050230137613,-0.19545148644709714,0.14821786815319996,-0.1484925305787062,0.19254894643000436,0.17268154701885757,0.18041865334840423,-0.1846192008056925
481,0.1439961918473835,-0.1940967866394145,0.1473573126599963,-0.14929931460539186,0.1898092969054326,0.172462268052053,0.17995529914751238,-0.1841411475401586
482,0.1431334048048425,-0.19608194318985328,0.14801648951243032,-0.14831152616608306,0.18981918503064324,0.17201150846951035,0.18116150701066835,-0.18455549681636216
483,0.14259362426722857,-0.19473038640926651,0.14775191466770443,-0.14786207352367228,0.18923902799075368,0.17211855379447297,0.17993173701551554,-0.1840349832840801
484,0.14324203281284703,-0.1961488055213021,0.1477462712413163,-0.14919062733068125,0.19029361929271518,0.17289326226528334,0.18039804274613722,-0.18463407997762898
485,0.14373980274272222,-0.19576412139635635,0.14956102037598665,-0.14990732846156782,0.19099686337560465,0.17386040214119886,0.18148226150753458,-0.18541858894365107
486,0.1437391099312193,-0.19415700080019593,0.1478603552688743,-0.14824751685690157,0.18946735957126218,0.171746604907827,0.1802557600030108,-0.1836786929704491
487,0.143372128039505,-0.1955189010997154,0.1480614796486158,-0.14849838017222364,0.19001810710683661,0.17255786609586926,0.18053890350410395,-0.18467274640905826
488,0.1430969986274857,-0.19479400354101561,0.14812182917077857,-0.1482530152025055,0.18929893206446732,0.172297274065037,0.18010860798702638,-0.18463566423032346
489,0.14156088335543363,-0.19366551460272782,0.14738970885079408,-0.14815210102809268,0.1890390253173873,0.1717182085798869,0.17968232710460025,-0.1836942485598551
490,0.14430215076203015,-0.19675243249588867,0.14873538273713768,-0.15049328604115453,0.19151004306673705,0.17390983103796012,0.18132257147146286,-0.185770769673004
491,0.1424383394723292,-0.196370524727819,0.14823471912121,-0.1495106492891879,0.19131387898507507,0.173057033709672,0.1808943499441457,-0.18451939290873345
492,0.14463169072870904,-0.19532671836697943,0.1487711835698093,-0.15091219746645446,0.19059563877696556,0.17307214832376355,0.18126214532142748,-0.1847413813613042
493,0.140873920680268,-0.1953742138018105,0.14708726719936863,-0.14731115177041307,0.1911846253100736,0.17151693768098,0.18034653186863328,-0.18353093215011218
494,0.1435488328014532,-0.19403701144496352,0.14834425420145916,-0.14822700618787102,0.19137250166568295,0.1724481608698155,0.18055292776438134,-0.1847546031422852
495,0.1424261891255568,-0.19632527947584097,0.14779305706769486,-0.14848979697341297,0.19260082061831624,0.17282663254682512,0.18059740331563454,-0.18465356310516573
496,0.1428205156996263,-0.19494325512000793,0.1481802771486505,-0.14954802961775987,0.19100308743372496,0.17268992302961156,0.1803719738513138,-0.1849943362952702
497,0.14182786432055877,-0.19491100049429788,0.14673400034573394,-0.14881341235939685,0.1907654752140498,0.17130366637117167,0.17936203637637424,-0.18361098033807108
498,0.14344556219047613,-0.19584906802795293,0.14907864156202044,-0.14888188364261298,0.19126551517833232,0.1729760976066575,0.18065889649484973,-0.1849433133884443
499,0.14394605089373183,-0.19377065287084574,0.1480452134611155,-0.14982858098915183,0.19044257057616226,0.17193192479490504,0.17973432551134266,-0.184426566163343
500,0.14397050230852254,-0.19621295540963374,0.1485541589582795,-0.14889895668994493,0.19106794610663805,0.1732372036886219,0.18172133981974378,-0.18556944926474445
501,0.14275784140093412,-0.19407767184740823,0.14822211555868836,-0.14816961146523597,0.19113184076066583,0.17201129169685467,0.18046449270654963,-0.18443682968423314
502,0.14216359112759383,-0.19591227738976413,0.14792247978032927,-0.14889347023476004,0.19235648609336892,0.1730173696898866,0.18142742966216335,-0.18520289818258395
503,0.1425408530390498,-0.19376368589121698,0.14757230672752764,-0.14928348831855714,0.1889634287811941,0.17207424485434458,0.18045688431648915,-0.1836362341261606
504,0.14277147065055237,-0.19508351339379834,0.1479137095158215,-0.14992558885924845,0.18938340336827758,0.17267223598420087,0.18053507121512338,-0.1844377953618487
505,0.14269217411852153,-0.19425598671975455,0.14741774141162245,-0.14942001244857045,0.19081531133484728,0.1719818791072262,0.18042400609903345,-0.1842849519920333
506,0.14307933697739336,-0.1956511214502008,0.1483312023929314,-0.14944158635483218,0.19037002713256565,0.17273651850858618,0.18106649891481222,-0.1842941462360655
507,0.14462457728079908,-0.19723732056926024,0.14944003253566823,-0.15088516702093954,0.19305379639668827,0.17410827713665555,0.18184461118278636,-0.1857627714555182
508,0.14275581505656343,-0.19554772259509104,0.14774410591839585,-0.14987481910476497,0.19090988856748092,0.17248166156057296,0.18020025735058787,-0.18446391436413534
509,0.1437365925777244,-0.19559457276553716,0.14799075161583158,-0.14843177321990006,0.1908584685469043,0.17270157238514888,0.1804446954464786,-0.1845447733148298
510,0.14378942760692648,-0.19580698180427114,0.14766032202732382,-0.14910527177800062,0.19205932512429463,0.1724865440911425,0.1811035068331351,-0.1849307338707192
511,0.1431071118297437,-0.19510971189924434,0.14686584907390068,-0.14780862262742264,0.19044758313302684,0.17180300935147733,0.17939786449190603,-0.1840084144449025
512,0.14337516025953193,-0.19432367570122444,0.14861560407307534,-0.14975714899586814,0.19037280914545612,0.17319451686730017,0.18123330397784243,-0.1850606698047335
513,0.14275445789142077,-0.1956056201659295,0.14723761199127322,-0.14842728973283417,0.1906474038662598,0.1723476026660049,0.18047506925044263,-0.1842196275054839
514,0.14435894071439354,-0.19584195747079403,0.14884278434426595,-0.14897844938818872,0.19022505255230818,0.17318559760045996,0.18021620250591341,-0.18510747674798425
515,0.14384717909217162,-0.1958524236792219,0.14846231123442513,-0.1473708161113331,0.1913008550143808,0.17280721042607441,0.18031069722716533,-0.18461987282346895
516,0.14323709631647022,-0.19469686184601395,0.14766065957098817,-0.14775622829773477,0.19012997631254103,0.1725472853644986,0.1806824089513861,-0.18409887080855183
517,0.14283134822682983,-0.19522151392481424,0.14749466223680308,-0.14903551116442362,0.19074239723256087,0.17170101562999074,0.1802722598598033,-0.18373933557686745
518,0.14244378303419544,-0.19659112611087193,0.14741702755741115,-0.14755936007168813,0.19070927729494802,0.17213517194864794,0.18013168323863304,-0.184345467681573
519,0.14197759600907087,-0.1942455227046893,0.14641602189821007,-0.1482789797657897,0.18969002575334723,0.1716697008028802,0.17898895253710237,-0.1833130117916697
520,0.1438952643437837,-0.1959651733424754,0.1487668158236018,-0.15003818647542636,0.1914466346653274,0.17352571773461772,0.18128308953138147,-0.18529028599006425
521,0.14368170120096146,-0.19530190020668797,0.1479035361470513,-0.14769511952637815,0.18986422073250467,0.17220765315781586,0.1801705385936084,-0.18443556849596468
522,0.14305052785684597,-0.19501829262089868,0.14718053297049752,-0.14760245721647428,0.19097997142886589,0.1720031410078435,0.1793257874457564,-0.18390491130184788
523,0.14388455667087,-0.19426297752187185,0.1487136853748227,-0.14999096527066863,0.1904771360876635,0.17263247195354917,0.18039166869002585,-0.18437307085271465
524,0.1421035733417306,-0.19473831188979193,0.14746894387103218,-0.14875882097795087,0.19268359453072542,0.17252517271287598,0.18050243849718137,-0.18419447771062
525,0.1427587868625585,-0.196723201201145,0.1482386475275393,-0.14877030364740557,0.19000637056062714,0.17313818475743453,0.18160514567810357,-0.18506719912617411
526,0.14280428810126483,-0.19523312848042698,0.1471602929428919,-0.14734374889706256,0.19003018136607422,0.17199373981126506,0.18039224745613597,-0.18434151338525392
527,0.14257809793526197,-0.19505100572868855,0.1464568657899244,-0.14710302344865742,0.19138744382453696,0.17202794429263352,0.1799972872033634,-0.18374899180673926
528,0.14413075867907343,-0.19570812962632778,0.14856343704861624,-0.1499697998456183,0.19221620077862417,0.17332832295771083,0.18193061251566953,-0.18527366606761916
529,0.14358213159145125,-0.19468854167926614,0.14771056895081666,-0.14775630536101222,0.19155641527705097,0.17260648569582415,0.18001884302987403,-0.18447484542269266
530,0.1443308146130132,-0.19469529489552947,0.14852522082101619,-0.1493682205213558,0.18879290661808676,0.1720934835851415,0.18042457613236706,-0.18393410746151037
531,0.14081343081547437,-0.19577582041968436,0.14704537606769888,-0.14733724428438302,0.1907203708127547,0.17182723991344828,0.1798973130664093,-0.1835811985407973
532,0.14229329489920886,-0.19479860206750058,0.14701732051969482,-0.14852089908204327,0.18971112199931284,0.1721144868669149,0.17983946692590816,-0.1839261205519037
533,0.14433298869243047,-0.1942085014695154,0.14822526513518994,-0.14811505478936396,0.1904287349256264,0.17276805388896335,0.18053373431857786,-0.18453057972709527
534,0.1432049429508137,-0.19522513553212167,0.14797412136976232,-0.1490494399609506,0.19033105261875932,0.1725461106371974,0.18111553652713047,-0.18475569864028257
535,0.14410869383959804,-0.19638822993578184,0.15015987447190868,-0.15121635281366175,0.1924973656122423,0.17399103541140432,0.18237068682251695,-0.1859610831314579
536,0.1424224552276643,-0.19591510600345377,0.14778283579926535,-0.14916729051906066,0.19068929974765772,0.17212007579763358,0.18018054898543007,-0.18456108342854488
537,0.1439994228999563,-0.1953646784992493,0.14812154505581795,-0.14958515000933498,0.19010861794634923,0.17224312537551575,0.18036600470482858,-0.18481146741485863
538,0.14505372291790083,-0.1942781018343538,0.14821988809853417,-0.14821808390649435,0.19053329861604035,0.17203325796911778,0.1800697330524517,-0.18379323788204854
539,0.14278924071786012,-0.19471761688900882,0.1476674832879891,-0.14885728856008196,0.1892157558502602,0.17241239940313488,0.18027625145345,-0.1840684341933114
540,0.14274646517332443,-0.1949444397599466,0.1485712900697687,-0.14804641409729355,0.18898326379841193,0.17256107163424478,0.18006204170316184,-0.18407923569669749
541,0.1436367980228069,-0.19451147442604383,0.14802566100888812,-0.1484863437968143,0.1911061897648319,0.17268721452598704,0.18048788385358622,-0.18471543243714833
542,0.14359073066972858,-0.19469569095408984,0.147932559548413,-0.1500499177011625,0.19070237303529503,0.17211613880638207,0.18014879932702235,-0.1842007726857232
543,0.14288655396149746,-0.19505850181077836,0.1474996262477722,-0.14881924954545447,0.18946291253149158,0.1717873409359813,0.17996782675771736,-0.18414601395969055
544,0.14357356607870264,-0.19505638116689059,0.1480453330357186,-0.14848973831556772,0.18893261290441457,0.17239530937315273,0.18070901029111772,-0.18418177706137664
545,0.14204733978016007,-0.19327866644666067,0.14742615729844238,-0.14803435391269373,0.18945270379276108,0.1715001850251967,0.1793823522428982,-0.18439043838027325
546,0.14304551029771798,-0.19643344695659867,0.14839478277077342,-0.14867418708711053,0.19091580472606878,0.1729604539442204,0.1809484722032507,-0.1848379286050373
547,0.14215424768373985,-0.19579745436887971,0.1472008257334175,-0.1488663226951873,0.191370620242385,0.17194417773567278,0.179979405988507,-0.1846093403973482
548,0.14343563629905384,-0.19406050092385044,0.14887261993846,-0.1493285388051121,0.1908050407540224,0.1724053331823093,0.1801957081198751,-0.1846011794554141
549,0.14284329520672712,-0.19596449996256196,0.1476268390273121,-0.14884798194352034,0.1906650213919923,0.17264817087258208,0.18042298935663528,-0.18450608419180212
550,0.14293282763143986,-0.19374939255038967,0.14707694857865683,-0.14828804755866223,0.18940072233760694,0.1721111548756742,0.1796858475481719,-0.1836393143566859
551,0.14455152696299678,-0.1939035358251212,0.14898570335279068,-0.1497978142436393,0.19062288515093156,0.17239973378539294,0.18083859291212914,-0.18485617481102112
552,0.14280123161519612,-0.19454202433313292,0.14847241674035122,-0.1483246004779837,0.19058093430904074,0.17320104727598207,0.18117318007462332,-0.18473463329418363
553,0.14199203542356412,-0.19449393530116313,0.14653818331956925,-0.14699546775418706,0.1914492803643943,0.1713113235030299,0.17939907519482526,-0.18332490815823985
554,0.14302247806950735,-0.19523266769089087,0.14717754907124334,-0.14870593176576344,0.1907757894694534,0.17250089209051458,0.1807403170502484,-0.18514042835764719
555,0.14406469724101587,-0.19587986213866249,0.14963979689116397,-0.14924419616819293,0.19165271013095606,0.17343907626378247,0.18087195552801544,-0.18479385095562806
556,0.14358325190456142,-0.19437053927988243,0.14731392136438948,-0.14835183067596772,0.19117704355755372,0.17216404208700323,0.17985815438571448,-0.1840032026073197
557,0.14452876318344823,-0.19486427987596208,0.14810137593819836,-0.14876908916587317,0.191853778993987,0.1727401870030129,0.18079252315180203,-0.1849648419241415
558,0.1425877138015403,-0.1951761722497475,0.14697044393596922,-0.14816984109359155,0.19015334247721577,0.17182975887944285,0.17989733194727692,-0.18373231587006691
559,0.14528561392564426,-0.1973104676405456,0.1490306163682808,-0.15066817118480424,0.1915377989909139,0.1738509512981724,0.1818462864774766,-0.18623185876964413
560,0.14367253127840968,-0.1939921582914013,0.14750843401583286,-0.14798406399911454,0.19110104174080003,0.17182127148867204,0.17985066851609752,-0.18395587802759533
561,0.14302943190171952,-0.1949614244258148,0.14722551278975554,-0.14712368020620797,0.18997889229742168,0.17137467816985788,0.1796790850370515,-0.18364577134145035
562,0.14341920384782655,-0.19490754957192374,0.1468017179446269,-0.14786203633219866,0.19049934164497898,0.17131999968216605,0.17954521187633585,-0.18324461629247402
563,0.1447556001019022,-0.19616214578856872,0.1490619991073795,-0.15010564970448861,0.1897666374200772,0.173187265665019,0.18115148250756205,-0.18509882616664666
564,0.14409746354577577,-0.19574382686162298,0.14779290482677462,-0.1480108632045116,0.1912007344396739,0.17200601573657523,0.1798342321406992,-0.18423064955115542
565,0.1444753354270107,-0.19618990474023434,0.1481679389356021,-0.14922681563814066,0.19152371500553872,0.17289000562388723,0.18080457343590425,-0.18445765349538013
566,0.14313610564297521,-0.19612895581044554,0.1478043314676973,-0.14777444044472082,0.19260510987132265,0.1729138282870119,0.18039400698828467,-0.1844712989934679
567,0.14399896930882028,-0.1944516357726545,0.14834140818901065,-0.14891895958441345,0.19084706263160126,0.17252378364027934,0.18006769596597286,-0.1838230954881872
568,0.14356084533621685,-0.1967348524392315,0.14857770744357623,-0.14901509549273115,0.19158916119552336,0.17307709284258813,0.18132501173424148,-0.184789013702045
569,0.14359765668919092,-0.19511894658140597,0.1480320377034185,-0.14765813501681546,0.19150351448320616,0.17187795819652876,0.18086443574521058,-0.18418803073381732
570,0.14196936726672016,-0.19484386883790333,0.14746279657620023,-0.14811713804800986,0.1930698752612131,0.17168887671875938,0.18072262279061277,-0.18392078225230765
571,0.14347645860007188,-0.19498247623135462,0.14781089870764336,-0.14857559847686225,0.19038787061910425,0.172507862123184,0.18048993960271262,-0.18470572108681504
572,0.14347122232052645,-0.19423331798443047,0.14773735737552093,-0.14851297347066172,0.19011542289895758,0.1723347508545343,0.18026114900881937,-0.1844212551107296
573,0.14291811044817138,-0.19508001253968274,0.14834785432454117,-0.14927854169391142,0.19118994733012204,0.1723998585185648,0.1804631277704225,-0.18444739453241507
574,0.14424728347676705,-0.1955129407628478,0.1493740214605291,-0.14938304057781096,0.1915496856087198,0.17336656896365898,0.1808846590552696,-0.18476927057306533
575,0.14336380552930586,-0.19389370959849375,0.14701836221145542,-0.14704638173722404,0.19040259944407542,0.17152429470349487,0.1798155970114266,-0.183719100822721
576,0.14269348314538086,-0.1952930327742703,0.14738688213683163,-0.1481468167794128,0.19015391901049203,0.17189939917285849,0.1797358074296354,-0.18448882376984566
577,0.14315863968294684,-0.19530006626259339,0.14727032082299996,-0.1486733063250336,0.1903114397758602,0.17143358894616914,0.17962619076846162,-0.18358301924699189
578,0.14286346759183818,-0.19449890330539232,0.14739937103649192,-0.1487443500359766,0.1898603007637202,0.17251947983361074,0.1803165547838426,-0.18429889221458248
579,0.14389125947227654,-0.1962444841276223,0.14877083455752158,-0.15001609195145704,0.19223070578362436,0.17428235017852703,0.18227535749881518,-0.1859641375473649
580,0.14377676373909254,-0.19512524457820157,0.14787521896881375,-0.14855784699663255,0.1912273762833356,0.17254185636903074,0.18025592915846708,-0.18482789260029836
581,0.14487660178167197,-0.19644310809600138,0.14874187159379793,-0.1492547830783903,0.19093466745099139,0.17337714240812874,0.18110590888524236,-0.18485261465953645
582,0.14326909358774392,-0.19538230555764136,0.14745215279153526,-0.14807120735586637,0.1916462557833058,0.17201838251793047,0.18001187616776046,-0.18411829044489644
583,0.14289953856795967,-0.19594007073043965,0.14706182963013292,-0.1482019602029126,0.19027231075794035,0.17203696160065796,0.17996577212876813,-0.1837141731104531
584,0.14426962716204875,-0.19486198370622504,0.14834581572986896,-0.15008260058709713,0.18887670351018954,0.17256460007596253,0.17996570570124137,-0.18429411121103514
585,0.14238497243081283,-0.1945351874440115,0.14752430459243537,-0.14908235767116723,0.1901157695170623,0.17188232310665585,0.180248039106606,-0.18423355913886777
586,0.14255063032962184,-0.19376666393581923,0.14698768194221778,-0.14935927196648574,0.18975203625447712,0.17175282991062757,0.17980774766071386,-0.1836310510153208
587,0.14312986164317468,-0.19525688003121258,0.1482173108014334,-0.14892145656031147,0.19124733985981185,0.17314031256654583,0.1800517931059132,-0.18536875883686807
588,0.14427214682666792,-0.19622674732997528,0.14960543795698591,-0.15034286774861613,0.19191248100316938,0.1738761868550262,0.18147648517725956,-0.18604046002254673
589,0.14347323404711357,-0.1948754019187819,0.14792707857286827,-0.14916359874438173,0.19071720474892834,0.17261278446570552,0.18065280265326025,-0.18502782601647816
590,0.14324455612094877,-0.1950899617047606,0.14783091475429402,-0.14842663067314923,0.1905680481677186,0.1721746013177391,0.1797275649254249,-0.1845488796314019
591,0.1446905354091919,-0.19626953346969847,0.1492906617495166,-0.15085313470210462,0.19128005695186412,0.1743322060408817,0.18139842921634303,-0.1856822711781673
592,0.14352091257482866,-0.1966619530863811,0.14781099533086972,-0.14850890977207468,0.1904781520580884,0.17296780061434128,0.18028562263148779,-0.18479759938269955
593,0.1439303296145911,-0.1954333274308462,0.14719134049978147,-0.14773011167086492,0.19062771490546557,0.17185974012488248,0.18008861087432498,-0.18413123962829314
594,0.14359838175285503,-0.19601881526800158,0.1491149957323781,-0.14972412930138462,0.19261721839299717,0.17373769179842843,0.18168836903037605,-0.1851089046409393
595,0.1427958217935349,-0.19649882654417605,0.14763061910025133,-0.14813333091566994,0.19173962034583875,0.17229737310979992,0.1811302643624671,-0.18431721522318298
596,0.14366703322516186,-0.19484837451224077,0.14812127549860873,-0.1481509580938118,0.1907955350613034,0.17280004178312866,0.18039879414679524,-0.18450687341128533
597,0.14236458949164593,-0.19459250605589268,0.14773954639208983,-0.14817543562634797,0.19258478545697716,0.1726775676248814,0.17989349343191793,-0.18417907483299048
598,0.1433484307894561,-0.19427314495155668,0.14716785128083193,-0.14789719039121677,0.18987366007864195,0.17174595947556273,0.1792836730485358,-0.1834536617436611
599,0.14177337087535632,-0.1951741091741318,0.14603031386422155,-0.14795800980171878,0.18804205787793493,0.1712912190371774,0.17883606061301577,-0.1829408091715945
600,0.1448574728966322,-0.19436421649754282,0.14803055617656524,-0.1490792440149789,0.1903775732805211,0.1729952232570085,0.18042364344640807,-0.18420904700787463
601,0.14313992911404794,-0.1945255918639213,0.146843626315033,-0.14808400350853534,0.18935872248883076,0.1714191343388802,0.1795097733068562,-0.18339584453974817
602,0.14371611603033724,-0.19568227030748034,0.14853116477906106,-0.15015281987564177,0.19159559620678987,0.17347433921569164,0.1814895960117897,-0.18552021988231285
603,0.14308170215427385,-0.1954659868363171,0.14817688608099008,-0.14971709850909862,0.19232856682678756,0.1725623559225914,0.18084051254521352,-0.1847099428785148
604,0.14453628590890313,-0.1956648691223301,0.14823332715592985,-0.14899583478719772,0.19188978914571606,0.17263869740844195,0.18120618378640968,-0.1849834051620133
605,0.14381633962636886,-0.19526101490282688,0.14741999252194546,-0.1495860423746465,0.1904178096916872,0.17231437904579255,0.18005570677583072,-0.18381708955143097
606,0.14383686480944177,-0.19556356247663145,0.1486672633048125,-0.1494490406770493,0.19108158372093098,0.17318977462857557,0.18159943547136476,-0.18544161515018032
607,0.14203930683125465,-0.19482673820023058,0.14752226851256703,-0.14921196990400698,0.1908929994787805,0.17242162271424402,0.18035368636367244,-0.18461421257973123
608,0.14409447613675602,-0.19448877582871316,0.1496211882374243,-0.14897662834872724,0.19117839055530242,0.17396791559457545,0.18119537195887198,-0.18550147185942326
609,0.143683797836145,-0.19503352888887437,0.14867964781613155,-0.14905985899613386,0.18978843759234593,0.1728409767564353,0.1802640160376324,-0.1843608338373595
610,0.14270292132552745,-0.19273816897633025,0.1468538751576509,-0.14952858448472534,0.18848576853367965,0.17165349536876842,0.17971682703324038,-0.18310195695159726
611,0.1434932639689347,-0.19556992723203998,0.14804765117773575,-0.14825074353168805,0.1916353640970198,0.17266008407449404,0.1807542668771441,-0.1844487455752571
612,0.1431714386242922,-0.1954633038675117,0.1478138407771891,-0.14944086592220185,0.19089509712261896,0.17190762973890772,0.18038459432345363,-0.18461797773442737
613,0.14386448841211963,-0.19482338554303757,0.14823106935447017,-0.147865183721526,0.18894770693830537,0.17327705785285977,0.18031299978266005,-0.18453496747436288
614,0.14414912736168004,-0.19620240362022842,0.14748327785880283,-0.14829095894686536,0.1919340098688123,0.17266403726556748,0.18042117792428422,-0.18460708322448183
615,0.14467954974250077,-0.19560486713117894,0.1482244152885449,-0.14861366006451096,0.1892189916324592,0.17281585627314364,0.1803256709479457,-0.1851081656743066
616,0.14456444374073046,-0.19522723914066198,0.15003273772904765,-0.1504004597831891,0.1917722376045125,0.1743849747352998,0.18201697930974597,-0.1860212079996782
617,0.14313131216766187,-0.19721127952999046,0.1485149997494356,-0.15030971123521683,0.19065551491338614,0.17312542997289912,0.18089539864862278,-0.18521462284731063
618,0.14431016924683546,-0.196134695891402,0.14833932329348,-0.14854264242426915,0.1902094930674363,0.1726802459809908,0.181247184100965,-0.18540520057583523
619,0.1453539111595056,-0.19622927946206065,0.1500964679736042,-0.14946426682836148,0.19078767300484742,0.17386683358626975,0.18136584657611976,-0.18564506845397113
620,0.14400610740508274,-0.19410573135883172,0.147753783812161,-0.14852203789351792,0.19243331822610113,0.17306614945309787,0.1803547749565171,-0.18429743677015745
621,0.14315633669464223,-0.19453126984725358,0.14728881679751976,-0.14749620973747316,0.19014250117240605,0.17197185729649275,0.1795268099302814,-0.18404391090568525
622,0.14205744276882815,-0.19375049144093698,0.14634520906560797,-0.1472223378412775,0.19044103154525963,0.17091427341905813,0.1793943476168378,-0.18302601528718415
623,0.1417287792328289,-0.19595175924475702,0.14795698877835708,-0.14851340529639476,0.1914499795717221,0.17282741531791823,0.1802170252795888,-0.18513053811871302
624,0.1439115135619536,-0.19404135905124323,0.14721026177071528,-0.14839541893151642,0.18985002724913264,0.17172172228168686,0.1791944156028619,-0.18364936236786553
625,0.14231828733008559,-0.19577658270008635,0.14718660657662275,-0.14751802403240452,0.19121172517678775,0.17203671018870753,0.18029161043975914,-0.1847027730899054
626,0.14315145259543,-0.1955817152142326,0.1479224548018941,-0.14844466490609798,0.19016188791707359,0.1729756087617929,0.18015939784343393,-0.18548976003507653
627,0.14350839954463776,-0.19599766536567043,0.1476147602451313,-0.14825156438732975,0.1922304106119797,0.1725257297101054,0.1807435708262517,-0.18444199062184008
628,0.14379422108840212,-0.1954357784686473,0.14722546564749067,-0.14827748758283546,0.191090454479997,0.17177112974737507,0.18019634018438932,-0.18378206511076858
629,0.14233655784966862,-0.19498180955440952,0.14645114095663442,-0.1483441163419058,0.19078262946906985,0.17181395494658852,0.18010891970017645,-0.18380884167446715
630,0.14356248145088507,-0.1936605887299117,0.14774174389609346,-0.14886538268170707,0.18984244028379932,0.1721587766028934,0.17998606119356325,-0.18433102293347298
631,0.14341080387702895,-0.19551272783700943,0.14866506690740805,-0.14975826466648795,0.19355509962932424,0.1738253323667692,0.18090472339683364,-0.1857127039019893
632,0.14358420937204128,-0.19495843503055418,0.1488743198575413,-0.1496320275577547,0.19079246352718204,0.1733235696337081,0.1813801555011567,-0.1848483583502492
633,0.14338757952415468,-0.19505582410273345,0.14789623963925136,-0.1480344608271831,0.19008061685237973,0.17229544418650825,0.1805483821924658,-0.18435589567803307
634,0.14410423658616497,-0.19619538770444955,0.14836143189859918,-0.14846798370493838,0.1905797098522519,0.17307224661800735,0.1806026821908772,-0.1850021596715648
635,0.14277249786853713,-0.1952103115197436,0.14837696079233503,-0.14957879821718423,0.19074459015389256,0.17281589038752057,0.18083858459724167,-0.18410928554288508
636,0.14265122502290295,-0.19602771285157786,0.14792214366530462,-0.14883352667089966,0.19010185294798626,0.17278794474106662,0.1805153903299632,-0.18417005338407602
637,0.14415027898969718,-0.19548247757746406,0.14866569358758458,-0.14847273731544255,0.19187749302234208,0.17288411568374987,0.17989598941107632,-0.18487532374936333
638,0.14333364437835747,-0.19564455530091251,0.14761252593934418,-0.14852337896718107,0.18982266589071925,0.1724610450123772,0.1805792662629392,-0.18471903395923217
639,0.14542787455844405,-0.1953174436519933,0.14962643000886797,-0.15074004850199488,0.19360152457469548,0.1740888532002702,0.18167611309806445,-0.18566469906241143
640,0.14273861586761527,-0.1942210449858287,0.14843831415201023,-0.14865117880144946,0.18881940245342635,0.17278505501075098,0.1799416146242696,-0.18459580170339307
641,0.14231474884643816,-0.19477554143168685,0.14700055418947144,-0.14810839460419,0.1907095542419048,0.1718268948074635,0.17985689626993717,-0.18338363166870042
642,0.1435567730590883,-0.19470967897884825,0.14867885062000266,-0.14913074738156037,0.1896394066477278,0.17264695241120018,0.18053602438661873,-0.18501862094850882
643,0.14337719647495292,-0.19560295571326625,0.14719004133075017,-0.14835359576613819,0.1910306491969276,0.1725336585992099,0.17981054988776954,-0.18438607813355642
644,0.14268618139012515,-0.19475774622612527,0.14706798920682707,-0.14796483438932317,0.19046102831041056,0.17170273890967472,0.17945962749821864,-0.18396470823612823
645,0.14208193615723602,-0.19514998945288253,0.1472778855514682,-0.14715569506925855,0.19149405946853248,0.17207986381027457,0.18055551239457446,-0.18418352139987765
646,0.14380923566921155,-0.19554442208494724,0.14867499517475907,-0.14899554298858372,0.19080917517626098,0.17279777040529898,0.18137352837479156,-0.184422257765016
647,0.1427426297658103,-0.1955912007737818,0.1474083405240217,-0.14805823751071923,0.19148887378768156,0.1721129839359244,0.1797293431917184,-0.1844616931098048
648,0.14381254036190577,-0.19401647170786257,0.1484498406278211,-0.14899226603275287,0.19123756155286828,0.1722202146964586,0.1798966855117445,-0.18412659457607045
649,0.14364869177221876,-0.19641024586149702,0.14814757507292411,-0.14812320817550104,0.19151374996064716,0.17281649051887624,0.17999160843713705,-0.18482895012514944
650,0.1443110199409791,-0.1939766280071807,0.14883271251226468,-0.14984673919184874,0.1912067560411823,0.17293905860984934,0.18114508885752595,-0.18442491951702808
651,0.14343698045139824,-0.19439183466271068,0.14750766983791683,-0.14704123869487323,0.19072898871229688,0.17182860546154383,0.1800779914624886,-0.1842691625838536
652,0.1439099702518,-0.1951374850894558,0.14807127424234268,-0.1505204558999411,0.18928464956173843,0.17221072939070198,0.18063332831276888,-0.18461428916499661
653,0.143741942709097,-0.19524468700062725,0.14805023040528825,-0.149036049860286,0.18893621243006792,0.1716680370295999,0.18055234153100827,-0.1842459036117822
654,0.14326670314549006,-0.19512646976331693,0.14826544250487556,-0.14863217721419564,0.1891526052266564,0.17241906122928607,0.18033610965853467,-0.18406223841645394
655,0.14406167946196818,-0.1953279795091144,0.14807181583917997,-0.14888930393023733,0.19061592304635502,0.172990892460935,0.1800690946557401,-0.184553483226799
656,0.1429815250784628,-0.1960681398443417,0.1476210804190067,-0.14867350855356365,0.19234942184865814,0.17250228209765076,0.17973634623910353,-0.18419374344479927
657,0.14193387886521766,-0.19511344244621662,0.146775755564304,-0.1480794710117446,0.19150795808813315,0.1725490670789076,0.18056171119266473,-0.18482969561738363
658,0.14348048634619004,-0.1948692715311886,0.14846522341797289,-0.14949820239002795,0.1919065583592426,0.17312109286105182,0.18092076729424564,-0.18526476877189957
659,0.14432857734188834,-0.196648817181391,0.14960734303217182,-0.15140175396746422,0.1908726692418942,0.17401197645332048,0.18151765186638308,-0.18509648111470464
660,0.1420849490683251,-0.19514541585981363,0.1482629095035403,-0.14853323246960168,0.18896539777091834,0.17281278124448538,0.1807639567881869,-0.1849484809183534
661,0.1435213442072506,-0.19627423833264995,0.14787007224934678,-0.14871634274387333,0.19126725114461215,0.17273880631122074,0.18076916900274576,-0.18455540326608502
662,0.14276114846054724,-0.19355543383416998,0.14711179608919603,-0.14802042056100864,0.19235051216849886,0.17183403343441558,0.1792472795632908,-0.18388054282218017
663,0.14486240479595394,-0.19511757527977047,0.14898642495674747,-0.149724986856229,0.19002077513060958,0.17293038867009006,0.1814377802314595,-0.18488516942974273
664,0.1420805485863657,-0.19458952027579982,0.1473217407917795,-0.1478987925488564,0.18953840211179282,0.17123457312743212,0.17926350118927173,-0.1834781967400571
665,0.14235877240998834,-0.19556073570892402,0.14702073910329494,-0.147677311733864,0.1907796724323368,0.17137449823891066,0.17977974319032766,-0.1836930687799588
666,0.1433699808918107,-0.19390468321145818,0.14752149420136546,-0.14763290982331373,0.1895641273479278,0.17194474108284294,0.18025107909856208,-0.18360841656175558
667,0.1431479838870572,-0.195307282662432,0.14847103664823827,-0.14847082179048274,0.19049303617113245,0.1732115688247565,0.18073483390811249,-0.18435975706532703
668,0.14248623936117882,-0.1950057098313301,0.14734258924637866,-0.14803931061836223,0.19194176880202674,0.1723653247253211,0.1804761144569042,-0.1846615131609364
669,0.14433512308991547,-0.1960190246951971,0.1488279755309012,-0.1499367162725902,0.19254228090358988,0.17276232164757266,0.18112281281638729,-0.18509178008977234
670,0.14387967370751711,-0.19507129700048126,0.14876978276949063,-0.1499773256885434,0.18995585484009334,0.17296171286822992,0.18115665305175818,-0.18528533632789593
671,0.14521777908039424,-0.19653514290347207,0.15021649845218715,-0.15076652876027086,0.19128019325715662,0.17412607832575494,0.1819803679102645,-0.18573390911622295
672,0.14374974654039827,-0.1941467252451752,0.1479450206829832,-0.14889656254898248,0.1903456906048977,0.17345908649286376,0.1804081733692261,-0.1849656129676819
673,0.1446316078053067,-0.1958957937873445,0.14835544201824807,-0.14963570277020047,0.1911176159808685,0.17336075371814422,0.18112060234585733,-0.18516693368541606
674,0.14462669741630554,-0.1944159201955641,0.14841276067578618,-0.1493079488788165,0.1890881607281625,0.17249801458028255,0.18071649778322582,-0.18471803803080195
675,0.14254890144088603,-0.19401089372036964,0.14694521535693977,-0.14884034064684795,0.1887314910167541,0.1709809919029948,0.17879128305066616,-0.18326444908381392
676,0.14292261721227317,-0.19460585303295017,0.1466553322062367,-0.1476938757056288,0.19123692854191426,0.17234442315182869,0.1800683980360223,-0.18429223196566566
677,0.1440160917248681,-0.19615290398646112,0.14852500906580562,-0.15056820153805126,0.19153173292938233,0.17266557239012742,0.18135947583172685,-0.18489607153154303
678,0.14420896188875765,-0.19456882691892813,0.149011367021475,-0.15088398679826165,0.1911465395630485,0.17351937611815513,0.18151406583124033,-0.18493874346637115
679,0.14288115911078408,-0.19575750852531643,0.1476801294415164,-0.14776205908920262,0.18997077180765776,0.17262343114222517,0.18040337156830086,-0.18472811620058308
680,0.14425413743011906,-0.19509667613824958,0.1478393281820119,-0.14909806055932862,0.19095054496779787,0.1731430772310327,0.18024642131650076,-0.18443412980069965
681,0.14325846597994588,-0.19410592626297948,0.14782200554222566,-0.1480829696219747,0.18980888899738438,0.17124020296745374,0.1791523969227357,-0.1838252180957268
682,0.14333358283995765,-0.1946566690042099,0.14836243636720625,-0.14913495404154054,0.19062728589998557,0.17254842403590595,0.18023577941206456,-0.18402100884359274
683,0.1430651928179156,-0.19307909017676375,0.14691856505531226,-0.1472919617449962,0.19014159537587166,0.171106864860283,0.1783572989655747,-0.18296157526380954
684,0.14277732618595507,-0.19570510151277062,0.14729338698418848,-0.1481721773323993,0.19164395311383586,0.1722349057224601,0.17986902696875226,-0.1837321967807391
685,0.14396709152205686,-0.19632328700674162,0.1479855881835896,-0.14841322920594693,0.19061373229733164,0.17288215852183444,0.18104855117036972,-0.1850588530662059
686,0.14493590656588207,-0.19680019704218674,0.14925841996860786,-0.15107860312697075,0.19246762230408163,0.17407920982125757,0.1812376414758354,-0.1856692651915721
687,0.1450206761155246,-0.19571348271169306,0.14884168658369326,-0.14979670188966154,0.1916981867099049,0.17278608640232204,0.18093054348538173,-0.1848750703312438
688,0.1440247585783597,-0.19560405007307546,0.1479320203640399,-0.14909904136593996,0.1889868375396293,0.17247646678420842,0.1802213814812565,-0.1844540491520054
689,0.1422857866035424,-0.19570297305667828,0.1473154960700118,-0.14797942878734396,0.1891416589778949,0.17222076718730525,0.1804830100203316,-0.1836968349861118
690,0.14392781904235968,-0.194501918369181,0.1476301508821545,-0.14966663448355463,0.19154090203988475,0.1726690739025503,0.18024523445290813,-0.18396543930870174
691,0.14285014333556162,-0.19506894859317933,0.14709126695874813,-0.1475149662161897,0.19047026924206795,0.17215243773534306,0.18002441735948252,-0.18409479091722533
692,0.14425270027632522,-0.19461370575960593,0.14876319486448703,-0.14928331379616194,0.18973280429198375,0.17295494020546776,0.18024429901798664,-0.18491351267949407
693,0.14396462172638855,-0.1950938111146726,0.14811795199587047,-0.14824426400272941,0.19071767660888844,0.1727276440709874,0.1797747642796403,-0.18389101460024676
694,0.14315761790862372,-0.1951300432128031,0.14763526480715097,-0.1484886776959502,0.18981435665950303,0.1729382847444573,0.18064338767755006,-0.18483290347487719
695,0.14278136370749486,-0.19334152733120608,0.14718674034414278,-0.14704796488472263,0.18862728679108307,0.1714293513094618,0.17961410232370809,-0.18291556393729924
696,0.14286401502603768,-0.19375865970572537,0.1472183375752921,-0.14814972503789378,0.19102207945189204,0.17165763992943664,0.1797558107835453,-0.18398566272010194
697,0.14317389015842955,-0.19575739710019605,0.14700860897117823,-0.1479398527750909,0.1902070611971387,0.17125824807735837,0.18003822568931638,-0.18437879180471733
698,0.14325248392834153,-0.19466278636231754,0.14805375563843043,-0.1487234453152538,0.19224983194996514,0.17326258763667135,0.1802750083769396,-0.18450706458445587
699,0.14284789999575473,-0.1954755709564096,0.14776323614301776,-0.14882330262177168,0.19118659015279496,0.17158329893012908,0.17956276290139117,-0.18392752191178088
700,0.14292842479689147,-0.19530071388812592,0.14718059136002792,-0.14859438133686143,0.19041898997185844,0.17196182769825338,0.18003670310451236,-0.18383765169032357
701,0.1446786755539819,-0.19689763777388744,0.14963745693785516,-0.15017705628596145,0.1912457849024841,0.17358048938885015,0.1818692613118315,-0.18516652213278445
702,0.1440394916685964,-0.19487164104478308,0.14878832374269105,-0.1495544514414095,0.19172958270908158,0.17259983658130218,0.1803474417284711,-0.18473586006937107
703,0.14289424687053118,-0.19524983252165323,0.147441863739312,-0.1486651751549186,0.1885905490018474,0.17237327512749792,0.1801898361789808,-0.18428349449864143
704,0.1443701885019696,-0.19524249730557675,0.14850971595218776,-0.14890175507934414,0.19168443868496066,0.17279361566110998,0.1803228007783778,-0.18464773972529946
705,0.144289024008237,-0.19538879669338702,0.14904158057597613,-0.15035827975742627,0.19068227667856757,0.17300104087047533,0.1812373118090864,-0.18503506011739967
706,0.14466576950537666,-0.1948700813631814,0.14815369095056524,-0.14853336070975895,0.1931085273220905,0.172863354508966,0.18096269652343,-0.18428867382502273
707,0.14407342820274888,-0.19401251934459118,0.14791108016469112,-0.14807860638476517,0.18884982972916808,0.17203171757584243,0.18020570342372733,-0.18407894086932358
708,0.14325878262899824,-0.19603381964534755,0.1478496828864419,-0.14911746970146614,0.1904048279615434,0.17299048003500422,0.18087499550143332,-0.18476443506353216
709,0.14340403927291734,-0.19439496267220344,0.14828648806184247,-0.14952392029781336,0.19053696656237024,0.17254600779902546,0.1803700173574112,-0.18462067092936116
710,0.14353934237811486,-0.1953080657922711,0.14691410189221013,-0.14736717767750826,0.1910758799625734,0.17210813179811077,0.18017082298707335,-0.18360832729690874
711,0.1423283780673637,-0.19479045201022702,0.14708953715165654,-0.14901596812882878,0.19024622897425564,0.17259247838629568,0.18089492318033756,-0.1850432282722899
712,0.14263497565817276,-0.19475208461623292,0.14745130689792507,-0.14770988682191988,0.18929136181347128,0.1719402151541777,0.17968789928598172,-0.183780417334313
713,0.14303172554348387,-0.19464292624802967,0.14784361778387406,-0.14881609282450955,0.189511151432724,0.1719032423191985,0.1808623339245229,-0.18446717125501957
714,0.14509624962125783,-0.1942159036661689,0.14961429070647606,-0.14959360836110322,0.19034186649794543,0.17286378709864755,0.18088450063617204,-0.1846504324038755
715,0.14390406009484402,-0.19682077649446444,0.1485700183326547,-0.14817652132816106,0.19035527424248863,0.17252243079469518,0.18047508251583144,-0.18455164185170178
716,0.14388903231241298,-0.1933962713917158,0.14878506544134737,-0.14953026737880099,0.19144316242939446,0.1732421435607193,0.18056637062015957,-0.18486827911520126
717,0.14506951144674038,-0.19603185157326336,0.14935645264133496,-0.14914310888337823,0.19231223888656968,0.17411604579820122,0.181625143503115,-0.18542208617850736
718,0.1437877437548768,-0.19695049912142382,0.14934729250254586,-0.1493352730924555,0.19289846368483898,0.17353162225757882,0.18169556813893067,-0.18560472164713485
719,0.14226696134892833,-0.19445221180053573,0.1475113622391564,-0.14800477003988693,0.19047064340771439,0.17237843151084928,0.18045912539450634,-0.1840754365303331
720,0.1431061731034332,-0.19525064472602668,0.14786787010661637,-0.14751706446478433,0.19089245503421998,0.17206003228006284,0.17958883844181633,-0.18370621354281833
721,0.14451257085965186,-0.19621706338776299,0.14732788422768334,-0.14859883717493583,0.1910727201394812,0.17237852832456657,0.18064019375981732,-0.18445975491147806
722,0.14489556977457516,-0.1955819738156562,0.1487624644317736,-0.14974943869489976,0.19087644553246677,0.17387724103913868,0.18135449654975788,-0.18553855110500161
723,0.14399598979172645,-0.1951375573647229,0.14871041752225742,-0.14893451016245482,0.1906405121634418,0.17322836481983947,0.18161517391650062,-0.1851785332192249
724,0.14354858216914154,-0.19447345387869971,0.14726466999740542,-0.14810203867223887,0.19130028318781564,0.1715890525148381,0.17987895371728446,-0.18359460584056067
725,0.1435885750642979,-0.19567101778383458,0.14743122465746827,-0.14750106316775702,0.18984311496933193,0.1722163255329649,0.18052981697837422,-0.18400676389436516
726,0.14305965083882463,-0.19388224711393176,0.1469751828824877,-0.14866544932546266,0.19055943831160121,0.17192913860353484,0.17958021403887728,-0.18409837583497593
727,0.1432086639748848,-0.19652161485457045,0.1482817474209998,-0.1491110345341224,0.19089265369569425,0.17295135976061118,0.181004401319765,-0.1852120260794645
728,0.1439805611201212,-0.19621057268579337,0.1483428289279697,-0.14875825417344002,0.19142690260330295,0.17246946655901813,0.1808374593444573,-0.1849213163326954
729,0.14349183118790707,-0.19592425976691388,0.14720060028983506,-0.14934704700507953,0.18979404521991566,0.17165612385889623,0.1796048351331916,-0.18400222449123838
730,0.14496513815989662,-0.19638209757043487,0.1491611066142953,-0.1495174880057103,0.1914710371686842,0.17362355353021677,0.18141738226039333,-0.18506910489204606
731,0.14252055493076007,-0.19454241657041937,0.14689840392638615,-0.14858220368208186,0.1896094321455599,0.17120251053827562,0.17965989859457088,-0.18250419282839522
732,0.14346776083209054,-0.19705677253913048,0.14869987914117674,-0.1498340506272526,0.1922991590251432,0.17289294341667902,0.18176655769529493,-0.1853222013382222
733,0.14399438659137276,-0.19461707602109915,0.1483566230351482,-0.14945642430169728,0.19218442320998608,0.1728826362929471,0.18015383287971257,-0.1840554233281622
734,0.14405905575609837,-0.195932869454747,0.14875495526305654,-0.14878929773309008,0.1914722796650026,0.17314496595694367,0.18063632443385913,-0.1851063750339702
735,0.1436814702317624,-0.1954864870901777,0.14845906440737358,-0.14909299499397896,0.19077157371442294,0.1732411149215064,0.18135353645101981,-0.18554921655518422
736,0.14223648584327397,-0.1953606710698962,0.14758648905700658,-0.14837930997642748,0.1913202188380228,0.17249551061356774,0.18004823509893506,-0.18473672512773667
737,0.14385058283685312,-0.19656309693121174,0.14816682995230726,-0.1493984484884621,0.19170442965390744,0.17304525217952316,0.18101694148707032,-0.1849509408721204
738,0.14335455228093882,-0.19606684035855007,0.14813349243442003,-0.1485015290505361,0.1907342030210383,0.1724439132620443,0.18051584447471575,-0.1845125460931961
739,0.14301447131934716,-0.19482600812267475,0.1468755687599105,-0.14682981688576177,0.18767471184137546,0.17163553587439942,0.17892398767333878,-0.18368780628712358
740,0.14330950031632494,-0.1952171143913677,0.14825067211547413,-0.14973014179993874,0.19038592643434038,0.1726200312763612,0.180400397145087,-0.1841564424505798
741,0.1434112234490464,-0.19534639389449593,0.14853692034896349,-0.14787340511340846,0.1907219991729317,0.17209673140163553,0.18025474899096866,-0.18497857870832474
742,0.14377081061842326,-0.19613996462136313,0.14868711468464768,-0.1494525545980736,0.19008411090663338,0.17289672345407978,0.181092427965247,-0.18503434420730333
743,0.14391645620224652,-0.1946006213373532,0.14822036821958037,-0.14853785404661474,0.19006659998519052,0.17247039423255178,0.1801922977436488,-0.18387358221769787
744,0.1423403472920941,-0.19473532648941413,0.14747379083299783,-0.14879598611970052,0.1918772863303182,0.17220321750493067,0.1804776436677582,-0.18425084649524034
745,0.1433368596126744,-0.19614256953659565,0.1475110353564681,-0.14863478768658814,0.19012548426938092,0.17238212378146428,0.1797371657299416,-0.18463123395075132
746,0.14201845463357082,-0.1936092065103954,0.1469275553455963,-0.14827415941761876,0.18976545662948624,0.1718008908140575,0.1792734091099606,-0.1836275776131536
747,0.1440097764635902,-0.19577384397410752,0.14912084425349992,-0.14909728429295513,0.19219626273580517,0.17345615243785692,0.1811550908148876,-0.18501993092233207
748,0.14275764664767268,-0.1938258358811118,0.14704090661230934,-0.14767921603430972,0.18989780375930485,0.17186785982551292,0.17923328744640704,-0.18359967398506974
749,0.14375815357436345,-0.19481274704841356,0.1478603581252484,-0.14911839516494166,0.19233539448239437,0.17297105967301243,0.1808442276573507,-0.18495967246124642
750,0.1439286418575042,-0.1958472308272131,0.1478917149913994,-0.14925289084488672,0.19272182240432473,0.17300804284855048,0.1806600583362255,-0.18431018377663488
751,0.14329328946608558,-0.19551946915566276,0.1482226932184755,-0.14771513153302163,0.18995185157644423,0.1721597711611588,0.1807237245771485,-0.1845819378705808
752,0.1431469595122413,-0.1966085007893546,0.1475627741943478,-0.1480300966393348,0.1920210561299218,0.17275396677101365,0.18066032031935442,-0.18481945727987073
753,0.1435620856540428,-0.19581308996273616,0.14793226204032345,-0.14886446473295675,0.19154036259907534,0.17293706721424035,0.18098084743743126,-0.18474912745742558
754,0.14372409684107484,-0.1957939757366777,0.14795500901885694,-0.14865071133414354,0.1913115943725647,0.17275955685914823,0.1805335198975808,-0.18483559322442283
755,0.14525291615344094,-0.19646284694720784,0.1493726843099898,-0.15098250951799422,0.19092028565882047,0.17356337643359598,0.18124287219202323,-0.18586657667878714
756,0.14283435499227318,-0.1946282668765904,0.14815581044720916,-0.14848287769079704,0.18816950473756308,0.1725467140332921,0.17995880068723324,-0.18461098665094955
757,0.1424839296514883,-0.1943402010506505,0.1475692756097526,-0.14787600622426425,0.18964573165272944,0.17228363559017848,0.17940067590352607,-0.18400857585435093
758,0.14299091533412758,-0.1960062392111961,0.14799343459608832,-0.14957806103169352,0.19145463759710932,0.17247155113568172,0.18092432427042685,-0.1846696536731547
759,0.14452057615044966,-0.19707885239961542,0.14888657915861112,-0.15036283315971835,0.19237888003263276,0.17367551444641974,0.1815648650480893,-0.1855921814517237
760,0.1442491591674723,-0.19726193074239237,0.14851729238419428,-0.1504145476796345,0.19204586577923916,0.17367891890326437,0.18168917467220352,-0.1862419937177782
761,0.14328014373398437,-0.19581497183896493,0.14875176008621704,-0.14874735600117184,0.19037605674811708,0.17321297111504508,0.18049305993332462,-0.18439759516202814
762,0.14260092372257213,-0.19440581648678823,0.14770091039252928,-0.14926551232587135,0.19198173118170708,0.17210217915669698,0.1804445102480317,-0.18421873613133927
763,0.14462313437438937,-0.19448229979288933,0.14853732351553312,-0.1496270794895253,0.19056425762222873,0.17376693193712917,0.18099286061409994,-0.1854708990040301
764,0.14341826358778859,-0.1964088336342398,0.147640897003908,-0.14891972477781273,0.1910218738001719,0.17269824327838956,0.18009696368321637,-0.18429544392062877
765,0.1427557770856573,-0.19509126020033135,0.14691551591375213,-0.14762002108322525,0.18934253039405588,0.17146740407248454,0.17957383466928908,-0.1833418274171521
766,0.1438442630516791,-0.19631185700406792,0.14799331973296176,-0.14937521719751257,0.1925409514950102,0.17379211335360523,0.1810504616853883,-0.18485461469462103
767,0.1426287424648095,-0.1957536043825063,0.14718351364651297,-0.14821952161835975,0.1914187566445267,0.1721226521730049,0.18004353244292037,-0.18406387752384645
768,0.14263777401254682,-0.19364596733765768,0.14697369064780397,-0.14750006591367607,0.18981517982258017,0.17131719286888092,0.1795154516001227,-0.18316668430174388
769,0.1438081778023518,-0.19539314540756164,0.1479168662342629,-0.14807247876180424,0.19056583326950233,0.1730247612667575,0.1808588264255203,-0.18463464285284126
770,0.14397365440479296,-0.19501856209578694,0.14914662198728554,-0.14969786100326654,0.19169992388181076,0.17322638781484595,0.1810920935701949,-0.18506660726331853
771,0.1438950965183557,-0.19557552945682283,0.14926906967758838,-0.14975997610062106,0.19129641684976786,0.17361684453051823,0.18130761605763832,-0.18550313472431293
772,0.1455116792242288,-0.19558810947559527,0.14943201577262658,-0.15052086073528956,0.19146709587588132,0.17409474374576647,0.18189330148250094,-0.18600538733694724
773,0.14477372011095155,-0.19412951263047232,0.1486566544402471,-0.14979821976163565,0.1920423265304497,0.1730332080882378,0.18065572368209434,-0.18493240055871657
774,0.14380896969410342,-0.1948792060746068,0.14799478385372633,-0.14783092836870376,0.18909121888196995,0.17213194928319267,0.18034638027119307,-0.1844615324574128
775,0.14419584948085837,-0.19476862354490293,0.14834707782176648,-0.14970889374766944,0.1930152230848139,0.1727779646144193,0.18018847145325276,-0.18406030165939957
776,0.14448164465572477,-0.19371622583650008,0.14890943723087025,-0.1494990841089993,0.18897036722758076,0.1726949923309833,0.17984005356989946,-0.18428229818676573
777,0.1443288871812077,-0.19725458919553365,0.14884081412367303,-0.15021663150149128,0.19306767432176675,0.1736320567291157,0.181829120505421,-0.1857411650588293
778,0.1439812081418329,-0.19481306297518314,0.14774931096790356,-0.14848070129196456,0.18964257140231747,0.17217666029235262,0.17968944880001644,-0.18406334307582065
779,0.14411808385320468,-0.1967839666478888,0.14770463648598267,-0.14864359118012666,0.19203973551487655,0.17256714400744058,0.1811545355782677,-0.18474968382646276
780,0.14369039615267692,-0.1964059957810857,0.14849329379078377,-0.14946866876490997,0.1904628455003716,0.17285066126980975,0.18122601991952697,-0.18497603494548184
781,0.1421471900557463,-0.1953835667621099,0.14721829655721214,-0.14644998659026903,0.18981949890846814,0.17221135410280558,0.17997676218332384,-0.18440519599492508
782,0.14179484609692433,-0.19491026867707556,0.1462905057918336,-0.1470608957372953,0.1903870465182007,0.17142650445210317,0.17924877573491288,-0.18359469234967105
783,0.14344774201841803,-0.19436923237091694,0.14804596181783186,-0.1488786117083755,0.18950544721694934,0.1728476492592779,0.18097164209207292,-0.1842107313782266
784,0.1430555551893479,-0.1951679297391041,0.14799920605303973,-0.1491324383184339,0.19023875794913056,0.1731619268053908,0.18131654352438473,-0.1852613821868777
785,0.14471077325595583,-0.19464429638047248,0.1482931811688464,-0.14870351939382656,0.18978050873915298,0.17284343536801983,0.17995126326619365,-0.18456224804071383
786,0.14215665714378817,-0.19394411487616386,0.1475402576070921,-0.1486196409361303,0.1913751905450285,0.17276565734209637,0.1794186306439774,-0.18416995807364928
787,0.14280135104557556,-0.19393649239119684,0.14678062700995873,-0.14766817507069824,0.18853581672488992,0.17159966703104132,0.1790607941187076,-0.18337985272645868
788,0.14323547739905815,-0.1948864546212971,0.14784470737213326,-0.1484484099526033,0.1919696958919271,0.17252608269356115,0.18058955176290206,-0.1844376215648024
789,0.14191544936152134,-0.19466609042687946,0.14784773606456672,-0.14781814836835916,0.19026966946104462,0.17155441374437996,0.17981088909254728,-0.18406248704299094
790,0.14345385169925223,-0.1927334703042142,0.14744329493351951,-0.14778729182870964,0.18979935114123003,0.1715633235192634,0.1797462086984382,-0.1831294705538449
791,0.14298644260326837,-0.19598490585896414,0.14853951514218877,-0.1474224984908062,0.19173278597199203,0.1724564458578477,0.1803648983065624,-0.18394484436460443
792,0.1440093253734934,-0.19505862476578964,0.1486946985204317,-0.14891943864508478,0.1902399677190784,0.17241762759166296,0.18003332884924247,-0.18434760506259137
793,0.1429757929470175,-0.19486928483927005,0.14874433766166062,-0.14872754682765912,0.1905184111378372,0.17320664845625028,0.18115336729680812,-0.1849921941579959
794,0.14317686712893443,-0.19562488809922013,0.14817523774391284,-0.14842672763211706,0.18982359850813885,0.1720760657489846,0.18000666836138354,-0.1845857998938147
795,0.14267127424603254,-0.19401254694297865,0.14763209160053226,-0.14730244489844788,0.18985362471241757,0.17160725302581611,0.17980258307064861,-0.18347639844945876
796,0.14197752604604513,-0.1936483450019919,0.1459485675088935,-0.1471844583068249,0.18866949865407323,0.17077901193565248,0.1787911126118072,-0.18255697146371636
797,0.14273246039653995,-0.1939692825791259,0.1477552810938691,-0.14933979843772563,0.19122197291116835,0.17187044180769745,0.1799740518014243,-0.184612256960773
798,0.14271344164834696,-0.1961835470153248,0.1473456295207571,-0.1478767373644035,0.1913969887656322,0.17229004029135356,0.18066626809642364,-0.1845926559594906
799,0.14617146875120507,-0.19763776907410052,0.14915643189441238,-0.1511844885036782,0.19263687827838602,0.17408699297674537,0.18166898070083054,-0.18584344808180728
800,0.14257002040751907,-0.19467124683151998,0.1472709058344719,-0.1474606548956064,0.18930473167045625,0.17185447195307613,0.1793500281996965,-0.1841427844583478
801,0.14331482428762557,-0.1947771792501087,0.1473634977891064,-0.14918605847965646,0.19156306889689814,0.17264658299002128,0.18036293063725628,-0.18421481092653916
802,0.14224731411143682,-0.19524744309291148,0.14731691242837602,-0.14736115643033793,0.19029083764462196,0.17246665733483602,0.1805735747421742,-0.18379668154889647
803,0.1441517908354262,-0.19579228293840698,0.14859874780612892,-0.1492670968859773,0.19316676646284456,0.17306911889359625,0.18150473843701834,-0.18527097992864383
804,0.14293221782031915,-0.19348447204310587,0.14744904979324863,-0.14844980326768092,0.19125968528575057,0.1723568792392436,0.1799033795079007,-0.18426239229931815
805,0.14420468557897312,-0.19706667065745587,0.14890268682002594,-0.15151584655588876,0.19267063707824433,0.17371710947648963,0.18136249379826508,-0.18539689105226145
806,0.1437014047267261,-0.19423588193327365,0.14850970246714576,-0.14996381215535262,0.19124090794046908,0.17270884436155642,0.18049092049584375,-0.18453999392646495
807,0.1429809623941462,-0.1944565416904816,0.14666785821171385,-0.14713053149079153,0.18982506219322334,0.17231717057305884,0.17984070795929902,-0.18380366500479178
808,0.14322136598695004,-0.19463703601225335,0.1471171901278589,-0.14815659284722235,0.1906547347348062,0.17208185760094857,0.18039965862625923,-0.1837966321203823
809,0.14319717138808039,-0.1946353048490942,0.1474703904760846,-0.14859602506185793,0.19142353702870368,0.17213856538821162,0.18008599794444044,-0.18378552472961593
810,0.14299370968380243,-0.19593601335710828,0.14806931072211502,-0.14888946677747392,0.19135987409350325,0.17248622157446167,0.18134202236278935,-0.1846934714308693
811,0.14284509550709457,-0.19538640210812325,0.14733811864705468,-0.14737757945579463,0.1914712577952526,0.172002092474037,0.17977593684193174,-0.1843964129962499
812,0.1441134206317712,-0.1953635032078836,0.14867130062102119,-0.14910888607586115,0.19044041645141435,0.17283340397962887,0.18103735062179366,-0.18480773086369764
813,0.14303979966962674,-0.19604969481017925,0.1483325610452787,-0.1488168217539054,0.19154770705076973,0.17218099723769703,0.1804661944028311,-0.18444099150029497
814,0.142884579442014,-0.1952165983805102,0.14690600345059132,-0.14775014161175568,0.19000673914511562,0.17140039184956804,0.18001043966651786,-0.18346657358791227
815,0.1445407033022573,-0.19489306690977865,0.14848465983914874,-0.1487512309074188,0.19111858168093435,0.17330510184024542,0.18091343956154365,-0.18552558501386557
816,0.1446902892256215,-0.19634362783537043,0.1498945815165599,-0.1503857424948745,0.19107289067028643,0.1738295816671512,0.18161756599082118,-0.18542964321176292
817,0.14394979325989174,-0.195149593835253,0.1490832607770542,-0.14934551196328236,0.19121561486359134,0.17308710805994534,0.18061263267866226,-0.18483705706079873
818,0.14372937874529326,-0.19425873723177162,0.14799272091356075,-0.14927771598423004,0.18883894439796844,0.1725691426277015,0.1798525486916723,-0.18425875434368105
819,0.1453269417703975,-0.1950769665459088,0.14960937938753718,-0.1498971483725659,0.19152332783261175,0.17296638821884766,0.1810163761580142,-0.18477544592868736
820,0.14251567938103324,-0.19590133639842555,0.1475121415746682,-0.14709763085516767,0.1899050223990071,0.17191201231076125,0.1803096229244245,-0.18400697497691704
821,0.1416739580819959,-0.19419505919491334,0.14759192368587987,-0.14826220540717183,0.1899102781281419,0.17230361041572925,0.17950469253914644,-0.1836310929296767
822,0.14222566529179703,-0.19576230183503346,0.14852034871394,-0.1490547085881196,0.191415613295589,0.17285307998131377,0.18064185955718598,-0.18519535198861536
823,0.14355815171761088,-0.19454638979938185,0.14784049678337605,-0.14813664407352073,0.19128190526728653,0.17218470884858858,0.18045879215029054,-0.18424650999581205
824,0.1443195758555458,-0.19470882892512212,0.1490499092974474,-0.14983216949463732,0.19206962110554504,0.1727558292199551,0.18067308911140062,-0.18500978392787937
825,0.14368410476589621,-0.19524072440922363,0.14816761138646745,-0.14787527036236434,0.1893005929219459,0.1726198983123848,0.17982908676065099,-0.18464131545780285
826,0.1440148661789721,-0.19504179439382718,0.1482334117110772,-0.14918327212362584,0.19061643968009154,0.17324762430475185,0.18029757395636944,-0.18503415173943483
827,0.14392782290736908,-0.19477726475762458,0.14841367914869583,-0.1487217670483884,0.19045417819558433,0.17257633447029128,0.18036781891972256,-0.18431924048869655
828,0.1440385172430964,-0.19355085399701252,0.14781631935226075,-0.14948145698709064,0.19129848992309484,0.1725434390224021,0.1806332344815158,-0.1845386248660197
829,0.1441052317154493,-0.19553935675543366,0.14779428488621466,-0.14820257683876042,0.19074729480807906,0.17244555341160073,0.18002410302825436,-0.1844382556826661
830,0.14369077731172822,-0.19550846346039896,0.14842964564762864,-0.14857450117640753,0.1923338208346803,0.17256808895686318,0.18009098688507988,-0.1844465372528429
831,0.14521886432646575,-0.19575778145153153,0.14910114719979642,-0.14970265470710792,0.1919334066668794,0.17327692140943607,0.18178000093837096,-0.1850374956976722
832,0.14303868820164004,-0.19603451319219936,0.14767577473400217,-0.147809681272696,0.18991182737004997,0.1730214915183894,0.18071427157545034,-0.18485814123677416
833,0.1431540688705024,-0.19602247421797608,0.14801562788805622,-0.14936449562356036,0.19075232163499406,0.1724242785239156,0.17961549746644462,-0.18409833131784625
834,0.14317065876927623,-0.1937949987797135,0.14755433512345456,-0.1486650572422762,0.1899374119633637,0.17177201533674855,0.17956320003096493,-0.18390771529889285
835,0.14258476108032886,-0.19498413554027638,0.14663927140923982,-0.14653815665049222,0.18971706232101926,0.17158873142341854,0.18022941175132937,-0.18441724048802308
836,0.14385998792850108,-0.19525547781574734,0.14834720379041844,-0.14831687780589936,0.18985835169239323,0.1724199764621049,0.1805978287463543,-0.1850151685432466
837,0.1435238971209537,-0.194255047140826,0.14831451028114834,-0.149165424774876,0.1905303597839686,0.17239244873143045,0.18069624432134743,-0.18394371523527417
838,0.14262847113008462,-0.19507602406126717,0.14705214985647416,-0.14825273716441525,0.19059276825176072,0.1717635229926736,0.17948178601558998,-0.18368847166096558
839,0.14299559445529408,-0.19491977085577564,0.14854966225013028,-0.14889687519055178,0.19117103603433655,0.17270032674813457,0.18080102362103823,-0.18490052984144487
840,0.1445095538576294,-0.19640226147868844,0.14907081730174393,-0.14907800616347316,0.19101317432942294,0.17341082817166176,0.18122022491433282,-0.18551986170137527
841,0.1442581741476284,-0.19550862740606595,0.14917435077733507,-0.149952228182577,0.19171813477057173,0.17385827700932804,0.18134768032562587,-0.1856127701726133
842,0.1412154978816993,-0.19425776191018018,0.14617840673872332,-0.14684768792277889,0.19014169792107607,0.17119713343741383,0.17897177190251426,-0.18366653777916137
843,0.14262912418037213,-0.19603040670592886,0.14742028209097874,-0.14920453079862073,0.19153269190826344,0.17258095973676707,0.18022848243008638,-0.18440548390852893
844,0.14360004607434892,-0.19523876408552437,0.14877295417944583,-0.14845517153981097,0.1926195845623828,0.17290937347653032,0.18068196615061702,-0.18451695772013313
845,0.1435795112046909,-0.19446505202844855,0.14770578055749042,-0.14812318465076793,0.19057937526319826,0.1722535773229542,0.18098348097686714,-0.18425810651523056
846,0.14345890298338812,-0.19507455901330942,0.14850875917852516,-0.14918985238396823,0.19148698633583408,0.1729506995251902,0.18075589855807866,-0.18476876896172512
847,0.14391742187766995,-0.19572841656525683,0.14770238589014967,-0.14881345280178007,0.19199109809149378,0.172351718988557,0.18051566240151834,-0.18444181704186025
848,0.14348007257243,-0.19438107740894123,0.14776437755341965,-0.14889944961061732,0.19178880229886464,0.17260582513691977,0.18054529872515887,-0.1849930884908989
849,0.14300863068431144,-0.19466991829379443,0.1481354725894692,-0.1484793289930269,0.18937084741857213,0.1724312063908118,0.1802431396426867,-0.18393096157647554
850,0.14446309394412613,-0.19529259041062547,0.14893840281456672,-0.1495459189430236,0.18976734252619468,0.1726561759525341,0.18032445846596382,-0.18442061916793887
851,0.1434102957765488,-0.1956512237314814,0.14811353558998308,-0.14861261577947277,0.1919207978341293,0.17283731654066195,0.18072149218711436,-0.1850434173090959
852,0.14448827168214162,-0.19626963857874966,0.14793960772172468,-0.14922796659086907,0.19173034080301699,0.17302541347958347,0.18149054187477204,-0.18527112349489316
853,0.14352921855184061,-0.19582983326835568,0.1477785920174489,-0.14772782578604288,0.19157133637232926,0.17198184916825693,0.18048159116297371,-0.1842163063626011
854,0.14447781314555522,-0.1960317251402828,0.14906286064630767,-0.1490844634070739,0.19031605206658392,0.17368257951216645,0.18156815641272447,-0.1851615688113073
855,0.14305117363300374,-0.19478493574390404,0.14779162555013542,-0.14796769340105032,0.18990684111204068,0.1725470909531916,0.18000177762084246,-0.18445683778657665
856,0.14387568006809287,-0.19468567203706,0.14782004040497324,-0.14844140331369615,0.18988720098836728,0.17267835973045773,0.18009235547374886,-0.18331415428728326
857,0.1436524167182041,-0.19738010455411498,0.14946416983354957,-0.15027655651485375,0.19225536469225082,0.17468176449996226,0.18226344944417772,-0.18559618406841316
858,0.14175583002233955,-0.19303792487750454,0.14576791715284676,-0.147435754784036,0.18981011283579394,0.17061746219319845,0.17800874084966647,-0.182506383456318
859,0.142580252110232,-0.19524688172050464,0.14838847253090415,-0.14928020314225335,0.19063185081296732,0.1724721501540666,0.18019690749801254,-0.18377588224905111
860,0.1436377679701657,-0.19514082432047708,0.1480642828891931,-0.1494878478072052,0.18953989067939708,0.17239291320996292,0.18036716906659425,-0.18404441068445157
861,0.14336442668615781,-0.19557823934672508,0.146988845580228,-0.14871625705132713,0.18926477097834013,0.1726551986399037,0.18017459308248188,-0.1844228117704378
862,0.14338854280714894,-0.19526993553564603,0.14843182443904912,-0.1496676465147446,0.19008807716280215,0.17288588442647912,0.18107393824703655,-0.1848133135250899
863,0.14301170849988584,-0.19404015354256707,0.1477712552993934,-0.147408124486409,0.19064454984222398,0.1719149161220425,0.18018553134880125,-0.18421377253373075
864,0.14370800363581165,-0.19597413266273178,0.14838013209097128,-0.14887988700948468,0.19081035639326507,0.17349151223005996,0.1806855384474696,-0.1847137421454382
865,0.14447079842947066,-0.194733869646665,0.14931666471834953,-0.1509677319960541,0.19136597734730143,0.17360208820294573,0.1821965198731221,-0.18533753014476503
866,0.1425356552575853,-0.19536897985626564,0.1475879829098917,-0.1485071977338853,0.19064337265090964,0.1722954371562714,0.18100054539737337,-0.1848490928412989
867,0.1426357209670752,-0.19437823354041295,0.14663241544054662,-0.14821007208326017,0.18945224264340788,0.17117581989602995,0.1791942880977249,-0.18314373709747186
868,0.14277564294012698,-0.1942648279784153,0.14779544178004725,-0.1486841668725637,0.18963783155307,0.17231201201032303,0.1792759967177943,-0.1838336182852714
869,0.14327156592317733,-0.1957522873286163,0.14780505428756593,-0.14880377227165,0.19307380080775208,0.1730160872381737,0.18098734101877836,-0.18436524850499225
870,0.14332243376664086,-0.1951347092963069,0.14836790321216525,-0.149560383268108,0.1895477418746404,0.17248891094875143,0.18034665976027703,-0.18440727880054064
871,0.14252205424460457,-0.19449080275123534,0.14770710192482248,-0.1474243390511724,0.19091454603109548,0.17173921783524654,0.17922070492133327,-0.1840847989844816
872,0.14377639630161979,-0.19581047798667658,0.14768870090709385,-0.14902181772816075,0.19091247064064001,0.17278513610016843,0.1801450672040581,-0.1844032510689796
873,0.14363744226839337,-0.19617644087582334,0.1486475617956848,-0.14921840834267192,0.19120284618546113,0.1731778356142037,0.18175739100057767,-0.18495587435138053
874,0.14085745666992341,-0.19382333862797474,0.14537641894665573,-0.1451243827104204,0.18824170289205752,0.1702545556202344,0.17834558735461623,-0.18236010952978143
875,0.1421961057107636,-0.19372348004367174,0.14653348013540052,-0.14733702084676636,0.18972406237892028,0.17080915626706875,0.17906513161652995,-0.18288076729993027
876,0.14370352234562378,-0.19557394925044294,0.1489201125715413,-0.1496661519359984,0.1923487364497142,0.17383655854264282,0.18130261543735662,-0.18499373794408902
877,0.14202387804076774,-0.19471719005480864,0.14627530405832123,-0.14739007494575385,0.18931364217258193,0.1715535650033325,0.17916211769970522,-0.18351579353662467
878,0.14332342461845024,-0.19486014014053324,0.14818704108139927,-0.14945270755337237,0.19158729680447606,0.1727825333377805,0.18098447227528988,-0.1847611809462972
879,0.142791963467353,-0.19537558254118928,0.14839797929438914,-0.1492796003496898,0.1907185855367202,0.17241758658687997,0.18060583485173187,-0.18454458868834822
880,0.14318349273781347,-0.19510369867915164,0.14756299394083952,-0.1485900515739227,0.18884980479673394,0.17236248288458708,0.18006854992486818,-0.1842724841413123
881,0.14264370290027112,-0.1938445614308755,0.1468930731572987,-0.1474674788406099,0.18856875024097308,0.17085121213920995,0.17869840782632643,-0.18318418598214947
882,0.14263322151870897,-0.1945610093942145,0.14789858184412447,-0.14955681688812267,0.1912648198128281,0.17292686635161766,0.18034460823890472,-0.18467272851076225
883,0.14497841135182957,-0.19426036089719612,0.1485727396369529,-0.1500257684329888,0.1913516655980294,0.1730954616887951,0.18044665580487945,-0.18449247936245097
884,0.14377327891628897,-0.19402102226675352,0.14762383440713292,-0.14769080772853937,0.18978923620440466,0.1715270819219346,0.17937219653632888,-0.18392775267443948
885,0.1429137621253087,-0.1957385503879123,0.14799395004318747,-0.148780379414962,0.1911858679680956,0.1726426607686645,0.18064926193749015,-0.18485592707927934
886,0.1444889561351631,-0.19674473823014088,0.1496907726219231,-0.15122164279833902,0.19316180539358196,0.17433955760036357,0.18225421877935774,-0.1863918566709301
887,0.14222316112788716,-0.19536392955706094,0.1476275751646612,-0.14810994832705107,0.18999767034034545,0.17222946050455215,0.18007930750188963,-0.1845772905621178
888,0.1431201240678273,-0.1945866297150864,0.14770199715870252,-0.1483775233420487,0.19193230557893662,0.17280715792076223,0.17999911634318544,-0.18428685224655428
889,0.14398528472143962,-0.19422140512608024,0.14762596321951035,-0.14803378728899896,0.19107767840062986,0.17140926885598096,0.1801195827036403,-0.183743470961721
890,0.14247349441081544,-0.19546433505293007,0.14660918744883455,-0.14816735031531594,0.1905925817405405,0.17176765997432616,0.18013011909207222,-0.18410701062338494
891,0.14379651821109637,-0.19713138642549088,0.14840866821525855,-0.14994298923187996,0.191731133150379,0.1738411676425196,0.18191961033383483,-0.18591894505313994
892,0.14347363930647167,-0.19442761600514866,0.14850115072101122,-0.14861365099044713,0.19066984476595486,0.1727692188297177,0.18002345433642097,-0.18436800354611582
893,0.14211546444996154,-0.19460234072304966,0.14702551820827559,-0.14737991871929085,0.1918060869461306,0.17198438320862713,0.18032328495576894,-0.18469961701588816
894,0.14432731465308768,-0.19562931405126238,0.14900981252980958,-0.14998285214653814,0.19123265026384273,0.17331768221456273,0.18129319834707358,-0.18523044544920145
895,0.144132262492799,-0.19446667613833948,0.14863843851364017,-0.14932780362847484,0.18884916598885232,0.17234215616459395,0.18027194297988147,-0.18394439508593882
896,0.14380699402925498,-0.19515418911903953,0.14808395832704838,-0.14906310257024868,0.19112069316075128,0.1720777829826212,0.17993904168962208,-0.18458675984491224
897,0.1429774791698983,-0.1941632864908054,0.14794184928442797,-0.14903602982751088,0.18910847151041638,0.1720119574853047,0.18051548831860173,-0.18403122838729025
898,0.14385886602385048,-0.19483919207633885,0.14748482295034904,-0.1492165182630414,0.1908012851798188,0.17248145689649802,0.18007668416652373,-0.18413615403801378
899,0.1449315490960235,-0.19503990212848943,0.14929424029585783,-0.150319738899868,0.1930461561390438,0.17342047578463615,0.1812633254115267,-0.18499036297284405
900,0.1448181277563846,-0.19556188211066894,0.14912912300785333,-0.14977884657371393,0.19139446702837307,0.17295561748196936,0.18097689096256261,-0.18512293451065423
901,0.14345434689101466,-0.19413515515287105,0.1481367204297813,-0.1491978907084382,0.18938436890545818,0.17235140365349055,0.1799118350406749,-0.18426506680450935
902,0.14307769412095142,-0.19410550708076232,0.1469346905714354,-0.14806748530473438,0.19053745263023233,0.17182922105568682,0.1803142655142032,-0.18389062385063287
903,0.14429105816065477,-0.19625672996898247,0.1482058907232661,-0.1498614745722832,0.19010710325942054,0.1732392375690966,0.18152244732925493,-0.18531036651021043
904,0.1436731756978032,-0.19566231303192366,0.14874741405627798,-0.15046456305646885,0.19148490362971624,0.17308631094657836,0.18173751492307358,-0.18531052722798522
905,0.14325025922280166,-0.19631125101556668,0.1477266013169479,-0.14874372065814093,0.19143259086565667,0.17301261015679584,0.18071583363210372,-0.18481792749210726
906,0.14389430785665905,-0.19461056054227233,0.1492696600887077,-0.15006907644917383,0.19086790201858828,0.17317301279635566,0.1810366111587093,-0.18468184179039088
907,0.14387879320248637,-0.19590279628743953,0.14826347379360952,-0.14885958528420193,0.1916704930391011,0.1722215412604467,0.1811518937698111,-0.18457724526374153
908,0.14232733631553277,-0.1955221088962637,0.14776438522487437,-0.14997815807770784,0.19051574680159206,0.17253354427803633,0.18039912770047672,-0.18517037358190006
909,0.1411630954784773,-0.19411098262924825,0.14692644374911606,-0.14811914256475323,0.18769026555239152,0.17164161486898272,0.17937837217217872,-0.18349285941839005
910,0.1434145247271489,-0.19477396220375856,0.1481827676902874,-0.14810844627893036,0.18943742544778192,0.17238618186649318,0.180298617863599,-0.18467642472833737
911,0.1439890805366181,-0.19522096776463027,0.14817171627265305,-0.14983228207911028,0.19275193537454285,0.17340684340654683,0.18074992994666206,-0.1849783483170753
912,0.1427411076161132,-0.19507402552370376,0.1480266048588534,-0.1476901372595979,0.1911856596921759,0.17241670783318785,0.1801100574186083,-0.18390600422692827
913,0.14322453631558704,-0.19606876115697064,0.14788370965952383,-0.1487223909365255,0.19146653508484315,0.17247458972613122,0.17998294954689506,-0.18500352141647255
914,0.1440963074565604,-0.19610839861533474,0.1485059572376174,-0.14915147822613326,0.1917325999476241,0.1735410500506161,0.18160016133193943,-0.1857134819948959
915,0.14305540925283983,-0.19359015775035276,0.14738252230548635,-0.1478765827069158,0.19027208581055235,0.17222393309156347,0.1798996106379087,-0.18442329086722603
916,0.14215102380877825,-0.19475172674400498,0.14718751438895944,-0.1473466823941874,0.18983000768738117,0.17140942656911187,0.17892353255856594,-0.1832793498998707
917,0.14304411347149348,-0.19445189713991906,0.14879030202327165,-0.1496283390221339,0.1892119940291649,0.17340430929812412,0.18082838141241467,-0.18477580384393136
918,0.1425422347644502,-0.19492286127796837,0.1468131962330435,-0.14724701478649252,0.19020564092082262,0.17134510234869496,0.1794594781066796,-0.18312417305664452
919,0.14284319721228475,-0.19466054948322345,0.14705376122703254,-0.14731341618191315,0.18765581060214606,0.17139237849586214,0.17903987572663269,-0.18383217204408872
920,0.1434821259320413,-0.19670105899300788,0.1478313094792948,-0.14885040488187468,0.1917867311173857,0.17263603236661604,0.18064871810714286,-0.18482870390408238
921,0.14387807812100545,-0.1955887858900587,0.14902677611415663,-0.14973149884930026,0.19053290537093265,0.17337262804286802,0.1813018420422322,-0.1853003911097239
922,0.14229517447130033,-0.19571164661283927,0.14690992400925323,-0.14627215373931726,0.1913529875167621,0.17232332845533804,0.1803500714843634,-0.18435527845364907
923,0.14526945490922707,-0.19696196851974127,0.14940777284713336,-0.1507195278679946,0.19156894556150453,0.17463123487980078,0.18214083650738808,-0.18648039651125695
924,0.14452621271525515,-0.19627219966029694,0.1484471108819663,-0.14986162497422367,0.19018810220669083,0.1733825694901308,0.18120828269330308,-0.1850273287193295
925,0.1443775643739692,-0.19297941595808354,0.14864367151709534,-0.14982150206509784,0.19056122865298686,0.1729025922948059,0.18058651359352013,-0.184489813953986
926,0.1435179195774768,-0.19503868713965133,0.14822993802705287,-0.1489889041196272,0.1914310120217594,0.17246654183964347,0.1805896409874602,-0.18475387256263484
927,0.14418899983440434,-0.19659351165350264,0.1480451642783574,-0.1489281799856467,0.1921048303676023,0.1727811703099235,0.1808300320389322,-0.18473886826236063
928,0.14384557869873094,-0.19605977847676387,0.14838922591617829,-0.1484361488614932,0.19181801413580055,0.17319222602815051,0.18053732912020065,-0.18472680225599974
929,0.14341835709161524,-0.1959706978451569,0.14771953026322565,-0.14880116872874227,0.19356616953367606,0.17363080671324305,0.18179852302299074,-0.18519877088739195
930,0.14202275962244956,-0.19318913792133532,0.14606004248010465,-0.14689171598371167,0.1894105249745694,0.17022959149809108,0.178311860004193,-0.1819004629691083
931,0.14344209751918627,-0.19442871009043144,0.14731489722700267,-0.1480554600384903,0.1891954056585347,0.17159902469017738,0.17928985372310371,-0.18369208867135897
932,0.1424796097465408,-0.19495675615908653,0.146971112375761,-0.14793539842492193,0.18963306323650952,0.1721940901570324,0.18091239897976463,-0.18471112923361047
933,0.14324403402628097,-0.1951962180119202,0.14823835348171502,-0.14913024042973533,0.19140250065114753,0.17262956672814328,0.18062358342375118,-0.18484892870932454
934,0.14142306902531557,-0.19463184680142817,0.14654374915949372,-0.14761257430786479,0.1903012136298798,0.1719996774344541,0.18034084658741106,-0.18426109047692069
935,0.14312868537641749,-0.194562518613687,0.14833145391270403,-0.1490639052139073,0.19043485599202864,0.17248387574384486,0.1801283500155393,-0.18447755317655642
936,0.14302068886318306,-0.19345820395965052,0.1472938456537775,-0.1481875409261614,0.18988249236508495,0.17202647866753282,0.1795813909543051,-0.18371638516005814
937,0.14487620547528518,-0.19512990644197037,0.14889239495882034,-0.14910916379186348,0.18993656278293508,0.17281377373357978,0.18039924403120522,-0.18467465600825098
938,0.1437785779402767,-0.19484709149779567,0.14822353107892763,-0.15006383681642846,0.19191954890029997,0.17308942525390592,0.1808337995684377,-0.18485553794327297
939,0.14475485971049645,-0.1950407706226237,0.14913710821338153,-0.1513996428346378,0.19170769048779196,0.1738613419256317,0.1815460863990179,-0.1855688802664112
940,0.14523807410366385,-0.19721372094890216,0.14925430953360644,-0.15057958034056046,0.1916421260533984,0.17365840065261484,0.18176325643406957,-0.18565145878017061
941,0.14394753388185277,-0.19642856311010817,0.148324916687172,-0.14924782321893046,0.19228455640663691,0.1730343235614356,0.18169507186237857,-0.18484998068611588
942,0.14306556247097782,-0.1972855152133472,0.14799169262839676,-0.14950543684757917,0.19075268164727296,0.17301865024196533,0.18046637787078365,-0.1846416401959789
943,0.14422522294973394,-0.19629277720808916,0.14911402074478391,-0.1487222308415745,0.19021489517830825,0.17265295543366863,0.180931416893373,-0.18496724193724212
944,0.14367990257691174,-0.19555427678446902,0.14840040686913292,-0.14917477406244695,0.18940683525594715,0.17330819311147605,0.18129113089994497,-0.1849145151100654
945,0.1419795245352479,-0.19580802310979412,0.14683855967669446,-0.14730172511839057,0.191924749963211,0.17222950155264,0.17979365579433687,-0.183731725203687
946,0.1427262818633152,-0.19608459379014678,0.14794346643261944,-0.1493456581713156,0.19190432867172041,0.17238398919923845,0.18030316629303414,-0.1846603219373389
947,0.14230889636948063,-0.19474381134982904,0.14692696278792425,-0.1475092900411119,0.19081786919130403,0.1709779175289151,0.1795195013467129,-0.18347284866718422
948,0.14231795286302718,-0.19421581360081486,0.14709364315284335,-0.1475776735742718,0.19066926070111873,0.1719806338268475,0.17991755246722257,-0.1841771127953171
949,0.1453921922217758,-0.19544379760668124,0.14930420824658297,-0.14963764407749217,0.18990951851366755,0.17381861840518675,0.18147331954735388,-0.18540452188164908
950,0.14365566996150797,-0.19667077653065432,0.14815845407017547,-0.1483660983007147,0.19241500455501628,0.17261117014075886,0.1815033714424294,-0.18476233027474617
951,0.1459682606027034,-0.19523693940855574,0.149481052633632,-0.15040171818110182,0.19149740448522726,0.17345962468843001,0.18216122724658398,-0.18560715472226919
952,0.14295136817832255,-0.1948817563747439,0.14636843914135692,-0.14571524616605505,0.1897864007039754,0.17139542771641858,0.17946069893681543,-0.18338952265726668
953,0.14305989266898925,-0.19453060707947506,0.1472072793879648,-0.14845122768143176,0.1890102747376019,0.17128810741075823,0.1785024556057115,-0.1832058862117937
954,0.142964210278842,-0.1942051318525529,0.1468610761497583,-0.14791861702617962,0.19060846159338793,0.1712550841433552,0.1787799184739609,-0.18298171413576597
955,0.14301421954198557,-0.19475334177485729,0.14773340314954025,-0.14833122011454178,0.18947382947866476,0.17196858768805376,0.1803751979703365,-0.1841444199479863
956,0.1445149033534957,-0.1959364783829837,0.14889858245511584,-0.1497148976071978,0.1915835499086433,0.17409086716205702,0.18129761487917498,-0.18569452041295334
957,0.14191569755627748,-0.19361897477717271,0.1465523363454621,-0.147260890413263,0.1895962698042417,0.17111502198445666,0.1791338593761948,-0.18306076267561888
958,0.14373099628854752,-0.19459783622338958,0.1481410346232867,-0.14941517715487052,0.19279261723930172,0.17282098646443333,0.1804611597508079,-0.18493520643898875
959,0.14408166175962991,-0.194102622494372,0.14842671861029916,-0.1489012291451057,0.18914711456672476,0.17245415730897604,0.18011920439487067,-0.18438849916590758
960,0.14473076759727133,-0.19410064617562742,0.14890899221536438,-0.15099156934610675,0.19086899196148566,0.17293156568622786,0.1813087418353897,-0.18494323756002048
961,0.14113165603065353,-0.19526712547841318,0.1467134182522521,-0.14651270216673556,0.18994884379869947,0.1714578528481045,0.17960363201391094,-0.1839324619611414
962,0.14328466259614647,-0.19498316435342458,0.14796625693234727,-0.14869605719595952,0.19157282933781825,0.17296344190924925,0.1809100607162221,-0.18493574100543772
963,0.14323724949851258,-0.1969735033560385,0.14749671519818805,-0.14821620661044724,0.1910668687457014,0.17259140109298557,0.18043522436388015,-0.1846503496763918
964,0.14288031068066046,-0.1948617527834625,0.14732435499460242,-0.1475923966670217,0.1903185219739941,0.17240470272111175,0.17955154219014907,-0.18452637068173797
965,0.14334136869614297,-0.19501689885703424,0.14766571476644114,-0.14824735655607144,0.19101196532754527,0.17208432776039126,0.1795648006597235,-0.18357484207802002
966,0.14359367902401854,-0.19606734496494693,0.14740211758175975,-0.14797724073757063,0.192469327592514,0.17240194926584343,0.18023843145921487,-0.1842819794989556
967,0.1443490951974327,-0.19458553455222682,0.14867880413287607,-0.1496386719495756,0.18889479876742263,0.17278355869915085,0.18024528956324112,-0.18441422655775608
968,0.14248968575714072,-0.19441607876561964,0.14674962859673976,-0.14752680458622242,0.19083462010006952,0.17158836494193752,0.1797843821847443,-0.18358371227926393
969,0.14157518801626653,-0.19462158561126502,0.1464613843503675,-0.14785244097703132,0.1895323217356884,0.17204735073968205,0.17998178726158945,-0.18354124950883235
970,0.14407554247195095,-0.19426350401676767,0.14760767957022702,-0.14837635385887898,0.18920614340281433,0.1715301099389446,0.17933823744957897,-0.1834943161741135
971,0.14352891017868669,-0.19631720481914106,0.14915002581355996,-0.14944434497402842,0.19081256808884312,0.17317625654266472,0.18116688118704127,-0.18489045203012583
972,0.1426122329118525,-0.19645121955546788,0.146871887000493,-0.1484436656213938,0.19091290186181104,0.17192082403203948,0.18052093403096275,-0.18415559188543157
973,0.14187676426300339,-0.19597185035468764,0.1477277141085543,-0.14875151139220774,0.19087402630176875,0.17283323021452393,0.18007391378429655,-0.18508059286816558
974,0.14380870877468097,-0.19444160674043878,0.14748447977310317,-0.14892309463413056,0.19126016223971606,0.17296460644462175,0.18035477827659765,-0.18459573263686277
975,0.1442289347449559,-0.19763226440285905,0.14922574938136984,-0.15057170435114092,0.19245124485287052,0.17326427025501126,0.18176658656314007,-0.18576560862775904
976,0.142847628807492,-0.19519963997361375,0.1478428069546844,-0.149025397954916,0.19282278222803376,0.17264867168673823,0.18076729755563248,-0.1848576000232118
977,0.1453198275017172,-0.19569341695496587,0.14926532925789393,-0.15017802072893255,0.1924287541244971,0.17314621937968386,0.18101319237155067,-0.18513476547942226
978,0.14413082518869783,-0.19512137786928577,0.1483467698556423,-0.149764371431317,0.19178185820423804,0.1727878866713497,0.18041958925953722,-0.184230782476803
979,0.14471963726016787,-0.19630590932567116,0.14937025077741836,-0.15108107402677526,0.19266677778335342,0.17381403889301286,0.18191717660353718,-0.18525653788111038
980,0.14287731958605607,-0.1945000303030992,0.1480540613316669,-0.14918132204830217,0.18957246347693146,0.17208562399414137,0.18003567879778898,-0.18387436081959924
981,0.1443968057000945,-0.19583057155502995,0.14801868800588838,-0.14934892408403982,0.19113894605356913,0.1734700367851718,0.18104741974389946,-0.18536790076752765
982,0.14162747851306698,-0.19532478823006794,0.1458834055002368,-0.14653731230873257,0.18879044769140668,0.17107383482553218,0.17927570011469007,-0.18340739882819365
983,0.1449697634238874,-0.19389048747291618,0.14889111398871988,-0.1497432584147238,0.18828464756742255,0.17288462975058813,0.18013547591263504,-0.18412954948383384
984,0.14430586727291003,-0.19626290898430007,0.14948228015060838,-0.14986900963025218,0.19267329663557925,0.17407102904107324,0.18149091072228368,-0.18548063814929666
985,0.1446985329482228,-0.1956183431911632,0.1487861664010851,-0.1496935524838431,0.1897010925305557,0.17315571637684946,0.1808669391055902,-0.18464655635536026
986,0.14193114624659978,-0.19538364706965267,0.14763928022230086,-0.14787425179765964,0.1922577572962337,0.17272086927966798,0.18069533597087897,-0.18465645420018234
987,0.14345615092016492,-0.1966513431031488,0.14739806336784783,-0.1490441924574621,0.19111516730309192,0.17260187440003055,0.18056724154992368,-0.18450381668041207
988,0.14346588101288504,-0.1940792262957031,0.14739400898782765,-0.1477891856963806,0.190438843919841,0.1723512906950733,0.179433511063763,-0.183858059939884
989,0.14248616308034015,-0.19532040929677408,0.147302273835976,-0.14793439478859166,0.19103338606494405,0.17258819770865452,0.18055398375510476,-0.18500553789458754
990,0.1426233031748647,-0.19618283856837734,0.14725597307003446,-0.1477147547486626,0.19046830972066736,0.17238117998641028,0.18029275271389839,-0.18441862844019122
991,0.14463812399559586,-0.19602299597445597,0.14882353432334225,-0.14948230432684373,0.19021414486155172,0.17305946005603168,0.18160150447535447,-0.18487594946349278
992,0.14258332578875121,-0.19544942473119506,0.14800861501330342,-0.14960039701793873,0.1937486411541159,0.1731763636022557,0.18101211203094583,-0.18449395367362603
993,0.14513412313331067,-0.19646363645737314,0.1502307552859274,-0.15016404242802758,0.19269954179647594,0.1734891197291974,0.18167515900513115,-0.18603453516666973
994,0.14325845330587952,-0.1949429662562263,0.14769902283047737,-0.14823120367156653,0.19129201214069635,0.17217115877995168,0.18033748618325066,-0.1843484516101543
995,0.14349125126366008,-0.19474275583848802,0.14827049011639046,-0.14887439191073795,0.1906007205979544,0.17297082794156582,0.18133202602869275,-0.18501681730084726
996,0.14348070923440948,-0.19505545728590715,0.14739692023661796,-0.14742205211141476,0.19054679529506569,0.17151105516435342,0.1794933230442958,-0.18392158002889022
997,0.1436991448941862,-0.19577554741589676,0.1479171946904927,-0.14959608507787306,0.19056732332418694,0.1727705949017081,0.18085034235715136,-0.18510272653622
998,0.14131137265419189,-0.19457443916164183,0.14674935313460977,-0.14689865678664815,0.18998871935326136,0.17117882322507283,0.17962564698575417,-0.18303938530060368
999,0.1433661757611198,-0.19451557274831371,0.1475336412293777,-0.14847989689728147,0.18894741277105997,0.17230723810133514,0.18075800389873595,-0.18437633815209592
1000,0.1446836358076542,-0.19461405378833907,0.14809521794682165,-0.14972977810298477,0.19156817291574452,0.17324342468971046,0.18124322420263908,-0.1850728286095452
1001,0.14230009971399393,-0.19473188468007652,0.1469224060866284,-0.1475829700869079,0.19106344064358904,0.17138651256165058,0.1792529953325115,-0.18357393879542047
1002,0.14357861109043718,-0.19547427037862236,0.1468545426292131,-0.1471338101922558,0.19056757062762897,0.17217052882197478,0.18023725510211216,-0.18441281256330666
1003,0.1435303667524663,-0.1949313425254346,0.14854627319163427,-0.14857310817452624,0.1905695461686083,0.1725250909802276,0.180513642005363,-0.1845824162662569
1004,0.14169074141864635,-0.194606476923288,0.14698717881106832,-0.14841492796700065,0.19013935261486192,0.17133050997911264,0.17961563673212616,-0.184090958649553
1005,0.14122746307059084,-0.1940898332780469,0.14600361897539876,-0.14623693531523482,0.18919001057755436,0.17105396273952342,0.17954012279147638,-0.18320199143699709
1006,0.14472648936259797,-0.1948361806349667,0.14842297846752775,-0.14980587560075248,0.18919919170782004,0.17275859794659892,0.1807375467048816,-0.18468415961179385
1007,0.142784710684772,-0.19582733184404924,0.1472180728411351,-0.14710945868316633,0.19118355949810736,0.1719207417902398,0.17998622211721196,-0.1841515433358078
1008,0.14274171735442912,-0.19641100961582492,0.1481298399604374,-0.14982190430561612,0.19280794862308842,0.17304031898993205,0.18098226023133912,-0.1848833931027212
1009,0.14407837280196564,-0.19532066277460802,0.14879538737335452,-0.14844753762716653,0.19178851175383244,0.17357891484569152,0.1804928205775242,-0.184818505834726
1010,0.14341266720268997,-0.19363952788144015,0.14796329364005217,-0.14911247123580987,0.19009679460725865,0.17250787704743323,0.1798088915675291,-0.18422719076666536
1011,0.14268914605231442,-0.19532596964499763,0.1478685180512104,-0.14762593772334345,0.19149679233744907,0.17189664409900754,0.18049546077387868,-0.18411508966078874
1012,0.14437212164116978,-0.1969697608874707,0.1490461270226327,-0.15011946574797325,0.19136176945072433,0.1739519811277268,0.18158258075756747,-0.18589637810128962
1013,0.14436323797564266,-0.19519165351536935,0.14904280713560786,-0.1490412092683435,0.19066181831809315,0.17382231406986945,0.1809276046470886,-0.18572315547069085
1014,0.14436267163575658,-0.19629692653606068,0.14954331193462841,-0.15020039773713437,0.19207491551436295,0.17457925901579002,0.18219415103915693,-0.18659496340548393
1015,0.14320256173347512,-0.1939556097742441,0.14708310730665305,-0.147702214502403,0.1918466155430669,0.1712047868956428,0.17961193969534248,-0.18349031823910458
1016,0.14334954482006756,-0.19436417963106303,0.14848211251671828,-0.15014559245307071,0.19028750104220005,0.17313911716967328,0.18076173444219953,-0.1848926167843415
1017,0.14270707487246798,-0.1948969506178973,0.14768471113662923,-0.14778523943227073,0.19137836866602617,0.17186595867401694,0.1798996885512644,-0.18400009104078044
1018,0.14276022065805058,-0.19429162023091376,0.14727026766543538,-0.14816323322443758,0.19139034759542511,0.1723953304971886,0.179713599807339,-0.18404123854729276
1019,0.14359178205866682,-0.19494276855473858,0.14769535155774607,-0.14893372365727006,0.18948571924335855,0.1731535211779457,0.1807707955217756,-0.183943146701126
1020,0.14264695217943993,-0.1944796416575819,0.1481514053219589,-0.14860839166924922,0.1909984199756917,0.1722515125122242,0.1799448608348376,-0.1847324361878003
1021,0.144628112230356,-0.19604750223763118,0.14912031027615547,-0.14963978395335684,0.19245032172617085,0.17374209549981726,0.18190827262836715,-0.1851789207900561
1022,0.14273282485328467,-0.1939030434937492,0.14768250839227662,-0.1489282817437769,0.190944177245482,0.172851165359206,0.18107439314207657,-0.18429415043325856
1023,0.1438425935516471,-0.19363772211924107,0.14742164321051685,-0.1489643515176498,0.19214297089674806,0.17230642879388075,0.18003104679489157,-0.18414103686036573
1024,0.1411599444576151,-0.19465333470677504,0.1464992147734899,-0.14684490047157842,0.18858162006618573,0.17110924936951874,0.17930008715134393,-0.1831227946046201
1025,0.14456762281191723,-0.19402744894052493,0.14855658120024404,-0.15036026162448482,0.19136074422626276,0.1729947109710025,0.18047427837196503,-0.18494926330878694
1026,0.1437420259264945,-0.19371134859941078,0.14854487362197952,-0.1496952680671275,0.19134148589163563,0.17285257848943442,0.17994935704902956,-0.18447560925642195
1027,0.1438755211391938,-0.19462006353797973,0.14755128697378225,-0.14850018028648979,0.19068102469845977,0.17178033291403416,0.1807649567929054,-0.1841040393672922
1028,0.1433048949205028,-0.1948722452568257,0.14824515668771834,-0.14922111455732445,0.1903470997105985,0.17255191864580957,0.18070888595562365,-0.18486898140945338
1029,0.1446822272935947,-0.1953000185411056,0.14898834895805632,-0.15073057741289123,0.18975657724826767,0.17349147994513148,0.18104673165215,-0.18489100389678617
1030,0.14328972351122457,-0.19507357123344318,0.14769406971367505,-0.14919583552807233,0.19052480551183348,0.1720939613598271,0.1803649302572538,-0.18424125514604706
1031,0.14402190534882162,-0.1957627194490798,0.14772139628287795,-0.14817342130723682,0.19280546359493705,0.172889857724271,0.18105685438037955,-0.18505093533001699
1032,0.14248731661180206,-0.19474033824539347,0.14772263548570674,-0.14858296882134264,0.1921149493202727,0.17206927641105244,0.18091340160649413,-0.18484862451943973
1033,0.14211470214272534,-0.19403099002398444,0.14702025083070597,-0.1468652952218737,0.18793643170215166,0.17162912464201333,0.17943119084939532,-0.1837056660396006
1034,0.14381630750579552,-0.19539579777055324,0.14810667313916906,-0.14871868802018517,0.19113300228619562,0.17220549717409783,0.18002624566032804,-0.1843469011605285
1035,0.14409287037289484,-0.19600562290641813,0.14819465756667966,-0.14898721330655523,0.19291276842530886,0.17279042678871195,0.1811713458488276,-0.1848235557402679
1036,0.14401294266085793,-0.19529874024873412,0.14775194285541993,-0.14956721540760556,0.19012595746638997,0.17226749494685975,0.18001195224608982,-0.18423586925426286
1037,0.1446382093944803,-0.19633097449848458,0.14888810493566643,-0.14970400194934289,0.1930256153307195,0.17389914341324908,0.18143648058143508,-0.18566572826620595
1038,0.14283756582005602,-0.19446043205576402,0.14732862425465465,-0.14813294265111027,0.1900890158931025,0.17181499120890617,0.18010333329137826,-0.1837238938666085
1039,0.14363350100677502,-0.19512674254605952,0.14789703133168908,-0.14895186051158893,0.19078666392531576,0.17225002002974485,0.1802276221033085,-0.18411311307987765
1040,0.14315544348215392,-0.19507455975022878,0.14757478045984068,-0.1494762708930563,0.1908490238357277,0.17233355926562818,0.18027328503403972,-0.1842205082881324
1041,0.14448860803069521,-0.19448305712129174,0.1480946801893787,-0.14897197209937615,0.19259622713311206,0.17279003057158251,0.18098346626803707,-0.18495337197060702
1042,0.14238185491191377,-0.19507787330706236,0.14864413526665,-0.14889142130689084,0.18968954128746324,0.17270031258767107,0.18078184715821424,-0.18488470611868163
1043,0.14267332498171653,-0.1954626973669516,0.14779835619627515,-0.1500213690394899,0.19070675459663708,0.1732772369139655,0.18093761969174846,-0.1851450268709323
1044,0.14446323335785105,-0.19538769193230351,0.14945045996559994,-0.15090932268579116,0.19227679733109926,0.17391704736414942,0.18158825181094293,-0.1854896876844802
1045,0.14377609228010985,-0.19548239103000675,0.14811203353974223,-0.14881900382405458,0.1915248812126663,0.17282205320948296,0.18145789145039004,-0.18501335059834817
1046,0.14342094115184909,-0.19580485641081724,0.14763567598230137,-0.14823702800207622,0.19066840860599812,0.17197805433986582,0.180187671064277,-0.18428926431359352
1047,0.14273864600274788,-0.19445414464068272,0.14740407879301018,-0.148793812956297,0.18992903354146357,0.17204694228364173,0.1803274835287766,-0.18413316406108832
1048,0.14292245345472707,-0.19470567321731236,0.1484725483456386,-0.14752146869826963,0.1909131169655813,0.17335718361749153,0.18067277106955115,-0.18465069291765412
1049,0.1424636283794028,-0.195092906367857,0.147412058633557,-0.1476260849244883,0.1918102110719439,0.17194691014922237,0.18096534319947977,-0.18490018290560195
1050,0.14352166913652115,-0.19636544393242536,0.14866917034372062,-0.1492032216941586,0.19151580002945098,0.17341414386247417,0.1817661931995095,-0.18540080284743077
1051,0.14044765553528243,-0.19393774784449624,0.1458407060719896,-0.14651033126574928,0.18976873201940278,0.17087502185620584,0.17848771571541538,-0.1823552186115707
1052,0.14277203727228283,-0.19566399555238725,0.14829556151900056,-0.14920806135187178,0.19113129204280305,0.17245734872877574,0.1808139606423325,-0.18476245052400492
1053,0.14310543950228222,-0.19431498015064874,0.1476696799142692,-0.14753597937728383,0.18854393537182498,0.17180255232292696,0.18047226569446392,-0.18433363529776028
1054,0.1448930669889744,-0.19640873801552333,0.14930813712125837,-0.1491841120150045,0.1911925352130686,0.17312254944749753,0.18174798340455367,-0.18556388529534484
1055,0.14245367303306114,-0.19480725917829725,0.1471586397145281,-0.1481129668932378,0.1904861869169551,0.1715676162374827,0.18034150903708734,-0.18381673863016243
1056,0.14295994865609635,-0.19602187417454695,0.14712446287766626,-0.148201183931049,0.19028559497866634,0.1722360054631874,0.18016303439721681,-0.18427138584664254
1057,0.14223742068275932,-0.19521858738746756,0.14775868844310855,-0.14816618666553522,0.19179879316430043,0.17231529601529463,0.1801305039241392,-0.18402153504790064
1058,0.1424755249009266,-0.19627733177630408,0.14792585982513956,-0.14931110058770508,0.1905600988428609,0.172970720828077,0.1807675446515536,-0.18463222597331436
1059,0.14355416107732144,-0.19427598875908977,0.14814289549099519,-0.14971013619331844,0.1901711090692093,0.17251970164483613,0.180628995434233,-0.18472732890958318
1060,0.1445264635362105,-0.1959417274498946,0.14771634380180754,-0.14869096890530797,0.19141826911862456,0.17280236644919736,0.18084067318818078,-0.18489725738946455
1061,0.14268690275784615,-0.19430113530406282,0.14713791474675444,-0.14808663787877896,0.18988929736288201,0.17199843889710947,0.1797460549650123,-0.1834094092650997
1062,0.14140093555283642,-0.1945112031871427,0.1473629559364703,-0.1481450745996331,0.19070738560067507,0.1723694722513726,0.17992066789603864,-0.18434006446935097
1063,0.14346867000873,-0.1950813689847024,0.14753618670276994,-0.14877455185899557,0.18988223872319968,0.17273296308057376,0.18044509276063167,-0.18456575029876018
1064,0.1454908413202896,-0.1974021721345214,0.14949736185639798,-0.14984758993102765,0.19238984237746834,0.1736000136532375,0.18190727833475354,-0.185821498433825
1065,0.14391444332059036,-0.19588702509152772,0.14824790028580423,-0.14968960462288164,0.19122614460119194,0.1731369096779143,0.18005707061325313,-0.18481597954201645
1066,0.1426455830187773,-0.1937529607821328,0.14800065742877314,-0.14911444278392155,0.1902945812311637,0.17213041262979453,0.1792089238615607,-0.18434540598892105
1067,0.14417856409047528,-0.19573114848053738,0.14834142658324925,-0.14956489775657109,0.19009977517458748,0.172817914068119,0.18089537220442836,-0.18491751302339268
1068,0.14211989722007712,-0.19516528364220523,0.14679119032789442,-0.1483604846002621,0.19063974898679284,0.17259809323590117,0.1802319438404444,-0.18477832192320884
1069,0.14440981819639143,-0.19449664864273639,0.14906296616098047,-0.1491476346950331,0.18937607911625143,0.17266240835627072,0.18082084954359795,-0.1843554689234467
1070,0.14436514856441765,-0.1937593909916076,0.14849988188065597,-0.14968232435573098,0.1913763804024487,0.17303284779467823,0.18085034840877215,-0.1841760541629773
1071,0.14304337713142196,-0.19475114260250434,0.14721118528984634,-0.14822084490539414,0.18897811850423687,0.17205945790310592,0.17964716255428084,-0.1835698004158196
1072,0.14480359874917717,-0.19671262011871646,0.14915996838037765,-0.14917342883926496,0.19060585588282766,0.1735390677900932,0.1808146696516543,-0.18540008731041566
1073,0.141497068359684,-0.19347021213468468,0.1464694802268489,-0.14724633854397257,0.18878330701210919,0.17053673681310286,0.17884023186471576,-0.18250379193371885
1074,0.14365230685794467,-0.19588334318092132,0.1488283603341932,-0.14978763418662144,0.19186474474035922,0.17271035440647323,0.1807138961012007,-0.185156127070359
1075,0.14335597510591683,-0.19436122139734152,0.1483277566189105,-0.1496692637406622,0.19150723113262655,0.1723635641782125,0.18075526870616163,-0.18490685586183
1076,0.14472821623891574,-0.19506226800864485,0.14920370526787224,-0.1495987577703052,0.1887307383211762,0.17330120350423492,0.18043969656476372,-0.18495794416500302
1077,0.14328501827084936,-0.19575591857331973,0.14833186522894778,-0.1484619326756421,0.19160424761274886,0.1729646920700288,0.1802023774875441,-0.18482213201903502
1078,0.14333936776386577,-0.19493755276836294,0.14717793923789912,-0.1488422455960823,0.18885288337758036,0.1718024027653209,0.17916113081043097,-0.1834465351135565
1079,0.14338215139389818,-0.19499959439790723,0.14839852646194465,-0.1502382591618642,0.19294508095456905,0.17370213200249168,0.18108081316234437,-0.18518281593661196
1080,0.1435475360916279,-0.19628780945614063,0.14807907971208925,-0.1496031228566458,0.19036405676361745,0.17242583375976264,0.18031539686753353,-0.18446999815460444
1081,0.14338278578120917,-0.19547560430961466,0.14791913980076016,-0.1493242792415125,0.19062242938766308,0.17285958576037644,0.1805813008234023,-0.1842773636032317
1082,0.14311395076482117,-0.1955882073834226,0.14765693703197585,-0.14736915878361664,0.1915149375660973,0.17232224057392515,0.17992639283239145,-0.18439383120079725
1083,0.1430257990976494,-0.19655691629523192,0.14840268808629714,-0.14923814323257506,0.1926743709444996,0.17265354233038305,0.1807800317379042,-0.18444273917733747
1084,0.14380649703067822,-0.19608019267500934,0.14925437255319368,-0.15043216114507793,0.1909446985106894,0.173848100419799,0.18124926032268746,-0.18487390562928943
1085,0.14425197780273005,-0.19547973448912365,0.14778453816729478,-0.14818634574124298,0.19205854165839895,0.17270920469978526,0.18126619125262694,-0.18509132668835065
1086,0.14196378178611296,-0.19470370909252438,0.14724923483684582,-0.1484375167393144,0.19055821297634784,0.17186491202463466,0.17953041471799772,-0.1834410684134245
1087,0.1421335032095741,-0.1959166719040403,0.14681971442591774,-0.1478650424137957,0.19075239165759872,0.17211664063545698,0.17982390321655065,-0.18367948912522353
1088,0.14381744785648204,-0.19517780501860027,0.14880696051279318,-0.14992629323173418,0.19099002303066184,0.17237869003357398,0.1805377069064333,-0.18485950212363045
1089,0.1438612431077281,-0.1956111194544366,0.14887329961011697,-0.14947593381238194,0.18940055019016147,0.17357977218483484,0.18134884906661508,-0.18502758672192143
1090,0.14433381325162326,-0.1955221450339904,0.14874859254887818,-0.15078507799444169,0.19140905458997998,0.17296001642766445,0.18114884634948655,-0.1845426409627608
1091,0.14244069746947555,-0.19506523743006168,0.14760634210774587,-0.14787330754723163,0.19095334148643767,0.17160833718455495,0.1798365528758723,-0.1840238227871287
1092,0.14264198747762732,-0.19569267831703602,0.14704367834165596,-0.14775330758214122,0.1890931547927599,0.17226520891446326,0.1804735042055212,-0.18369403542753193
1093,0.1425056513193319,-0.19314494298426685,0.14701064642336292,-0.14812296544619344,0.1898121031128391,0.17167116653596826,0.17946871921351684,-0.1832528986922936
1094,0.14444109870668165,-0.19347519756259646,0.14814850393861773,-0.1492892935112329,0.18994682530311782,0.1724280612812899,0.18034019249731237,-0.18449399339445902
1095,0.14315337202737344,-0.1954330929197797,0.14714684656792337,-0.14837848116106905,0.18944490367429825,0.17219523877147092,0.18025971573190266,-0.18443299538467622
1096,0.14227312986799737,-0.19557684583878016,0.14677445608121534,-0.14765060419229448,0.19061685339594042,0.17174831519971215,0.17928197482869937,-0.18399359394724618
1097,0.14321501014593568,-0.19441039812182578,0.14842424121483552,-0.1489367483716777,0.19161315735919124,0.17270669448809922,0.18091567251165352,-0.18462737185670192
1098,0.14386675011877412,-0.1947724495753099,0.14819740383116625,-0.14845378070732942,0.1923397673899967,0.1731856878140477,0.18092748679403856,-0.1848317233072129
1099,0.14370026749772227,-0.1953427854736707,0.14706370947923258,-0.14670797053746001,0.18943645060163436,0.17171242879787926,0.17952720057906693,-0.18415664941960216
1100,0.1428183421560887,-0.19577212689298631,0.14752754749202196,-0.1475838359242976,0.19098528610533594,0.17247297779536333,0.1803176640493679,-0.18458303903708884
1101,0.14279339881367323,-0.1955171876130972,0.14752684212354075,-0.1492862325255156,0.19065720683054768,0.1724176226527704,0.18003805913548906,-0.18441282019633562
1102,0.14430033998307856,-0.195466910839292,0.14797896492068213,-0.14894721316654416,0.1906203422151263,0.17198667652664248,0.18069797078569794,-0.184653969029575
1103,0.14312472359279937,-0.19532613899738774,0.1479865253916999,-0.14895785424038588,0.19112407088738606,0.17246253995738212,0.18068744809137388,-0.18508094831826533
1104,0.1440965449216753,-0.19548486660886902,0.14786918590905815,-0.14994388954246887,0.19125138765527275,0.17282806534112008,0.18064328719633604,-0.18511025950732224
1105,0.1440626465224616,-0.1963020974382928,0.14806002055217446,-0.14898392977461095,0.19192718114001006,0.17255223524870741,0.18077270412313473,-0.18506974958877914
1106,0.14278110478939612,-0.19507524109238059,0.14724387402176778,-0.14856157342551993,0.19043983440036574,0.17187709048913447,0.18017823003701092,-0.18388802246981487
1107,0.14389708513233915,-0.19652310770231554,0.14769462712396933,-0.14841351509575584,0.1899728832934509,0.17209648908230477,0.1800954334148456,-0.18429399802932175
1108,0.1423215886043233,-0.19525413170994563,0.14858962155393501,-0.14925406750286366,0.18926840635207956,0.1730924070951997,0.18051066855164616,-0.1842414539626471
1109,0.14366991329083847,-0.1950307745638583,0.14770917854573132,-0.14842311797361638,0.19172449726658877,0.17242447288877305,0.18079983507284128,-0.18498937279904815
1110,0.14326442554710192,-0.19494276353200635,0.14808799731744754,-0.14880970583184397,0.19165047279841707,0.17298561847726454,0.18136814773394774,-0.18502326881167291
1111,0.14259678261590214,-0.1933697258335081,0.1472887613437736,-0.14790973878489747,0.18937625467970468,0.17172562820031814,0.17930654883301395,-0.18374079804276014
1112,0.14348294503126915,-0.19648464112471958,0.14801498949247743,-0.14962216594021288,0.19177817835360253,0.17314445878303025,0.18088997317554348,-0.18513807958825412
1113,0.14251093310992033,-0.1954041314581057,0.14724311303191048,-0.14851555715057574,0.19025337348749946,0.17215299226918698,0.1806187897211822,-0.18408364993428863
1114,0.14251963405914067,-0.1948002173632435,0.14681678352935565,-0.14844329194194114,0.1911544336739212,0.17215393017883052,0.17998475351881313,-0.1840634210103925
1115,0.14251936744503127,-0.1941825375547782,0.14728234288510958,-0.14783752906347342,0.19152912068733743,0.17170806797216143,0.17953867678000013,-0.18354655875365855
1116,0.14522064570285437,-0.19625382691771925,0.1494793304797226,-0.14948311407439152,0.19333259488528654,0.17362627634411787,0.18114236283540694,-0.1850181554204942
1117,0.1427784257020323,-0.19540496846144814,0.14785433211560517,-0.14829824234856223,0.18969593497431692,0.1719782495998153,0.1795122102558789,-0.18374026257301188
1118,0.14231991732336358,-0.1934620624237425,0.1467518018329263,-0.14817898439525726,0.19329808750027663,0.17149291285557966,0.17976315884709063,-0.18372381967598092
1119,0.14170008024199832,-0.1935167823259097,0.1457569985639636,-0.14743871675909162,0.18962022913606436,0.17074994882237013,0.17897758181623868,-0.18332159023796635
1120,0.1433439095597456,-0.19554825459245842,0.14857500522619393,-0.14978889607343085,0.1906718894224537,0.1729087072327983,0.1807814799730337,-0.1853052691839857
1121,0.1442201354046422,-0.1947680453507398,0.148033799709721,-0.14786967043490656,0.19142969686586397,0.17274442721019734,0.18048931601447235,-0.18442234270071098
1122,0.1444451871920665,-0.19535569243295797,0.1483308923635499,-0.1491994219937716,0.19031996715588442,0.17308657434718172,0.1813392497025777,-0.18480984791117674
1123,0.14230573940808344,-0.19628993000131703,0.14770317492050922,-0.14823612472958494,0.19187437339353292,0.17305506628724643,0.18028093361795686,-0.1847196236033514
1124,0.14461424465536737,-0.19505400646545112,0.1486836342343619,-0.14924994696850793,0.1917708176264546,0.1724743769700796,0.18069298445765528,-0.18440646788831716
1125,0.14479542636110776,-0.19578132189829742,0.1487914020381127,-0.1496694368780156,0.19144712453531376,0.17350680420653333,0.18110565908262435,-0.18526812717060218
1126,0.14243340631928536,-0.19520043230981993,0.14762818817880086,-0.1481023434536125,0.1911356629721998,0.17213668808795882,0.1800655077960195,-0.1845299976037044
1127,0.14336486058948175,-0.19386285241107876,0.14761248128241325,-0.1496388450397605,0.19108588766655565,0.17247728996879869,0.1803146283171055,-0.18409066434500698
1128,0.14132044247765163,-0.19563221119471702,0.14693940368154584,-0.14814065125770348,0.19227896546969078,0.17208260440027043,0.17979662960157383,-0.18402288327106203
1129,0.1428963280378071,-0.19403471329938327,0.1477496632733965,-0.14887074656312352,0.19001663679709974,0.17274767576919578,0.18080352949072714,-0.1843876657897836
1130,0.14396880915485225,-0.19525671857406196,0.14885613186876823,-0.14781607853659096,0.19125033408970948,0.17290170424468784,0.18046085824169802,-0.18443576192059055
1131,0.1414739056144187,-0.1944830748511486,0.14724684187458167,-0.14827826405242367,0.19090392683794485,0.17167593409849569,0.179512983830449,-0.18342679134161105
1132,0.1434618047766219,-0.19401687068790324,0.14702699269783087,-0.1478390275141128,0.18886312228833255,0.17179793944909152,0.1796121789473587,-0.18337593354557602
1133,0.14196127365392808,-0.19446727573484623,0.14696465331276987,-0.1480321179952042,0.19072117224737,0.17171079702875272,0.17962246063517798,-0.18362188587650388
1134,0.1441911877504633,-0.19516216943896444,0.14803594382957097,-0.1487134827878945,0.190314995465532,0.17200976855447664,0.18041575839770493,-0.18423907905290157
1135,0.14398848028798453,-0.19510444338100502,0.14821770202502535,-0.14903014036038253,0.18950760685059295,0.1732370548882525,0.1804256328237008,-0.18474739822518543
1136,0.14264977481936472,-0.19562112527950068,0.14731249961823822,-0.14810678512638847,0.18988552351732288,0.17226509041702892,0.1799226430364276,-0.18389361615078234
1137,0.14436803701371242,-0.19634585736027826,0.14837167189634304,-0.14913147796724507,0.1918178650508804,0.1734824747468443,0.18076174735240488,-0.18510550516686214
1138,0.14421773560560816,-0.1962301029407542,0.1483990330180032,-0.1488035972440857,0.19028653524688963,0.17316836826429627,0.18057943048210925,-0.18479992979807822
1139,0.14395799991509522,-0.19520607056345876,0.14859187063536955,-0.14923511416504326,0.19155837542968243,0.17249665779710543,0.18057320602849172,-0.1845582462697207
1140,0.14208414732142063,-0.19453649225910147,0.14617806185518392,-0.1471632608528608,0.18960376146357563,0.17142892753851538,0.17879161826882858,-0.18332247981390984
1141,0.14403381250019892,-0.19435401443964043,0.14806898359526444,-0.14809179072964282,0.19079323870733209,0.17283121144236988,0.18029508987915963,-0.18462859143203023
1142,0.14258392419806148,-0.19491781492389326,0.14780274822509226,-0.14840515553228031,0.18959140787008377,0.17256804607675386,0.18013578919447124,-0.1841621968761305
1143,0.1430160514349124,-0.19548599955088924,0.14806968263839662,-0.1486196846571496,0.1899457102270835,0.17338369631225484,0.1810553008946821,-0.18440810446512967
1144,0.14359027700501462,-0.195745831107288,0.14927809581878365,-0.14956397832018664,0.19215021252406064,0.17322372639292716,0.18110755065651205,-0.18480953512146406
1145,0.1439368281593172,-0.19623421460727847,0.148769127741342,-0.1488654727578854,0.19107416181452275,0.173214024264688,0.18104985422652836,-0.18523728510294662
1146,0.14417665004582889,-0.19533837577036328,0.14855479424068663,-0.14869928740853708,0.19048329943971792,0.17275767894220323,0.1795932072136011,-0.18435396996972847
1147,0.1431389933392607,-0.19597683232625354,0.1479137163955907,-0.1485154308632101,0.19221352097650535,0.17242169340229044,0.18023103691778633,-0.18435269631624443
1148,0.14332917830902323,-0.19610522729953433,0.1480828503253139,-0.14987827468315074,0.19378529904292235,0.1735956941873618,0.18174204162733473,-0.1857487914474035
1149,0.14235148060127684,-0.19419985645779858,0.1465699819645395,-0.14699166855405232,0.19038830464872086,0.17134602751517397,0.17861422125520185,-0.1835208376705881
1150,0.14378808622109432,-0.19664017543621573,0.14843728243447596,-0.14985907439205867,0.19168623107616725,0.17325716187859028,0.18116481397685275,-0.18552616311144499
1151,0.14263593811011208,-0.19514168005724153,0.14715228584469103,-0.14903002825800934,0.19067490298074485,0.17223517144082362,0.18025715577897147,-0.18438732181807865
1152,0.1442594158125501,-0.19386595133120849,0.14861883511107093,-0.1494395175163032,0.19022610146762847,0.1734750576948483,0.18089100752821913,-0.1848825816776122
1153,0.14346300633658385,-0.19422383398066784,0.14752155412820822,-0.14852134391721714,0.19111621725264577,0.17223235665579853,0.17973966573481184,-0.1836259220276573
1154,0.1442655266935734,-0.1970749107134453,0.14935297773695028,-0.15034852875017352,0.19150959063874168,0.17415246451187702,0.18178757069803433,-0.18624127309680172
1155,0.1438223521939567,-0.1945839399275194,0.14856501821452897,-0.1492281798659212,0.1907691478730969,0.1727701993964748,0.1807278480916031,-0.18465306396777625
1156,0.1409903338093798,-0.19391785775453324,0.14614277856741817,-0.1474536219690549,0.18937016049101668,0.17046397670545857,0.17914876525207635,-0.1828908480553245
1157,0.14348568225924724,-0.1962092832108802,0.14863064499518067,-0.14997998979736252,0.19104031916760775,0.17345508962098613,0.18129416087468725,-0.18554846904449954
1158,0.14364843877748337,-0.19472931168849222,0.14765521753426475,-0.14842808402193206,0.19086672686138745,0.17249063464188163,0.17986957121315444,-0.18416281410833232
1159,0.14378056259025046,-0.1954258654705275,0.14790078895275008,-0.14899908604894652,0.1916137709034738,0.17193816906138418,0.18044015957861959,-0.18430912550139897
1160,0.142338865958025,-0.19542648451732592,0.14663107133300807,-0.14754558739406382,0.190623087904955,0.1720988776816771,0.18025925467413595,-0.18401495061810122
1161,0.1415165032923509,-0.19381522812527366,0.1473091288463237,-0.14793830000787378,0.18942993465248528,0.17154322364327018,0.1792915478308718,-0.18356139058030102
1162,0.14399895919034142,-0.19581868888808066,0.14836459809256927,-0.14923997696823155,0.19204849588956466,0.17347223655321753,0.18114915283617625,-0.18503082611126723
1163,0.14511010242216021,-0.1944451421972211,0.14947681835152746,-0.14993637356291523,0.1912484843368489,0.17370910772399298,0.18160051960844018,-0.18530924325905554
1164,0.1435326858247779,-0.1944344648189213,0.1486355932073184,-0.14918390594045453,0.19038532491400306,0.17249706907826215,0.18081044020844422,-0.18445638632202876
1165,0.14411245886828522,-0.1961708541173767,0.14902311779404287,-0.1498788710952956,0.19206834429127115,0.1737508489374776,0.18175681455572537,-0.18550391173954586
1166,0.14274243474561824,-0.1949495504603346,0.1476083459903789,-0.147956419298927,0.190261082248273,0.17272297703856768,0.18085417774381596,-0.18415007217825116
1167,0.14486651902460643,-0.1951896162005809,0.14812451772583018,-0.14990455297615432,0.19200349758248839,0.17270305082200837,0.18064840507352886,-0.18517397793988638
1168,0.14300451538613126,-0.19406272079575876,0.14686053058525522,-0.1484831303711105,0.1910125115587685,0.1716147273457234,0.17958262818406728,-0.18322676569264137
1169,0.1432783539645185,-0.1950164750051927,0.1475458049729141,-0.14895860556089519,0.19079056710826311,0.17209047926304596,0.17976483561535944,-0.1840185644910163
1170,0.14150350383976937,-0.19518737241043468,0.14704774319113056,-0.1480969841424724,0.19202761064186233,0.17117868496789254,0.18004399521416098,-0.18381191276889403
1171,0.14325964481205974,-0.19576936733446385,0.14796044611242695,-0.14908721016948118,0.19053792841607134,0.17280733547330487,0.18101830936394944,-0.18452589112969253
1172,0.1420243375711776,-0.19557851653322508,0.14751925147935388,-0.14859210346665572,0.19181211195336823,0.17266819797216776,0.18048053524512456,-0.18470342468939518
1173,0.1431052340739194,-0.19564017303026474,0.14747702931126405,-0.1486739470461883,0.19113979008400744,0.17258243900241235,0.18133256018335528,-0.1851773083242912
1174,0.14233843943811236,-0.19532636188159977,0.1469757027776931,-0.1478819711563948,0.19130264854935292,0.17205754905909212,0.1800436241371898,-0.18403470911097344
1175,0.1427335743790465,-0.195743248948242,0.1478183223120502,-0.14853976368743568,0.19087763486925155,0.17320920894294334,0.1806854798640593,-0.18496895059760748
1176,0.14396819063130503,-0.1934192870945148,0.14805919965511521,-0.14827650685207638,0.19024279278426212,0.17240044207929597,0.17970413410018118,-0.18436141690493274
1177,0.14277060680507733,-0.19387380870906326,0.14779540752234155,-0.14943718353832225,0.18973520310879388,0.172660678460186,0.18026645735751518,-0.1844763434605405
1178,0.14115556111032,-0.19467757385389842,0.14646728915371376,-0.14831984616593824,0.189622555204983,0.17102291379255202,0.1792296394651489,-0.18315531274068858
1179,0.14310778567761578,-0.19485580375411782,0.14814421564728555,-0.1491022944235198,0.19151472379975482,0.17178895174876735,0.18069137869980426,-0.18414529244751607
1180,0.1438041862856724,-0.1957369360571644,0.14882029217229634,-0.1490688974926403,0.18982698404243567,0.1725596217201553,0.1804795819777203,-0.18488260944281215
1181,0.14322373206118705,-0.19519813551471088,0.14800795344807224,-0.1487704273279713,0.19017789621557585,0.17220247043776077,0.1803994599654132,-0.1842019324592337
1182,0.14221117492829607,-0.19553028427837038,0.1473803098806092,-0.1481321964585312,0.19026321862581036,0.1722539252566993,0.1800695886084271,-0.1838385836460573
1183,0.14458977011017707,-0.19588945385008352,0.14850399166370576,-0.15006900586607155,0.19149883290773168,0.17335309221075984,0.1811221991142099,-0.18524973778322373
1184,0.1435093205791832,-0.1947338089923013,0.14792461999094791,-0.14887331151809582,0.19201081216262575,0.1728643012867612,0.1805936562038063,-0.18496497401288872
1185,0.14217467192442468,-0.19523822131201782,0.1464522148846758,-0.14732083163450785,0.1914898552813909,0.17164096382584884,0.1797361252118272,-0.18448564118563793
1186,0.1427328190959281,-0.1947920463854592,0.1468462475905782,-0.14849863539725108,0.19136625329812956,0.17199049240071174,0.1799285454036855,-0.18326323342021228
1187,0.1417874213918953,-0.1945517783084191,0.1467896264427748,-0.14675504523904673,0.1906040897552917,0.17122526923429432,0.1787065614762682,-0.18325007672208507
1188,0.14261815114961254,-0.19489577726430712,0.14844145197787667,-0.14845520991085892,0.19091224170204216,0.17240560362048674,0.18062217937633468,-0.18436205938812303
1189,0.14172648280781314,-0.19455139216617526,0.14747598621068908,-0.14809438055915014,0.19130545339932897,0.17174113100812563,0.17947087019620345,-0.1838715167587323
1190,0.1438341548470601,-0.1935757185522739,0.14735802856774344,-0.14867945024578266,0.19023416003160565,0.17210121236539375,0.18030879887331117,-0.18363593782077645
1191,0.14436829776274654,-0.19525412444932408,0.14917243666298796,-0.14954272085798045,0.1919838508733745,0.17380924647596038,0.18143873649227776,-0.1853384956071552
1192,0.1429641285327536,-0.1953077372630075,0.14761710132063874,-0.14840817405361253,0.18962451541745406,0.17225126918366837,0.18084616660382002,-0.18459311435232598
1193,0.14289163423371395,-0.1940991147993444,0.14687783603302798,-0.14803059674927888,0.189679304539428,0.17240632705702716,0.17996103660924465,-0.18446693062732877
1194,0.14339925289677494,-0.19432996325306348,0.14845416880796938,-0.149177516431436,0.1903626111469415,0.172310758365926,0.17987227684567608,-0.1844480089982583
1195,0.14464534304169294,-0.1947182076495389,0.14818580534830156,-0.1496559112424265,0.19025527740941878,0.17265646399491968,0.1811840866721974,-0.18436598381497613
1196,0.14201218347176242,-0.19532855067810462,0.14721636606527397,-0.1466925895001147,0.18936522968224703,0.17184862196672854,0.1801155552510872,-0.18405565824268483
1197,0.14428289455922114,-0.19601495679870956,0.14880588310528817,-0.1487451595404539,0.19095772186120033,0.1735649602296819,0.18060274431411358,-0.1851026589592716
1198,0.14387071593095527,-0.19526175681077382,0.14858794565332428,-0.14965805992327968,0.19042783485558812,0.17282856123112053,0.18031601316274146,-0.1845758391182616
1199,0.14342895384232907,-0.19462335719908286,0.14769584647862727,-0.14749290518671837,0.1911161108085515,0.17232002475851135,0.18077006199826703,-0.18440172732932686
1200,0.14267229731282097,-0.19554842025198962,0.14774325479042466,-0.148835208643994,0.19225015198913542,0.17298913327889653,0.18064280845003874,-0.18473336900577034
1201,0.14331213017103087,-0.1954343781235612,0.14733818287382652,-0.1485786020784817,0.18934313049210688,0.17252904097153865,0.1795723536113777,-0.1840163716661085
1202,0.14496052951440455,-0.19656402381547358,0.14921982168427403,-0.15040623634033357,0.19202671871776816,0.17392683113765275,0.1805071267445426,-0.18536228400996071
1203,0.14367298975222853,-0.19518213650130647,0.1488099965820208,-0.14974965944941673,0.19188503452025293,0.17336187007992804,0.18054379729171746,-0.1850418358002168
1204,0.14252945882793233,-0.19566749288869412,0.14761412721687428,-0.14900208531686182,0.19092983216866133,0.17236871896349457,0.18027742267942556,-0.18459112906665792
1205,0.14573447560572592,-0.1951719949873324,0.15017197647828345,-0.152298568233966,0.19244910329004075,0.17459935332205048,0.18170692742799002,-0.18632420707604747
1206,0.14291143215891874,-0.1944213678909331,0.14743861307404754,-0.1481881866446908,0.1895229565713387,0.1715081938498709,0.17941928840558474,-0.1836536307753215
1207,0.14409324967079443,-0.19444486003542968,0.1475106135247238,-0.14731899472081597,0.190886955344917,0.17208302572673015,0.17940054367505195,-0.18430503507703733
1208,0.1399523828425499,-0.1942846804139995,0.14526365942449773,-0.1460277663924266,0.1905677014349553,0.17002027462402594,0.17888301606593424,-0.1826482363049539
1209,0.1434918417615317,-0.19491650826895335,0.14882505696661188,-0.1493032573510507,0.19147089786217653,0.1726100948343176,0.18038358705587437,-0.18456059141557737
1210,0.14422358533459093,-0.19624111396972022,0.14955319936949008,-0.15024844265539802,0.19172935408900071,0.17369173247556938,0.18131890730213876,-0.1852025795069775
1211,0.14366101856919014,-0.1955880034186382,0.1483996546787773,-0.14883046373138362,0.1912975379405441,0.17304725170613441,0.18080570610305638,-0.1852430377367936
1212,0.14359792032964735,-0.19461139332109223,0.1478265339464114,-0.1491073250778467,0.18870437442895444,0.1720425008330263,0.18047153353163495,-0.18415234165274044
1213,0.14301418686607043,-0.19402684996428463,0.14807933360587738,-0.14855396866194442,0.19093547258091031,0.1732569295340174,0.18040044380140086,-0.18408113793759553
1214,0.14210794727456794,-0.19314177369844301,0.14667016250603124,-0.14757564297968598,0.1904021833210425,0.17085149727503435,0.17882886265280382,-0.18293905714253766
1215,0.14314880040988193,-0.1945270566069968,0.14857289198695392,-0.14901552853397906,0.190463109503257,0.17232283380678828,0.18052210731324517,-0.1846296071910973
1216,0.14272803448642693,-0.1948946481981942,0.1482728163952784,-0.1495126784230259,0.19240409988723467,0.17272710170404407,0.1813102361026413,-0.18484419787827114
1217,0.14560827793986827,-0.1955946251951426,0.15022675539249003,-0.15076819928256982,0.19128124218208187,0.1738014638924079,0.18132440228743646,-0.18521378735264493
1218,0.14389285318714778,-0.19565829826974537,0.14841656065629324,-0.14878761905057708,0.18914421567063278,0.173133609742639,0.18030305898802862,-0.18460718637737678
1219,0.14165007543986302,-0.19370806874717036,0.1471888990927473,-0.14770698314759256,0.19007715006358522,0.17187412490004317,0.17985455772625245,-0.1837358016093245
1220,0.14325873513763862,-0.19585543958656448,0.14817119554032807,-0.14803082000395526,0.1905971141836782,0.1728521128055234,0.18043648667527737,-0.1849684524336036
1221,0.14445519303782905,-0.19595718509629562,0.14947408714647403,-0.1504671206415044,0.19140102709702958,0.17307602884791026,0.18068346462706278,-0.18515355104744682
1222,0.14250995201295996,-0.19501380742457916,0.14659803428971172,-0.14761859601137026,0.1911329240024565,0.17173946808069912,0.17950990350174695,-0.1836514342878687
1223,0.14311418287917024,-0.195571275133647,0.1480927198977912,-0.14843089919631264,0.18962321144553623,0.1721718411857475,0.17983844128123042,-0.18391841254760477
1224,0.14399964966813597,-0.19442879709760869,0.1482786474151465,-0.14866859638323898,0.1901055527884715,0.17211191446646984,0.18040664636351547,-0.18444741828951391
1225,0.14392023748998428,-0.1955017819221835,0.14847167705645548,-0.14811490951628808,0.19205611888531457,0.17282422537232012,0.18058678582591742,-0.1850085374713958
1226,0.14255006729216393,-0.19399551888698718,0.14718048584470828,-0.14760487212192103,0.18948486115307994,0.17163565711785905,0.17970714425684142,-0.18367373672111664
1227,0.1450253328077386,-0.19638830816793074,0.14975890055358249,-0.1499217085345868,0.1930909008784866,0.17410995781452998,0.18176297234738692,-0.18645790018799402
1228,0.14192043510791655,-0.19601024760981905,0.14703374706206537,-0.14737569038851472,0.19022463069747658,0.17147966958789412,0.1792552313556926,-0.18377060117731106
1229,0.14109167636481468,-0.19384921563803315,0.14538712288564992,-0.14746918144002552,0.19125320437895643,0.17071007610456057,0.17887740679447073,-0.18299010088565038
1230,0.14287269608179637,-0.19499319507168478,0.14695667699573237,-0.1482009664240779,0.19020702376043666,0.17226537346380047,0.179439635732696,-0.18390730419890888
1231,0.1449317614585708,-0.1962244880975189,0.14950886057130666,-0.15020649508583234,0.1917837193265606,0.17380996029068763,0.18228917663937064,-0.18567073143471274
1232,0.14412088477882853,-0.1965533157802043,0.14888187071683323,-0.15034290533237898,0.19158603612048128,0.17328694540772493,0.18156100082155865,-0.18524970643210303
1233,0.14374556845113476,-0.19507892613722824,0.14841407523783304,-0.14980700216693835,0.19130366295455833,0.17331616082904602,0.1810684346369371,-0.18478123964112736
1234,0.1432073962213459,-0.19563868879198335,0.1480167086421514,-0.1492434935502868,0.19089881880842033,0.172301354517241,0.18018313918097872,-0.18433769675182743
1235,0.14380634258414193,-0.19420708051093688,0.14820256512414445,-0.14849706573048146,0.19044185167224548,0.1720760251816789,0.18079239367252953,-0.18445692089528637
1236,0.1429919595578604,-0.19446886150063966,0.14737478200308818,-0.14855295847829722,0.19076219099460875,0.17133895619838527,0.17940219014372422,-0.18407480411648638
1237,0.14346782693378282,-0.19561456562783167,0.1481874723372227,-0.14966441701404595,0.1907087599268045,0.17252713095648156,0.18096196932131184,-0.1849398262974453
1238,0.14266676728990124,-0.19432140019920865,0.14733177093269134,-0.14805682146664442,0.18935438835978666,0.1719300965057052,0.17981110879089354,-0.18391428862630405
1239,0.14271319280326494,-0.19593535903407447,0.14804692697354171,-0.14885061767511293,0.19180951029424304,0.17312396610693573,0.18143616305103832,-0.18470412060242394
1240,0.14295953401171624,-0.19414443323221472,0.1478399659944702,-0.14870787112956393,0.18942265271497724,0.17167842671461522,0.1797075017588129,-0.18360570713984695
1241,0.1427059240997146,-0.19552141417703164,0.14780291996950054,-0.148154808366715,0.190923214806269,0.17207378853934316,0.18017894217550404,-0.1839643869173911
1242,0.14349114597090265,-0.1957595988036392,0.1484909407222193,-0.14980964213999415,0.1915795894546087,0.17383653893845039,0.18145652636859616,-0.1857212009279135
1243,0.1445607116261702,-0.19447938778801613,0.14926015325366754,-0.14911137131229427,0.19006535425655152,0.1734205232175643,0.18099241313414025,-0.18559190654624141
1244,0.1434239670145054,-0.19631106283211838,0.1481487015179915,-0.1482824235272755,0.19025209960111616,0.1729123446886561,0.18118211855944524,-0.18464377437230703
1245,0.14401000207250675,-0.19459199096482022,0.14947863008264542,-0.14925639949994937,0.190798727334715,0.17363640719239673,0.1818266367719474,-0.18538321189341203
1246,0.1434920119639196,-0.1957681710148828,0.1479879318315226,-0.14906182785273905,0.19040743792267578,0.17287418278441516,0.18090220116816283,-0.18497920828091358
1247,0.14295865784299736,-0.19524225930063166,0.14756496202533542,-0.14783228146472216,0.1914503453486101,0.17280711823640074,0.18050573381689566,-0.18502802798001208
1248,0.1427364288306714,-0.19360515627172195,0.1466470693809383,-0.14778615357416733,0.19123396885814378,0.17150839531954948,0.17937781371832726,-0.18310770204551371
1249,0.14283206310791413,-0.19402571718596792,0.1479325013718197,-0.14811757441104792,0.18917565825287405,0.17242619550943628,0.1799206096376623,-0.18372974833411265
1250,0.14335295962184036,-0.19491986511842402,0.14687196094975388,-0.1486005824288304,0.19071092106690146,0.1722175550696945,0.1806871634330451,-0.184412879120855
1251,0.14332673535431298,-0.19626156389952348,0.14846809434430025,-0.14907520410724234,0.19273433014707944,0.17352033518509014,0.1810545563196707,-0.18543326808752753
1252,0.14275495902982496,-0.19501785018321893,0.14664341497045105,-0.1484641803285007,0.19006749113446758,0.17182602545530112,0.1793154096867341,-0.1835215211434597
1253,0.14328891223817022,-0.19487818823001504,0.1478433510275987,-0.1486585868410473,0.19164321946209606,0.1725726322943164,0.18031390277815218,-0.18401197041558073
1254,0.1428749055252455,-0.19589415657461368,0.1485970823600055,-0.14881925895973477,0.18992747324921516,0.17290424426250806,0.17977598069047432,-0.18388134217699428
1255,0.14363434627488422,-0.19470902024278736,0.14830096915677587,-0.14937065229792673,0.18913664366971505,0.1727981406705666,0.1803722356000919,-0.18430317385283618
1256,0.14421706605668863,-0.19512966009383836,0.14914918682339154,-0.15028544467638122,0.19073357909735555,0.1740178788248617,0.18145360922256681,-0.18552040726013344
1257,0.1431077466241959,-0.19565409593835684,0.1478643466160923,-0.14877958609329187,0.19146855718514616,0.1719856915514308,0.18022991045991762,-0.1842840302602441
1258,0.1432670117335081,-0.19496575083948436,0.14779748081902272,-0.14787891925168895,0.1910887491176354,0.17233001433252887,0.18089185573330738,-0.18503701219244362
1259,0.14445945679789285,-0.19584460837895992,0.14885403961504876,-0.14946253228595333,0.19190670421926848,0.17299455467709093,0.18109111007052475,-0.18528311973100378
1260,0.143660528496639,-0.19565709410163645,0.14785636798779972,-0.14899734279169888,0.19094743233240688,0.17253951830138597,0.1804118636867722,-0.18468516630221707
1261,0.1436297939692278,-0.19508025946934432,0.14841733164084142,-0.14917939210223177,0.19128373537337048,0.1729176556198952,0.1804066788912278,-0.1840684340895907
1262,0.14402985879702634,-0.19576931460261118,0.14879425779087793,-0.14994866619570035,0.19181187685161394,0.17368051422858838,0.1813265745543788,-0.18483331922624496
1263,0.14390301410560696,-0.1959768331908625,0.14927459896215625,-0.15030400764094445,0.1906098332962967,0.17373218963989212,0.1814494876786594,-0.1852811567325718
1264,0.14370597637767563,-0.19446619670846746,0.1481429527217439,-0.14795513545821512,0.19190173540658456,0.17266161411181954,0.1802514820037801,-0.184623522868299
1265,0.14363822249108837,-0.19632739404453237,0.14787492290203863,-0.14851427428979214,0.1938724614052347,0.17329004297960293,0.1809720715285065,-0.18527158063714266
1266,0.14199721335554524,-0.19490381514647812,0.14680832935633117,-0.1477368053840426,0.19039204182132763,0.17149962521384118,0.17947346090643246,-0.18322156668750078
1267,0.14399682853480802,-0.19405166914579794,0.14882471679961762,-0.14943414040025885,0.18989579780738178,0.17241607994445715,0.18047726491092195,-0.18486975230473285
1268,0.14355131605540147,-0.19615474535948638,0.1497147795114638,-0.15090154333309755,0.1915183731986042,0.17451785738688586,0.18165617233719203,-0.18574403061221637
1269,0.1458135721085793,-0.19440992212371672,0.14916016879172797,-0.14906574551087867,0.19004846116482435,0.17363389947320543,0.1813045299826917,-0.18484517368031889
1270,0.1429228117119512,-0.1949873808888063,0.14840617936326672,-0.14869594462045876,0.1907187467726107,0.17234054348996292,0.18064337012793646,-0.1846959808362667
1271,0.14311185414061428,-0.19502387914468935,0.14767017133032068,-0.14794584930496513,0.18992972344932055,0.17205339921628612,0.18042793095597873,-0.18434749297366107
1272,0.14208428135414633,-0.19468560613470148,0.1473208919117224,-0.14860761274714276,0.19098825600161076,0.1727898242196213,0.1800055072105407,-0.18410672307622747
1273,0.14401717106139794,-0.19513305112981438,0.14899041541058858,-0.14986875307041622,0.19032868010719983,0.17311505844903238,0.18087194858397307,-0.1847608745339557
1274,0.14352775032968504,-0.19580677231430388,0.14822748987569312,-0.15011690144675705,0.19122286435101266,0.1723987898911992,0.18013105730773413,-0.18442841041596714
1275,0.14188970307818807,-0.1949254856788191,0.14702396923406721,-0.14862792857525145,0.19143749518131545,0.17208325564396007,0.18037856631097784,-0.18433100534902333
1276,0.1427465268529541,-0.1943594551885579,0.1482877665135613,-0.14930550303556755,0.19060864855553833,0.1733056274017646,0.1806098932547039,-0.1846279177926824
1277,0.1443667800511346,-0.19527156026196155,0.14828554982575137,-0.14951184998579897,0.19261530863814502,0.17341325415051523,0.18169209658346708,-0.18512300887863212
1278,0.1437213532910218,-0.19446390322451304,0.14763735412303408,-0.1481383720195693,0.18914620148190525,0.17192890375840628,0.1802390952711696,-0.1837308716023981
1279,0.14542782826098757,-0.1973941387458735,0.14953499431883274,-0.1507074903908057,0.1916599242710082,0.17414086141824806,0.18229607235275982,-0.18576679014204361
1280,0.14254115489388766,-0.1957449693494713,0.1486486991369223,-0.1493297549699891,0.1903144073520226,0.17204960434337427,0.18037645773786595,-0.18382607934005582
1281,0.14443015572903603,-0.19614706760908848,0.1496784314330844,-0.1508880341366127,0.1910668026070641,0.17434174544665393,0.18202788005971576,-0.1856152276091734
1282,0.14239848512149592,-0.1937769142079009,0.1465370744064068,-0.14701937888423483,0.18874726844254605,0.17128279740098207,0.17943250375895298,-0.18354830005847808
1283,0.14205330796682183,-0.19476780406328867,0.14782984682871772,-0.14872922402212677,0.19085655611238186,0.17229632733659603,0.18021837768030544,-0.1845606471958505
1284,0.14295165544910177,-0.19507446249818144,0.14827939072231358,-0.14915145130152216,0.18945960574841947,0.1726931646747339,0.18056776368258717,-0.18429508246509357
1285,0.1410726253200044,-0.19407292367055445,0.14667102401063323,-0.14657660139610143,0.18900137056949695,0.17169279335123203,0.1799241896722909,-0.18392481334306915
1286,0.14108676271531487,-0.1941011037173676,0.14699995459021023,-0.14804579700013107,0.19043748565996216,0.17156960292376852,0.1796304502178395,-0.18335803329148215
1287,0.1447633472794058,-0.19545254109060983,0.14844576343581314,-0.15057550884873014,0.191180296871912,0.17280862354833154,0.1807046581257344,-0.1847651285485097
1288,0.1442187757955209,-0.19743564826282736,0.14888818375379245,-0.15028827867199188,0.1915513395726635,0.17358566672615272,0.1811082405144835,-0.185295338081864
1289,0.14196415106902277,-0.19362062130987362,0.14696513154127858,-0.1477876980269934,0.1896900024631988,0.1710047710839098,0.17960124424810278,-0.183846973518974
1290,0.14367273209329787,-0.19538382127441023,0.14951658501369208,-0.14990060220465226,0.19113533843029507,0.17371782126885438,0.18169725830460384,-0.18542669314917246
1291,0.1426932430503088,-0.1960675441334311,0.14808244112190205,-0.14914732182010002,0.19069026656062923,0.1730878164368988,0.18055831778370277,-0.18448220796775525
1292,0.14425626732030541,-0.1949379179400112,0.14811457159058672,-0.14783444106860907,0.1908518083379935,0.1726626403134384,0.180467426478467,-0.18467142458699531
1293,0.14227509426209634,-0.19583287849146255,0.14793022637422687,-0.14896424786120352,0.1914270125367445,0.17277557019257403,0.1804152930094068,-0.18417169868797414
1294,0.14266079405382415,-0.19275115797143932,0.1466826486730926,-0.14714154599256402,0.18836461612565314,0.17018894259448558,0.1784806433336581,-0.18338870005343466
1295,0.14463080514308924,-0.19558067977943977,0.14943821921797412,-0.1505208737967397,0.19033596771095787,0.17321300168304593,0.18162314960781153,-0.18462590013471775
1296,0.14391911736411525,-0.19570394339290434,0.14816694093053218,-0.1490417495907248,0.19066222248925285,0.172485261765242,0.18028384162133892,-0.1851518750163516
1297,0.1427995705927326,-0.19365162064161348,0.1471204024333081,-0.14680937010682765,0.19028776269623066,0.17156085494672638,0.17885991434675033,-0.18333087122170366
1298,0.14165679246856358,-0.19453514952785322,0.1471318456484785,-0.14694634332785533,0.19043217948954652,0.17155231001217733,0.18027026101644508,-0.18391011149720074
1299,0.14287501819105017,-0.19424092815183908,0.14761736777331663,-0.1479492003405807,0.18947229551925254,0.17219799143955586,0.17989060821868655,-0.1839498808435961
1300,0.1418747556879954,-0.1944754740919902,0.14715847351648115,-0.14689672047585325,0.1911257235229829,0.17196478595076575,0.17988019995380708,-0.18343597000346304
1301,0.14283776489213168,-0.19447791481770343,0.1476703004968979,-0.14860220488556844,0.1918943467340815,0.17268565661410584,0.18032731871343785,-0.18432000136366414
1302,0.14361449078865557,-0.19520865904986892,0.1479155018847513,-0.14816475485440336,0.192419435617036,0.17188959091890416,0.18040914248552714,-0.18395362143979624
1303,0.14309021073544784,-0.19598771254208547,0.148844544647074,-0.1485517315030471,0.19145944969926576,0.17285705791659703,0.18114581962677234,-0.18465286319705154
1304,0.14355120540501146,-0.19576031514958267,0.14848141697432618,-0.14852687483789534,0.19156161661759016,0.17253387497314637,0.18101788411612502,-0.18506775702509964
1305,0.14284472157453296,-0.19649584886338906,0.14773582091648257,-0.14973793401029148,0.1905461614208046,0.1722972774001257,0.18102159281796876,-0.18483772823166084
1306,0.14321205572888573,-0.19394449942743233,0.14749955553386132,-0.14837501166062453,0.1898046254821953,0.17265010551467347,0.18033507980126615,-0.18404151070331523
1307,0.141644811863414,-0.19483615797378248,0.1467437730708979,-0.14692184207814085,0.1908939813770404,0.17150799688213111,0.17979360008814735,-0.18406043033196257
1308,0.14371214211426053,-0.1945450029231614,0.14807252129367335,-0.14845218576391342,0.19107067752912915,0.17195537724489945,0.1804323622596945,-0.1841485702470931
1309,0.14262057925399882,-0.1954622587714322,0.14763266801057479,-0.1471716679680232,0.1916433292786001,0.17183716916286976,0.17941801500805,-0.18468218551136137
1310,0.1426328643306321,-0.19487137422569376,0.1477262548135376,-0.14945028003700958,0.19101157781199557,0.17245524257599149,0.180415819720433,-0.1840529648893794
1311,0.14308623629628953,-0.19448444432303727,0.1472179773669315,-0.14700044794057784,0.18913997849745046,0.1718064305024988,0.17967641351711272,-0.18349709878470308
1312,0.14274072325731263,-0.19665651685982927,0.14708743816018338,-0.14811344253917255,0.19131060676403674,0.17261710984538475,0.180846076903284,-0.18492253567563832
1313,0.14202388588670636,-0.19592360448965346,0.14758241781861725,-0.14908393577000892,0.18967466800801203,0.17264949174530356,0.18053920626761366,-0.18446370617252242
1314,0.14390606510246018,-0.19627828360505026,0.14836368862330046,-0.14900960663190807,0.19078269176954663,0.1733457933316001,0.18086519650741265,-0.18488696622755432
1315,0.14240812019599614,-0.19511826715195635,0.14699828675092344,-0.14784447275370427,0.18884768547676684,0.17132594781885274,0.1796927134718876,-0.1835655264699994
1316,0.1445422180683307,-0.1959764474771854,0.1491322346021607,-0.14971253358823125,0.19041378990523036,0.17315601264074892,0.18094714154477679,-0.18538273164929658
1317,0.14307123960272708,-0.19487796720787026,0.14754737018401354,-0.14908313933996528,0.19145324311629225,0.17204570516926113,0.17953435586896166,-0.18398836766861246
1318,0.14277194288779957,-0.19448471919939353,0.14722649728404014,-0.14751065378146017,0.18922951995020407,0.17189699728978247,0.17976562834638232,-0.1838329492566299
1319,0.1455700234967911,-0.19694862223733886,0.1499523728612755,-0.15162334690279997,0.1919786310343835,0.17389429450366445,0.18199399921594134,-0.18617116513108367
1320,0.14229008882631844,-0.195154058161739,0.1478768986029034,-0.14810173427686546,0.19036644632460734,0.17191714651312287,0.18019442795646373,-0.18362466427404117
1321,0.14205268812890892,-0.19481207264990968,0.14751003350483524,-0.148190817451937,0.19170932859933015,0.17271360030445101,0.18023544449274603,-0.1843219275828866
1322,0.14300568210081535,-0.19473249139265397,0.1470163929824036,-0.1486385927257783,0.18943840430914718,0.17187577476428664,0.17989889321113497,-0.18409081932728524
1323,0.14168471754807263,-0.19393427409772787,0.14749376523070298,-0.14835537092340828,0.18957214673228137,0.17196438688292712,0.17969014264135297,-0.18390224415789272
1324,0.14408799721570462,-0.19698810899642208,0.1484176658447214,-0.14955169180502728,0.1909913858500864,0.17343760896602942,0.1807839343455536,-0.18499296005840551
1325,0.1448738223253576,-0.19567631245983477,0.14828363116776722,-0.14989116722763973,0.19183490155889474,0.17315964639604153,0.18077595791334988,-0.18476765151206404
1326,0.1436077522243017,-0.19686957479908915,0.14863535371119452,-0.15028777936206708,0.19044318329384716,0.17353718235747345,0.18130281414425903,-0.18550626004689538
1327,0.14210216375672655,-0.19678610618719056,0.14747285531739346,-0.14842020578299328,0.19133828711806997,0.17234961887748917,0.18095844656526616,-0.18501229308510264
1328,0.14362786305194553,-0.19493793232901344,0.14906072165614803,-0.14933075498631046,0.19113372175422083,0.17311801138737268,0.18101578701879836,-0.18500700479548915
1329,0.1437051205138162,-0.19494011788477655,0.1480754005234163,-0.14866084058271353,0.18992202014199297,0.1728420496402222,0.18064312837218752,-0.18433118462906292
1330,0.14353140029478315,-0.19613254222907844,0.14848229951722589,-0.14946655425345634,0.19169594314727792,0.1733274056166051,0.18128209870210377,-0.18482165439734455
1331,0.14422933709143854,-0.19539805684405134,0.14833682950704805,-0.1484027027141672,0.19144918640258773,0.17294041510943461,0.18018262016425884,-0.18456646249893055
1332,0.14358096183581606,-0.193364887081672,0.14729997134350065,-0.14886999971594203,0.18990368664006207,0.17214631138850933,0.18014848531343972,-0.1840320685134482
1333,0.14430168409194763,-0.19506745940044665,0.14863155794426705,-0.14962416260697134,0.19024790958922408,0.17295306286359566,0.18025333577734126,-0.18453679526395844
1334,0.1445478204592081,-0.19655648224708228,0.14963290242628702,-0.1501720673425791,0.1897267315404541,0.17334170227536042,0.18167183234765666,-0.18577086337313997
1335,0.1437249420861919,-0.19466604113546654,0.14778866161126317,-0.14938079548708003,0.1893028912739481,0.17201824720469522,0.17977679035446534,-0.18385434129936762
1336,0.1442937221402622,-0.19460855674709826,0.14890283042405716,-0.14997479862419485,0.19146663364126945,0.173018953527718,0.18107539785232693,-0.18478296328457758
1337,0.14577674356567058,-0.1939373815507989,0.14984472978740254,-0.14966955549324723,0.1902085206545076,0.17334989088646738,0.180975241981563,-0.18481306938282202
1338,0.14193296515360757,-0.19417744661680048,0.1465763711674744,-0.1482730005477512,0.18942769767708717,0.17102802594099137,0.1785916251067098,-0.1834291727044399
1339,0.14371987536627254,-0.19539075426617722,0.14789265261622447,-0.148444326399517,0.1905364321814086,0.17202375975852952,0.1807467417624024,-0.18472222783807643
1340,0.14408010436282662,-0.195656634793082,0.14726420863226586,-0.14837561874030974,0.19084727499333987,0.1722030433989504,0.18010265323842944,-0.18433266526622888
1341,0.14289230322801794,-0.1946329794830233,0.14787013222094925,-0.14788950040065096,0.1924629522720626,0.1729325837851165,0.18094770639811586,-0.1848218698460109
1342,0.14433809570021228,-0.1956181787849003,0.147631299239417,-0.14914135452879038,0.19032947675670198,0.17274207861078858,0.18100007907669743,-0.18415886895149994
1343,0.1428024773516234,-0.1946365615764244,0.1470831469061873,-0.14865184349044627,0.19068081885272842,0.17145965086678305,0.18054812652080823,-0.18400794846703936
1344,0.14257424761519355,-0.19541337308464662,0.14852812422520753,-0.14957034642819744,0.19158149046703934,0.17325763283200213,0.18127894388096735,-0.18522748887393928
1345,0.14403557708085674,-0.19396517099988403,0.14875655259222814,-0.1501999124575676,0.19084466559328717,0.17265701725445762,0.18003958920201293,-0.18453633130569058
1346,0.14377562416536668,-0.1950016588680224,0.14767296301631105,-0.1487694812626644,0.19141566158880502,0.1725010016564375,0.18053226332518288,-0.18418206458369712
1347,0.1417610547373085,-0.1964634471986786,0.14724394074940944,-0.14752482841456185,0.19122995306486582,0.17217651136279494,0.18064880238516665,-0.18428883612511285
1348,0.14255856530223113,-0.19477270352750126,0.14782480022398434,-0.1488268993147317,0.19070860984558294,0.17264279779617528,0.18040941200029978,-0.18389778363068704
1349,0.14301460692862034,-0.1950136081095389,0.14751345623957085,-0.14822921500408714,0.18984169856558525,0.17220666810533308,0.18026464095360573,-0.18436111693551976
1350,0.14279686915973677,-0.19522492811983777,0.14728811279956616,-0.1483726566381365,0.19012722237548815,0.1718917226276481,0.17925128208115093,-0.1839371961112448
1351,0.14321937457632702,-0.19464902361140912,0.14817342031216724,-0.14890265314657206,0.19109011953406088,0.17305059516081941,0.18064829699122772,-0.18496483951866102
1352,0.14270045828939654,-0.19421042962144883,0.14732932032625684,-0.14865180855198679,0.19058895003480653,0.17223950717592076,0.1800149303635316,-0.18347260612171049
1353,0.14395964004124487,-0.19589651476545278,0.1484646663952652,-0.1490285835555359,0.1907195990362589,0.1727109613501619,0.18105274398891136,-0.18496650573699502
1354,0.14444523902610765,-0.19555313293584647,0.14842711005903161,-0.1494773265620602,0.1914632686053166,0.17317312772787008,0.18107089500562792,-0.1851751643633221
1355,0.14393191677905084,-0.19360973105715062,0.1483559521575008,-0.14803637940640654,0.18862166092846133,0.17314705014267995,0.18065386069552414,-0.18422128206751268
1356,0.1440660543905778,-0.19665772491481506,0.14850239790504385,-0.14918025143182234,0.19335937149717988,0.17360119151444336,0.18134140508032043,-0.18509565702138894
1357,0.14433090147034755,-0.19492072130789206,0.14924169299014856,-0.14948237458371494,0.19134752552816278,0.1734287590856089,0.18164755294810067,-0.18526593829348767
1358,0.14266905070390284,-0.19587567745932943,0.14791689523754203,-0.14835346521429504,0.19049023346090377,0.17272010565775267,0.18063834516168945,-0.18447315190351787
1359,0.14408520496699725,-0.19588039960235074,0.14818523490468585,-0.149205520826918,0.19153886962801014,0.1735362820846042,0.18148832785566188,-0.18470278199324958
1360,0.14357555143257558,-0.19425082108990363,0.14747502357731618,-0.14869286014055308,0.19275708677742925,0.1720221127047599,0.18007495582495806,-0.18393119879492367
1361,0.14444512717883998,-0.197137525750403,0.15013410933523064,-0.15108689125071512,0.19116992666479643,0.17468159475868783,0.18173805471894025,-0.18640717169800458
1362,0.14245721102385436,-0.19505687333065375,0.14762167300518358,-0.1491333114383667,0.19045764710282792,0.17234111912512814,0.18015990224846665,-0.18434362364846646
1363,0.1427430152024627,-0.19369118770851954,0.14779803276240716,-0.1483139536163292,0.19016246617743707,0.17238393529031878,0.18021966531581723,-0.18394880843801387
1364,0.14262465287516615,-0.1947106332241937,0.14771859005542748,-0.1473199504340302,0.19095933869482426,0.17238363806975637,0.18020884176780377,-0.1839207719420761
1365,0.14407978447652972,-0.19538854775540912,0.14877806997847598,-0.14984340129444088,0.19032302886559646,0.1724187458746615,0.1804260662889942,-0.18483139928653222
1366,0.14389262303775857,-0.19516382353474016,0.14849264412896032,-0.15004833469330486,0.19056004038984029,0.17209137695990584,0.17995630452102016,-0.1845789160208578
1367,0.14327813009056253,-0.1954794339030772,0.14736086431296905,-0.14858237835216836,0.19052939569827002,0.17248811914913378,0.18068362567065732,-0.18489915377689953
1368,0.1432104357852628,-0.19441857801338341,0.14845372483815666,-0.1492890854733247,0.1901858342251205,0.17297042159482962,0.180836157179354,-0.18472138608991845
1369,0.14343521942098478,-0.19467865511850527,0.14844628366245774,-0.14885529155344948,0.1916229930510592,0.17241765180856847,0.1803770303939802,-0.1838629248509805
1370,0.1424925985978702,-0.19460040959148783,0.1469760123406544,-0.147618760027735,0.1891749052433406,0.17078188676215422,0.1795336182994003,-0.1833671829611895
1371,0.14413955485926114,-0.194429587811232,0.1489336537598579,-0.1491778006002097,0.18942659181760174,0.17353547515283574,0.18136514949654603,-0.18501059927772734
1372,0.1422215348307159,-0.19470890714981723,0.14702179824497413,-0.1477992385376196,0.18993990683847475,0.17196717598077677,0.17977836177489698,-0.18420743394610647
1373,0.14277876440116521,-0.19472405550482222,0.14663148392781683,-0.1482447524706038,0.19150564524086286,0.17142759749357703,0.1787936438183477,-0.18371529513996016
1374,0.14238560142290435,-0.19433884672158533,0.14615940948044015,-0.14647001038719834,0.19043795069646216,0.17096072090365597,0.1797568680733003,-0.18346642972333901
1375,0.14183330987650353,-0.1950119041817059,0.14672430944014397,-0.14812387831216042,0.18996785825305296,0.17190090706605524,0.17973256925473136,-0.18413819737184592
1376,0.14413042904395762,-0.19416255871625987,0.1479110373717235,-0.14847922591633636,0.19256379078530503,0.17249155169734118,0.1806886476767498,-0.18443724736387945
1377,0.1441296332686046,-0.1937503906579151,0.147700391074983,-0.14769815111058612,0.1906298151891694,0.1722544537115154,0.17999904877069092,-0.18460310128523352
1378,0.14253717797114598,-0.19501287033862236,0.14758455274843957,-0.1478003177778183,0.18920564457465944,0.1721925900309151,0.18019763512510434,-0.18414590291003802
1379,0.14307508963658683,-0.19402030829895764,0.14764729611444688,-0.14902128760958927,0.1899502912897503,0.17223093311259458,0.1794182874778216,-0.18369034436620102
1380,0.14196991808613582,-0.19472800059225265,0.14619818732841303,-0.14641447603883365,0.1895815584745459,0.17128589627897886,0.17925662510977844,-0.18376620614022704
1381,0.1431627134756464,-0.19662061232824837,0.1474332254054728,-0.1485374901095466,0.18927129868149542,0.17172861014530397,0.179962481079578,-0.18453783736326515
1382,0.14195768170535505,-0.19506289896105905,0.14749823172288712,-0.14850553555533408,0.1916038153188448,0.17247546145187614,0.1808541788688455,-0.1841835835623266
1383,0.1433102069444305,-0.19420700995058238,0.14758338237176324,-0.14787391769150637,0.1912434945206258,0.172130294914689,0.18036712340102182,-0.18401526352453176
1384,0.14458000362528234,-0.19673856326388348,0.14884386396451213,-0.150744433355835,0.19106902390537098,0.17365483832906653,0.18136455185691752,-0.18489427803939523
1385,0.14339431942382033,-0.19492074063469117,0.14742307880707764,-0.14831915377134514,0.18957047043993833,0.17218951164162158,0.18018726803981036,-0.1839756956928326
1386,0.14311840182650948,-0.19589149814379964,0.14729352118871694,-0.14898474850956653,0.1914687627604784,0.1725985774151785,0.17999562132385566,-0.18446333706422452
1387,0.1441666220750993,-0.19619154080740905,0.1480244595716726,-0.14910042238228008,0.18999497030225856,0.17287815236573933,0.18161597799785803,-0.18517559193762081
1388,0.14370287710360102,-0.1959724571116938,0.1482445165401472,-0.14967064871456504,0.19181106764457118,0.1732578009119884,0.1810080074367008,-0.18490354392515226
1389,0.14423812140024325,-0.19547272458517131,0.14826684518271865,-0.14932354437415782,0.19167763586790756,0.17305350187348295,0.18061864378649595,-0.18476140383981976
1390,0.14281341921149782,-0.19604609529587838,0.1482848733155826,-0.14857517145627133,0.19212106712246205,0.17291657582064388,0.1804081589689039,-0.18450599075038535
1391,0.14419853668610783,-0.1936197337685757,0.14827355880811588,-0.14928841754420108,0.19013858322484403,0.17276141241947426,0.1804235060273724,-0.18453435888137293
1392,0.14324760815898227,-0.19607824555812353,0.14724123696338828,-0.14824727128175055,0.1903541229211288,0.1723168462329086,0.18063866916871907,-0.18443364253514571
1393,0.1458372239356131,-0.19684171692071753,0.14991170441098753,-0.15131642967193248,0.1908029365015678,0.1743039967445295,0.18186922014687323,-0.18584818105560386
1394,0.1423323728429676,-0.19367322078755278,0.147655912930629,-0.14805157581596276,0.19032447440866576,0.17178978901166445,0.17934149222858994,-0.18369573018657798
1395,0.14332203125423384,-0.19506956305968173,0.14857814684234213,-0.14922823385249753,0.1917027811819454,0.17284335564663006,0.1807841787853476,-0.18500098934857157
1396,0.14248552156961022,-0.19551069012269506,0.14671912776273324,-0.14711151131168076,0.1900293278495357,0.17155592814488846,0.17949312399453193,-0.18456102663347185
1397,0.14336042800841733,-0.1954530658765209,0.14881263503647052,-0.14903124584846292,0.19077756018185757,0.1730646494658115,0.18121524309825915,-0.1850965198832177
1398,0.14326118344036481,-0.19395917502223078,0.14722294019500415,-0.14702291083552235,0.1883255854932668,0.17128327835776738,0.17903048674054242,-0.18334002857086915
1399,0.14344652490024945,-0.19735001956084214,0.1492509809722829,-0.1490615321277784,0.19098241183140963,0.17417510941135583,0.1820582430890931,-0.18551061188391513
1400,0.1437322763827437,-0.19427182815859295,0.147635868500893,-0.14726132211721224,0.19038666734381512,0.17142379196907437,0.17925828095407867,-0.18359088388251205
1401,0.14500778125617161,-0.19567667621359136,0.1489357606210094,-0.15026725202285676,0.19214735493775847,0.17298770892338924,0.1812899410299841,-0.1850590105636113
1402,0.144162009538117,-0.1945520471338479,0.14864981816211537,-0.14828937420934027,0.18996398762335176,0.17314560765428583,0.1807869110653441,-0.18497927401084735
1403,0.1423892205356785,-0.19267741034892394,0.1470899648151018,-0.14736679059243676,0.1893629138414557,0.17085526988085664,0.17867719850777217,-0.18312252591922115
1404,0.14425486201873153,-0.1960840073544853,0.1484860690418165,-0.1491568092302713,0.1925708404844521,0.17355104451019365,0.18145754734999991,-0.18518915748333872
1405,0.14392351120058117,-0.19488466412716954,0.14833543940571203,-0.14857662882088027,0.1901479465463392,0.17218388148737684,0.17995746954025205,-0.18440367152471643
1406,0.14261567178871123,-0.19342041347872654,0.14735626589618422,-0.1480821260283047,0.18929267173115713,0.17176188905362186,0.17961932193304392,-0.18361644340429176
1407,0.14463452820236147,-0.19539696610600205,0.14850540510428614,-0.14968423474758968,0.19006173720969083,0.17314760736469983,0.18098259602158456,-0.18505047814302475
1408,0.14324658017933103,-0.19519575813964823,0.14836472483477775,-0.14824546343180417,0.190286554969189,0.17319415472888972,0.18077731391973234,-0.18432134941288802
1409,0.14460846014833198,-0.19470969235162291,0.1494928005484084,-0.15049083430982788,0.19072024696696233,0.17363107677352246,0.1813218728177287,-0.1855858266182757
1410,0.14308487963801472,-0.19462477790096597,0.1477397687603392,-0.1493604423275702,0.1909281718639992,0.1726825235040684,0.1806360887592982,-0.18487234477885778
1411,0.1434695502134206,-0.19422558983705668,0.14814305000534125,-0.14805565681662922,0.19008780472979356,0.17217893485430705,0.18013376311864274,-0.1839276521624407
1412,0.14464280034522656,-0.19542148329124343,0.14869724621420607,-0.148527786057514,0.19029621616282946,0.17329832203357332,0.1809301585560542,-0.18484509495432933
1413,0.1442906561163638,-0.1964349588188894,0.1498285058130338,-0.14999203484280185,0.1916433877293292,0.17367539219967307,0.1818606503739616,-0.18572065699278767
1414,0.1408619596957174,-0.19419618077102332,0.14601489156539868,-0.14630350100936096,0.19080113558297943,0.17101007689245729,0.17870865586061024,-0.18328831478128524
1415,0.14232511697790684,-0.19470577903712719,0.14689452532760702,-0.14837796539929204,0.19099159138567795,0.17154774155817637,0.17933917611233494,-0.1838343875111302
1416,0.14217813514030814,-0.19540211805375535,0.14716372116009124,-0.14929983053155396,0.19027517406928865,0.17245205206676098,0.18044112898920212,-0.1837898371085702
1417,0.14453932421986107,-0.19506873934178343,0.14836585493939225,-0.14863733712061455,0.18963071660878875,0.1727807086428168,0.18065555964913277,-0.18477150898399747
1418,0.14432690655471098,-0.1966259256624708,0.14926622693435138,-0.15015376584851453,0.19143683674082776,0.1731871130772711,0.18167028264324697,-0.185468420997583
1419,0.14438820547114367,-0.19550779719126,0.14815428351886392,-0.14922434499123688,0.19122364392303406,0.1729808847202114,0.18128538274603823,-0.18456749535948375
1420,0.14259318042183386,-0.1927429932133152,0.14714889086047048,-0.14758391319311642,0.19011108342513897,0.1711053592202737,0.17903585430811045,-0.1832761603421002
1421,0.1431901131276814,-0.1944470376720025,0.14780065990515445,-0.14817566508806634,0.1904520314851774,0.17224707312621984,0.17988872436180334,-0.18405309677905507
1422,0.14320439098428517,-0.19550205399512668,0.1475345389680342,-0.14889172983521257,0.1911023430148389,0.1723596555999692,0.1806135073348254,-0.18514716478712964
1423,0.14226516396771002,-0.19427224192490045,0.14697812137222252,-0.1490943314783759,0.1906673268200859,0.1713404249955364,0.17904053749185678,-0.18358518134908852
1424,0.1443981142212538,-0.19596038952870387,0.14878400751049758,-0.1496698587506448,0.19267598639656497,0.17399512743379852,0.18142421096185304,-0.18585959189952367
1425,0.14347242138165406,-0.19410910503088427,0.14873543806906675,-0.1497546037669919,0.19214042885648486,0.1733185137957839,0.18096750536241124,-0.1847679510364272
1426,0.143077989995106,-0.1949093824581343,0.148005096229359,-0.14914444889395823,0.19114246601150284,0.17247730463768632,0.18019615307898146,-0.18419501352826328
1427,0.14358889141324968,-0.19497177543433258,0.14762475235874403,-0.14936639497647597,0.191444925438345,0.17277734649673615,0.18017581671191002,-0.18426318021854604
1428,0.1420833406863638,-0.19465557506592138,0.14669972134510462,-0.147689270321332,0.19002253339712497,0.1713578652395473,0.1791548195906502,-0.18381057316515792
1429,0.14368425565329318,-0.1960169027398167,0.14833565825543896,-0.1492076819845223,0.19161256720309885,0.1732806417730575,0.18112488146042635,-0.18523183358130682
1430,0.14277965494540873,-0.19543147987658976,0.1483480164312931,-0.1491657334974862,0.19211049938063568,0.17249785075172824,0.18040773383860934,-0.18457566256168523
1431,0.14382026360836406,-0.19468475029730264,0.14718787126670946,-0.1482856946550152,0.191106369327523,0.1721239704045847,0.18050756031247522,-0.18412133065108574
1432,0.14480852778197123,-0.19631016831769738,0.14917511607684572,-0.15010143958062983,0.19137926201190192,0.17331018062354972,0.1816534150227871,-0.18550714859258627
1433,0.143646262978676,-0.19460344169010904,0.14769759011154207,-0.14849325250141066,0.19110536164676103,0.17227288603519111,0.17997119081324156,-0.1843350047066606
1434,0.14464678006561646,-0.1945975745359717,0.148210022114674,-0.14903893413333916,0.19006890204198243,0.17246934730332342,0.18044034988048754,-0.18412176403684494
1435,0.14298360792450504,-0.19506262312022862,0.14758326378095368,-0.14873127294744784,0.19198325478480188,0.17231981687282097,0.1801686275963297,-0.18456678240366692
1436,0.14503119938546233,-0.19617669743990881,0.14929254555766652,-0.15017488368715523,0.1908207405527141,0.17392863199906508,0.18167431261570333,-0.18559922372519874
1437,0.14511369569567914,-0.19586511770318948,0.14898171329196697,-0.15019353348879122,0.190104049494301,0.17381423332654894,0.18109909134502208,-0.1848501048112019
1438,0.14288623344274903,-0.19654327344455394,0.14726537641355736,-0.1482215749803015,0.19089018812992115,0.1719315704531261,0.17943382117641143,-0.18398055395552565
1439,0.1434506654502005,-0.19532905372294104,0.14768078043821015,-0.14962693204031163,0.19020945510514162,0.1720152522536666,0.1800718736468066,-0.18434416210007537
1440,0.1441003121507036,-0.1966121813341423,0.14801673395452042,-0.148684517262778,0.19073404395140658,0.17236861497237763,0.18076312384398815,-0.18494903282117592
1441,0.14376751171557828,-0.1950005545228594,0.1478742276263407,-0.14920911877791435,0.18988124229301018,0.1725390719700341,0.18029303532108437,-0.18463828555454645
1442,0.14508985826631574,-0.19346794230462586,0.1481626327137363,-0.14820015794714028,0.18957751128612352,0.17278996693640203,0.18048113701981353,-0.18369759465112703
1443,0.14300963383822984,-0.193824427056657,0.14766684527182294,-0.14857231208534039,0.18943113161957223,0.17227621240934424,0.18011024934968506,-0.1845029703172126
1444,0.14232328474380543,-0.19371149407098218,0.14719781671694784,-0.14814183039319823,0.18936213465022497,0.1715147901515262,0.17983523223009015,-0.1833775441988916
1445,0.14458152019678455,-0.19446769504278508,0.1490183153826869,-0.14915480940861608,0.191228522526633,0.17323760178082998,0.18063378152346615,-0.18516374563605448
1446,0.1432666135124173,-0.1943891932302499,0.14780723382780236,-0.14747476064730486,0.19063930264287304,0.17211053382829852,0.17998310666900053,-0.18396607525045627
1447,0.14454957478024483,-0.19581588535926733,0.14739127737638957,-0.14947371413768457,0.1914986473965729,0.1727897244301488,0.1810046340595969,-0.1858508859550333
1448,0.14348899976653468,-0.19471602645256736,0.1472947462222768,-0.14776822696218597,0.1918089708545336,0.171951965125739,0.18023533919518303,-0.18418464273364474
1449,0.1416384888688265,-0.19399693659634615,0.14678313311458635,-0.14664311441404743,0.1906889335085195,0.1710843163609647,0.17979698289649879,-0.18332352731685544
1450,0.14293439223178026,-0.1950919945771967,0.1480462449501985,-0.14950535305834795,0.1932743217210608,0.17307065638400734,0.1809701463963196,-0.18532840367829753
1451,0.14251094998717845,-0.1963223302783523,0.1479294994351642,-0.14810428694512884,0.1911599660183762,0.17268429084852013,0.18083447924149867,-0.18484696871403142
1452,0.14167802632997295,-0.1949924415595631,0.14632991306019735,-0.14744339535192985,0.18978830867141355,0.17089064864167386,0.1793530286448624,-0.18305199672244654
1453,0.1455604389723758,-0.1963302988577297,0.14992877844852276,-0.1497032676488026,0.19163428705673058,0.1740923233837043,0.18200945485294628,-0.1854900878858386
1454,0.1434532483517235,-0.19452278928038383,0.14742474905482358,-0.14846864414271116,0.19001637686441952,0.17197188371184746,0.18086344824479375,-0.18431224245753997
1455,0.14260536024389092,-0.19632829858119868,0.14744246572541755,-0.14867350435887441,0.19122539803364824,0.1725053838295546,0.18022461582098087,-0.18432361119551022
1456,0.14312408163805584,-0.19597158931218664,0.14670223049588696,-0.1485622438132254,0.18997837163316794,0.17186779228285534,0.17960994176832062,-0.1841614495562007
1457,0.14305487091307312,-0.19465734264733156,0.14752179065753568,-0.14977195961109094,0.19136513924884882,0.17247011901037843,0.18037566111669176,-0.1837761757582314
1458,0.14524139963600077,-0.19509705288506257,0.14941927723014925,-0.1501263489357412,0.19059593121391727,0.1731213146981041,0.18079763914163555,-0.18454878910480904
1459,0.14118675186031585,-0.19507824312187988,0.14681141897176753,-0.1464128120309896,0.1905175306983726,0.17151861999164764,0.18059033768325367,-0.1835812456124574
1460,0.1432940096527633,-0.19400102444262146,0.14810622440933902,-0.14857213151992604,0.18920960002372358,0.17226110717050283,0.18011394295222197,-0.18404654794999373
1461,0.14306684231667907,-0.19689789503752458,0.14722047090740217,-0.1482456536901272,0.19109557686575748,0.17252142807267076,0.1804304365608874,-0.18387120700036408
1462,0.14413840744372014,-0.19401716495097834,0.1487856239757874,-0.14935960735225748,0.1894184487684449,0.17251235862806383,0.17999465176823498,-0.1843927459254618
1463,0.14490670086640373,-0.19517983638514602,0.1482433921753751,-0.1485340263226767,0.19042292437111263,0.17220658330047298,0.1795578945041591,-0.1839353516125882
1464,0.14391208336307865,-0.19534280072429774,0.14918041298231788,-0.15019053231947294,0.19077407079381364,0.17336499146820428,0.18126550246740214,-0.18514388552580163
1465,0.1442760059296618,-0.1939943657498416,0.14825376141777422,-0.14905074364008697,0.19091470510479777,0.17271005210757404,0.18081835039819777,-0.1844567397136835
1466,0.14338458750858146,-0.19449881614669923,0.14783695070396335,-0.14867871670593202,0.1885929181551924,0.17168379847575302,0.17980924254246342,-0.18434705944951912
1467,0.144247245310185,-0.1958536514804454,0.14939615794399883,-0.15048773858873365,0.19133431427354294,0.1734698996406684,0.1816108413317847,-0.1858639493723116
1468,0.14446601253354446,-0.1977797860932516,0.14989519914493232,-0.15093652722138493,0.1920648600069544,0.17419228190908054,0.18241828985939984,-0.18606270891548582
1469,0.14296542109170723,-0.19582455472617424,0.1476295341737757,-0.14735461590228874,0.19065875011302713,0.17174073442094612,0.17989286655370954,-0.18456888731270993
1470,0.1452639292584278,-0.19488724982288705,0.14997450587194014,-0.15017816539241108,0.19194402027851395,0.1735112689463778,0.1818271112092149,-0.18558827027514718
1471,0.14311368167284028,-0.19584058486395292,0.1481118267417394,-0.1489791692108087,0.1910322470374022,0.17297402152336558,0.18079795960336048,-0.18491013557683816
1472,0.14368666734183705,-0.19429534466984036,0.14754141306204946,-0.1484078881391205,0.19195804159217794,0.17206436132069655,0.18032347192993053,-0.18426107507699246
1473,0.1429644241108661,-0.1942822604085003,0.14760950562716782,-0.1476400454468525,0.19159283216473327,0.1719804617836615,0.17997948741112804,-0.18415876756242597
1474,0.14386186175785876,-0.19541384976633186,0.1479921628884686,-0.1488789197788981,0.19128973360741347,0.17284263941093944,0.1805124275919196,-0.18485453524213416
1475,0.14531125238845968,-0.19508946841961014,0.14796930312441714,-0.14996018690127363,0.18908942549440028,0.172809382580097,0.18012384891162844,-0.1844931652068295
1476,0.14187927430398803,-0.1954519733277177,0.1469722744263547,-0.14968810716572856,0.18995454838678455,0.1711590915675335,0.17990680375700102,-0.18455313070039175
1477,0.1419809831580219,-0.19522115296442422,0.14632195254242733,-0.14707221415524346,0.19141378084949506,0.17151086611698602,0.17954399558575274,-0.18405282027046277
1478,0.142084428666413,-0.1939776402814847,0.14696312172196702,-0.14847394017768403,0.19034463969835066,0.17221279172431403,0.17981090150333842,-0.18413119595635968
1479,0.14396896125934094,-0.19549042696153315,0.1483204159633333,-0.1490150975911432,0.19310825551368777,0.1730539755086934,0.18059104593477307,-0.18457655863788536
1480,0.1431252243127107,-0.19451320809304934,0.14824446270882838,-0.1499091338467502,0.19073358863939244,0.17217605301663141,0.1803317951792918,-0.18483757147350907
1481,0.1438728427173338,-0.19519281829503438,0.14816913155437203,-0.1490408495306652,0.1895618184034506,0.17294655656880023,0.18024213835143865,-0.1845372373041193
1482,0.141086386292819,-0.19559621855543718,0.1468386784969196,-0.1483947099900101,0.19274691580314804,0.1714164958468347,0.18012749289426574,-0.1840286681402123
1483,0.1438809907676223,-0.19577334317046577,0.14833942688007823,-0.14931681198379473,0.1908295291399808,0.1729738319983939,0.18112448213256407,-0.18500426287012686
1484,0.1426701515049689,-0.19391093565847323,0.14762073787066665,-0.14912780102059117,0.19249597490494078,0.1721936096895929,0.18005447851069548,-0.18387621162406637
1485,0.14342068535648603,-0.1964056921898147,0.1478832543470078,-0.14859271582572953,0.1919643680635778,0.17250661303328535,0.18050436430436606,-0.1847018683331403
1486,0.14373295251338145,-0.19568915598768674,0.1476658884602997,-0.1476954779831364,0.19093199052212653,0.1727958343447102,0.1807982057188219,-0.18467745867814733
1487,0.14376281717202533,-0.19528930732915406,0.1480833629746463,-0.15020979373445778,0.1904705394799587,0.17243588520402295,0.18004440491147675,-0.18447320709120865
1488,0.1429445282184838,-0.19501564531563584,0.14742322794315035,-0.14913977397108977,0.18921532398261784,0.1715808307505287,0.17947949678127392,-0.18384422148231588
1489,0.14286201356284697,-0.19414605205382893,0.14787758224978984,-0.14816333821748867,0.19081945852225446,0.17209115461460167,0.17986216227620583,-0.18435825302294936
1490,0.14300453812679356,-0.19575754377553314,0.148359647568489,-0.1495592758003756,0.191486606941054,0.17293992245542733,0.18111035683609636,-0.18516164507964275
1491,0.1434094665280484,-0.1955034783574836,0.14903474926754373,-0.15013403497535258,0.1894205929129276,0.17337354921794418,0.18106350905145588,-0.18542717662623617
1492,0.1431700789793849,-0.19533939415884335,0.14809649809168965,-0.14929992313470578,0.1913026792413115,0.1723796160318824,0.18048244139970865,-0.18482038753904378
1493,0.14322435583626827,-0.19418915457849528,0.14759315886067634,-0.1472039819470779,0.19151477663189093,0.17198402426336307,0.18014992937875335,-0.18419176610164845
1494,0.14212871234012225,-0.19548882758819655,0.14688267714689746,-0.14889081684430575,0.19150958074758292,0.1726359879406355,0.17999252793549078,-0.18434900687147474
1495,0.1437115470473195,-0.1948291180204918,0.1480380307429871,-0.1483143852159298,0.19164153397365077,0.1725986611595188,0.18064066479721197,-0.18501749711634555
1496,0.14318869388483405,-0.1944738187163801,0.14814556031532233,-0.14958085190160306,0.191201541804292,0.17304921419001168,0.18033847797428887,-0.18442262837097417
1497,0.14351343798857102,-0.19599159345165373,0.1477737493251513,-0.14938472972778938,0.19058104096331102,0.17221213409857852,0.18034413848544237,-0.1845077543219636
1498,0.14291936850079395,-0.19440078746392334,0.1479801889739223,-0.1486673146963428,0.19032926364193622,0.1727177197585661,0.17971442418281386,-0.184258127677696
1499,0.14542612599076116,-0.19442416474271793,0.14915941284840373,-0.14979858276410518,0.19117331513620028,0.17278885998549845,0.1807091425083077,-0.18487776342765808
1500,0.14395614775129575,-0.19568469236023903,0.14821411613040855,-0.1497345242178934,0.19147411578306742,0.17277483054865675,0.1812537136957422,-0.18476622096314746
1501,0.14292829072441032,-0.19455043864524202,0.14798984080176952,-0.1484573895393993,0.1902336091713945,0.17216656766878394,0.17996023094811384,-0.18402330927495827
1502,0.14324995898598725,-0.19459686608912918,0.1480836362978224,-0.1498119128829385,0.18982579309421385,0.17222403020116583,0.18074566217331375,-0.18410819168679324
1503,0.14390898338675723,-0.19488527698049501,0.1482667812646465,-0.14888445938287242,0.1908132698552549,0.17329369045380275,0.18124514337729414,-0.18517101483141934
1504,0.1429945278894896,-0.193498129646672,0.14764493074277718,-0.14816449116714664,0.18983004016520943,0.17194031228788037,0.1790924371125741,-0.18311203942232485
1505,0.14529292758737924,-0.19650261077589323,0.1496034826761598,-0.15083327131700902,0.1914653468211149,0.17398284318173676,0.18210691144482347,-0.1867807168224348
1506,0.1430009946161701,-0.19520957644069123,0.14842612607610017,-0.1494828480891516,0.1913395512409866,0.17271465451036638,0.18010110944433913,-0.18435211893735512
1507,0.14449557055326817,-0.19426853251654924,0.14854408977174918,-0.15010961876002096,0.19106911187449344,0.17316934249690677,0.18054829479939796,-0.18451953298924634
1508,0.14391769513152822,-0.19542626082632042,0.1482105773279156,-0.14970258837053793,0.1907949411333771,0.17273454367270977,0.18075748133984684,-0.18451516297474235
1509,0.14288001002900552,-0.19644098229400028,0.14754299210990518,-0.14804709541509506,0.19191945061310406,0.17270698023695466,0.1806953754633003,-0.1847099754507513
1510,0.1439249044741278,-0.1958966490711844,0.1487901270669882,-0.1498120065016666,0.19151297290748734,0.17297422306236934,0.1811209696416796,-0.18462466682041154
1511,0.14505992024050562,-0.19684046114192952,0.14817202813543628,-0.14990124658962115,0.19264872803740654,0.17354245877744529,0.18150107427398324,-0.18576066182174975
1512,0.1429236850986786,-0.1949287038203165,0.14742961514410666,-0.1493064051884006,0.19200070125390234,0.17271802783641976,0.1801529446346366,-0.1845252000203518
1513,0.1436565702823511,-0.19439577164042057,0.147565242947588,-0.1479545051148501,0.18996530884840665,0.17190466919536226,0.1800467608345069,-0.18438784350209322
1514,0.14214921087715973,-0.19478139308233378,0.1469112955624227,-0.1475065891739541,0.19117545907680825,0.171819795293319,0.17957579215857686,-0.18372725723843408
1515,0.14261530372419037,-0.19406459979113058,0.14734966272695396,-0.14845266835467166,0.18998837842700342,0.17188854976458826,0.17966526340853498,-0.18397721497975483
1516,0.14310327104049098,-0.1965422642227568,0.14784351656544953,-0.1480727761320216,0.189597604396287,0.17335697481927814,0.18162058406045897,-0.18499305851239217
1517,0.14546142878740448,-0.196756461494404,0.14883310240193054,-0.1496507642980322,0.1918897907273125,0.17344456556351892,0.18189829517963457,-0.1856252504278586
1518,0.14337308188728526,-0.19569211711085235,0.14857229605903066,-0.14885417302833198,0.19164458716711444,0.17267164410417082,0.18064910177399118,-0.1847637307886518
1519,0.14483935991564523,-0.19418135644894954,0.14850360126491358,-0.14997217484069858,0.19003379091825226,0.1729932463156256,0.1806779348621744,-0.18489120551826937
1520,0.14477169448955995,-0.1956392133386376,0.1496866151161816,-0.1511533685148748,0.19066021101429548,0.17448181331622706,0.18207562786797443,-0.18608978931022283
1521,0.14272697616881702,-0.19560078412443307,0.1477307890780836,-0.14750625869161857,0.19082413096333395,0.17224948155248482,0.17990257233777157,-0.18406794449842945
1522,0.1425682248919548,-0.1957145381939897,0.14727136239293473,-0.1481436573216249,0.19045813237389564,0.1721602515766492,0.17949613488676894,-0.18409808366207808
1523,0.14230478562629212,-0.19484536959307217,0.14732217590890623,-0.1477280281556291,0.19152607616445225,0.1718987506500766,0.18012929476876957,-0.18414494451883112
1524,0.14377252728199663,-0.19524473856874233,0.14823262304172444,-0.14948277528253176,0.191377882413659,0.17347438050401856,0.18134791165221809,-0.1850098658208097
1525,0.14326877640289754,-0.19516863731533485,0.14766321973616423,-0.14781999277169366,0.1912705839056914,0.17276351251107702,0.17998131218589009,-0.18397517824195286
1526,0.14412701788414914,-0.1958745636599805,0.1482275096011578,-0.14903382543637445,0.19104527333688323,0.17273484481485613,0.1807054253131796,-0.1848127020760401
1527,0.1431832630772762,-0.19485159517133704,0.14873288403905782,-0.14884090710651765,0.18940758970282587,0.17294530303532285,0.17994220771294794,-0.1842849579035908
1528,0.14336400651314704,-0.19405125756087474,0.1481942311903748,-0.14852022943352622,0.19064586530473226,0.17268303249913602,0.18012968385736522,-0.18385065189750568
1529,0.14340939447926562,-0.19462942981076414,0.14829561897262855,-0.1487097457275116,0.18997056861409892,0.1725307264439728,0.18049234936039044,-0.18433238970383567
1530,0.1421206879331298,-0.19444937585942781,0.1470275038816014,-0.1475451671492495,0.19010299180536863,0.17194641843961592,0.17986179123832938,-0.18297306351173273
1531,0.14319515737166277,-0.19472029559139598,0.14751160661896554,-0.14765348220270622,0.19041777325858933,0.17225806317754794,0.18007990658070058,-0.18416905202061
1532,0.14351686273681352,-0.19565794587767701,0.1482129757233687,-0.14834421480838983,0.19192193593507392,0.1726946953009913,0.18065501998127603,-0.184420448619204
1533,0.14244521306580393,-0.19430713070941705,0.1471415174442548,-0.14849487224311042,0.19054656075723844,0.17225102964961328,0.18073616252076244,-0.1841699805324535
1534,0.143237689208975,-0.1955944685899369,0.1468131740909823,-0.1469566830698544,0.1905149403675946,0.1715610093562221,0.1795675686363744,-0.18398565766508093
1535,0.14307789139092852,-0.19530769879381588,0.14744663568229743,-0.14873897420700466,0.1923981870981622,0.17254378859033737,0.1802176700681138,-0.1843014214317625
1536,0.14354959620799793,-0.19560059303934663,0.14754289241589524,-0.14941200066980675,0.19270486164034922,0.17316474279593927,0.1810417979135646,-0.18530649324746487
1537,0.14525699960206276,-0.19525896285903666,0.14901901224138162,-0.14918938348416627,0.19193397027838327,0.17321103541659202,0.18077479499143395,-0.1845430271856212
1538,0.14517839995866,-0.1962955539443683,0.14865975150987426,-0.14906928038321385,0.19179607340572166,0.17269162278561634,0.18071951589252772,-0.18514231400606934
1539,0.14603721227097266,-0.19612596022862136,0.14995071513413605,-0.15037423157719254,0.19091352693348976,0.1743906422636219,0.18153844880108863,-0.18571271312266188
1540,0.1433281501081172,-0.1946957071525506,0.14747224918307403,-0.14913807506059254,0.19135145159950084,0.17246815995414594,0.18034500142665713,-0.18402057330116328
1541,0.14353215760487878,-0.19586370529098143,0.14812658133851644,-0.1487831250630627,0.19156218511465467,0.17307801167446488,0.18129401653903113,-0.18442293351683461
1542,0.14298550597233836,-0.1935191548678893,0.14774925902904756,-0.14894327021288264,0.19055705492009778,0.1719695286114275,0.17975954189601978,-0.18376013935974575
1543,0.14253929177318458,-0.19534659098687654,0.14801370640743222,-0.1495400997995734,0.19074284010624198,0.17252169995512218,0.18066397474076296,-0.1845474497779775
1544,0.1427995995150375,-0.1962681205697258,0.14699324709838285,-0.1490698167464774,0.19152578835010192,0.1727371601137002,0.1802141563236222,-0.18432022593190966
1545,0.14439663677926673,-0.19610644396208818,0.14859979599405565,-0.1498330590986422,0.19128657021097265,0.17311453787465736,0.1809004282190065,-0.18506050967977286
1546,0.14200862156876815,-0.19548304933047966,0.14732547464832488,-0.14789582711394916,0.18986671935938654,0.1721918182721428,0.1809923267520945,-0.18452489272022043
1547,0.14440440218142497,-0.19544088295750156,0.1485147977551958,-0.14921407775280715,0.19128871081468968,0.1733437760635999,0.1811830103758665,-0.18519681462057366
1548,0.14414612981648856,-0.19553329198738162,0.14844256694437652,-0.14857543831367243,0.1897397302246773,0.1730872731785205,0.1815336464315884,-0.1852791603731971
1549,0.14326153762233204,-0.19574947113919958,0.14817164976855057,-0.14896802005993073,0.19139384514565258,0.17250161162282154,0.18100007265520832,-0.18484181775372444
1550,0.14418144341798644,-0.1953800646289867,0.1474177728625008,-0.14922591012348022,0.1911040268718291,0.1721150083481934,0.180083446410788,-0.18392264254765847
1551,0.14301303194305381,-0.1952622587236126,0.14813147201581145,-0.14848180809066028,0.1891607618740354,0.17217126114794873,0.18060205644129163,-0.18455123121734213
1552,0.14385670763393157,-0.19663198615990923,0.14810144683417495,-0.14944054204758314,0.19048096992281768,0.17323656024319534,0.18089981347313633,-0.18535227891296208
1553,0.1413006098331303,-0.19478625691094942,0.14662715457382772,-0.14813113939079434,0.19027574668274022,0.17180119418437928,0.1795701014258763,-0.18357393360445803
1554,0.14355850412639476,-0.1944052856492655,0.1475919811798473,-0.14848134651837133,0.19046999463136038,0.17225200905558954,0.18032621038900307,-0.184315656648734
1555,0.1429935737493475,-0.19407056048705193,0.14653406470397928,-0.146483681266088,0.19048115051033723,0.1710212919968308,0.1786583551926574,-0.18260250286564988
1556,0.14309056943890203,-0.1959001586852438,0.14818922911981738,-0.14820930265612167,0.19005698042098124,0.17271586324290597,0.180776671396318,-0.18515658791736928
1557,0.14362886866129254,-0.19440188051498228,0.14696206896180236,-0.14749327115118196,0.1890207131874197,0.1714633458929737,0.17944744071638538,-0.18454122997239866
1558,0.14452984533452817,-0.194669932824459,0.14894785769510843,-0.14971774891577877,0.19054437105238684,0.17332493964266096,0.1813826341850276,-0.18490051347296627
1559,0.14419190991773562,-0.19378028090535834,0.1474507876958194,-0.14906755880997796,0.18906643074189766,0.1716376216325461,0.1789337002139229,-0.18404086605309503
1560,0.14323677707136692,-0.19488444962778578,0.14817393988912675,-0.14798962294563922,0.1903069000485108,0.17248021736948546,0.1803553920009211,-0.18448011499625583
1561,0.14417546319075614,-0.19565653983356787,0.14816885423488246,-0.14851896635802997,0.1915716988768148,0.17280213877562614,0.18011688214113752,-0.18431085163872352
1562,0.1423026352629097,-0.19441219233346088,0.1469892221409173,-0.14759957347359873,0.18930858281240165,0.17160608168031227,0.1788250455288416,-0.18369549376715566
1563,0.14477130882275155,-0.1962544923803135,0.14906029339328916,-0.15054942377731556,0.1906693169222303,0.1736543768805648,0.18184365345539225,-0.18559470840706066
1564,0.1447108190750628,-0.19579473636749845,0.14882958683723094,-0.1489159646637199,0.19032751219176955,0.17322204014884945,0.18086071314140753,-0.18515208763829627
1565,0.14368732290947034,-0.1943278877692267,0.14773843600534792,-0.14859406705869657,0.19169330280575397,0.1723369985933243,0.18005491658632622,-0.1835280555250076
1566,0.14371618584585813,-0.19635459741379835,0.14931074865334204,-0.15126923290321387,0.19231966590413788,0.17423917955011484,0.1817505387249449,-0.18594645178972893
1567,0.14149873363809276,-0.19398392917814347,0.14529741219176392,-0.14627718105300527,0.19070391649766094,0.1702146145996001,0.17928494151683386,-0.18291270386432262
1568,0.14285781735747657,-0.19505517519523852,0.14761673874713138,-0.14845231427902877,0.19080807866739039,0.17240766999579935,0.18081721985991714,-0.18438796664146884
1569,0.1433684633536346,-0.19415382675965615,0.14775474301323352,-0.14781167976059223,0.1912004139801433,0.1724254206179494,0.1798588323284849,-0.18382793625569702
1570,0.14327326701481327,-0.19401923462743098,0.14800747088632452,-0.14763956026723776,0.19209832777984812,0.1730130426811871,0.18060940550545695,-0.18459436753884098
1571,0.14339137372467187,-0.1947651496839204,0.14891696822871034,-0.14947698470004342,0.1909895911575766,0.17326991816882725,0.18065679299455087,-0.18514877091637272
1572,0.14201897986232345,-0.1955402067578542,0.1468487505816136,-0.14737966996733604,0.1915293510972703,0.17261497244075114,0.18064801348930992,-0.1839695632838466
1573,0.14274015194805126,-0.19558601197159087,0.1476791430162462,-0.14722557321945703,0.1910022757438053,0.17279764031021208,0.1806392441776254,-0.18458747003070614
1574,0.14439242135613323,-0.1950360496334075,0.14868736517219205,-0.14906788520574726,0.1918542604625629,0.17283820968963395,0.18111346492488148,-0.18502988460050393
1575,0.1435419222541712,-0.1957978336413492,0.14808167059691477,-0.1494600416919327,0.19155856000622432,0.17329271271012628,0.18076614229926716,-0.18549770686097725
1576,0.14208041457607146,-0.19396116409270883,0.1471393431927383,-0.14686509248819982,0.19136770521772672,0.17140459812190514,0.17940079515863894,-0.183592024838103
1577,0.14357977671197572,-0.1951022331813083,0.14675669520056359,-0.14762456978368102,0.19083842996565026,0.17132340749902888,0.17841582734116437,-0.18282184232942025
1578,0.1443956341271021,-0.19530422448174486,0.14813194240450084,-0.1494321214212592,0.19319244036931418,0.17322785401927132,0.1810101346439109,-0.18539431278705443
1579,0.1433812857127484,-0.19538601919921175,0.1478482088524444,-0.14879881295002872,0.19145093436868993,0.17238480680873552,0.18052882042844773,-0.18398654838576653
1580,0.1419476856224576,-0.19396609728323563,0.14673177405781934,-0.14735643405889948,0.1901928389731011,0.17142115740594396,0.1797883135178978,-0.18360378201043825
1581,0.1440138487015648,-0.1957536603868899,0.148282816724943,-0.14980838156521276,0.19132723163632231,0.1735564701250815,0.18079363155270634,-0.18539963445463875
1582,0.1439334329344395,-0.1936255351437106,0.1475251445212008,-0.14778745208548585,0.19034845498273556,0.17214050554216115,0.17984321654041446,-0.18354085179496465
1583,0.14257364691611876,-0.19454923282359024,0.14717247960366198,-0.14811584155199883,0.18995533983379978,0.17239059596468362,0.18048210290466446,-0.18483648862377858
1584,0.14436862570547263,-0.19394853175580007,0.14744229774065806,-0.1483833845977322,0.1904905953549697,0.17214289074591882,0.1797836071447071,-0.1838046342196253
1585,0.14440983509943411,-0.19571479914310888,0.1499316116117417,-0.15097364039339847,0.1918812519410523,0.17389047515931946,0.18179728066567488,-0.1855172502392814
1586,0.1441547488265782,-0.1942905021816028,0.1481819443630999,-0.1490218573957701,0.1905723263666107,0.17253225457895352,0.18006083718616198,-0.18406375966920735
1587,0.14425771712969515,-0.1952020514975927,0.1481787594890639,-0.1498808471621397,0.18891339429840387,0.17285300515974672,0.18064232928043092,-0.18454506143604546
1588,0.14325027421590905,-0.19592908726494032,0.14888116509799904,-0.1489227871867828,0.1914235277153499,0.173008364820765,0.18117362942096413,-0.18529900843138303
1589,0.14528805002888592,-0.1941783275763282,0.14856973890007677,-0.14984686644193548,0.19051027983288585,0.1729327536160424,0.18091527759251252,-0.1847643405330728
1590,0.1414478815324445,-0.19503500476936755,0.14635722594873463,-0.1485080907805522,0.19100322763862213,0.17080510009034872,0.17922472188038113,-0.18401056739741803
1591,0.14400142262681564,-0.19413392988169856,0.14841689871619854,-0.14925468598261674,0.18941913920289263,0.173273726782718,0.18102612280140143,-0.18529044546529305
1592,0.14408235328599467,-0.1956546485669643,0.14766037455621556,-0.14816424732525166,0.19077536345138688,0.17261544502954027,0.18014560908030675,-0.1847125323072532
1593,0.14321153840131434,-0.1950912380483636,0.14790597679032405,-0.14887870699140512,0.1888878049642887,0.17294988279164925,0.1801639132480478,-0.1841254087054599
1594,0.14356135013633323,-0.19577671969598068,0.14796903859565214,-0.14818745898479843,0.1924798632641515,0.1724824797412966,0.18114111804787603,-0.18555283091139907
1595,0.1423124979741506,-0.19563648837699352,0.14740724369671038,-0.14900244490709474,0.19143541751849907,0.17264801559465864,0.18022918866761575,-0.18456007864755147
1596,0.1435060075338706,-0.1950579003902668,0.14701230055360162,-0.14893927954335537,0.18952202432150708,0.1722800530358634,0.18002506235464077,-0.18411554376183117
1597,0.14336067651854187,-0.19374007467825802,0.14800099260584854,-0.14845798037811114,0.19055396618362833,0.17216681970451564,0.1801225603585572,-0.18444608474743512
1598,0.14386349477455748,-0.195765349178792,0.14828662261408032,-0.1492220197279744,0.19290188480616682,0.17342928410844782,0.18054203793188087,-0.184870049866248
1599,0.1417526165689327,-0.1940769512856957,0.14779795702682214,-0.14849869172634364,0.19121494518818424,0.1721984057239793,0.18058030113790355,-0.1845159724484629
1600,0.14391714753279855,-0.19551915182368867,0.14900459339201708,-0.14956231449218135,0.1914558793612255,0.1727384695458612,0.18015989149383652,-0.18463256596024938
1601,0.14287696383044265,-0.19498783925554822,0.14750303421786262,-0.1479850648230962,0.19222891948705573,0.17242005642645347,0.17996763796782497,-0.18405027475067964
1602,0.14448517448117768,-0.19554444885628808,0.14957257527859913,-0.15083230001801204,0.19124103886230015,0.17359914330867993,0.18126126158855535,-0.1856629440894538
1603,0.14425830391901778,-0.1959987884759645,0.1485566909214096,-0.14976923613804502,0.19097304086928715,0.17252060800225028,0.18067862608388552,-0.1846822768550906
1604,0.1456144841850428,-0.1940849084939113,0.14876001554655596,-0.15032381807176995,0.19052887836127336,0.17357111164039796,0.18088425870241212,-0.18481134214005043
1605,0.14209262076033816,-0.19456128538701642,0.14730992882973176,-0.14841688507554332,0.19105777100993013,0.17237874886599566,0.18028578932941255,-0.18411393967575998
1606,0.14321434815042045,-0.19529862512009383,0.14737457320257852,-0.14809140230550688,0.19057692547856148,0.17175792910065124,0.18014466523032266,-0.18379231367041501
1607,0.14271761257681612,-0.19572511752948019,0.14851719830189458,-0.14837215480669128,0.18925126972010767,0.17237778530921666,0.18059969379410556,-0.18451079141255453
1608,0.1432272082180264,-0.19596312122584894,0.1483252091236957,-0.1486025898989446,0.19147569376848816,0.17280286006609027,0.1805410175449212,-0.18505887914831293
1609,0.1432630559727061,-0.19646647922193405,0.14756772159488957,-0.1481025740551974,0.19048070512817444,0.17294879469532898,0.18045838113413248,-0.1846815861023874
1610,0.14427765243752277,-0.1956007932853124,0.14907253519054037,-0.1508291305712003,0.19025611683390378,0.17325715679610806,0.18088116882763863,-0.18478577831141826
1611,0.14342250657316766,-0.19665899551987703,0.14758630861847788,-0.14917490171065803,0.19082892684465316,0.17241487136060135,0.18089459002877195,-0.18457241868822472
1612,0.14532377370163646,-0.19535781653854586,0.14897183963938582,-0.14952872308227427,0.1925943356731782,0.17314904905022313,0.18116842968464913,-0.18521514085142438
1613,0.14529035527120945,-0.19539337155261743,0.14913466013342375,-0.1498742636745346,0.19196040824286906,0.17400661020741,0.18164387636486778,-0.1856124168378617
1614,0.14280079053994646,-0.19488140075285912,0.14680291887984231,-0.1479221708613344,0.19092593053170287,0.1721019513409188,0.18002506739020752,-0.1836767473316507
1615,0.14414972572233337,-0.1948619991777257,0.148003294304415,-0.14877333594703712,0.19078797793382687,0.17261302394532135,0.18081933621879737,-0.18411658087722368
1616,0.14261289579075254,-0.19463470314143091,0.14785911025711404,-0.14910492451062254,0.1900915830677005,0.1718854926463811,0.17957635900961696,-0.18400788384215438
1617,0.14329252561373018,-0.19460434690432551,0.14767549192901844,-0.14851089045807647,0.18994848720858903,0.1727090216250338,0.1806865169157179,-0.1842844438807601
1618,0.14343574253164157,-0.1950198181735441,0.14787012715905803,-0.14886748050450305,0.19052147370526792,0.17225473866094468,0.18033684453449833,-0.1849150317571187
1619,0.14265517612168485,-0.19536095677265602,0.14694348514236524,-0.14784479910237308,0.19174332872070252,0.17188653352810293,0.1804713167915988,-0.18388437255295265
1620,0.14505343533961504,-0.19628453787422112,0.14928918738049315,-0.15018608782256046,0.1921980446011753,0.1741159364811689,0.18172950151948852,-0.18552865608337832
1621,0.14312987422938406,-0.19583339688056614,0.14838554694526332,-0.14894181150338165,0.1921761433632377,0.17330631101593777,0.18143363458958653,-0.18520496771132008
1622,0.14246729162499583,-0.19637653028285243,0.14792960688042794,-0.14840019190192522,0.19176217266366966,0.17307384214617602,0.18067978250757613,-0.18498375247422838
1623,0.14385659182238855,-0.19460179874099712,0.1478399021429035,-0.15004740851225706,0.19126521078175387,0.17218949552696827,0.17958041433636793,-0.1843665634043893
1624,0.14341723057850642,-0.19421585010649836,0.14796653277108676,-0.14891611203220678,0.1907977465521815,0.17229300177715148,0.1802253439686998,-0.18468087759555124
1625,0.14326576458940365,-0.19530695792527983,0.14754022580143278,-0.14963112286800506,0.19042910016645928,0.17245560345502672,0.18006663222345437,-0.18437755743606005
1626,0.1452174907273042,-0.1948959465564196,0.14859941512261676,-0.14899956458435698,0.1903280758413361,0.17307769580795754,0.1806482709911051,-0.1849204902683797
1627,0.1430954105028298,-0.1959256150931497,0.1483694427831429,-0.14925174565742283,0.191622438122273,0.1723582163986116,0.18061736480646287,-0.18496895961692525
1628,0.14197139796023517,-0.19455629708435357,0.14691831388860785,-0.14724841159506938,0.191024219226057,0.17249365459558424,0.1798553173807966,-0.18436891575963468
1629,0.14276886853983858,-0.19441438497351726,0.14681272603486595,-0.14790503578000172,0.19011371094602286,0.1714927672622223,0.18004162637448434,-0.1838379003048951
1630,0.14444249500766657,-0.19621060291554088,0.14819418189267028,-0.14904885153169187,0.19035646260346026,0.17308961638416984,0.18023950853391746,-0.18484163903772552
1631,0.1435362529097001,-0.19523295007647476,0.14772962179417248,-0.14903570112403697,0.1895675705936958,0.17246121930095318,0.1802320198877608,-0.18420906189833292
1632,0.1441756471122351,-0.1956295512919684,0.14917592524042786,-0.1496274347559765,0.19273496136364138,0.17343092930974194,0.18212865732817682,-0.1858203897461807
1633,0.14234628298823132,-0.19612406480715502,0.14782787830048702,-0.14874648491466422,0.19158823274864412,0.17292494436697736,0.18072548980146466,-0.18445504166380064
1634,0.14456534228287785,-0.1958423591269222,0.1489703967981461,-0.15033305777339775,0.19159759066098417,0.1730175261119281,0.18085679962438705,-0.1849447861440063
1635,0.14471011506818418,-0.19620493211850956,0.14910810824379264,-0.15082927759169176,0.19099301013666975,0.17389177182666696,0.1813151117607472,-0.18528646818211636
1636,0.14353781880995364,-0.1936327681341943,0.1476127806445898,-0.14991181493506595,0.1896011797225507,0.1726780066006497,0.18010523723820962,-0.18462322567591427
1637,0.14362917996395483,-0.19432698545539268,0.14749564217865466,-0.14741971207572283,0.19017753114480923,0.17194843931455908,0.18002778908989675,-0.18397632195138774
1638,0.14228345716932564,-0.19582352969455946,0.14749527137504853,-0.1486240647987833,0.19195481530824435,0.17280533239038273,0.18092435763613568,-0.18469732235236805
1639,0.1434117205788546,-0.1958698043869117,0.14783307054099656,-0.14841440742495968,0.19076543399862553,0.1723171155395947,0.1806096081524796,-0.1846069045931211
1640,0.14210058394203856,-0.197328916880948,0.1480053723694126,-0.14906710391485875,0.1903949984900073,0.1724086104931244,0.18080498054127245,-0.18501373166186608
1641,0.1429657283197314,-0.19429525585980995,0.14791137722946868,-0.14928728940775557,0.1917897983152606,0.17280109856000703,0.18003090952806744,-0.18456968760705308
1642,0.14351247224077202,-0.19623539647683555,0.14913738856377556,-0.14939522403011565,0.19320486687952163,0.17357231647989035,0.18183932998246524,-0.18555579413222503
1643,0.14347203688792445,-0.19512663814288056,0.14801365796236188,-0.14883404538821526,0.1903830018532556,0.17257015041009563,0.1801858562422794,-0.18479099554477144
1644,0.1435072405844939,-0.19561983924896792,0.14746051141476185,-0.14802984497572796,0.19097837002381665,0.1724581042249726,0.18034889826759598,-0.18468650223791694
1645,0.14407283043948002,-0.19704139118452546,0.14854286807017966,-0.1490185198784256,0.1897544808030076,0.17314303160526362,0.18112655551697515,-0.18501324647523332
1646,0.14347153041868138,-0.1960919342040569,0.14766415940151525,-0.14916537276074238,0.18934501144637433,0.17221809065978777,0.1802287156534945,-0.18426975212179605
1647,0.1435835900453659,-0.19547932024700812,0.14748156023530049,-0.14806752046640229,0.19057117659507228,0.17211060900980138,0.18070993905589494,-0.18404127837058726
1648,0.1426117879460035,-0.19323364727024217,0.1464780633278539,-0.14714815031747036,0.19008041414070223,0.17141769320170266,0.17971088506003643,-0.18332699242287864
1649,0.1434223461391093,-0.19542304337025396,0.1470860995447983,-0.14793634766500496,0.18931188774654326,0.17264986720371236,0.1808535498623395,-0.18433109128082156
1650,0.14338577086065135,-0.1952217967953116,0.14878848326403638,-0.150133032496863,0.1906633067517069,0.17313534833134767,0.18161579120825022,-0.18580970755988507
1651,0.14604345261429152,-0.19488358676341577,0.1499317269262789,-0.15031572525754652,0.19160552470141584,0.1736773436716939,0.18165533200416034,-0.1854901016181963
1652,0.14236823070586613,-0.19684599833801572,0.14739426933652022,-0.14865702042892182,0.19211425130098958,0.17264300352627593,0.18034629363175966,-0.18484008996723017
1653,0.14236749842654206,-0.1940252096475918,0.14769659733722337,-0.1487002570786641,0.1919045109823662,0.1723509884955708,0.1800649791197883,-0.18427243407993082
1654,0.14297116980863928,-0.19484294028690255,0.14769555143798238,-0.14869360311454524,0.1905738767824251,0.17244056343228711,0.1796852485493851,-0.18442792085807
1655,0.14195256413868917,-0.1948094677675614,0.14694901016660358,-0.14809570558114957,0.19060779017128135,0.17219946655878537,0.17990306906086773,-0.18347663306267895
1656,0.14446086186792587,-0.1939894079731729,0.1482816649986616,-0.14988967875343873,0.1916493898921507,0.172144875694837,0.18067000460332475,-0.18485375962781828
1657,0.14421255674616712,-0.19526023777766943,0.14829387539415506,-0.14924712999908288,0.1915802260545836,0.17307854415199023,0.18060733966748077,-0.18429388059503438
1658,0.14334099604212186,-0.1957995046405374,0.14782847762955387,-0.14850964312567258,0.19060455142536584,0.17210203177719943,0.18044212543278573,-0.1845521169892218
1659,0.14378064470967028,-0.1963272148275154,0.14829419438479993,-0.14956867176744276,0.19024407946310143,0.17369770874139906,0.18114498081394148,-0.18568232806947768
1660,0.14344328854558427,-0.1956639003375165,0.14828558936293845,-0.1484327301020503,0.18991047865730604,0.17266775319185515,0.18025450225627565,-0.18455774720947457
1661,0.14197953770187047,-0.19499719729681578,0.14764714651036728,-0.14891119490568758,0.1924732090787915,0.17239648351648773,0.1803283446296462,-0.18405428147390493
1662,0.1445529351208968,-0.19492549671494547,0.1480664054635994,-0.1495142528284181,0.1911775132907333,0.17329292322036652,0.18097300769110578,-0.18516865714193984
1663,0.14465246859845693,-0.19611698801585772,0.14955341375720052,-0.14965272599032367,0.192439544527635,0.17379409927504594,0.18140663569011267,-0.18479602787420266
1664,0.14595882732124724,-0.19745926712343229,0.15014070080058248,-0.15075256018272118,0.1927501471472067,0.17401698816108083,0.18174532949150046,-0.1857772547450526
1665,0.14306249648593436,-0.19460812415688658,0.14739602482104786,-0.14739544868941842,0.19159512321331792,0.1718004991822922,0.17983567609776285,-0.18350923212843345
1666,0.14231309586293797,-0.1951814979341928,0.14665117221903415,-0.14797046518596135,0.1920985043192326,0.17166687131026914,0.17966329808909756,-0.18441715591242155
1667,0.14398068393130684,-0.19373950597245265,0.14944931496236674,-0.14931351311253452,0.19140065798312128,0.17386211350866393,0.18153966553579748,-0.1849344118265458
1668,0.14271324778481553,-0.1949314715038851,0.14787673455028788,-0.14756194193325042,0.19133967844476357,0.17258283232159224,0.18022380214371547,-0.18434645872532288
1669,0.14338236274902705,-0.19546686970738375,0.1473216311105699,-0.14866689348206347,0.19148141951098416,0.17271929671718786,0.18085982516247293,-0.18447864529120445
1670,0.14429733458643576,-0.1951505986632107,0.14851164564738664,-0.15012388647808184,0.19083757541740004,0.1727419417248595,0.18083413049463995,-0.18459187832005644
1671,0.14449031252642186,-0.1953307043533468,0.14887833872755624,-0.14844467427020305,0.1911785210040932,0.17328723108330304,0.18119491552445344,-0.1848787141962575
1672,0.1425573722276169,-0.19515310741918632,0.14722520040556109,-0.14829473476821994,0.1916179272922411,0.17237124349894478,0.1803584224022766,-0.1839671901215304
1673,0.14302105648431432,-0.19561449510174717,0.1476292862586212,-0.1484408621129829,0.19156545701572936,0.17219807086651667,0.18014588607976403,-0.1842414365103406
1674,0.14426750940494884,-0.19685193844756554,0.14811360908453428,-0.14847389283616858,0.19181066200956887,0.1732218520161405,0.18146574773303045,-0.18498980124095124
1675,0.1433045820089705,-0.1956054729325942,0.14785098762743284,-0.14731636985607757,0.19208598394419568,0.17243024874097104,0.18060371814947423,-0.18429917749558622
1676,0.14299165028211308,-0.19779852701904765,0.14835946717304035,-0.14903724751735378,0.19252359744615585,0.1734625658129637,0.18132790242691388,-0.18561214102026716
1677,0.14448205851813814,-0.19441496966633992,0.14834234953543515,-0.14947719113003732,0.19090254174668747,0.17317625708553394,0.18075569114480486,-0.1845173270763043
1678,0.14481327731645566,-0.19555357718181146,0.14959849920522186,-0.15043621814173813,0.19075602273932682,0.17309811266116037,0.180875003134258,-0.18540541136110972
1679,0.14355403823553284,-0.19640974698318692,0.1482691054052563,-0.14953135687204755,0.1908873550996923,0.17285002809730687,0.18058415876743947,-0.18485809478070087
1680,0.14548806202744735,-0.19538055851843714,0.14828009849852644,-0.14879074328492112,0.19152381032025448,0.17265305005397402,0.18050716160019945,-0.1850838544960473
1681,0.14354249859957463,-0.19505652901586726,0.14740096549944212,-0.14919071261476835,0.19000185686929996,0.17184118058195977,0.17981607839381625,-0.183764182725548
1682,0.14461719230248418,-0.195808489183849,0.14901105081620172,-0.14909108214926828,0.18958760351972845,0.1735579409301815,0.1815328063058836,-0.18467034958289635
1683,0.1424699570911686,-0.19380062603062348,0.1469623928343205,-0.1470269710315654,0.191385223909971,0.17157428014760928,0.1798623846814774,-0.183561925428122
1684,0.14312566454483377,-0.19515619830942232,0.14691390139867821,-0.1476154229727884,0.1906649487510423,0.1717464470306561,0.17975849087689116,-0.18414952082253053
1685,0.14179818544147726,-0.19369519302226612,0.14664815330351064,-0.14701042064113273,0.19009996413602168,0.17105698326913557,0.1783374642003215,-0.1831650588112651
1686,0.14355715253326903,-0.19536726754963785,0.14854305026966305,-0.1491914016769189,0.1919664376333717,0.17283361661192914,0.18068075265866362,-0.184752592390686
1687,0.14286446021618993,-0.19557997666971694,0.14806888003152013,-0.14858968608488043,0.1903116533150743,0.17234685447763226,0.18070729842864114,-0.18422878493072353
1688,0.14406274584313497,-0.1942843208584073,0.14856343617299964,-0.14975816339243161,0.19133702905314937,0.17382195443213064,0.1816388109766406,-0.18509144928210686
1689,0.1447600978894107,-0.19631226819222203,0.14928840197911047,-0.1496481083301815,0.19050509509044045,0.17298437453889898,0.1808545368924489,-0.18526371822331558
1690,0.14429177684423694,-0.1948713506820521,0.14832541007937944,-0.14985556741631545,0.1910790929882978,0.17260122783108936,0.18103439014428596,-0.1855601451753533
1691,0.14291496216540375,-0.19620391809388418,0.14908400493202065,-0.15008682492564682,0.19043006402801638,0.17365795259474173,0.18100670820141043,-0.18503960283980753
1692,0.1432674809654923,-0.1947644966873198,0.14845025898887154,-0.1495227710092793,0.19081705261770257,0.17288846983188097,0.18014695430307356,-0.18453253837299816
1693,0.14362159635500873,-0.1949855733470927,0.1476356348374562,-0.1493262665265368,0.19014816407980184,0.17237973271823978,0.18090550462198968,-0.1843948376181616
1694,0.14425151762174246,-0.19492207802684758,0.14899318411830598,-0.14994781245568867,0.1910535176885971,0.17331084660382512,0.18151548814741963,-0.1847047574163116
1695,0.14216331272055133,-0.19419994938415497,0.14694185960134953,-0.14768104801896942,0.18847249393551319,0.17162810901592093,0.17963169383717403,-0.18343943153179
1696,0.1450758212619896,-0.1945718034323071,0.14865521448775904,-0.14970161247027283,0.1908374877814344,0.1730853799203613,0.18056676194238927,-0.18501433031924278
1697,0.1440738206464467,-0.19588000787492785,0.1482513606812329,-0.14861101287402598,0.1918765569837183,0.17313138267414513,0.18044040557096927,-0.18464878511200347
1698,0.14381086870699522,-0.19583858809439478,0.14989201750112877,-0.1502138485875815,0.19161408695860288,0.17390107588922238,0.18200791659406132,-0.18622467667333006
1699,0.14307647615730987,-0.1952604987338994,0.14812999454396863,-0.14826819263367544,0.19069950605273595,0.17217547275013842,0.18035363755542974,-0.18454132898933834
1700,0.14460161608936356,-0.1963867719536477,0.14922924809449714,-0.14998816668830794,0.19193769662305246,0.17354845932354399,0.18098557106646923,-0.18548022156020746
1701,0.14381685997386012,-0.19509238089185854,0.1484050689694868,-0.14932927357027542,0.18949380497505083,0.1728765220431852,0.1807299474420446,-0.1845425928327444
1702,0.14354054196190683,-0.19533332100937748,0.14770831041587507,-0.14776056126387135,0.1905349149600599,0.17251342787128152,0.17968911813375274,-0.18398369074583223
1703,0.14397307083689687,-0.19574302946986735,0.14795308873072202,-0.14866886582281427,0.19088743857393167,0.17237289278718418,0.18051003348075206,-0.18469155615665464
1704,0.14377125769748883,-0.19485120005605924,0.14824995267052238,-0.14940052752894187,0.1899066504220708,0.17325280395994697,0.1810316312289708,-0.18480974390139815
1705,0.1425352975819053,-0.1955266002581725,0.1472420745825631,-0.14773202009747835,0.19212236840940397,0.17188975116523356,0.18006647514523497,-0.1841981678060774
1706,0.14316534283445373,-0.19448916904754437,0.1474964090532267,-0.14840989654545567,0.19086774536657256,0.1721564244288956,0.18006986880000184,-0.18415823798842978
1707,0.14337214384321018,-0.1944895198726025,0.14754943919275712,-0.14838537667553306,0.19149781989026482,0.17283354700156034,0.1804940845998366,-0.18431897221303398
1708,0.14444316029167703,-0.1968084508123081,0.1485179752708841,-0.14975300823864507,0.19161507065509586,0.17311639453859354,0.18138110958892817,-0.18567767848489508
1709,0.14284751077175897,-0.19405737281529023,0.14696753326088882,-0.1474298846514032,0.19142684054417725,0.17147920371451214,0.17958158097948054,-0.18355813627468126
1710,0.14463591829109645,-0.1934344078953928,0.1483253373966712,-0.14883913463638154,0.19272684711170632,0.1728168183760007,0.1805599971337123,-0.18437150163090726
1711,0.14392748588660162,-0.1954113408731004,0.14826625879605604,-0.14926986429529018,0.19110407342137606,0.17306125445774312,0.181014798067242,-0.18466439303899707
1712,0.1437072376536359,-0.1945645677591419,0.1477115894995325,-0.14890349847779472,0.19081342294677767,0.1720384889359567,0.17997974761062757,-0.184421583391424
1713,0.14266504580761522,-0.1954699183958202,0.14723009547670943,-0.1474221692687154,0.18968042225855097,0.17193072896038128,0.17953458328401536,-0.18432428931817388
1714,0.14214228877923302,-0.19464531155422346,0.14746753008689537,-0.14844037333898724,0.19018282397920383,0.17250278381996204,0.17997309187648713,-0.18412434983174575
1715,0.14443436069457366,-0.19626274285504094,0.14804083688905714,-0.14921419052842785,0.1906179939217704,0.17324808380990106,0.18088850224430172,-0.18515046290618117
1716,0.14133814102958797,-0.19553225475978406,0.14693615816097705,-0.14779597169288364,0.19057856445059293,0.17160495678927978,0.17968117595976155,-0.18376915791697498
1717,0.14402983525868734,-0.19461893038082037,0.1488407008008145,-0.15047253031610475,0.19234705810006952,0.17355859988019764,0.18156629253613682,-0.18580959180680778
1718,0.14151040199282902,-0.19464507627428398,0.14624541427793242,-0.14703469898940696,0.18902125765654387,0.1704007829926374,0.17938315165946525,-0.18296679283597533
1719,0.14471399177022828,-0.1951432363024665,0.1491334084931477,-0.14913443002082702,0.18913485789497889,0.17357980958858862,0.18066927921981477,-0.18517097636398994
1720,0.1426356173171247,-0.1940390815422407,0.14769216647261252,-0.1476910629075434,0.1907983833293884,0.1724340318375835,0.18008842467907757,-0.18392108461957346
1721,0.144752198167445,-0.19686507251702673,0.14936367276047274,-0.1506090477162027,0.19019930904251361,0.17374449397285302,0.18151544792759328,-0.18523164977678044
1722,0.14355851863544436,-0.19554236028900482,0.14855941809491607,-0.14928073588918056,0.19148271602874506,0.1740135884207595,0.18129075556645588,-0.1850326742390208
1723,0.14338763137134047,-0.19506753302407906,0.14750934275096753,-0.1486411101852598,0.19048561845338366,0.17220037632910037,0.18009965745739467,-0.18387887926439414
1724,0.14293340685595335,-0.1955884010199745,0.14691648447665576,-0.14846461470700625,0.1903515832099423,0.1718527105907722,0.18021391232750686,-0.18419686207148428
1725,0.1440228967011451,-0.19580819224292928,0.14874984402068925,-0.15005334348535515,0.19185001294430337,0.17290358930638944,0.18017634238275954,-0.18523012834741853
1726,0.14267801899213978,-0.19415831874049636,0.1468406678946714,-0.1480442029560405,0.19102621052830385,0.17157527910339945,0.17948348876933665,-0.18331802408272885
1727,0.14249129489241064,-0.1954523391188371,0.14722433579817557,-0.1490460644751342,0.19055825131057144,0.17205072491413703,0.17998006854491083,-0.1839825285776252
1728,0.14227837637691576,-0.19464457373947125,0.14689900087647048,-0.14780918675796598,0.19036497887917703,0.17165912165956482,0.17896444349947682,-0.18319261884250884
1729,0.14256877245039462,-0.19385942287133828,0.1472109026275888,-0.14778415708191234,0.1899928778717421,0.17156810759350774,0.17943591938411801,-0.1833988077948252
1730,0.14286489047550713,-0.19463769022717198,0.14753520123874364,-0.14762351231696427,0.19186241399899437,0.17281868841519055,0.18040541346785902,-0.1843372078291278
1731,0.14230943011815697,-0.19539947079979572,0.14731543261160152,-0.14836110048721288,0.1920608147006494,0.17228628663797121,0.18124748019919223,-0.18456405479396654
1732,0.14341740739749023,-0.1958102284270116,0.14843996174418528,-0.14893497858358898,0.1925650002903599,0.1727276594131071,0.18101576793856625,-0.18490678443770323
1733,0.14269154711351553,-0.19407548079728068,0.14732078515360952,-0.14847222830022036,0.190300003542118,0.17188496796654051,0.17994367876962516,-0.1837467189193541
1734,0.14098318353662234,-0.1936672721084354,0.14612266525551248,-0.14689425899276817,0.18841963859864766,0.17098329265323084,0.1787854773359111,-0.18279454318827756
1735,0.14211242154612633,-0.1935696900787919,0.14658188194769034,-0.14755814785312724,0.19006251707516028,0.17142437586337855,0.178931926780095,-0.18315039466621016
1736,0.14335922008737995,-0.19512813969357062,0.1476458791614379,-0.14825272555709906,0.1902513760806199,0.17297214037083403,0.18082337378583277,-0.1849712670551972
1737,0.14256419688607985,-0.19507877841327503,0.14686441708790315,-0.14750845192930878,0.1913975969853947,0.17219608415307017,0.17954478114763206,-0.1837322190791618
1738,0.14205208519371634,-0.19461834787761842,0.14694828288702697,-0.14795342366456787,0.1904723523177976,0.17165568269807208,0.17990166729348175,-0.1834047502711497
1739,0.14293316735752878,-0.19623315000171557,0.14861591904854185,-0.1498242966506603,0.19231740332643202,0.17296811219106623,0.1805608163981434,-0.18481856866743365
1740,0.14458095321784706,-0.19620995754073395,0.14913846262027164,-0.14984905025609077,0.19213931539403847,0.1734014089058376,0.18152882022747788,-0.18555027889045575
1741,0.1430686529349721,-0.1956043365363234,0.1481519922222439,-0.14928111037770825,0.19144523399772323,0.1732806922432257,0.1811772612411402,-0.185158183563811
1742,0.1427322333106318,-0.1955132745254266,0.14763620333753183,-0.1478822464834405,0.1905174415660217,0.17222708087251654,0.18106035233236598,-0.1843866656064191
1743,0.14168481481466477,-0.19529485448094352,0.14694529424159802,-0.14773981302825503,0.1911011572854786,0.17223525801831122,0.17961737665086247,-0.18445487175852973
1744,0.1443653871978021,-0.19560561406287214,0.14942992269537744,-0.14977428658765757,0.1920243785784001,0.17318360810440267,0.1813399408323475,-0.18509761413339865
1745,0.14218905052443567,-0.19446480653999498,0.14704847279719604,-0.14805763731564073,0.1912469129110957,0.17188424184185927,0.17947603249834732,-0.18401875479735094
1746,0.14258204218748102,-0.1956576991258448,0.14762970738755074,-0.14906942421593977,0.19011609805908414,0.17226651518460082,0.1801494126690116,-0.18482880863196083
1747,0.1432756222693158,-0.19672401326167116,0.14790003529531015,-0.14899919331028771,0.19183241223245995,0.17226473540978357,0.18053661659355721,-0.1848444520664105
1748,0.14335793475544084,-0.19449473500290473,0.14752409074623263,-0.14819490433768467,0.19109314619930734,0.1715670344642504,0.17915822245329704,-0.1833050760733789
1749,0.14317006261916654,-0.1939005265443194,0.14845597663302376,-0.14935751783932544,0.19029442186485962,0.17257661504783836,0.18090171067284053,-0.18435921392306456
1750,0.1448915523973043,-0.195273570032424,0.14948087683343156,-0.14960266105827358,0.1915602177306595,0.1732524059864026,0.18107526783413147,-0.18509564970425474
1751,0.14243374684094176,-0.1930580411898558,0.14633986427667167,-0.1476319157428742,0.1890421742024444,0.1710935755141111,0.17883134990118532,-0.18291789070374737
1752,0.14498011019724955,-0.1965951371314932,0.15003284812391476,-0.14956441553550837,0.19208436130881015,0.17350402967396672,0.18149958276634523,-0.18546189496740936
1753,0.1430907337095491,-0.1955551353876725,0.14815586257644695,-0.14932255062007124,0.18950984907841564,0.17210464016780702,0.18037863079083039,-0.18433208511820554
1754,0.14290730246820632,-0.19417274571397877,0.1477469461726108,-0.14834288417100616,0.19038337436673697,0.17239801058854354,0.18001062084022298,-0.184486923203318
1755,0.14327089562312817,-0.1956608746105455,0.14776558690336794,-0.14865937060158735,0.18966488955787014,0.17213288232431068,0.1803215608577503,-0.18408180945091784
1756,0.1422951613796121,-0.19371255365232237,0.14767908532857377,-0.1470951784973024,0.18822533824986926,0.17171022817357126,0.17916924222423244,-0.18348570466802455
1757,0.14361641697256677,-0.1961174556636073,0.14814598862145556,-0.1496058238628163,0.19045420824381754,0.17298207842407337,0.18026168258225017,-0.18493400149723666
1758,0.1426265183484516,-0.19522208467930952,0.14771939448914234,-0.14865372299409296,0.1892397769054122,0.1721916960484075,0.18010532821053757,-0.18462323601606212
1759,0.14178254877794863,-0.19335275000019886,0.14646735096074798,-0.14752360807750065,0.1915833269475359,0.17127820384453704,0.1798158365269762,-0.18329485477547294
1760,0.14324950107556714,-0.19338771763345258,0.14817363475769205,-0.14873090893331287,0.19025779506297566,0.17225065191547978,0.17980100138297272,-0.184066406171415
1761,0.1439531232400212,-0.19582782061273907,0.1476535391561915,-0.14850686085044396,0.19247218425007154,0.17275193864848426,0.18078884179904578,-0.18487749959473077
1762,0.14497742323665336,-0.19490534591783734,0.148952309150785,-0.150107587289867,0.19237244097004794,0.17364756210935556,0.18118298373060746,-0.18540306948116395
1763,0.14217243310174996,-0.1941147257785892,0.14609753023395886,-0.14783643946572736,0.18967295191680195,0.17026001291197287,0.17892656550164793,-0.18325227508958894
1764,0.14306462617680787,-0.19579729518359573,0.14838633146209446,-0.14822723812203112,0.19010463896387747,0.17274946529263918,0.1808743638014519,-0.1843409843485118
1765,0.14310120860681683,-0.19610509813794555,0.1478695463425466,-0.14882081975181674,0.1924207002939839,0.17287833387112583,0.18068711099467566,-0.18469774523911447
1766,0.14512981319300577,-0.1956806769564538,0.1486496046798098,-0.148654166845208,0.19116224646028426,0.17244724547769902,0.18065665064574005,-0.18492003975093538
1767,0.14371414287399661,-0.19662877077251878,0.1490568502034503,-0.15018018286633295,0.1928761524175199,0.173513273705256,0.18131996106862752,-0.1850560087665595
1768,0.14438094163070564,-0.1959957714213836,0.1483333984256909,-0.1506276442712445,0.19169191159489368,0.17326355620249945,0.18177611623167522,-0.18553231682446517
1769,0.14252137465316406,-0.19506496549675054,0.14772132121173726,-0.14832093727679765,0.19134029381719633,0.17221989117580735,0.18047448328871954,-0.18475774136173298
1770,0.1428943300717709,-0.19625020915734928,0.14861413308046087,-0.14877397908870008,0.1887316867774566,0.17289297787721178,0.18087991592662533,-0.18485733548434885
1771,0.14323523046667627,-0.1950366987679849,0.14820054015967413,-0.14881078076409426,0.19147238410567533,0.17293237963446026,0.18037052168392512,-0.18418640119949437
1772,0.1428581062025317,-0.19527238325808577,0.1471328041606703,-0.14792481734357563,0.19096642132545366,0.17256850467938678,0.1798336014487303,-0.18474995460464716
1773,0.1422529082355804,-0.19330114103494317,0.14648619441903754,-0.14789566020247708,0.19219325874706547,0.17092500866508128,0.17812579761408864,-0.18326093287003947
1774,0.14336580149649158,-0.19594065665592736,0.14810001149226718,-0.14819832888853712,0.19017649306960024,0.17271345892176238,0.1803397295795954,-0.1848346054706053
1775,0.14366049815308085,-0.19532571664386653,0.14825194730021057,-0.1486305546520109,0.19154454538720395,0.17222828826653794,0.1805276335050621,-0.18419896296122618
1776,0.14386881192151602,-0.19643675058382049,0.14884283330060982,-0.149183911462311,0.1920501792267229,0.17350008676675396,0.1811282911111124,-0.18519312687347544
1777,0.1438465052996307,-0.19525219174107877,0.14724879676507918,-0.14870588194367373,0.19139241028935433,0.17281342110425968,0.18032242052840958,-0.18452347425262916
1778,0.14301388543733357,-0.19407143656128534,0.14793034616244338,-0.1490455716427818,0.18878920868416763,0.17205043190933805,0.17990243881571483,-0.18333932518015114
1779,0.14403607350047173,-0.19668847938020603,0.1491272253541561,-0.14984610641445514,0.19214635849479764,0.1742595737132658,0.18183122186498407,-0.18569668701566552
1780,0.14266058129880957,-0.1950649718592303,0.14677239526526664,-0.14792411881596015,0.18965335126378738,0.17147740747361834,0.17966354998861853,-0.1837952925404289
1781,0.14260011767563627,-0.19483242333753537,0.14737769008598578,-0.14781289063610967,0.18910639909681118,0.17281206659473014,0.18062617303864095,-0.1851339998664047
1782,0.14444652433495278,-0.1952013918909655,0.14850034624317773,-0.14915117496965483,0.19105364619134566,0.1726724445008301,0.18028950443737088,-0.18448791269031709
1783,0.1424076189821258,-0.19523345176247978,0.14782325146427516,-0.14766235634040917,0.1905127469992952,0.1724782146519201,0.18039715270037707,-0.18439446782439722
1784,0.1457021566584842,-0.19460317024726986,0.14969297105877993,-0.15110139776998138,0.19082227071737473,0.17341121968494783,0.18157643240808113,-0.18522021251137225
1785,0.14260994105841274,-0.19603869065403015,0.14845378431692577,-0.14791944675912272,0.18927468791514188,0.17265275641731032,0.1807125009521743,-0.18478748261265487
1786,0.14500211763761614,-0.19591254238947603,0.14886554260809978,-0.1509707544508056,0.19116336568120929,0.17263273080572855,0.18104226326350495,-0.18473348704553488
1787,0.1445725386204422,-0.1955387171995709,0.14782897300937592,-0.14824373477717306,0.19202972237567364,0.1730153150291346,0.1812105722543949,-0.18461003602425094
1788,0.1436942021848106,-0.1953120166131997,0.14787908743772266,-0.14878605647868884,0.19234518766381617,0.17327407354195282,0.1803297278398571,-0.1844474102175041
1789,0.14398465944992872,-0.19575954228359632,0.14816741726153232,-0.15004330457405626,0.19168561935448525,0.1735756297387309,0.1803017360839439,-0.18515248978959503
1790,0.14391238936184403,-0.19594021106858386,0.14921761878437392,-0.1493521830565825,0.1916775595018486,0.17363441279335798,0.18131529596368362,-0.1851433884769399
1791,0.14316029700213112,-0.19498156602480082,0.1470895410422819,-0.14813774136025043,0.19095227479189325,0.17249728462233452,0.18032335770210156,-0.18450351137543056
1792,0.14424629419038104,-0.19624238552656553,0.1479369802440832,-0.1495425020213198,0.1913016410654283,0.17307761845310335,0.1807576858069041,-0.1843290652011292
1793,0.14474803886626897,-0.1955877638214551,0.14856401791884102,-0.15003963791504166,0.1903331776442653,0.1731650284063547,0.1810201328885922,-0.18494307880210673
1794,0.14420893285128095,-0.1959470846709951,0.14847024689255264,-0.15052788891617624,0.19006117785815524,0.1730823070505526,0.1807497725902467,-0.18469746233613624
1795,0.1420782383901589,-0.1947150538780204,0.14704181436490601,-0.14766163578245575,0.1919362268603659,0.1714173097397713,0.17935668060673865,-0.18403823924554094
1796,0.14444923203282237,-0.19554560062762447,0.14827144121153404,-0.1485215353553739,0.19013502466430426,0.17301544512560543,0.18055666967119496,-0.1849819257785933
1797,0.14344091453337773,-0.1947451189338346,0.14772964095402188,-0.14808973655271154,0.19169374141976725,0.17191202148564758,0.18016361605007405,-0.1839959326978461
1798,0.14364690783003933,-0.19585879030442754,0.14860532081352087,-0.15009066975409138,0.1902017171343539,0.1732290104587255,0.18161866062387919,-0.18569305328309543
1799,0.14352707443442428,-0.1961984149541671,0.14654736797123574,-0.14790002019462803,0.19157597842611584,0.1723267989106287,0.18019043708570046,-0.18390112957128235
1800,0.144833797665284,-0.19671733165507496,0.14947438997460033,-0.15044144021603895,0.1915487048789276,0.17408823648543428,0.18181946038007135,-0.18609993838144565
1801,0.14394236366009341,-0.1945770359877999,0.1479422232685345,-0.14913152706768337,0.19110953704171238,0.17278283393985305,0.18073166588940803,-0.18486009466784942
1802,0.14435586602495717,-0.1953042832958207,0.14832089563934606,-0.1495136720069558,0.1904393843511226,0.17320747465360628,0.18062247873382997,-0.18488083096928631
1803,0.14209330409808554,-0.19452079294733252,0.1483078971884076,-0.14801267427341372,0.18964960095467837,0.17211686563353185,0.18048257574774051,-0.1848503530940188
1804,0.1431057422693431,-0.1955458471457411,0.14821413319285473,-0.15012544168356312,0.19029839307610194,0.17302689413173455,0.18040225325993436,-0.18471807164730233
1805,0.1440301573696834,-0.19442563879140098,0.14784093398564338,-0.14775686282927986,0.19037181994063584,0.1730647830321124,0.18087253946899265,-0.1851765453491499
1806,0.14279598806966365,-0.19458752386033715,0.14756201329977406,-0.14864611064676908,0.1898687651087865,0.17301949900267174,0.18119000822541403,-0.18507706475427319
1807,0.14248183693341818,-0.19364560748427512,0.14694737819836937,-0.14805421478755268,0.1906649060215567,0.17198354532045437,0.18002800193801255,-0.1836945181148448
1808,0.14236429703947673,-0.19489407772802325,0.14705309077602002,-0.1484647149894125,0.19116881737145427,0.17189805375649,0.17961920893650093,-0.1839700366382542
1809,0.14437454811915373,-0.19686649958762986,0.149652679664683,-0.14998045619967515,0.19276120346577333,0.1744909184019892,0.18162758881177538,-0.18592508234625427
1810,0.14442324502675252,-0.19600486139626952,0.14989758039017412,-0.15012022756200752,0.19035658240258913,0.17386785949861094,0.18166903097963838,-0.1852984074761454
1811,0.14228825507085033,-0.19495048684332839,0.14674477804988478,-0.14677195447861832,0.18921226319344486,0.17170896920677423,0.17963273367236665,-0.18397855835138502
1812,0.143450967629327,-0.19553780004954993,0.1479588540096121,-0.14828093172031515,0.19097867280834793,0.1720939816336253,0.18028181649933836,-0.18400898728876863
1813,0.14354919866637278,-0.19522837441168714,0.14820174608548467,-0.1480231353777701,0.19109135161911447,0.17279588283838992,0.18039491593518128,-0.18464607401602895
1814,0.14268081062118415,-0.19584218118133986,0.14793436262071213,-0.14824293730825516,0.18979196316810834,0.17270870146486977,0.1810837195543119,-0.18476958580487812
1815,0.14413891838546772,-0.19645813996820752,0.14938920709883666,-0.14949940099105322,0.19258391627478536,0.1737008318519841,0.18164720809934046,-0.18490322111045
1816,0.14204993048214823,-0.1940649239638593,0.1465927131865698,-0.1479442066832572,0.19073525637360694,0.1717271829260975,0.1791291195648282,-0.18343921571865562
1817,0.14321389251705033,-0.1962399815928119,0.14814611827931548,-0.1501108076924109,0.19166553745520867,0.17314360122707553,0.1813352545413643,-0.18510384369522256
1818,0.14338130886758205,-0.1948463212229505,0.147803940945087,-0.14866545722573427,0.19076405150267942,0.17185536255518835,0.17979080500135144,-0.18357058747518176
1819,0.1434432649052214,-0.19426642503810068,0.1467689204492143,-0.14872165876868187,0.19093045449174395,0.17133074974356147,0.17930568429328297,-0.1832724061882628
1820,0.1420737544076692,-0.194493345480778,0.14724438623385164,-0.14789237214099762,0.19064113948865472,0.17139132134908447,0.1797632037695936,-0.183075099138585
1821,0.14387335191984688,-0.19470360072473028,0.14875211920336076,-0.1489714506680933,0.19114664944963672,0.17341208938434213,0.18128296363462001,-0.1854370222459977
1822,0.14308362830717952,-0.19347481064310879,0.14712775934175412,-0.14818057134520896,0.19007435823852886,0.1719741114093449,0.180298507035266,-0.18396219876535727
1823,0.14337264569119015,-0.19490358211070719,0.14750972993427555,-0.14687146243669638,0.18919484119350233,0.17251524264856538,0.18071071914330816,-0.1840644053539325
1824,0.14201438552530768,-0.19453888155292895,0.14677326370569413,-0.14860025390774942,0.1910236289799642,0.1719163947137274,0.17960807099117918,-0.183705702552124
1825,0.14155800203160926,-0.1939847333550198,0.14636283821316443,-0.147599332290252,0.1910221900676365,0.17090567344185234,0.1798842464624026,-0.18328546737561544
1826,0.14529899303287244,-0.19467829281463805,0.14907539268191194,-0.15030755887483008,0.19053721767858856,0.17324948161437,0.18137174330193653,-0.18471567444757445
1827,0.1434714868182082,-0.1948559089785632,0.14808352837034006,-0.14866710140274564,0.1904887453987121,0.1720450269973899,0.18023660547083742,-0.18409623357183116
1828,0.14317329696669231,-0.1957248565975357,0.14910653153138256,-0.15015226262341821,0.1937176639996309,0.17376688224745512,0.18219028095813017,-0.18586069491114135
1829,0.14228815672658846,-0.19352997064511812,0.14666435676734796,-0.147571051291529,0.18848059774031306,0.17057860526890883,0.17866312818837082,-0.18290341818792058
1830,0.14334799174434348,-0.19403654496884556,0.14713406384476307,-0.14811788115328134,0.18982848687339202,0.17170505606805936,0.1796829952630653,-0.1829716062609187
1831,0.142485321417876,-0.19519677904634344,0.14792441842947318,-0.14910171755619886,0.19123886380895966,0.17212142859380597,0.18082777604029146,-0.1843454757721099
1832,0.14385036933261497,-0.19670226771456958,0.14891666723885838,-0.15020226340080106,0.19052015591633745,0.1732043000417252,0.18112010513146193,-0.18558999218399555
1833,0.14342133455899683,-0.19473823828893239,0.14799629626553001,-0.14829630800178895,0.19007531384633322,0.17221423933319618,0.18065434535301486,-0.18397689457131797
1834,0.1428364442957255,-0.1935896409653772,0.14719440926354435,-0.1487010450547429,0.1914495345786136,0.1714882612018838,0.17966382039321332,-0.18292045929328354
1835,0.1426295134594647,-0.1946240492028813,0.14745910025877898,-0.14789528016546405,0.19022066033130647,0.17255829192435876,0.18015320374948782,-0.1845148040516596
1836,0.14273045501681697,-0.1947391058363954,0.14790343201134631,-0.14816564170003066,0.18997387063742913,0.1721897181917148,0.18025391342124733,-0.1844673487264222
1837,0.144362288391665,-0.19652179668520045,0.1484029108695297,-0.14966511314216913,0.19171625356612923,0.1734462252725909,0.18110295563193665,-0.1853513950324783
1838,0.14364904284102523,-0.19602152080161658,0.1483870855069747,-0.14913014663988705,0.19202328989422346,0.17312014407273874,0.1811186036995398,-0.18519908488151746
1839,0.14283909390921726,-0.1948222075855135,0.14782200744436425,-0.14874054169546364,0.19148036153670056,0.17241786164582493,0.18035110977926821,-0.18417734703876737
1840,0.14400704046812013,-0.19632106338892488,0.14877965991139355,-0.14935820539194816,0.19168435214733712,0.17337200447797643,0.1813237056049156,-0.18560279691591494
1841,0.14470197889721484,-0.19553818948152504,0.14918268280244515,-0.14973193634904353,0.19238014564956077,0.1735312764106563,0.181275792337289,-0.18507435211792597
1842,0.14148145846554322,-0.19470531100494395,0.14694102376328283,-0.14841274858371317,0.19043438097770576,0.17213942272699406,0.179392541018612,-0.18391378868519775
1843,0.14498274087400087,-0.19483654219512309,0.14887997672959566,-0.15043446612070047,0.19185830022050004,0.1732881906069764,0.18122225343362552,-0.18522851653780564
1844,0.14407012457623788,-0.19463987469041935,0.14858275101577909,-0.1498943575782212,0.19188407909540794,0.17375700135804661,0.18133863291236807,-0.1854448066273435
1845,0.14335736292706788,-0.19575186871254416,0.14809955757634288,-0.14941089236465227,0.19159976581256025,0.1727959603583481,0.18086555971651583,-0.18500510168017414
1846,0.14249057408201538,-0.19361550412397383,0.14756632563556699,-0.14755083448829517,0.18920211940452622,0.17224096109258943,0.1802269597444489,-0.18386051584022906
1847,0.14346862604892147,-0.19689746398233257,0.148465562057546,-0.14950297535173357,0.18940260342756854,0.1732078984735942,0.18089077603376585,-0.18518700497072998
1848,0.1426802359674772,-0.1954521260363826,0.1479157069871478,-0.14918799201604635,0.19143877057217437,0.17250781085648662,0.18044987640676463,-0.18438629441061627
1849,0.14483721905661903,-0.19568310615125148,0.14798483965655015,-0.14928533931183033,0.18996410040672881,0.17328217388035363,0.18079222259056676,-0.1851467474108431
1850,0.14337678846707166,-0.19570924014334715,0.14831706415574475,-0.1481127628160949,0.19298737430432064,0.173248895107349,0.1811021622550469,-0.1857123344491779
1851,0.14192272362982944,-0.19565272647106535,0.1470765083330211,-0.14777445578626378,0.18939802500444122,0.17199527003549797,0.18027693856269222,-0.1843772030048394
1852,0.14416494928689322,-0.19580860159299923,0.14789856449107924,-0.14859207944544947,0.19075852021383924,0.17259632146537823,0.18031597006638134,-0.1848693156147926
1853,0.14395288248445703,-0.19380020708018597,0.14778263228787503,-0.1483563511109459,0.19117363813767985,0.17173280059762402,0.17985850875954643,-0.18405394036741607
1854,0.14313552213712136,-0.19419070456291582,0.14700967593911857,-0.14847410732534724,0.19031278344274746,0.17163156236931662,0.17981236477304505,-0.18354943589445072
1855,0.14235953921944558,-0.19484244160562192,0.14767453306749098,-0.1493674555551861,0.1922835401132202,0.17225346247617723,0.18045138965160332,-0.18432800853546233
1856,0.14316849771424436,-0.1952302838454318,0.1484355881790799,-0.14866155953282173,0.1910547807362015,0.1731851256171576,0.18092857750370334,-0.18467634543972064
1857,0.1426442442401996,-0.19492618700562925,0.14744466581380083,-0.1483672539950121,0.19188108741704968,0.17174150595133264,0.17987062547576674,-0.18404487106048534
1858,0.14407733038527998,-0.19709508556606523,0.14874154830028297,-0.14814158145318004,0.19267145558409157,0.17355177331830302,0.18110951667592387,-0.18550254955584872
1859,0.14272135851875284,-0.1976152581231419,0.1481260710859504,-0.15014631917651397,0.19205557544097918,0.17370418426751122,0.18155559091170503,-0.18553876257646001
1860,0.14185443524433586,-0.1945448189193605,0.1473935648296862,-0.14761396674227606,0.1902694503025174,0.17230939178071555,0.17962980214221913,-0.1839352539563082
1861,0.142641439886995,-0.19545080939931211,0.1478501736088469,-0.14804485310484714,0.1921176127359648,0.17296773132176013,0.18058227980237432,-0.1845228372018109
1862,0.14374301759296643,-0.19334430098605282,0.14803070599347273,-0.14860031325640866,0.18899848177903672,0.1718428139384553,0.17939378840350068,-0.18420985549308438
1863,0.14438326099745438,-0.19578324006503567,0.14873791112963974,-0.14976145981366193,0.19158570426818097,0.17324243535474484,0.18096798984682813,-0.18540310967213341
1864,0.1440067385938145,-0.19686766926073632,0.14879686268407213,-0.15016051593543622,0.1923270054836536,0.17319198790982468,0.18156362283040894,-0.18589538874566267
1865,0.14349669234424817,-0.19666977490000515,0.14849529829286714,-0.14878282150894073,0.1918824190665755,0.17326502620741294,0.18082051713111452,-0.18532524087236607
1866,0.14411657378326406,-0.19567663278788866,0.1486007756703683,-0.14971817480585464,0.19077779395537603,0.17362250079154123,0.18164160083391775,-0.18515613885312437
1867,0.14343841006238175,-0.19523917698565563,0.14818071594350213,-0.148110841445497,0.19060520308900125,0.1726150563374019,0.18082277886629197,-0.18451220308207972
1868,0.14288902366748923,-0.19539001752970914,0.14841264767460025,-0.14910392715262488,0.19147179213866597,0.1723118155698923,0.18035035521934395,-0.1843755626010877
1869,0.14226740357525508,-0.19529342140420403,0.14746068072838334,-0.1483219596974748,0.19179691790910008,0.17269615376304964,0.18096545521402585,-0.18505573163487865
1870,0.1428089062419949,-0.19589596334980178,0.14802700593404236,-0.14909608929010354,0.19218924501086426,0.17267444131803197,0.17995678273124285,-0.18463888099599676
1871,0.14285511576301507,-0.19499624200552948,0.14786183980850667,-0.14839577928086745,0.19123713644204063,0.17195282332889367,0.1800837885392075,-0.18424221201556856
1872,0.1434906288133788,-0.19586746021768722,0.14777287910054135,-0.14903754707144481,0.1910161922443225,0.17237873433434223,0.18087668028344434,-0.18447449591803156
1873,0.1436381830010388,-0.19356347004613683,0.14794647993196242,-0.1492491643728089,0.1907862453504811,0.1720851821192207,0.17942762031963866,-0.18380549833850288
1874,0.14520799560656875,-0.19491010143734946,0.1497535741988415,-0.14895681070323455,0.18998256848715422,0.17279512132636235,0.181258653917299,-0.18466057910786865
1875,0.14412754929473665,-0.1936458933083436,0.14783723353341718,-0.14964649279509326,0.1914706607318157,0.17208189350425573,0.18035344523731636,-0.18409492563516047
1876,0.14411336462545876,-0.19357671482384023,0.1482647457376856,-0.14825282769489392,0.19015008753211723,0.17231153160926418,0.180230083686687,-0.18405250859317426
1877,0.1431306345028263,-0.19465613253612357,0.1478853941120894,-0.14763763045474837,0.1911604007348426,0.1729867473977993,0.18114695645847342,-0.1851250029692446
1878,0.1438946426829303,-0.19277604783744706,0.1489595918818747,-0.1486999677865028,0.19078707488291788,0.17231192312341778,0.17972513138241852,-0.1842095638762824
1879,0.1422577790029472,-0.19514016129358017,0.1474478021816596,-0.1473836610627109,0.18960933843957342,0.17140819915585281,0.17964283904828862,-0.18370184156821945
1880,0.1446669689719889,-0.19591966003041952,0.14896539460495492,-0.14959056334666246,0.19031675707632625,0.17361269249374264,0.18135561324226457,-0.18497212834366544
1881,0.14386968111441936,-0.19543134659704697,0.14830171901168437,-0.14805085676300195,0.1905992032168045,0.17274857542381392,0.180823161038163,-0.1845456180057161
1882,0.1423640004144409,-0.19461442728915174,0.1475642073654377,-0.14800960882867253,0.1915490757896688,0.1723182472547243,0.18012751437014515,-0.1842456218441953
1883,0.14322049069831147,-0.19411869759626918,0.1476097456153974,-0.1479228698981731,0.1896039027504237,0.17189254694605433,0.1803589347095907,-0.18363732702938163
1884,0.14193803156572252,-0.19446673810976733,0.1465603890623956,-0.14722780518403136,0.1889075899842731,0.17199548782506577,0.17979118422943163,-0.18393813054780442
1885,0.14437061637474302,-0.19510613772152388,0.1490322609834649,-0.1496918735554223,0.19120936916891534,0.1731436686815701,0.18068242407055593,-0.18481798060243715
1886,0.1426643138114068,-0.19315993391183844,0.1473348389280473,-0.14753553328162822,0.18974452078417872,0.17211967476588744,0.17973895259981604,-0.1836507882380854
1887,0.14317253053060575,-0.19558195311604065,0.14827794575995693,-0.1499233511517617,0.19125269622382013,0.17308106384849103,0.18071461545134312,-0.18492311956995228
1888,0.14345568818704824,-0.19419587302034577,0.14726508283715933,-0.1477694179234269,0.18962470137260556,0.17249088897079287,0.1794411317730111,-0.18400390989080032
1889,0.14355624526224298,-0.195414761495633,0.14820638597303049,-0.14861871148850486,0.1915479343749728,0.17266673082768105,0.18071141278830172,-0.18408741125216702
1890,0.14462067242340731,-0.19535311390660007,0.14866079692153436,-0.15028691651709392,0.19128734372101885,0.17298075435271312,0.18043054409044051,-0.18494989299831913
1891,0.14372831279059348,-0.19492873432694868,0.148340845912745,-0.14851664915709142,0.1906729169590355,0.17321159883024706,0.1804946261218841,-0.18461436208586743
1892,0.1443588509534451,-0.19767127580458993,0.1490746496931627,-0.14956223489710976,0.1927392421928196,0.1741036430021701,0.18162146087972275,-0.18582934575806162
1893,0.1428993729598021,-0.19279475294351195,0.1483864517436378,-0.14885249784717258,0.19071802890688316,0.17249580540308396,0.18024563309033254,-0.18384256187211806
1894,0.14347012329985917,-0.19586118167924915,0.1480345755884774,-0.14881407526255142,0.1898423255556123,0.1728270663977464,0.17998439621849568,-0.18410796426793632
1895,0.14265000531931915,-0.19505748323053912,0.14794903807212129,-0.14800141121250282,0.19021230530623576,0.17275105353419976,0.18067160938050145,-0.18464724030335816
1896,0.14476541433659665,-0.1954189463768971,0.14941135255641594,-0.14916272394022936,0.19238477156348255,0.17329307208798028,0.1809952224771644,-0.1855828269017051
1897,0.14297682570824186,-0.19559171629538885,0.14762604057507878,-0.14836808723452077,0.19094248475278705,0.1726958403067122,0.18012993685166145,-0.1846771405158008
1898,0.143978067628822,-0.19512573832338842,0.1480112366176785,-0.1481940259461276,0.19152983055879674,0.1725767787559907,0.1805262025928492,-0.1842030486306213
1899,0.14448101273018793,-0.1942867079762953,0.14836799117611796,-0.148648765344922,0.18980845571364757,0.17254885313808502,0.1809689784120105,-0.18408557441310394
1900,0.14238364560244368,-0.19588784543592555,0.14818404850057063,-0.14877423838443773,0.19085996025054056,0.17341474376199886,0.18137132038974502,-0.1850442503437215
1901,0.1427503298074766,-0.19493109209332202,0.1478850193489085,-0.14731072101699885,0.1899942631904359,0.17213143140601134,0.1803167701405722,-0.1836039098286057
1902,0.1435126886594001,-0.1947887769619757,0.1473554509077414,-0.14847286863790013,0.1897115403978119,0.17185927981496385,0.17960145740345806,-0.1838418480266219
1903,0.1443375460777565,-0.19500703102629793,0.14844498176155385,-0.14995064177404846,0.1890819119435353,0.1730452044168152,0.18091647294682278,-0.1845272063111948
1904,0.14500064316132555,-0.19602716502060413,0.14823093737402238,-0.14894379073385824,0.19047013503914767,0.17237470165529548,0.18059328798670346,-0.1848423742478918
1905,0.14356543003829403,-0.1952331098749371,0.1483667986039478,-0.14834691645830872,0.1921377573964239,0.17255198002959732,0.18043958295678092,-0.18456260798460475
1906,0.14187308787666372,-0.1950976154642459,0.14659216696186858,-0.1467975343826829,0.1905535528781658,0.17155682436854744,0.17980582990580726,-0.18370354109544224
1907,0.14416837628277857,-0.19716134314089306,0.14920222339586528,-0.14995081632567425,0.19114453839847456,0.17444640244283385,0.18168935765273744,-0.1860559597259996
1908,0.14213573965485407,-0.19549619914761948,0.14783004452583104,-0.1492253720191755,0.19285229198180256,0.17260696083641638,0.18095176694697182,-0.18507876947580443
1909,0.14337007183628253,-0.1956770372473217,0.14745250405757598,-0.14807886153035466,0.18961070254312842,0.17230213907882005,0.18069705222924368,-0.18451061598073085
1910,0.14263207038781936,-0.19305015208715193,0.14633181002637444,-0.1464169074900924,0.1888526978078112,0.17113679721915243,0.1791837238671154,-0.1829952879295007
1911,0.14196661643454178,-0.1937922569602193,0.14670816153847116,-0.1473417168784035,0.18968322049925784,0.17100175862800215,0.17889229714634622,-0.183167818307755
1912,0.1417447221390295,-0.19418294714657736,0.14675559957574172,-0.14785629556533347,0.19018169761086468,0.17175465177906651,0.1795376457167618,-0.18396093383656625
1913,0.14332951964957563,-0.19675263856132463,0.14743093292969311,-0.14849150613183032,0.1912258947451165,0.17208181681211898,0.18017082535498774,-0.1846187563918302
1914,0.14474013024284632,-0.19491973474507174,0.14908299558280538,-0.15039107860924558,0.1922892890660081,0.17312738823506135,0.1815655020206506,-0.1846796928608341
1915,0.14545505174284107,-0.19766781660025673,0.14889232534871674,-0.14927548105877025,0.1924276492782683,0.17408531580363246,0.18141582975339363,-0.18567391016376159
1916,0.1429921993069712,-0.19374881346826603,0.14756868293177047,-0.1488466857450692,0.18888823368262392,0.17224585846840998,0.17990050446840147,-0.18420807459537758
1917,0.14351123842843844,-0.19445540691036572,0.14689825602567153,-0.14812114400817392,0.18972257435714693,0.17165249080361814,0.17937613216584447,-0.18420741704965074
1918,0.14246636807849744,-0.1950874575187058,0.14750101982956393,-0.14753618318519995,0.19065965881634764,0.17218800951494423,0.17929285271401638,-0.1837855048680259
1919,0.14490908997543278,-0.19380243322545285,0.1488267887223665,-0.1499394968737216,0.19124579883884785,0.17303581585995956,0.18090017585131454,-0.18478883570422364
1920,0.14396521226520406,-0.19542948373961944,0.14862718321043222,-0.1487124138603916,0.19025130350175387,0.1735010432323997,0.1812697342910021,-0.18552256243828336
1921,0.14190302336888336,-0.19626318935568676,0.14694262361609547,-0.1484254463133562,0.19225835078797235,0.17256725340069376,0.18069501355457632,-0.18439383367172468
1922,0.14281799544545645,-0.19535832092963237,0.14750690026019705,-0.14840847789423675,0.18971003649267837,0.17176387521835995,0.1800623093278579,-0.18378615555712477
1923,0.14298964357924177,-0.19414261772533659,0.14802487987669738,-0.14928305963500793,0.19180215550232863,0.17202927930534082,0.1796365381897804,-0.1841966118156713
1924,0.14377662814550646,-0.1948529436653895,0.14774868274513542,-0.14852434786008206,0.19224297387527373,0.17267649103123792,0.18002434613063184,-0.18381747496251344
1925,0.143245514371147,-0.19445521405804267,0.14722274276080852,-0.14862470306327977,0.19121474003603023,0.1722585114079555,0.17953458205851766,-0.1840929953720117
1926,0.14326715925068836,-0.1934833917883716,0.1477652603958002,-0.14963573394398552,0.19097683195657,0.17158198468926755,0.17980243328549422,-0.18330531218354723
1927,0.14193759257760755,-0.1947326871453922,0.1466023532260066,-0.14746479364777768,0.18893694875982522,0.17199863089032644,0.17964274082752232,-0.18396217900725112
1928,0.1443463423035238,-0.19564552811258057,0.1486962758320982,-0.14961646870799458,0.19134374903412504,0.17349238501686332,0.18087946411991981,-0.18494389434531566
1929,0.1441829008502914,-0.19632167606038814,0.14873125025772896,-0.15016513583626487,0.19098366239970638,0.17321450413193254,0.18125100261593435,-0.18547838430118319
1930,0.14263521164504028,-0.19463104710926107,0.14723951729123322,-0.14772957328802258,0.19076841487089344,0.17201231756862806,0.1801291570718087,-0.18377260630176223
1931,0.14288140269033084,-0.19452713577218184,0.14649414317698656,-0.14771427181348326,0.1906208316279081,0.17107874499085407,0.179437339461568,-0.1832731389892277
1932,0.14414819132058335,-0.19543027603732732,0.1488580239790683,-0.14980386078769348,0.19088946998915865,0.17339242097201032,0.18142123940058066,-0.1854398328553697
1933,0.14240112013444908,-0.1949854362446418,0.14743384176092078,-0.1485936402003812,0.19046514760418387,0.17211352414354011,0.18021713331330091,-0.18462322340823048
1934,0.14406344419078043,-0.1952433156205075,0.14857389070417848,-0.15024947727635526,0.18993838249863784,0.17333965294065093,0.1804651208263146,-0.18457026619775824
1935,0.14417766007760915,-0.19455181082631456,0.1477773509297809,-0.14975310734227823,0.1923422728399516,0.1726229926597773,0.18019002042013274,-0.18482541553045498
1936,0.14365771398869007,-0.19471920188560526,0.14853900706965853,-0.14914380732585633,0.18936037616897794,0.1727156662511085,0.18020255856812717,-0.18478344350670578
1937,0.14189558065393623,-0.19357643148766823,0.14723598679901262,-0.14685383635740334,0.19018089618682682,0.1716228820518254,0.17968634843725145,-0.18326587347219317
1938,0.1428031819466198,-0.1940913536384887,0.14778763275724308,-0.14855938385984646,0.19096105762900625,0.1728323394030385,0.17993316403623968,-0.18404655669903716
1939,0.1437500534171369,-0.19462110204986605,0.14798226689629276,-0.1488640624326605,0.1917313608569335,0.17236867810528606,0.17942079065604588,-0.18370200717772353
1940,0.1413897274160105,-0.19557369917753561,0.14735156109887304,-0.1476877532299885,0.1894076056683373,0.17193499306012244,0.18004785620081765,-0.18416951134200057
1941,0.146594023385442,-0.1954215542428318,0.14968319405137445,-0.14959803836086466,0.1922352290145304,0.17410107042534612,0.18141073279562858,-0.18546432138209992
1942,0.14166237500847526,-0.19462810487052123,0.1478543224156098,-0.14878675998855256,0.18907583326349384,0.17208981237028564,0.17991591722909644,-0.18379322534784706
1943,0.1434555431173805,-0.19383415650460545,0.14721619839425382,-0.14924628856627883,0.1909292768139175,0.17207855221464124,0.17955043056772296,-0.18365917349019312
1944,0.14317122374337712,-0.19383651210659275,0.1471165693413725,-0.14882336233773927,0.191153175676655,0.1715582563193278,0.17998993773771368,-0.18418304205554165
1945,0.14373409298146922,-0.19632947186093544,0.1481120256154682,-0.14904763314502298,0.19241009550362972,0.1728693726793463,0.1814059119525287,-0.18485875806960247
1946,0.14357971382159657,-0.1959583445813516,0.14820196133208663,-0.150070192983913,0.19079637869820415,0.1731260977748562,0.1811932733375156,-0.1848971455507348
1947,0.143272813257928,-0.19591718018015453,0.14737825593410273,-0.14839216916432685,0.18940595349893163,0.1726736974470918,0.18044858887770604,-0.18526531793480625
1948,0.14265911678130708,-0.19599067617775814,0.14791626877959982,-0.14922681112690397,0.19128631845848532,0.17316807013364408,0.1802608109382451,-0.18442721381207913
1949,0.1429694781929601,-0.196155855978952,0.1486083056336506,-0.14963079944839877,0.19227217448168274,0.17293407460777874,0.18099987968450237,-0.1849803614090343
1950,0.14233629553546448,-0.19376439107369917,0.14711020645651907,-0.14727342395798965,0.18909902583127186,0.17091678016676226,0.17926138317324194,-0.18345013752275377
1951,0.1425420653080003,-0.19414698979474945,0.14825105656977583,-0.14887973405661487,0.19025743821308516,0.17289871624347525,0.1806486828641656,-0.18405869568590613
1952,0.14377359968860481,-0.19505105187103486,0.14743505498446127,-0.14877946825749774,0.19063979681093968,0.17190048827511606,0.17976191310140124,-0.1845864050251143
1953,0.14373476759907303,-0.19565351975243506,0.14821814727643493,-0.14872317199990034,0.19152577578774663,0.17285653874056137,0.1809863364375789,-0.1850743618755893
1954,0.14397205706425506,-0.19333486468990901,0.14885579302587368,-0.14952659476214605,0.19087402514571927,0.1721460725359165,0.18056009220773,-0.1845595236458369
1955,0.141772940857576,-0.19480698150690592,0.14694905463489744,-0.14829284722933672,0.19011418024812488,0.17180337886030633,0.17992570905678879,-0.18376459594440492
1956,0.14311583283191537,-0.19580557215601757,0.14756106202058228,-0.1475988737543112,0.19063288106310464,0.17255479290765616,0.18081445704715376,-0.18383703664445555
1957,0.144244084376593,-0.19652426493797895,0.1482003983997583,-0.14822639468448925,0.19058388640245935,0.1728650274264301,0.1804773713912734,-0.1847841354756892
1958,0.1434146021504147,-0.19697679064796858,0.14796410229254045,-0.14889592110729744,0.1906214254145236,0.17263078326591216,0.18110488024178992,-0.1850297393275542
1959,0.14322029493377472,-0.19472363905438075,0.14775085482208491,-0.14792804685712607,0.18993911208748937,0.17244066185687768,0.1805112092977654,-0.18442760995950847
1960,0.14273600360243152,-0.1948396073852996,0.14772956974446472,-0.14870740942727556,0.19298748149709924,0.1726251270289518,0.1808504565021287,-0.18429841719717371
1961,0.14387136606304382,-0.19564212076468698,0.14700068168573827,-0.14844516427204432,0.190771412092511,0.17246434686601197,0.1806475384351713,-0.18371287970598307
1962,0.14261673537392905,-0.19402660400939226,0.1478883293779742,-0.1490666544398255,0.1895390958972396,0.17240996613735027,0.18053118470235535,-0.1842690416902126
1963,0.14346733406469225,-0.19552643768879122,0.1480180140921221,-0.14834677603418492,0.19119446072461546,0.172658041840807,0.1807872592657513,-0.18400674227907207
1964,0.14395627278018944,-0.19676991599686494,0.14896439950784188,-0.14983429477936513,0.1907994529926757,0.17298305256024932,0.1814438268574392,-0.18532749716732858
1965,0.14262445395503193,-0.19464357690995293,0.14676409334562657,-0.1470804629539585,0.19130915615209318,0.17195897744742267,0.1799894863406075,-0.1839838803621239
1966,0.14342512804194982,-0.194684256291041,0.14847846931072964,-0.14943898781515202,0.19051882759005806,0.1726885336065697,0.18095760879512443,-0.18432251073872044
1967,0.14283724173951812,-0.19583364067188494,0.1479248166563904,-0.14949535647893053,0.19188526027788383,0.17258522470234786,0.18075601937942745,-0.18456964232822093
1968,0.14206145545737325,-0.19327308959283665,0.14738068053499526,-0.1479315521292785,0.19038317303518412,0.17186836307177863,0.18034231885403154,-0.18398681113247609
1969,0.14301157653380359,-0.1946603119643927,0.1483342126063531,-0.1481742407793912,0.1910505424377621,0.1730748930663342,0.18070686403213135,-0.18491444025520984
1970,0.14323075315751382,-0.19631718942482018,0.14872053767523533,-0.14909721525547168,0.19089519945810882,0.173293668784413,0.18093316469840806,-0.185337934284509
1971,0.1428203304214701,-0.19479375688410372,0.14781627768616654,-0.14865187753952322,0.1906444385335007,0.17175736462991711,0.17967754240738001,-0.1838623063604757
1972,0.14435693658207097,-0.19468071715847915,0.14864548767610855,-0.15032736568695626,0.19062865391444458,0.1728272763357811,0.18155499534337705,-0.18471469696769632
1973,0.14308590354658096,-0.19710994054660247,0.14870478220359373,-0.14938026246478742,0.1922127397094899,0.1735626737669185,0.18150212125837153,-0.18561870093873836
1974,0.14491586373354964,-0.19732658860045882,0.14973134466379118,-0.15024726273121486,0.193267108235974,0.174331869682814,0.1817719882937077,-0.1861048744987313
1975,0.14308345709691012,-0.19435964774177017,0.14772041497631921,-0.14858410738820807,0.19077831286572255,0.1721066254119078,0.1801630331466164,-0.1841328745405315
1976,0.1432354867821947,-0.19459684657587087,0.14859259045937043,-0.14998936024933596,0.19105709547071584,0.17297186779272147,0.18040641830416815,-0.1847663123208927
1977,0.14444461932480798,-0.19640044908573806,0.14965915798043286,-0.14991133015012298,0.19172045466974455,0.1745546144227632,0.1820187256181915,-0.18566204890070925
1978,0.14337753906049525,-0.19534586335180057,0.14825215342221842,-0.14902526000174324,0.1907981419887253,0.17318766492288834,0.18130637410668188,-0.18469366806893442
1979,0.14517648038008532,-0.19552269114016085,0.14850344478209976,-0.1500244656464598,0.1928506411289532,0.17295421349431472,0.18049653394379048,-0.1850868938050491
1980,0.14075994559244692,-0.19428516250825015,0.14626903485299428,-0.14655820880098394,0.19027830320700093,0.17105584994955383,0.17921249775685036,-0.1831764011786486
1981,0.1453121048073195,-0.1952348480355922,0.1485458405818086,-0.14932478919755443,0.1914860732486926,0.17274160458500268,0.18099561936172656,-0.18473891443385387
1982,0.14311350590753763,-0.19462563791229298,0.14822065956861039,-0.14879603829503965,0.19062347353608208,0.17294346827396725,0.18050542257928348,-0.1846270274029191
1983,0.14155933443835383,-0.19499796560691407,0.1468446253705813,-0.146499590966858,0.19116580990261872,0.1709790205407516,0.17944187415213803,-0.18407543109257885
1984,0.14368539572185493,-0.19603107985944976,0.1483023025344006,-0.1488696491954229,0.19292439347019832,0.17298862683096053,0.18075612523689513,-0.1850214251162326
1985,0.14253894781797322,-0.19411037890579558,0.1478855109930457,-0.14863319511936693,0.19101598578795628,0.17147414345446074,0.17909798449391345,-0.18357176808998427
1986,0.14201983219788458,-0.19632416905370148,0.1473823550040067,-0.1480703552147762,0.19111268400004536,0.17212619399380608,0.18018312563780203,-0.183797271480623
1987,0.14410708470566055,-0.19384586295036232,0.14844033787240993,-0.14915026694711422,0.1910503144852126,0.17237218487999406,0.1797859943063181,-0.18435572227043195
1988,0.14323522977478745,-0.1963056002059976,0.14788541854257348,-0.1486974016307269,0.19141265137945598,0.17268878280132036,0.1807684215080294,-0.18480255524672973
1989,0.14309673275939042,-0.19534009844410888,0.14794989871483288,-0.14810367015838952,0.1905869612310951,0.17209505473241354,0.18032307987976726,-0.18419833281935363
1990,0.1434327428331162,-0.19592530530492663,0.1482441599915915,-0.1487017581210564,0.19042937274032912,0.173153067904668,0.1809178586928911,-0.1846428914428378
1991,0.14382311115135826,-0.19567000985637634,0.14828021260745403,-0.1494594935410726,0.1918975572659673,0.1731148616283502,0.1808672903937246,-0.18551663952619274
1992,0.1426423404744312,-0.19697622816613478,0.14801560269467018,-0.1481376028760565,0.1926052404856629,0.17321289655169306,0.1811548587769243,-0.18528972797332502
1993,0.14448098678216176,-0.19497717154214186,0.14834527001685766,-0.1487624552778034,0.19012085414727248,0.17259447740196104,0.18029767724806897,-0.18414820703862816
1994,0.14204419809408175,-0.1940278640823966,0.14712822497435937,-0.14794444539802318,0.190186230719797,0.17195760119703024,0.1808746796061376,-0.1842669751418236
1995,0.14394762548859444,-0.19541790986361687,0.14866682262877728,-0.14902777503074527,0.19029529066252893,0.17308085326053713,0.18068878512355607,-0.1853886937577566
1996,0.14471166496388588,-0.1956152490919266,0.14999199718284353,-0.1497840376001092,0.19069047529741187,0.17361556969163883,0.18154398091407867,-0.18531209652733088
1997,0.14393478586845745,-0.19355132869926897,0.14800263525527751,-0.14888845287022617,0.18928686543798684,0.1720281162424933,0.18017165753063563,-0.18335768282046014
1998,0.1453622785276516,-0.19537369314058006,0.14830032023195924,-0.14962383517575387,0.190698769604314,0.17300335381151186,0.18046428833190922,-0.18448201871200964
1999,0.14232171256927312,-0.1953974903781263,0.14764967581961475,-0.14825376750823574,0.1905239036314803,0.17189514505156314,0.1796421762355967,-0.18413409969162137
2000,0.1451683878983236,-0.1956027185218431,0.14924313042076862,-0.14880640288482755,0.19025394932386921,0.17330375626632058,0.18098527729565195,-0.1856225650488148
2001,0.1436048785136413,-0.19664080769772851,0.14886362533780004,-0.14940068760422945,0.19116127653456091,0.17317930991002706,0.1812209629862747,-0.18579087482394413
2002,0.14310046936959625,-0.1950069311800653,0.1479254694714925,-0.14759977909467387,0.19223889406528863,0.17295367160238237,0.18074166361766583,-0.1848759796083481
2003,0.14386701379993727,-0.19534378928185905,0.14850105379604983,-0.14942495033688444,0.19228310573097313,0.17270586295888546,0.1810531312694293,-0.18484916852274325
2004,0.1440430476055898,-0.19452485409709774,0.1486665494285208,-0.1496861841868823,0.18990226839837882,0.17231286749279043,0.18050645457862252,-0.18504363711110325
2005,0.14422344680949684,-0.19444001303061645,0.14828959872405584,-0.14927416928582216,0.19011643703777487,0.1722661559795902,0.1806654702107387,-0.18449131209619926
2006,0.14228629754645097,-0.19529846889748162,0.14751597109729245,-0.14817436268737325,0.19063471540867954,0.17230155698302127,0.18011187684482685,-0.18475088829548447
2007,0.14229734345821674,-0.19582453675782274,0.14773774170462534,-0.14843154637578365,0.18934345711874734,0.17221326852044025,0.18088172302104683,-0.18400736564382525
2008,0.1439105276954345,-0.19472341450461408,0.14805620274403344,-0.14959024159487566,0.1901944341693925,0.17317334701466086,0.18040225666504328,-0.1845414210077453
2009,0.14311271327901384,-0.19369988031098836,0.14775270299604962,-0.14840462459304313,0.1884084436686704,0.17149062520289587,0.17945205614110615,-0.18359702024844615
2010,0.14328169188940107,-0.19432788007725893,0.14827776138596752,-0.148645571623249,0.18792633007821127,0.1720323043925689,0.1799682132428061,-0.1838033283846433
2011,0.14363459531455036,-0.1952618085740453,0.148551899864151,-0.14845841569107032,0.18928886683554175,0.1732906458772626,0.18034681128923805,-0.18463265621319974
2012,0.1438498230860049,-0.19642542100014418,0.14870513593336615,-0.14993902564353548,0.19142498843407715,0.17275349791594555,0.18110170866768127,-0.1848164520336594
2013,0.14358690844230054,-0.19427807628058114,0.14805902860584885,-0.14749552440353234,0.19067169477837193,0.17258108202943243,0.18054836118691597,-0.18434485401638112
2014,0.14224120430296733,-0.19473075496542103,0.14713682884082788,-0.14778874945494724,0.19072723884668222,0.1720074324461902,0.17958843178270353,-0.18406072756077702
2015,0.142561047016264,-0.1943891679688553,0.1469337305244181,-0.1476619297900981,0.19081159726535962,0.17182242845924822,0.1800949140098131,-0.1838900624392013
2016,0.14171639813188017,-0.1942278500662918,0.1462730522228525,-0.1464684736330852,0.1892717546412961,0.17100560296731834,0.17927703122746294,-0.18305449775670532
2017,0.1427857148210337,-0.19382651856445576,0.1475782352432775,-0.14863075733472472,0.18953878362690074,0.1721685611351891,0.17974577527324534,-0.18343967443546744
2018,0.14382177667858342,-0.1953759712517577,0.1483358819261737,-0.14947526752043402,0.19122620504366347,0.17323102606475585,0.1808331285829476,-0.18472774804829242
2019,0.14321888331148944,-0.19540506544148759,0.14808603064579096,-0.14735264145572666,0.19088595380172815,0.1724106149005594,0.18029807488520525,-0.18435498753974106
2020,0.14414629297971934,-0.19589484731708462,0.14730942397585217,-0.14756251527223527,0.19247747274107413,0.17239308223843816,0.18060090233571777,-0.18433539534780483
2021,0.14365218822703885,-0.19593109590649152,0.1492232776232885,-0.15027369945484692,0.1921833504032592,0.1736126821248553,0.18138214524110252,-0.18558123543134783
2022,0.14341997038748402,-0.19567053075479152,0.14762067210322488,-0.14895048338150402,0.1896986626144261,0.1723388424416955,0.18014724256791867,-0.18447783288214162
2023,0.14293222050676355,-0.1946994552817908,0.14787355626475093,-0.14907281989652968,0.19160087033138648,0.17280030666966506,0.18062543638222964,-0.18496285434677098
2024,0.14335040707899108,-0.1958702637414928,0.1475643751335864,-0.14884174944183914,0.19220958751007036,0.1734416284679261,0.1809855827935518,-0.1849184535960056
2025,0.1425394366074729,-0.19475459595744038,0.14700715064103653,-0.14700329347474617,0.18750449356449794,0.17152625784727366,0.17967198870111864,-0.18396386739399223
2026,0.14182748810424056,-0.19359109789413928,0.14671887952738738,-0.14901639534726127,0.18844301354235338,0.1714560942852851,0.1799275754842307,-0.1842942784963583
2027,0.1441264467815378,-0.19606773617064482,0.14834192342751293,-0.14931511975212577,0.19212619473364595,0.1726047569361828,0.18124713212859972,-0.1846286809460265
2028,0.14312970985274084,-0.19464799945905326,0.14747015517797538,-0.14767116605813513,0.19012794922819648,0.17234377421336866,0.1800148825289783,-0.18319203029211598
2029,0.14320870764862653,-0.19569362719198652,0.14802744281930266,-0.1488163783681311,0.19132530329276948,0.17265964664122474,0.18003975144311307,-0.1842157617129539
2030,0.14365173399276585,-0.19626246725922644,0.14754174430617745,-0.15013172129055835,0.18998314352810777,0.17257657445245558,0.18064017355813666,-0.1844375233899935
2031,0.14343966843915085,-0.19440868616575108,0.14841331700353042,-0.14837780024399394,0.19111981859743854,0.1729126446633098,0.18102567122064614,-0.1843440834816117
2032,0.14266518579371407,-0.19558316514676857,0.1482617904952747,-0.14785794521822473,0.19100221046075205,0.17249433251203805,0.18135820197149002,-0.1846728887591112
2033,0.14308340465998662,-0.19549914490125264,0.14796769170140675,-0.1479940268942221,0.19115379146357359,0.17274064117873894,0.1802093217108376,-0.18515154642401693
2034,0.14294577356408722,-0.19584955515944283,0.14733661017577954,-0.1479442567436204,0.19105440235196047,0.1721139872871283,0.1800717297028756,-0.18429458713315253
2035,0.1437319433047346,-0.196441052313342,0.14817360195109955,-0.14878404514873805,0.19118445626536343,0.1722954722425488,0.1806379136150104,-0.1847479740729585
2036,0.1429464590538272,-0.195197779816476,0.14761348234173563,-0.14821221872614454,0.19016573555999494,0.17218676741072736,0.17966611452997144,-0.18426545563202382
2037,0.14395928600931543,-0.19410327663535662,0.14841862052497234,-0.1494133547220738,0.19168724357565795,0.17312435052648387,0.18044967114922492,-0.18484758694308212
2038,0.14228856574699286,-0.1934874719004102,0.14649249596686137,-0.1474429998739448,0.19035611979205466,0.1716487583148846,0.17914424607092677,-0.18342497736020147
2039,0.14470678043616123,-0.19574232901890895,0.14915525189588155,-0.14901319611107555,0.1924142658582042,0.17347200403635268,0.1810237059717071,-0.1853122836205232
2040,0.14367855746524613,-0.19575119083439044,0.14798425666279658,-0.15020327199458197,0.1911150692140286,0.1726598802738068,0.18067531025618255,-0.18465117953899868
2041,0.14265345347770583,-0.19462587745674434,0.14842552688784358,-0.1491698962539992,0.19043249351465028,0.1726852651806349,0.18080510667485647,-0.18394354925707065
2042,0.1439777635501382,-0.195852666045399,0.1484778163955111,-0.1499489319314069,0.1917669877550024,0.1734674591631605,0.18148141419101202,-0.18561743493289767
2043,0.14280297196228525,-0.19493983035016252,0.14796789129327434,-0.14938744677834884,0.19193288607213235,0.17279724778057043,0.18011506275305283,-0.18428802353713977
2044,0.14334206817541423,-0.19416545530466173,0.1477299141667886,-0.1496775553105273,0.1913798502890552,0.1724221758868412,0.18004702842946585,-0.1844439942641952
2045,0.1420911298697724,-0.19452872171959795,0.1476732769092309,-0.14876420637947277,0.19072566602496516,0.17273523057587317,0.18037952961271106,-0.1840681490841063
2046,0.14453270153870362,-0.19590913753650646,0.14905674740223884,-0.14883469107272757,0.19021361923124483,0.1725270458810587,0.18030289132629812,-0.1845448840109784
2047,0.14334522794090837,-0.1949395632542651,0.1486422499761355,-0.14999819491188562,0.19069337869495545,0.17240285160701677,0.1810595023146341,-0.18474353068900437
2048,0.1432316449536987,-0.1962666478843327,0.14871658606405155,-0.14913699945678568,0.19235497470355373,0.17301909190242037,0.18133937811308048,-0.18491779832637317
2049,0.1428920131723091,-0.19497342163199022,0.14732664728640907,-0.1482598408428151,0.19149183205501874,0.17238836715446595,0.1799772464015829,-0.18436023569684212
2050,0.14380792447929083,-0.1945831594773886,0.1483041300753569,-0.14911443968802135,0.190847235525532,0.17311597385730285,0.18053539609667762,-0.18527779803100405
2051,0.14272387969730574,-0.1934445454879317,0.14655781898083728,-0.1474207863863596,0.18929545452108082,0.17154213572289864,0.179392030676644,-0.183430577467748
2052,0.142859304790186,-0.19543793020090167,0.14862045536393345,-0.1488322985196479,0.19073439280961332,0.17352901310890825,0.1808966858256197,-0.1852875383931132
2053,0.14285471805511912,-0.19457931171706308,0.14784992139775344,-0.14849460287403085,0.188869421250282,0.17279890791912125,0.18017747483006785,-0.1840718993413565
2054,0.14251493149620753,-0.195322296656393,0.14658839379621194,-0.14716487503498246,0.1911060891724449,0.1719754743577661,0.1803597551024915,-0.18375268651837828
2055,0.144144413959501,-0.1962144860866742,0.14917196811516337,-0.1494542869866086,0.19100562500190302,0.17355027039772436,0.18156640322434797,-0.18511758199391604
2056,0.1444603363654937,-0.19634785580751601,0.14925497063423915,-0.14988458443098135,0.1923029079488614,0.17383771588986274,0.18159577650164715,-0.1857127923757194
2057,0.14275202444514432,-0.19486986436597833,0.14656169786322398,-0.1475588340653434,0.18996635190262956,0.17179860308195907,0.1798744816871283,-0.18413292873079778
2058,0.14432281662476168,-0.19615033942065482,0.1486662577779595,-0.14997245037460094,0.19060521067544714,0.17305602491709465,0.18113969580198266,-0.1849956103124932
2059,0.1419385450759394,-0.19565126897669355,0.1473122739407678,-0.14852478096958244,0.19066920333026555,0.1722416741701768,0.18075728332452717,-0.183962231671505
2060,0.14473659589681084,-0.1955944811331359,0.14898944911799303,-0.14986432093652977,0.19045933690471145,0.17328087560066213,0.18086111472929167,-0.18537302506005096
2061,0.1439620698929393,-0.19596805917223548,0.14823996503591444,-0.1502122805134106,0.19065425255222415,0.17271497480951756,0.18066162037358563,-0.18478739311019313
2062,0.14270218656513525,-0.19599171394339224,0.14776483854550104,-0.14954826852530675,0.19248960246046984,0.1728281427696492,0.1805292383831402,-0.1850475431588779
2063,0.14407468642667673,-0.1969805686717062,0.148591907337557,-0.15011760130884497,0.18955448168406094,0.17319117305768003,0.18095951226443477,-0.18465470851628654
2064,0.14451953982350058,-0.19512451262098762,0.14849413703178613,-0.14838702728618436,0.18992534574033704,0.17332738751295412,0.18111572200465262,-0.1853189217809616
2065,0.1432708600705069,-0.19431157302134272,0.14804710559635115,-0.1483871391806936,0.19156012551930887,0.17242013467941786,0.18014016442066352,-0.18431682470434638
2066,0.14368363969586084,-0.19569140492796613,0.14834773869116358,-0.1485391157489021,0.1912898374424858,0.1731967361373011,0.18114769473442474,-0.1858143443552277
2067,0.14123035884960128,-0.19324907820309115,0.14578804003216217,-0.1465414355577887,0.19010829281634115,0.17046899533424922,0.17903323028876572,-0.18305889001522394
2068,0.14265023021666254,-0.19417524444302398,0.1475763340943379,-0.14893173457763673,0.19008071487549738,0.17246690666491707,0.17949179989570635,-0.18388462888099036
2069,0.14445770759884097,-0.19584752397423114,0.1483250440198991,-0.1488923212713235,0.19004026047020606,0.17282780403146872,0.18060826841281682,-0.1847443432895577
2070,0.1447674149656058,-0.19528838771096171,0.14936687457756165,-0.14974672623568355,0.19088860037977975,0.17366988858049842,0.1814518775634118,-0.18556455634136312
2071,0.14378837304102626,-0.19545901393009224,0.14820000653365198,-0.14845051610874582,0.19126743987270953,0.17245716524315288,0.18084593423952233,-0.18464255481502015
2072,0.14404257400760911,-0.19612954287772325,0.14810226886493313,-0.14913461632726083,0.19031096900888733,0.17317756384884975,0.18060729993015998,-0.184918264625696
2073,0.1448677350726144,-0.19532644123986326,0.1486024421285632,-0.14972667996753916,0.19164686418753227,0.1731883025322554,0.18209263796886457,-0.18527328526378856
2074,0.14429351876756785,-0.1951040479818467,0.14851693756896006,-0.14909266819585082,0.19091426132600475,0.17310780376256615,0.18124506526451062,-0.18493888660878224
2075,0.1451696616607247,-0.195763558360097,0.14902965857372483,-0.14994827727136822,0.18968025361216195,0.1734930686819509,0.1812967597139585,-0.18542844298805922
2076,0.14263266201325678,-0.1953399841846528,0.14810036331099466,-0.14910306887293015,0.1908824552747144,0.1725349368076317,0.1806031395480641,-0.18417711347392013
2077,0.14446489456039543,-0.1951525565359292,0.14895908543810202,-0.1493295638229222,0.18923811364781237,0.17301346147750638,0.18087908929783894,-0.1848773581136809
2078,0.14409994554310526,-0.19622393651494463,0.14823714588646175,-0.14915290586060206,0.19024814770882245,0.1732056513307171,0.18087918928503477,-0.18548780402214005
2079,0.14316996439106028,-0.19680363801896614,0.14688663054799214,-0.1486566772944687,0.1903752867475939,0.17218168268898723,0.18052684941044167,-0.18395461740809183
2080,0.14514903099070456,-0.1973407382341591,0.15016490338371813,-0.14998509071677635,0.191975809469514,0.174659788056891,0.182066563602179,-0.18633790477220058
2081,0.1444918512715772,-0.19440026618695705,0.14870387908924548,-0.14880675834838777,0.19008090562979024,0.17313622526778077,0.1808312288272393,-0.18503063118540025
2082,0.1416273038531163,-0.19491845423257445,0.1474475123305653,-0.14771820464903992,0.1912097565705567,0.17191325044549613,0.180487281390529,-0.1846811829913325
2083,0.1451069796609337,-0.19419220361739872,0.14908120986668422,-0.15035928049009847,0.18942044881928816,0.1730898303073825,0.18095592253701134,-0.18465808041050694
2084,0.14477449674967657,-0.19552436157237751,0.14893679376830476,-0.14967940973035085,0.19174477438693305,0.17339311416487924,0.18174734249522728,-0.18522388267565504
2085,0.1433258492793451,-0.19589977798812475,0.1475923096089636,-0.1489145160580187,0.19070011750486707,0.17275258531449908,0.180965585496055,-0.1846095915801073
2086,0.14352881865934267,-0.19489433745173504,0.146971064221792,-0.15011220109552073,0.1896385815839062,0.17114736727455032,0.1800209718871033,-0.18384971773108133
2087,0.1441839629804931,-0.1952373506879402,0.14837727220085795,-0.14918889041158911,0.18933264802476565,0.17257359294227817,0.18048576474803907,-0.18495596054253327
2088,0.14342631533824624,-0.19496711427797472,0.14740811380674307,-0.14862748528284958,0.18929032656435976,0.1716221239153441,0.1803275293754238,-0.1841270517874446
2089,0.1426419255050522,-0.19406188803644506,0.1468563666933032,-0.1473366084495292,0.18978347992741823,0.17142746209166757,0.17956232117457413,-0.18368397598710787
2090,0.1440009013805234,-0.19539546262317875,0.14783879802905128,-0.14849975580201694,0.1901177748979507,0.17209913399833401,0.1802722636282569,-0.18392097044798095
2091,0.14347115114497352,-0.1961393467708769,0.14825876105983385,-0.1495531226686419,0.1911583573413445,0.17337829189177356,0.1816665406229294,-0.18514368813527932
2092,0.1445985759987928,-0.19601921482089013,0.1479341870480405,-0.15029788673382508,0.1905443787130611,0.17247188703302904,0.18104603287955465,-0.18508044723565029
2093,0.1433838186512909,-0.19503628276279628,0.14827033127737035,-0.14952520769780575,0.19230887372343777,0.1733379878896718,0.18125939699799448,-0.1844895999018862
2094,0.14468889507457744,-0.19552585011537216,0.14948010795962074,-0.1515113161377924,0.1913826929654324,0.1738158003599772,0.181621576588073,-0.185359037052907
2095,0.14314034337937814,-0.1957642512527126,0.14756576017836875,-0.14829137725660113,0.19072055393502996,0.17249295367926815,0.17997450171930213,-0.18442039427117402
2096,0.1428632752611895,-0.19418159122301903,0.14724148345951,-0.14781743705466263,0.19077446075611001,0.1722353691612081,0.1791896127110319,-0.1837771674296899
2097,0.14313879717587583,-0.19512848815751763,0.1485244485172919,-0.15017486160971466,0.19190998501380482,0.17355024861285942,0.1808163708245224,-0.1847262707504068
2098,0.14176210829708377,-0.19524392332608126,0.14730916850910614,-0.14825253678825043,0.19237682705631085,0.17331742610899545,0.18001890484915972,-0.18452526938904376
2099,0.14382176418020898,-0.19526285275731467,0.14845130912611548,-0.1494477993122408,0.19197507228159924,0.17337827572197775,0.1814351293215603,-0.18537554506985818
2100,0.14399351740039612,-0.19389574071398308,0.14719278838717734,-0.14757862125717064,0.19011964761035643,0.17206938790508036,0.17996330197483315,-0.18382337284377256
2101,0.14334882662145212,-0.1962095345947675,0.14831659376282813,-0.1490809839773827,0.1912884193231647,0.17230877114625667,0.18064122257087042,-0.18481536170498694
2102,0.14445211714131317,-0.19497637196246978,0.14832187671778543,-0.1498459857781451,0.19134428637920364,0.17281812157444817,0.18103116928110866,-0.18465580742654206
2103,0.14481318325765274,-0.19487118355605143,0.1485839102195624,-0.14996966574668785,0.19124362330937703,0.17263304924986841,0.18060864341038624,-0.18527075215698532
2104,0.14510854872245524,-0.19670204659854332,0.14946468471485044,-0.15054978510088016,0.18996979148606383,0.1736820745087204,0.18210278223675092,-0.1853636273215969
2105,0.14232632278560342,-0.1953781877965202,0.1464533135651014,-0.14809849813565987,0.18943539926060804,0.17154275031630353,0.17972714334162204,-0.18427130454759735
2106,0.1436830380970731,-0.19510939079846765,0.1475842887980203,-0.14736687507065496,0.19178199421367248,0.17232505196669282,0.18004232880916834,-0.1844159474542884
2107,0.1439179100576013,-0.19601583615188092,0.14785580260736883,-0.14853622386556756,0.19148143272043505,0.1728679011074926,0.1805511908588581,-0.18429684753803788
2108,0.1421178827031552,-0.1931170704033363,0.14665290845619197,-0.1479526541548312,0.1901726806956114,0.17119400862348017,0.17903863144581952,-0.1830205198158861
2109,0.14305612719440677,-0.1948177361130245,0.1479712465725163,-0.14910770836240184,0.19002078160819466,0.17200983285649102,0.1800137737565311,-0.18439438657115992
2110,0.1448195879208402,-0.19565923885215872,0.14901326975567714,-0.1493678687984899,0.19108609724559364,0.17322354019665337,0.18071956935255956,-0.18475837138443266
2111,0.1435535962277861,-0.19613717023024133,0.14915294951966265,-0.15003679449543791,0.1908773371727324,0.17371804118776787,0.18172592139277913,-0.18636101637680713
2112,0.14525905991006405,-0.19451468181809733,0.14962850843912442,-0.1511147510532869,0.19110404081444554,0.172985267403758,0.18138040556691798,-0.18503911008885812
2113,0.14343579656309896,-0.1955178517848117,0.14748577647606015,-0.14821571815927298,0.19115648409978966,0.1724611152547651,0.18056223241710212,-0.1843008696077296
2114,0.14293699013088096,-0.19460641166888126,0.14698600392990693,-0.14797116945496558,0.19070824684594398,0.1717289667497666,0.1799068430884374,-0.18351802136917592
2115,0.14391406063921758,-0.1959583785534041,0.14869088111156895,-0.1501357808146046,0.1913865611013585,0.17272830755674015,0.18048586697491606,-0.18469119359511527
2116,0.14227045990085951,-0.1952418400384199,0.1465348224577262,-0.146677502354174,0.19247452592333988,0.17195237107668138,0.18018411216850505,-0.18423735645514808
2117,0.14339101957080394,-0.1961521730957025,0.14905012305055643,-0.1486535785942479,0.192485514880975,0.1737263264174814,0.18135174058444073,-0.18531684648852167
2118,0.14370519937703774,-0.19469853142479857,0.14818743075321175,-0.1503272854501347,0.19061005320356925,0.17298161241890347,0.18068492700114186,-0.18502886231318924
2119,0.1420951955086914,-0.1942326425533483,0.1470145983226551,-0.1482465353029199,0.19156635638195893,0.17184208080257599,0.18008392019790112,-0.18400011305160485
2120,0.14244572562602417,-0.19547906807965737,0.14824491608693158,-0.1497639298065681,0.18975320552063135,0.172643897665489,0.18028145409016505,-0.18470232676871945
2121,0.1436779345656543,-0.1948693220113707,0.14745849740204217,-0.14811791917309794,0.190025149265944,0.1721457286368572,0.18022385449231035,-0.18425336052851288
2122,0.1434921255396928,-0.194959829914372,0.1479322722508093,-0.14789139139875285,0.18992755068880707,0.17244940710136636,0.18021879153473955,-0.18468420607502115
2123,0.1432846192592111,-0.19472697479712786,0.1469800942304771,-0.1479713582127865,0.1916636975746543,0.17180945073489595,0.1797123870846359,-0.1838356547679499
2124,0.14376490066744302,-0.19368957909386572,0.1481639167967389,-0.149018780839982,0.19158079657585383,0.17232367024288262,0.18006725850819466,-0.18464361225507517
2125,0.14341407921797794,-0.19575074553500765,0.14861620511163975,-0.1489168908668114,0.18996430942293627,0.17309089005273712,0.18090419161170715,-0.18478766249325498
2126,0.1425896763082174,-0.19472045901922624,0.14903816271275575,-0.14927207413927612,0.1905346677752371,0.1729308099017068,0.18098854396421926,-0.1850344038734406
2127,0.1433244553517217,-0.19586037732088854,0.1477950859165075,-0.14872595992560866,0.19169506478898982,0.17275558375102043,0.18061644327073767,-0.18435388386113738
2128,0.1430533875524829,-0.19452009809834245,0.1482035875839333,-0.1481880425271945,0.19101544684484278,0.17213744481445933,0.1804169778700535,-0.18401066614349942
2129,0.1447087869403592,-0.19568089578432282,0.1483397190032027,-0.1486782390543872,0.19131917126931333,0.17281912198997265,0.1817485676768107,-0.1851451447174137
2130,0.14488584233934637,-0.1939868867453505,0.14937423575217185,-0.14949361456211344,0.19065137266905985,0.17303908927686726,0.18052956663716208,-0.18434908959103438
2131,0.14390369348491056,-0.19538859032514344,0.148131840809617,-0.1497918073430257,0.19089339296921265,0.17309422956445245,0.18144778417914356,-0.18522855908655836
2132,0.14256861010006977,-0.19404816741333142,0.1470390937192884,-0.14813381950339502,0.19019230749939042,0.17180869647232583,0.17980346969301553,-0.18406201613391215
2133,0.14428080988291547,-0.19500769680110508,0.1496828152870257,-0.15085399811277816,0.19100905281915248,0.17347585501379917,0.18200365674658775,-0.18552789352953244
2134,0.14476481091982368,-0.19326426373034541,0.14826328694719557,-0.14911594346901905,0.1919041403603873,0.17269193749922246,0.1804979760636165,-0.1840301007640261
2135,0.14259151321214028,-0.19413971753315457,0.14756896788463666,-0.14871101600968362,0.18918704322927876,0.17168873923789735,0.18049978006807332,-0.183445897038842
2136,0.14191477134614855,-0.19402949525333263,0.14693574553359154,-0.14860163411625224,0.1905088253662981,0.17150964063909752,0.17925835495172762,-0.18384612021769497
2137,0.1434762547830889,-0.19600758333228976,0.14842037341311376,-0.14912367889396094,0.19062593698150193,0.1732891246458533,0.18075817114241996,-0.18466678200771805
2138,0.1433239180300715,-0.19460565556037002,0.14821209361491294,-0.1487039096487322,0.19269398566834572,0.1724270522122554,0.18031619333487628,-0.18413075786102376
2139,0.14473823127624813,-0.19577494477313614,0.14831472523809355,-0.15071000305491636,0.1912169797849807,0.17288259524142172,0.18114597380230757,-0.18523341586724662
2140,0.14273879065263204,-0.19499319156586248,0.14799359721005478,-0.14842545595376777,0.19004219908243664,0.17308276575090062,0.18057946181518036,-0.1848634718542147
2141,0.1419701741987325,-0.19359486793952932,0.14749087119558418,-0.14729256388699347,0.19073397750308882,0.17143807418291312,0.1791864843112244,-0.18272301656000717
2142,0.14305894243107314,-0.19545399305794978,0.14847623065180524,-0.1490628289265846,0.1907473502912102,0.17265123710235034,0.1803838874058797,-0.18446364351832784
2143,0.14136803832019545,-0.1944336788241543,0.14692935484158662,-0.14629587384061493,0.19042686309036633,0.17130813913058388,0.17913041437777547,-0.18354288358203805
2144,0.1435361419117467,-0.19554928570895294,0.14845620524030465,-0.15072516389369217,0.19037745614923382,0.1727401628016932,0.18080397938997073,-0.18468866071895304
2145,0.14245938746927833,-0.19471244417387015,0.1473386398228938,-0.14920191336644115,0.19002176946098134,0.1718028309356721,0.18007908079956766,-0.18372717930538185
2146,0.142258233494581,-0.19520914722590582,0.1471096566406042,-0.14777795976687794,0.1913749688434282,0.17145183509586928,0.18012055966779605,-0.1839527134296778
2147,0.14473919061031928,-0.19659825382676763,0.14947764813884992,-0.15061326637847602,0.1916786019823925,0.1736324179271023,0.18157453548462404,-0.18527667956886876
2148,0.14403795554070276,-0.19669428147704598,0.14844263747120545,-0.15070500089624114,0.19270371340779302,0.1731647992737257,0.18133556030350528,-0.18596770663679926
2149,0.14442239051208297,-0.1959308302264869,0.14895750750922634,-0.1504269820472038,0.18901009512651476,0.1733249189521729,0.18104703433746572,-0.18524743953628828
2150,0.14255159551832672,-0.1970232366802708,0.14882177652922376,-0.14912726618809186,0.1900744071707537,0.1730878245120538,0.1809782469019537,-0.18541390287535842
2151,0.1435858971253407,-0.19557903133055232,0.1492269453242361,-0.15060091597477054,0.19095044599173844,0.17406925372112028,0.18122486691422493,-0.185826108456284
2152,0.1454166132105538,-0.1947374321716768,0.148439300223663,-0.14920132171876527,0.1895372005205742,0.17302246069202631,0.1805854274919354,-0.18462089509223611
2153,0.14316575137607285,-0.19395993614976653,0.1485239951231013,-0.14847485936647925,0.19074354868059681,0.17273178517122317,0.1808269280841035,-0.18459255515339945
2154,0.1435491628280618,-0.1955290679442744,0.14765733696976288,-0.14882755675715437,0.19148946570023356,0.17230382862235574,0.1809289808061561,-0.18417724680411302
2155,0.1427475820646073,-0.19666006453146748,0.1471976185984982,-0.14773908047644446,0.19116100335591021,0.17178808762670336,0.18025556978390797,-0.1847938588318303
2156,0.1422602851665945,-0.19559919690035804,0.14693611786791255,-0.14752013302994085,0.19107403057189465,0.17188059839876652,0.17923277147335395,-0.18407625947397016
2157,0.14242932038739128,-0.19573029652567692,0.14706976112839792,-0.14887598492057344,0.19171801844703687,0.17248982484220055,0.18087776601557845,-0.18439688340288518
2158,0.1428653443159381,-0.19447501627541777,0.14745637082636653,-0.14783166411064552,0.1904413114619811,0.17219025069734445,0.17931150406669713,-0.18408896732520344
2159,0.14339646585354604,-0.19583539661338167,0.14835005102800602,-0.14918447421755124,0.1907463298859175,0.17263816845442717,0.18030899703092307,-0.1843353967852169
2160,0.14468294004491167,-0.19414111500796724,0.14810203306523367,-0.14810360040238607,0.1908267757642682,0.17269290674074797,0.18078800907074113,-0.1845034976098596
2161,0.14214524689172758,-0.19431475021155994,0.14638453525236103,-0.14640360679146927,0.19002055553043248,0.17044895553814973,0.17874192712049436,-0.18335343538055812
2162,0.14303462410574108,-0.19404183247206055,0.14730927930410037,-0.14915833064272663,0.19014673640985894,0.17197691894170283,0.1797397698041915,-0.18408970193242563
2163,0.14132176216893094,-0.19320133687157515,0.1459014814146317,-0.14694435431788813,0.1896016725400084,0.17113427762530362,0.1782215224364938,-0.1826058947319124
2164,0.14378142033394567,-0.19546351162735623,0.1480591769966899,-0.14897569846462588,0.19023211867960668,0.1722359788397928,0.18051318336312897,-0.18433479123332047
2165,0.14473139149487463,-0.1955933042673057,0.14874073997975676,-0.14956983503089388,0.1911719298870317,0.1733035625598115,0.18003206387418963,-0.18462908324260113
2166,0.1449658679414468,-0.19579261501378478,0.1484495612747516,-0.14921913154813532,0.1909034020394357,0.17317797014303782,0.18128468581436846,-0.18536053676792844
2167,0.14171915460013668,-0.1938108041768286,0.14665966709218028,-0.14668846874203598,0.19034389515640157,0.17154327461759272,0.17901972706765815,-0.18383186514439442
2168,0.14392404939473835,-0.19486955104066714,0.14823097437720842,-0.1497625994384294,0.1900096564636449,0.17336367736614505,0.1808267070736783,-0.18469723845139543
2169,0.14418763984079264,-0.19431662300716712,0.14863698068227948,-0.14868383435593388,0.19100065636431382,0.1720057853169617,0.18108636740252246,-0.18407288817868733
2170,0.14347718210730945,-0.1950252687163291,0.14725282770493658,-0.14783537328493018,0.19091080462221835,0.17155942613935307,0.17988269364703982,-0.1842156585155004
2171,0.1449573618080204,-0.19684666169240664,0.1497054164530855,-0.150979943150203,0.19170316957056657,0.17405495488689773,0.1816257711485589,-0.18596375043497881
2172,0.14394932221736742,-0.19397420760763284,0.1478157010046191,-0.14910529525476032,0.19054497370117496,0.17253648788037096,0.1799059978056961,-0.18475611593292252
2173,0.14346249673411246,-0.1955420781826984,0.14778998875090846,-0.14897972034411558,0.19206066495923646,0.17273651096396136,0.18103380961533633,-0.184727139017734
2174,0.14127650280948817,-0.19507175740043117,0.14648959794693797,-0.14627965061277734,0.19174340729920902,0.1710870367492932,0.17996271013486453,-0.18369054311370625
2175,0.14197294076977027,-0.19387238584716748,0.14729921629419435,-0.1487596652654165,0.1893750590301219,0.17165215809480944,0.17981300986960044,-0.1835295452072897
2176,0.1448209072719639,-0.19706211494089118,0.14918903876015677,-0.1505791318175751,0.18975644972564426,0.1732973693314291,0.18176401076052687,-0.18520500634431342
2177,0.14425828148912462,-0.19305521579675136,0.1481871879220012,-0.1492761918685831,0.19140955244316457,0.17260589243623622,0.1797201347939744,-0.18437097354984758
2178,0.14467969617964851,-0.19531828785862967,0.1485531446025363,-0.14904551655444123,0.19127977054574305,0.17362636775446175,0.1811838107065757,-0.18535183889115572
2179,0.14281368631434305,-0.19492552102445915,0.14813411755620123,-0.14866436018800833,0.19225518184871127,0.1725300198808467,0.18080275984608205,-0.1846427855288673
2180,0.14305960367374113,-0.19518186528972853,0.148430804624088,-0.14858072013979512,0.19095028722150773,0.17253960809690919,0.18017725926821984,-0.18467466330911103
2181,0.14345467693233174,-0.1956318361916735,0.14819337102211777,-0.14788221779654315,0.1907144204403702,0.17273724429084478,0.1810837393436251,-0.1850311292727843
2182,0.14274304585077544,-0.19451682022475197,0.14710299911961713,-0.14742909948655133,0.19057809781943072,0.17171459749117657,0.18015185847980505,-0.18412637836057485
2183,0.14333396743442664,-0.19585454389437876,0.14782864226249207,-0.1494952697019346,0.19167257844608418,0.17247808500460926,0.1804846587374682,-0.1846787661104806
2184,0.14333195524289322,-0.1970296783185817,0.14913948340777775,-0.14960416675440283,0.1918463625436356,0.1740273579688081,0.18149771440570492,-0.18558630139885873
2185,0.1439947323923989,-0.19343744717449196,0.14766026503829083,-0.14895155485722564,0.18933096148590184,0.17181814541124063,0.18015511003201426,-0.18419966246625766
2186,0.14222160255739155,-0.19336083494747244,0.14692457194649663,-0.14701097536168667,0.18983214610882193,0.1713705778001786,0.18017334725456477,-0.18324911346772654
2187,0.1432360794745024,-0.19291657191921577,0.14732197911627803,-0.14787710175944457,0.19031272523310774,0.1720211638448448,0.1797870266721728,-0.18381140757508602
2188,0.14386177448911142,-0.19408033571441657,0.14717907588397883,-0.1475623895823699,0.19034591176359725,0.17180184141312413,0.17991137694288745,-0.18352877931828593
2189,0.14464039355440755,-0.19589973751649542,0.14874886133429222,-0.1493185128229788,0.19179921126906638,0.17348482706988133,0.18085655375392728,-0.18513794186980428
2190,0.14193202002219354,-0.1951924708926511,0.14666889142162468,-0.1481774359067389,0.18968497579470406,0.17196315488072286,0.17983999609662646,-0.1843685125593994
2191,0.14362363700954642,-0.19513178802829145,0.14794105798027038,-0.14923737214376048,0.19192184793157277,0.1722377474244187,0.18003437234656006,-0.18442770877365888
2192,0.14240477388781933,-0.19436816788354502,0.1475651320940938,-0.14827893999852915,0.19087791713372532,0.1717726455846554,0.18015923180816326,-0.1841611384031046
2193,0.14309289852888854,-0.19554797940194826,0.1474651161748939,-0.14858840538278267,0.19099437208678005,0.17262222192851134,0.1809652484786099,-0.18514140837581677
2194,0.1433898118791622,-0.19535892299316937,0.14758381301855847,-0.14808253079500727,0.19020687122020258,0.17192000976381108,0.18011937062931405,-0.18378824250597187
2195,0.1425359067259991,-0.19422521538016121,0.14754129409482641,-0.14820534170710684,0.19164157597667422,0.17211306420869837,0.1808045400943315,-0.18413743241114106
2196,0.14427211690780836,-0.1964411790233447,0.14791716667102986,-0.149365871451734,0.19214052959056754,0.1731215614759219,0.18092316543960146,-0.18506704098138907
2197,0.14209509853003252,-0.19626227901223015,0.14678393029381115,-0.1474265714020283,0.18965055026042912,0.1721232628807927,0.17987545060818652,-0.18404952116458728
2198,0.14422773991803006,-0.19576015401047955,0.1488589593774062,-0.1497187339411552,0.19003091077017234,0.17337131992950527,0.1809036153677638,-0.1847195811437509
2199,0.14299914111336254,-0.19471231092770158,0.14826241512228852,-0.14744356699962585,0.19095426836094648,0.1719521026446632,0.18059798703295685,-0.1841212321365797
2200,0.14261923301189297,-0.19485601903354255,0.14701172651356442,-0.14897642778524783,0.19171507051884418,0.17132901214556662,0.1798417995994364,-0.1838722737923775
2201,0.14332542922810196,-0.1946141511486058,0.14830985309817166,-0.14922266764648742,0.1911159803944548,0.17261951425386346,0.1802193085696561,-0.18415153011214958
2202,0.14510369472500376,-0.19491056142833482,0.14909315496643774,-0.14964862238108137,0.19145136085377248,0.1729591558386557,0.181563651898172,-0.1848807233741397
2203,0.14280886412409827,-0.19518333478075256,0.14824967560741353,-0.14997626750530607,0.19151283806890892,0.1726210325518982,0.18121289195020215,-0.1845118271351707
2204,0.1429652450447124,-0.19497424352398024,0.14753793376009455,-0.14855864057875331,0.19030421838728684,0.17198541218788146,0.17995824781135425,-0.18376366428454077
2205,0.14402464211805588,-0.1952508129769656,0.14806011517176054,-0.1480058258685156,0.19047543327888922,0.17301957825434416,0.18017205868461939,-0.1845745724291995
2206,0.14409897414335837,-0.19614609770751168,0.14839385569182117,-0.14879877110212342,0.1908417871062862,0.17313556137473246,0.18074383419800974,-0.18441095713152475
2207,0.14267686151845177,-0.1948987061344993,0.1475705801252146,-0.1471308181377442,0.1903124013258079,0.17159636421823152,0.18007113840978464,-0.18405009486588023
2208,0.14384545756313516,-0.1943997807200048,0.14827812487025116,-0.14900322558287155,0.19161625536785218,0.17197945041723026,0.1803145186393416,-0.18407422769897283
2209,0.1437855477520932,-0.19462205439046676,0.1485353180050012,-0.14983424481905405,0.19223619214930193,0.17324773629919907,0.1799726070423669,-0.18469303537947826
2210,0.14342871065716736,-0.1961615797072254,0.14879198760619322,-0.14899215152988157,0.19268878597084452,0.1730538450706733,0.18095411140901543,-0.1854506143739694
2211,0.14408884610745953,-0.1964866024692504,0.1491085686779669,-0.14904148888680296,0.1923875092575044,0.1731012844056327,0.18169723107029798,-0.18503333506541003
2212,0.1440618018342146,-0.1958415590343142,0.1482129499048547,-0.14781012452142364,0.19068118893131344,0.17281447918773588,0.18078564103926487,-0.18487778374621172
2213,0.1441351524929514,-0.19472686372414597,0.14933500399849833,-0.1496691138399506,0.19034118608811837,0.17333019575921985,0.18103912969734437,-0.18503066839318577
2214,0.14367600854218876,-0.19343802420582518,0.14762356501328025,-0.1490610183735479,0.1903888562854315,0.17176724369730137,0.1805714579748735,-0.18389491116490936
2215,0.14364798210291133,-0.19564294222173478,0.14781371176564082,-0.14841264067969198,0.1898395756584181,0.17191695180758682,0.17969501904501375,-0.18395266369001592
2216,0.14365958273194954,-0.19571722544962694,0.1481601528844955,-0.1493539453709717,0.19134619523336838,0.17374243485426985,0.18129864370237464,-0.18434459806761233
2217,0.14325985212809222,-0.19425154658589003,0.14685212945836185,-0.14785772755259302,0.1895997930435079,0.17138606438441226,0.17894335570358552,-0.1839464146269639
2218,0.1427410985625227,-0.19438945217869372,0.14716330516202852,-0.14776412382058987,0.19038252319514332,0.17188629835444505,0.17878876693942483,-0.18325563373917836
2219,0.14413630537899266,-0.19575979380219888,0.14848069934324812,-0.14942511808888828,0.1932556754246672,0.1730822384050613,0.18076961272654954,-0.18482157539378377
2220,0.14459574417023974,-0.19488140422324887,0.14933651387743935,-0.14861303346233173,0.1905509530835707,0.1732263531662404,0.1810165276771651,-0.18549459099027923
2221,0.14369630394905994,-0.19692445696729916,0.14821988177875867,-0.1487062584373138,0.19073979267716046,0.172901006997317,0.18127733901614362,-0.18481380948087164
2222,0.14382927609165974,-0.19528427843065346,0.14811011036523788,-0.14928461235700513,0.19070819317813847,0.17302815942369648,0.1805744982474718,-0.1850000989941218
2223,0.14310110507670537,-0.19566631203734114,0.1486501429446455,-0.1481584466981092,0.1929501698578251,0.1731025741857685,0.18149829655765295,-0.18469460429049178
2224,0.14398506707842657,-0.19822412410143442,0.14896477845665923,-0.14987202069023475,0.19020884657913048,0.17307742734401957,0.1816564026735606,-0.18509067957662972
2225,0.1438013103703974,-0.19700878400262842,0.14852889066709513,-0.15023696828491148,0.19277473840395065,0.17356261405492518,0.18135648072977661,-0.1856174395942318
2226,0.14305797997588182,-0.1969862601794868,0.14775992935409665,-0.14900772077810281,0.19139061834029078,0.17290769499342173,0.18072668608298117,-0.1840902932709396
2227,0.14426747838960094,-0.194487507118587,0.14880976755746175,-0.14926007058012997,0.19091168272688133,0.1729156512750558,0.18025575334519356,-0.18456989698520593
2228,0.14396832788870195,-0.19638840404826252,0.14788047874795046,-0.1482652840029968,0.1897510136204627,0.17303896869977967,0.181118583453611,-0.1848813414837722
2229,0.14332259750097648,-0.19503439066765402,0.14776340253734094,-0.1497542585228864,0.1906673072557301,0.17247819878870793,0.18068881771365122,-0.1847446933678649
2230,0.14383916304931435,-0.19683316182470526,0.14844501959996123,-0.14952032389378853,0.19268070379717134,0.1732748658558506,0.1813086258334759,-0.18506994127027365
2231,0.14208658170572971,-0.19545202388393215,0.14681999293009232,-0.14798114249889055,0.1909503222987236,0.17179286200910487,0.18013400192427617,-0.18420599375963279
2232,0.14327752832987542,-0.19417689082651643,0.14733293560161695,-0.1484851659675378,0.19095910684094985,0.17214541131945787,0.18018734756360663,-0.18437892202336606
2233,0.14345304377074844,-0.19586648376181917,0.14814588794174952,-0.14833070018918698,0.19151286242018195,0.17298072870168307,0.18071661932218552,-0.18516630441585596
2234,0.14344677922269708,-0.19431921666788088,0.1480393163018025,-0.14948746603265453,0.19115087376019593,0.17246831034541257,0.17998571357535678,-0.1842428763692911
2235,0.14470092499111686,-0.1950765124233576,0.1490729452365232,-0.1506500060859059,0.19221010819045065,0.17339490285672696,0.18098732598851483,-0.18489389895898903
2236,0.14383824423939864,-0.19508805221406117,0.14842537290973234,-0.1491172905549963,0.1922560810465664,0.17347813968998985,0.18117947614994395,-0.18519948903028624
2237,0.14298968569704346,-0.19537731474526387,0.1487941484459972,-0.1482561830289463,0.19244376889955972,0.17273094014947976,0.18090190681235682,-0.18428529360504678
2238,0.14433499697561722,-0.19524647509749377,0.1479839030759163,-0.14987185032894693,0.19083496792177373,0.1727913753990515,0.1806317852587017,-0.18420415044050106
2239,0.14254954310663645,-0.19659235732860325,0.14804108528935234,-0.14909292014989814,0.19047883997732526,0.1729553592781572,0.18151097209025996,-0.18471070034306433
2240,0.1443561110576728,-0.19456502437147544,0.14895891479706513,-0.1493246062650707,0.19098811153330672,0.17304108067733762,0.18074650763672673,-0.184798862837813
2241,0.1430275487759447,-0.19603624052175272,0.1488587173600886,-0.1495934229458487,0.1903204950182941,0.1733283739320637,0.18146502876343065,-0.1851963821984439
2242,0.14485975905119589,-0.1968230760597714,0.14892564374650666,-0.14947531047288576,0.19047115997678485,0.1735416132584836,0.18150398557928563,-0.1856051895116984
2243,0.14358062531622562,-0.1946547623461647,0.14736128048107605,-0.14767191908844596,0.19013969764952085,0.1715091618473595,0.17879777310336342,-0.18339177505757545
2244,0.14372408455063457,-0.19494035653207525,0.14895564269898348,-0.14894850034887142,0.19159123022686186,0.17315145120760286,0.18163887203138718,-0.18562162279906108
2245,0.14376173695094227,-0.19525595515652514,0.14847804153320845,-0.14998650982798328,0.19066167943476436,0.172918407433092,0.18106996114352053,-0.18497884072563922
2246,0.14397747775370057,-0.19695487969069955,0.14943113411477385,-0.15055498307976414,0.19246481782668937,0.17401555203641483,0.18147732131826536,-0.18561947895964512
2247,0.14306299398125072,-0.19480114244054197,0.14751884536235393,-0.1489430625557412,0.18849879858883026,0.17206382608166146,0.17959683020128134,-0.18424904749511833
2248,0.1439080142758102,-0.1959459801084005,0.14801726811446667,-0.14787933449916915,0.192319445445236,0.17284374290098348,0.18109897725250138,-0.18537036427546877
2249,0.14387613082044381,-0.19429780380821907,0.14797032883497424,-0.14816825654185586,0.1914716610278822,0.17216079235859896,0.18020411859683197,-0.18416356213439297
2250,0.14239257985836187,-0.19502873691448058,0.14729318613337278,-0.14717979911204496,0.18771873547482718,0.1718745410528274,0.1799107172827946,-0.18380662475035606
2251,0.14327748521582193,-0.1955566960705422,0.14812146491673878,-0.1479585025002824,0.18998636468215457,0.17306014640618197,0.18110372844889733,-0.18485581598853357
2252,0.1438268284540133,-0.19469540846115582,0.14816508389322308,-0.14845800547540494,0.19175795211299854,0.1728366319074949,0.18104247682112154,-0.18490115344894756
2253,0.14391188240245809,-0.19446943793215613,0.14871342931888185,-0.14945856750791758,0.19152149978979335,0.17312917728433166,0.18082397895662744,-0.18491742676172515
2254,0.1430521912705601,-0.19541696106484951,0.14800835345925464,-0.14886926632923092,0.19051549002620877,0.1727215993675083,0.18025238559402781,-0.1847568667639205
2255,0.14204593944174324,-0.19473927464142246,0.14736257020771928,-0.14794072307598924,0.19131637178011668,0.17250531873418412,0.18009353586450444,-0.18431482528921708
2256,0.14227967079808831,-0.19374533220582515,0.1469248346865796,-0.1473839139343788,0.1894053728455277,0.17189842374421552,0.1792870565729519,-0.1835125295854648
2257,0.14312289401934744,-0.1966543059527904,0.1480104920370905,-0.14911169430246238,0.1919830046169721,0.17254618166635635,0.1810556880420304,-0.18494948095313493
2258,0.14322560470366202,-0.19538532979333548,0.14694894938624073,-0.1468084834982702,0.19272049737136746,0.17203841967673356,0.17991269618307504,-0.18410856693499353
2259,0.1435632484276656,-0.19438165375702318,0.14815059229024613,-0.149506921881493,0.19042986474737048,0.17256256364107816,0.18071871059955427,-0.18495567465788373
2260,0.14179130270326168,-0.1954080482897951,0.14696478660714296,-0.1475484590444301,0.1910228544865949,0.17204234658294473,0.1801408846355497,-0.18484320124769152
2261,0.1430041617828956,-0.19402043894077614,0.14697597676857227,-0.14785122449654206,0.18931061749103817,0.1714553103724293,0.17947429332437803,-0.18329396833672554
2262,0.1447936722263024,-0.19567957370756447,0.14835423936711853,-0.15087305217608635,0.19252019822810365,0.17313563293248718,0.18067547220456978,-0.18445840393806862
2263,0.14342222460796852,-0.19545516175079475,0.1474357944892739,-0.14806676309499878,0.1901547600954046,0.17206639332754023,0.17987501305650455,-0.18404059854840665
2264,0.14325888275516865,-0.1957866028854105,0.14817023389646442,-0.1488003800541817,0.1901156640152498,0.17274784728187986,0.18048844000385714,-0.18472907028106536
2265,0.14210308960148038,-0.19515317951807434,0.14752055540828107,-0.1477590916951929,0.19123448498362317,0.17205811616362474,0.18000808922024983,-0.18400021220784077
2266,0.14117191440899898,-0.19316410569859996,0.14579737250624147,-0.14691269374707094,0.18911591635231648,0.17039987422750394,0.1785613119522931,-0.18279985583818972
2267,0.14260553304239812,-0.1955735001859698,0.14789003671011117,-0.14800242744967554,0.19060385493844115,0.1725206929499001,0.1802403183660192,-0.18454643014653244
2268,0.143891153351703,-0.19505979822072944,0.14861314877274598,-0.14859414945501062,0.19082538294262974,0.17314152096096283,0.18094210747305714,-0.18486292925385975
2269,0.14412295562496877,-0.19453180043595514,0.14812615750606173,-0.14866598147134852,0.19258381568033753,0.17253654228521012,0.18044009258882993,-0.18448071061278135
2270,0.1444450482315483,-0.1960387781767432,0.1490967152887511,-0.14963428600293954,0.1910391996042392,0.17352713343988893,0.1810572694050057,-0.1855085687846958
2271,0.14353510765647662,-0.19566688312872116,0.14826203437170427,-0.14866585255584303,0.1898899131035606,0.17265597117871356,0.18093387936467203,-0.18521001651532054
2272,0.14290983167885268,-0.1949638209159625,0.14719982374055196,-0.14787304144576638,0.19181484145666455,0.17202580296008785,0.1800072202341132,-0.18415894565954294
2273,0.14359088324944874,-0.19423888760480582,0.14938880757024195,-0.14922960068622826,0.19105983000181323,0.17273989641528284,0.18100073516820794,-0.18442849920083493
2274,0.14336584564570437,-0.19403861797166105,0.14757897402206502,-0.14990717452531468,0.19130179440971518,0.1724114088209074,0.18032951263212255,-0.18480517615549927
2275,0.14333600526938153,-0.1960370789324783,0.14864397351800077,-0.14884625389009942,0.19146334637747098,0.1725063118294263,0.1806240973429724,-0.18435105129826007
2276,0.14372521936129456,-0.19559692428322875,0.14754910894301235,-0.1489934344472573,0.1904548793795187,0.17323555602624888,0.18054428651074475,-0.1846958896551387
2277,0.14408021325363674,-0.19469586263546168,0.14862097292608303,-0.14989918446422434,0.19170131866859905,0.17280245403912384,0.18062767489459933,-0.1845194738319199
2278,0.14212899539386048,-0.1940857321203748,0.14742093630155317,-0.14791642479206113,0.1892668212999491,0.17175811655456516,0.1798085785679222,-0.1837519998554833
2279,0.14415452456866124,-0.19590930184363786,0.14746745397576747,-0.14791690526295773,0.19121686451198433,0.1720532428361803,0.18008215853855122,-0.18414321466363315
2280,0.14390069767162747,-0.1950059217068504,0.14876051328288079,-0.14895416343148493,0.19175524573077823,0.1731748247378238,0.18062809791036158,-0.18493067410924147
2281,0.14258171757336383,-0.19633997830847524,0.148084250376032,-0.14859892317516754,0.19137654039278407,0.1721343308232775,0.1809653178160409,-0.18516125645167547
2282,0.14338767757738885,-0.19594033270807976,0.1484154928784327,-0.14946922126433373,0.19071378112173312,0.1729556248473948,0.1806593028893061,-0.18486289371467596
2283,0.14314165283855465,-0.19592561184183102,0.14735368234934348,-0.14807577489861268,0.18950611212635096,0.17217226707900393,0.18041495753566847,-0.18475554762980417
2284,0.14292055734476242,-0.19510718893663934,0.14792086783090194,-0.14880534358660383,0.19171172079194124,0.17290186455685877,0.18113066239060163,-0.18512726601853272
2285,0.14255779322319573,-0.1930101893374085,0.1464111239868445,-0.1469991561337504,0.18883484602594025,0.17121197392462978,0.17893688393234328,-0.18363846177992557
2286,0.1422187012539303,-0.194949679821901,0.14689684964232397,-0.14797902293163018,0.18977887898386495,0.17108591111575883,0.17934699921338343,-0.1830387817870984
2287,0.143686550146053,-0.19432522696141122,0.14835809540078837,-0.1496823126427687,0.188877519617973,0.17232105504392242,0.17997267472130749,-0.1840666193243004
2288,0.1447495195151534,-0.19643706668163968,0.1491320050223613,-0.14968309387351564,0.1917405303437001,0.17363119390719198,0.18123927678835777,-0.18547555444245414
2289,0.1441231471170933,-0.19505604686202047,0.14817740334187723,-0.14969339292320594,0.190464345951312,0.17247915640024014,0.18035353822976002,-0.18485394382525666
2290,0.14302212569448625,-0.19450148606736836,0.14667654927255366,-0.1467271954044847,0.18974271325119577,0.17145828762150883,0.17934000663508398,-0.18353366626721238
2291,0.1426519892631635,-0.19292800287071105,0.14683371681682286,-0.14695086213012662,0.19112799636208078,0.17155981331243603,0.17917909595930592,-0.18319177540658171
2292,0.14364847683527812,-0.19612168716940295,0.14845641688131364,-0.1483007283438137,0.19125028412530345,0.17275548210331698,0.18038272644444878,-0.1843574307145802
2293,0.1427066438205992,-0.19418808054682957,0.147226632196489,-0.14833014689768542,0.19024380936374083,0.17174999471621835,0.1801494297980757,-0.18375446711916776
2294,0.14387455271981076,-0.19531274002176216,0.1477560921347839,-0.14833961794434486,0.19233965127539435,0.1728954095724905,0.18059548315450283,-0.1847610059345435
2295,0.14331503809577448,-0.19432844931265553,0.1481680304377411,-0.148041499286349,0.19027194591291013,0.17181693157515424,0.1794257317063722,-0.18447022353101564
2296,0.14484509439126722,-0.1960194377875634,0.14914152167367828,-0.15009311966769073,0.19056290039904428,0.17324712289773028,0.18112779622411085,-0.18471907537435417
2297,0.14294871505990633,-0.19483065610024608,0.14657162672837443,-0.14716167422303275,0.1899594846617925,0.17145744848304137,0.18016338619294117,-0.18380638686626483
2298,0.14390581253508988,-0.19438208832584103,0.1485348326389274,-0.14915121533256173,0.19066476443184938,0.173211839835851,0.180969818905105,-0.18485022977167792
2299,0.14257672426716245,-0.19395490318887854,0.14779434116566567,-0.14799027611100354,0.18881982977664413,0.17176814458359801,0.18017271744930502,-0.18368989175627268
2300,0.14537827873108425,-0.1960183835825943,0.1496310292303433,-0.1501140751366172,0.19068125580843814,0.17398452218707952,0.1820680321470932,-0.1857321523096393
2301,0.14356358358447915,-0.19608086193735216,0.1484827580125515,-0.1489092131905841,0.1926695730109966,0.17293559039297235,0.18111264354756493,-0.18554225867452234
2302,0.14374220410805413,-0.19631544857333233,0.14916680467975268,-0.14982401297083245,0.19009457279300496,0.17362687342384053,0.18171865137639612,-0.18553238332629318
2303,0.14329702549322443,-0.19593409946414364,0.147820875900028,-0.14856234862223797,0.19119816926131616,0.17237493335074222,0.18045531914130938,-0.1842313021940719
2304,0.14329149680869277,-0.19541313358164802,0.14807445662161314,-0.14903755022461918,0.1905076721157319,0.1728287607145622,0.18019466193063402,-0.18472525307531648
2305,0.14443421503371806,-0.19617415571073918,0.14906484751518137,-0.15084092118764028,0.19205360564402446,0.17288107746874445,0.18154719128427219,-0.18475922577187626
2306,0.14362694310501486,-0.19404101457998538,0.14694575890309666,-0.14850664116083975,0.1895628949953916,0.17188085400290673,0.17948397005468972,-0.1840563113073965
2307,0.14355297953927687,-0.19484812892574488,0.14821814428803542,-0.14893367715748274,0.19146401387796905,0.17281155003868132,0.1803440070547168,-0.1847783563381228
2308,0.1433464379882551,-0.19448321001790386,0.1483582530765647,-0.14960161015707615,0.1913589780022296,0.17287949820419576,0.18069297534060239,-0.18475528006318206
2309,0.1436179613865232,-0.19544736598896462,0.14768225807410965,-0.1478961682820874,0.1899563170406156,0.17225128200276174,0.18041917073922156,-0.18415912066698462
2310,0.14320448365170763,-0.19581790821169173,0.14850310593290608,-0.14965084360814038,0.19153571186001972,0.17326964778621776,0.18083261397150516,-0.18525496129673727
2311,0.1424909092794101,-0.19604516464928576,0.14729915010910596,-0.14813535129978087,0.19151555673348047,0.17205840345347778,0.1801920123841659,-0.1840936721082884
2312,0.14076254747005254,-0.19535923707833683,0.14681851657196365,-0.14770869268096048,0.1910994538036763,0.17186710195764696,0.18021196913237186,-0.18434447604880855
2313,0.14488578824420592,-0.19493728629903265,0.14918214221711018,-0.15010640871637787,0.18984012718353482,0.1734510088661553,0.1808131688382814,-0.18478221540482817
2314,0.14281369752838244,-0.1948956704957906,0.14683192915202606,-0.14811167116221674,0.19138705064411826,0.17152937205636803,0.17964127790292034,-0.18352499310507803
2315,0.1435018051457053,-0.19503042125632583,0.14788088019601328,-0.1483295386074022,0.1896506653611709,0.17195402173240065,0.17944977111538,-0.18417520887704245
2316,0.143445012532773,-0.196339840492248,0.14793929355339064,-0.14908215178051537,0.18987678624934962,0.17285817517342092,0.18065882428834706,-0.1846218180293822
2317,0.14168257913614932,-0.19648258881546274,0.14765227765220473,-0.14810810310302971,0.1912689095102642,0.17195194358322924,0.18015349875654307,-0.18390281304731793
2318,0.14299293460714016,-0.19566115174609292,0.14715004310971175,-0.14775373610535614,0.19072537654088972,0.17204395130778172,0.1802163252711663,-0.18416196279437388
2319,0.14332606900133912,-0.1943511218181622,0.14783984707080425,-0.1477958713251316,0.19105941634417475,0.1726722364817108,0.18087936474972005,-0.18407227412997418
2320,0.1442738198420368,-0.19471459010736197,0.1482229234896106,-0.1494095090528048,0.1916817232386717,0.17224199493135187,0.1807405226757341,-0.18456417135415873
2321,0.14315910326819078,-0.19599378808847615,0.14782094271868199,-0.14953603349262626,0.18957511056496973,0.1726600699267342,0.18093287690081886,-0.1847527071307458
2322,0.1436029021552617,-0.19558788657302864,0.14762392177315375,-0.148948300144829,0.1915835019463844,0.17252390305361545,0.1803628863898545,-0.18471982653019556
2323,0.14134629627655487,-0.19490513349680588,0.14622872424587152,-0.1468883339527719,0.19103111591870758,0.17164832932078725,0.17954695945416504,-0.18356936220061892
2324,0.14301380180496326,-0.19440372842157438,0.1471309475399879,-0.14797482761352823,0.19077056604224452,0.17199018259419915,0.17989284844370013,-0.18377673713234385
2325,0.1423358984429505,-0.1948705177708212,0.14665117474199085,-0.14734018882900374,0.1902446240729035,0.17147929085007255,0.1799161376479154,-0.18428165911543942
2326,0.14140100895394722,-0.1943622828913917,0.1467349028394464,-0.14812078763290001,0.1909378636060843,0.17177748336273146,0.17998827924410446,-0.18386562254536207
2327,0.14400779050406057,-0.19515535423351013,0.1484505508397016,-0.14925103116258792,0.19002733338700534,0.17291435343438766,0.1812328807043317,-0.18503169495580768
2328,0.1439808699992585,-0.19499839781001466,0.14774741202321193,-0.14806128366202312,0.18964663047386218,0.17230503707033004,0.18026755859578433,-0.18389550285343506
2329,0.14289959620811885,-0.19486117251752094,0.14796771400210756,-0.1480872556170965,0.1908680214242382,0.17276390084808815,0.18074928003665536,-0.18444336686693466
2330,0.14353307214815972,-0.19534662768768662,0.14761280023919213,-0.14828884157095842,0.1931632869154157,0.17275128012492597,0.18099238502699716,-0.18498611125018785
2331,0.14481868716060042,-0.19526851890920646,0.14881634238255476,-0.14942602430879973,0.19007839974832957,0.17324796675303922,0.1806681903846468,-0.1850556957141514
2332,0.14408720991753668,-0.19468102042633556,0.14823662094305765,-0.14909166737494933,0.18849954999260887,0.1724124456498253,0.18021590832340345,-0.18387101630866973
2333,0.14121225337654827,-0.1957413091672466,0.14731996039708123,-0.14773373342891316,0.18975123638659247,0.17290447641335926,0.18024344249172436,-0.18393189355872386
2334,0.1423642179023677,-0.19514817643908366,0.14727871016769026,-0.14783802612330266,0.19118615132917374,0.1721232875404999,0.17989918391600812,-0.1843142434888909
2335,0.14263289650330455,-0.19489473182306485,0.14801853016853317,-0.1474271308896347,0.18978889958381112,0.1727810411792978,0.18034221474861237,-0.1844250081286577
2336,0.14210572685217707,-0.19599704731382103,0.14696670892396885,-0.14758610983918996,0.19109961522654836,0.17224435173279215,0.18004520202722923,-0.1844667516256251
2337,0.14376240246447225,-0.19610166962133235,0.14828458120535257,-0.1495339796947122,0.19094746703798776,0.17296002655246823,0.18078969459357674,-0.18518939065023587
2338,0.1438041309029389,-0.1962888304079255,0.14834385381385115,-0.14911245355055072,0.19099243455092918,0.17305180491400748,0.18073867731459398,-0.18474297988257854
2339,0.14350307335020868,-0.1956730895372267,0.1488967683719647,-0.1498753143233644,0.19173585768940665,0.17339974766181546,0.18116039808173237,-0.18497209570498857
2340,0.14476959767885858,-0.19502248229106553,0.14867553977675488,-0.1495373935059129,0.19002085430153465,0.1726762022660024,0.18030834257455722,-0.18510299924797347
2341,0.14219219641500963,-0.19309733634114107,0.14719899201097372,-0.14903825796952616,0.1895751922016123,0.1715966456497018,0.17929673381932618,-0.18357788699820948
2342,0.14326998559127424,-0.1946843163571831,0.14698782807776553,-0.14841610224161644,0.18817596405749937,0.17206041502628044,0.17908259194266063,-0.1840807729639218
2343,0.14305662586178544,-0.1966895026298516,0.14740928580971094,-0.1482651748595286,0.19091216923106163,0.17218357857276698,0.1803766742483504,-0.18409829286438753
2344,0.1420013806863188,-0.19571957548446547,0.1465660110438569,-0.14696309562944018,0.19098784070175637,0.17188796880498217,0.1799329625818966,-0.18432449526300732
2345,0.14357904330831234,-0.19561188007615618,0.1482884557326601,-0.14856627946774903,0.19174678263188719,0.17318782336922445,0.18122218349557098,-0.18472650628323412
2346,0.14375046692699736,-0.1961060463813226,0.14808187166460887,-0.14880624531301678,0.19133570504339492,0.17306800737237846,0.18149795694265236,-0.1847702744962741
2347,0.1410031966728265,-0.19415356614409332,0.14671071630421692,-0.14798894076949376,0.19048781275485013,0.17178824097188097,0.17956879714773938,-0.18419401957895404
2348,0.14511182597780412,-0.1963254603654286,0.14837699600802812,-0.14859568575621143,0.19182845722143863,0.17381394015182286,0.18088932613533198,-0.18588301519750383
2349,0.14271185002109887,-0.195758920681536,0.1477518111551285,-0.14821139763000335,0.18971226504810232,0.1723306394720732,0.18082275512689996,-0.1846253223425314
2350,0.142601574278367,-0.19578444193299166,0.14780382619629803,-0.14809166838524437,0.1907285385800654,0.17252641984810982,0.18027113339529857,-0.18460215918150907
2351,0.14427591014217683,-0.19526359103656715,0.14918466357979937,-0.1506516484520766,0.19268646502569814,0.17381624595645656,0.18171103718663814,-0.18570798452593826
2352,0.14354390374413326,-0.19482359008173594,0.14813031255432849,-0.14874078202095947,0.1893564014061216,0.17220046650059556,0.18025930185696773,-0.18430728426808002
2353,0.1448896727815829,-0.1965968938719141,0.14915771413116943,-0.14983970668115118,0.19348411316304975,0.17342489848793832,0.18145539696625804,-0.18554698563035393
2354,0.14215836025255854,-0.19426680962629095,0.14743929635130285,-0.14835767763371285,0.1901740034319075,0.17181062476040018,0.17903149539082233,-0.18327869976026412
2355,0.14310444582584944,-0.19707517003172986,0.14784704321138517,-0.14860290655075803,0.1905730934509268,0.17290183892305075,0.18104316555947073,-0.18493459057338643
2356,0.1445794505004152,-0.19564627350081293,0.14942088503998074,-0.15017875122650912,0.1896681472882727,0.1731179855193331,0.18113251787249357,-0.18503651640378513
2357,0.14257960735578662,-0.195456783468027,0.14810925111090315,-0.14838810299054728,0.19162337865336973,0.17313398438800837,0.18084509686370073,-0.18437091488155724
2358,0.14285873535670635,-0.19624928308506198,0.14894888032581008,-0.14952295334639104,0.19102433407974045,0.17306202804594487,0.18062762993713233,-0.18530148769796528
2359,0.1439137902350638,-0.1954285556765548,0.1484465593084341,-0.14942567668659876,0.19063345169459142,0.17338587484613835,0.18077625701343067,-0.18505243488858217
2360,0.1432496236309544,-0.1957482733888966,0.14780750265805326,-0.14903633989486237,0.19018452216064458,0.17271882761642202,0.179532297556206,-0.1842428620220716
2361,0.14461476171152615,-0.19543491025804088,0.14837302301098323,-0.14924091465266012,0.19157318779024912,0.1728225755727628,0.1809939580475195,-0.1850377476014793
2362,0.14203364559772436,-0.19438467247351388,0.14731184352641005,-0.14797054743358923,0.1906203891376061,0.1715280227412836,0.1789150043132491,-0.1838893302417707
2363,0.14323326443272716,-0.19493249217513622,0.14734995170554696,-0.14860832098505108,0.19004437922223563,0.17222691047865774,0.18000468952102613,-0.1842656079508852
2364,0.1426016591305136,-0.19467322045379665,0.14793700646867403,-0.14834614656648604,0.19141392798566365,0.17244573535370314,0.18076670596557082,-0.18520757540760593
2365,0.14245936636888606,-0.1947985622396578,0.1480765342358635,-0.14812413158817184,0.1903226176515844,0.172426380702112,0.18038383929848542,-0.18437664185692026
2366,0.14282959054374583,-0.19617679864633175,0.14776466098206523,-0.14905182027386404,0.19096123601658488,0.1717499199684265,0.18009440353325668,-0.1837041511410834
2367,0.14143621015675484,-0.19403192051679208,0.14668583504132077,-0.14806333186360865,0.19042166368378252,0.1718132172027994,0.1795593047438144,-0.1833853232025599
2368,0.14394777139053683,-0.19355085724107413,0.1480571192005067,-0.14819698036272613,0.18950617729487923,0.17233439915531423,0.18014918949286055,-0.18433295793901763
2369,0.14416662632286978,-0.19578648889464934,0.14947263172159,-0.15038079108240432,0.1901982558454872,0.17418275884299086,0.18171913033940942,-0.1852448703601908
2370,0.1422936745432385,-0.19537440784563564,0.1474426409914636,-0.14704472854775066,0.1894353220557418,0.17104441787425012,0.17965548180286622,-0.1829437039517718
2371,0.1418748973880457,-0.19633744444845455,0.14757817160268413,-0.14869648261825855,0.19118870148337616,0.1728800953875503,0.18079875238114268,-0.18519117146424452
2372,0.14314163096239615,-0.1947767895164871,0.14840632152764868,-0.14974185144696223,0.19007148949075775,0.17284990016859547,0.18054855358473643,-0.18442077799942247
2373,0.14391924408924794,-0.1951926633595729,0.14799824365746747,-0.14758397882566773,0.19129633058907772,0.17226765302596533,0.18060062898537133,-0.18470994683118822
2374,0.1430942084938742,-0.19365965902692198,0.14806215004595594,-0.14798701855327379,0.19038740975224203,0.17173785384763557,0.18033390652705492,-0.1836703441773395
2375,0.14253938602463107,-0.19461750409940903,0.14789278864770872,-0.1483875247029684,0.189721584881344,0.17233521871537888,0.18019427255423517,-0.18454029463716096
2376,0.1436742709638346,-0.19323118888510066,0.1482101913705786,-0.14896990892582204,0.18905143514070807,0.17206953780810427,0.17987715887752043,-0.18354956127522304
2377,0.14274423031956415,-0.19422864924317307,0.14671001399606345,-0.14844936957864444,0.19022304893747868,0.17166668427206597,0.17940652723177328,-0.18377425684323564
2378,0.14183223561593492,-0.19499173199252523,0.14674507065381245,-0.14796561658575758,0.18988986968894125,0.17216280167051407,0.17963785986602454,-0.18395207076695175
2379,0.14459457538625362,-0.1947671219716116,0.14834019370443072,-0.14892416363812888,0.1923551335144706,0.17294892910576312,0.18116495884929665,-0.18477906008200332
2380,0.14360412819067195,-0.19451390322191886,0.14806200738888378,-0.14965353589756947,0.19018041413298992,0.17231481254492179,0.18056059131683627,-0.18465904734564467
2381,0.1426871600694903,-0.19680533248514537,0.1482546041923485,-0.14837879461301204,0.19076048851936953,0.17320938311785478,0.18063134825564836,-0.1849078568132743
2382,0.1437331082226685,-0.1950105787401412,0.14728553292498078,-0.14651792038983905,0.18995786657268343,0.17207181921337553,0.17962224583839226,-0.1837146234252158
2383,0.14393804073089025,-0.19590192761855998,0.14811132520457015,-0.14890637613113294,0.1899170226462036,0.1724484676174123,0.1804696841524763,-0.18447322707809596
2384,0.14338458059608514,-0.19537839058489292,0.1485960691032138,-0.1485093993273279,0.1907425385505222,0.17307370548121329,0.18104923911258383,-0.18469981854545678
2385,0.14147745304503997,-0.19462610822575302,0.14678654109465866,-0.14741831032393754,0.19151806128822774,0.17144135223343848,0.17958770504362062,-0.18338437874596453
2386,0.14264849471308122,-0.19516280344350753,0.1469500022898447,-0.14814865855163986,0.19121674304731853,0.1722286330680245,0.17973709250692826,-0.18401011156595187
2387,0.14560841044537878,-0.19636958599859622,0.15013169490987283,-0.15134008125939788,0.19158591657367918,0.1741866179331337,0.18205732228766452,-0.18636553205535947
2388,0.144638459248981,-0.19450607771914843,0.14836861113228228,-0.14925374717319553,0.19016899006152505,0.17263500528400827,0.18031935398287874,-0.18457426260517393
2389,0.1422787598163059,-0.19501106983779634,0.1467189129626253,-0.14825879016135812,0.190410879828433,0.17184087024866432,0.18001295050856503,-0.18399365050220967
2390,0.1453821217980737,-0.19429696394901355,0.1490533307502468,-0.14900640313026123,0.19049941066521098,0.17361021952335612,0.18078909594398287,-0.184844074252206
2391,0.14320650581916317,-0.19433666892855078,0.14728012207333024,-0.1475999116159724,0.18952691988699627,0.17176819921794118,0.17892479455060228,-0.18382446421472962
2392,0.14382844940776768,-0.19418698764590822,0.148209096830901,-0.14961714726028488,0.19035467444590223,0.17296750322267548,0.18043724044678514,-0.185061181439822
2393,0.1441093958585334,-0.19617421120618833,0.1482360943887299,-0.1498874653102531,0.18992267686696235,0.17298948193002175,0.18134401179467377,-0.18464390303268385
2394,0.14377887035078205,-0.19564286547278287,0.1476801600662005,-0.14869263342744504,0.1911628331959451,0.17199651924818357,0.17990274467479014,-0.18390597112473633
2395,0.14250943365511726,-0.1961234311877318,0.14784206747359907,-0.1491641315998898,0.1912414626884037,0.1729215257159857,0.18089494436334408,-0.18454658138925784
2396,0.14321078061010523,-0.19614531575718044,0.147907921771365,-0.1492328622246705,0.18975103254556241,0.1727370299133256,0.18083793514611618,-0.1848828289749798
2397,0.1427395322736224,-0.1949253323702165,0.1481034451360209,-0.15024876233399567,0.1902138092005308,0.1725891348490495,0.18070392334058571,-0.1843111072103355
2398,0.1418443283265917,-0.19349235561069533,0.14649874612796335,-0.1471906825862563,0.19001190338630175,0.17105577926154888,0.17915800590584738,-0.18360879516725598
2399,0.14262044122342968,-0.19621202003736055,0.1480603663042873,-0.1493317890359367,0.1914385655136957,0.17222103381802417,0.1803923158228485,-0.1849741897254413
2400,0.142795219041921,-0.19423806968164775,0.14737151835333298,-0.14868991046489458,0.19012155529870345,0.172499140514636,0.1805437671999167,-0.18420586289065902
2401,0.14444492809560883,-0.1948184105579943,0.1489710814032218,-0.1488988902594869,0.19209374870146548,0.17289719525170663,0.18071763740127797,-0.1844707813126818
2402,0.14395593015271116,-0.19480765312546575,0.1481144446266452,-0.1490771094527343,0.18949702896101134,0.1730183312652899,0.18067547024009656,-0.18486008893916403
2403,0.1448879502608945,-0.19576909902187437,0.1483009460250071,-0.14931820571052326,0.1888868632353186,0.17367052652025836,0.18104450865731353,-0.18454028889356
2404,0.14333790225602264,-0.19528455715212661,0.14703868172280496,-0.14880343367439286,0.18994693127031687,0.17142113459128486,0.17923025859713612,-0.1837143257491919
2405,0.1430410268062474,-0.19520156359053642,0.14847592049521083,-0.15063500650262088,0.19264920256828458,0.17277791305028847,0.181150219502255,-0.1848576150422004
2406,0.1408352712855104,-0.19411144544758596,0.14665245211418468,-0.14613112982013382,0.19104010089347373,0.17116719019682283,0.1790337094269593,-0.18365079566653206
2407,0.14393446063748308,-0.19474850524219497,0.14873673133684642,-0.14912782321875642,0.19146628358181925,0.17352309291173243,0.18085521504829427,-0.18507170862909914
2408,0.14453007338370308,-0.19541156991127404,0.14944742194481625,-0.15021722634122914,0.19085604207056414,0.17294308084432497,0.18085432873770863,-0.18459209879484278
2409,0.14413540785725087,-0.19215696620536013,0.14760589960367757,-0.14910881604420345,0.19050563836180537,0.1720885811139045,0.1798004746146509,-0.18387810590757633
2410,0.14205978393753146,-0.1947849293120807,0.1472136303054323,-0.14818831340202337,0.19197779228070583,0.17191844212135682,0.18027287099294573,-0.18361926940471854
2411,0.14372592150917612,-0.19577760509803763,0.14832687602872757,-0.14844823034694507,0.1908964564419833,0.17244426277440375,0.18069804299974507,-0.18476544837968134
2412,0.1420899320704921,-0.19328245436198108,0.14664482605559645,-0.14781734069237576,0.1893401591157312,0.17155984927734583,0.18027201116405897,-0.18375785966351796
2413,0.1427778759798632,-0.19492213822292903,0.14751685979065426,-0.14803357729074235,0.19088471560673756,0.17183811119420306,0.18007740506001493,-0.18385590046472627
2414,0.14119861571021108,-0.19437034101474923,0.1469189041494849,-0.14739373515442042,0.19158974303674842,0.17087407695719986,0.17964024459780129,-0.18382780856768804
2415,0.14275183328919228,-0.19530710198759813,0.1479913776100928,-0.14980975601281604,0.1918857131243441,0.17271504466944257,0.18058062644065762,-0.18436947852642055
2416,0.1447615401153783,-0.19553873437051494,0.1487579662019924,-0.149835268764791,0.19108147882488402,0.17288373938770465,0.18081088533165243,-0.18466861562284445
2417,0.1428627645962245,-0.19379637291388452,0.1466876562412332,-0.14676370951196163,0.1887586115539807,0.17127108150402115,0.17922853077724873,-0.1829520018599772
2418,0.1426078532236279,-0.19557195992198803,0.14733841668036413,-0.1471232120857161,0.18965452183461826,0.1721839497365904,0.17968813877101095,-0.1839280838202887
2419,0.14353606867826207,-0.19442542004314342,0.1485316925977712,-0.14827956169901052,0.19172436350466504,0.17254933545633924,0.18047049495674933,-0.18460074666112927
2420,0.14227882144344875,-0.19365674110330833,0.14677700622194642,-0.14732621192581377,0.1897348185878944,0.17111352902141766,0.17943230678861827,-0.18317791913446402
2421,0.14299407757756236,-0.19516913856769408,0.1479880247546294,-0.1500671190309996,0.19046979672318246,0.17357967898558083,0.18012797293359306,-0.18505985589489557
2422,0.14366564983297103,-0.1950022018634784,0.14819654190654238,-0.1491304809970217,0.18849976057718007,0.17258073591670292,0.18062626519604744,-0.18416528040171815
2423,0.14468208403543262,-0.1952595673360202,0.14911110287798085,-0.1504001210065894,0.19012083254298132,0.17367460234359997,0.18176026744679777,-0.185589562961156
2424,0.1426718505413271,-0.19599973884453,0.1476959450678408,-0.1498461612077932,0.1902747482756227,0.17265574462017888,0.1800448556847284,-0.18479447245814015
2425,0.1414704133509572,-0.19342375651018362,0.14740826138937538,-0.1472126815867944,0.1890696572183203,0.17216659303298487,0.17948870371549952,-0.18417770090296876
2426,0.1450152344501558,-0.1947699332587962,0.14958754507955535,-0.1505167221976398,0.19087920878578377,0.1742416005513836,0.18180917121045345,-0.18531899999931803
2427,0.14263374654561425,-0.19526169360979984,0.14754782173005757,-0.14816220776072375,0.18862869507889904,0.1722663752090597,0.1797116938439337,-0.18400710889269112
2428,0.1412933134955428,-0.19277512526915352,0.14557973512801214,-0.1462478579419766,0.18776467738440236,0.1699247828160806,0.1780008835230882,-0.18253912991907426
2429,0.14401626627012498,-0.19478607686712474,0.1477779017870763,-0.14876766071662104,0.1921225635111545,0.17229212011622816,0.1800389559930942,-0.18456704866896725
2430,0.14479336355212885,-0.19463473183842384,0.14887014283281264,-0.14945547369226067,0.1906742702476325,0.17323301850501346,0.1804224607497386,-0.18477658724438661
2431,0.14472354855124078,-0.19495156189372237,0.14860312320594826,-0.15004439003995537,0.19158624531761592,0.1732472361235908,0.18056817889706203,-0.18459502080791007
2432,0.14384408340467655,-0.19431556050046042,0.14752382992575513,-0.14868603145491927,0.19117436816401628,0.17261947512872686,0.1808258174786124,-0.18440334399045188
2433,0.1419832359483232,-0.19424169891810478,0.14659983650272057,-0.14767292524613487,0.1893683201756922,0.17088059140960396,0.17878020234307673,-0.18297597293486845
2434,0.14359403382156094,-0.1959203359972644,0.14812169293196348,-0.14871691536679982,0.1925431913448102,0.17300832287920032,0.1812239560075732,-0.18493542374094624
2435,0.142945179656253,-0.1945623444188328,0.1476117523198614,-0.1498601006079299,0.1899296309351799,0.1721448497971599,0.17966462216933268,-0.18412280753951804
2436,0.1432620168216875,-0.19573391967206208,0.14847377951327434,-0.1479500913167333,0.1918468434045744,0.1723005336553191,0.18022316588595738,-0.184357855067486
2437,0.14453207057515924,-0.19523819702603806,0.1490301569839485,-0.1495540292568609,0.1902554244088782,0.17309758555193408,0.18116452612634293,-0.18533540546515395
2438,0.1422319954729749,-0.19437440887813612,0.14729259066706263,-0.14840541237264857,0.19039429756705062,0.1716180868309886,0.17988278361619373,-0.18388395005481203
2439,0.1434727191763617,-0.19548814673347625,0.14818035937293705,-0.1488475069148502,0.19017980092007833,0.17238885613067506,0.18059382740702745,-0.18457926514265796
2440,0.14383982833313402,-0.1946198540921423,0.14790935372294453,-0.14869756907883075,0.19009219047308618,0.1724082971209448,0.18006829504115648,-0.18416795832879965
2441,0.14455302251287727,-0.19651707102297486,0.14940966999990082,-0.14924739137488477,0.19067554634868783,0.17400029695553487,0.18164317257167245,-0.18577215267213998
2442,0.1425986439259967,-0.19408857186511322,0.14729090170141573,-0.14743872542896044,0.18987678503689928,0.17227314469095387,0.179847550835035,-0.18386150847402022
2443,0.14246990119635136,-0.19395286984802163,0.14770309292836808,-0.14746836230383267,0.19003405002039253,0.1717473994553865,0.1800304112248799,-0.1836005407914501
2444,0.14473058139593056,-0.194771000553265,0.14899598467913522,-0.14964510111344345,0.19118741155105032,0.17304822589735028,0.18099227084714722,-0.185118369861949
2445,0.14682433450154228,-0.19563001834641786,0.15012187384101378,-0.15218562616536668,0.1919448291118281,0.17480814601550462,0.18221282374292444,-0.18576173250082892
2446,0.14481185358470375,-0.19460981191782076,0.14868918826714692,-0.14998035044798538,0.19115015754887058,0.1725283950055388,0.18034893953972803,-0.1842499612513677
2447,0.1442032724585146,-0.19505214926601872,0.14811301903546942,-0.149147109960377,0.1910056927870471,0.17203501941358612,0.18124540848883636,-0.18422798397716872
2448,0.14387046788705166,-0.19499838445175663,0.14844331080284673,-0.14910717192013004,0.19033228686394635,0.17247774818934392,0.1803618372718603,-0.1842471019145202
2449,0.14394372776205552,-0.1945615371277085,0.14789939337662938,-0.1482063621116975,0.19170735111351037,0.17223614243375596,0.17931452235348358,-0.18418412774394963
2450,0.14215659667954603,-0.19543498622010616,0.1465289090237433,-0.14820508981722985,0.18935580545990108,0.17171720726385553,0.17955464197577276,-0.1839944270597466
2451,0.14556186936845286,-0.19724050095317325,0.14975265407249572,-0.14936953150853008,0.19212886927194459,0.17437115695773975,0.18275864903035738,-0.186385920883129
2452,0.14327133973533243,-0.19538290317001242,0.14842375889919537,-0.14879682401998234,0.19187661027529798,0.1722564488535264,0.18033187421423227,-0.18459796896139158
2453,0.14464139924088118,-0.19591472205211075,0.14933051527289412,-0.14873698268193608,0.19119150251719533,0.17345744530643487,0.18100741741246093,-0.1850274518010652
2454,0.14418826462833112,-0.19628014655665588,0.14845086848588102,-0.15059384135643927,0.19093430143976672,0.17353144476135487,0.18158072127547958,-0.18515203650675877
2455,0.1425642092624984,-0.1949634905160242,0.1480599610504093,-0.14891798548233035,0.18914448605887682,0.17313198738653116,0.18053011496932259,-0.1846028863851256
2456,0.14396702805567335,-0.1956607874729204,0.14899963892215823,-0.14927556904701697,0.19210871257021792,0.1732345144613953,0.1812859977777286,-0.18497794050088645
2457,0.14287867217991426,-0.19390363852987236,0.14695212553411846,-0.14782750168138453,0.19022371333000435,0.17195746612359922,0.17995952019902525,-0.1835374670880811
2458,0.14340675759171134,-0.19622344462943028,0.14850759226250917,-0.149431755104623,0.18986644580395043,0.17292442783434472,0.18083503769549142,-0.1845723581179964
2459,0.14317624735421303,-0.19440469305984012,0.14640740365802385,-0.14681782463971668,0.18995870164085815,0.17109838989987794,0.17955054498580264,-0.18334945348456222
2460,0.14452387595232952,-0.19441146713548416,0.14796632832398546,-0.14862134626321352,0.19061918861897345,0.173126854995748,0.18117287852000333,-0.18451766925068988
2461,0.14475700041794096,-0.19630042292957528,0.1496037228287537,-0.15159654166038836,0.19026787138860607,0.17365720152413158,0.18245376891614792,-0.18596932128365853
2462,0.1434139680782574,-0.1945598165534189,0.14814689779809148,-0.14974306719552305,0.18978370132803066,0.17274506182523042,0.1807107353882764,-0.18493783323569224
2463,0.1437763420435591,-0.19427032169920289,0.14839141196409872,-0.15064704277268545,0.1903399565545353,0.1725166578865599,0.17994012448463315,-0.18435054213158938
2464,0.14301343415971263,-0.19492395084585698,0.14732605716011876,-0.1480229564990105,0.1894663939838751,0.1718303954502348,0.1794372392865352,-0.18371399465715996
2465,0.14361908455589262,-0.19484217612597837,0.14887137523022437,-0.14839667154408137,0.19101314069615657,0.17267686605184845,0.18063927545575809,-0.18453044903363183
2466,0.14356701687964074,-0.19655028228722496,0.14800692368378798,-0.1486303021910491,0.1896858999455951,0.17289021840098842,0.1810468849748847,-0.18477089969284263
2467,0.14095457703848546,-0.193632370769796,0.1459584976620021,-0.1462781018513525,0.18968968061315591,0.17085590783048774,0.17868362375444272,-0.18313011215139155
2468,0.1429114983015213,-0.19635056368163706,0.14781132041081055,-0.14849539588006108,0.1908028070956646,0.17199791375428752,0.17994001879732807,-0.18461316725098711
2469,0.1441214563314489,-0.19523379158346407,0.14881191016827097,-0.14945711639424764,0.19203230677087005,0.17372670704706447,0.1817271510488934,-0.18538447707931205
2470,0.14499614674601236,-0.19577160928344542,0.14856048449849266,-0.1493772461854196,0.19143810661285396,0.17339283977987474,0.1814290849533079,-0.18460789301451058
2471,0.1440693730706136,-0.19493012671918378,0.14856287731478365,-0.14969140558207836,0.18950544022890764,0.17265842532019776,0.18034108019364437,-0.1846350396858427
2472,0.14398364208659784,-0.19455965085921734,0.14800961378573976,-0.14875168658467805,0.1902304911112207,0.17239022436912776,0.18118985468036006,-0.1849622303718492
2473,0.14257007967784976,-0.19488972871263155,0.1477022937293375,-0.14828133964144508,0.19028753922849703,0.1721531486955357,0.17933087515423923,-0.18364990738701595
2474,0.14495038099822938,-0.19574148554058157,0.14906638126343316,-0.1499886890868571,0.19080000062129007,0.17382774590103023,0.18164736238607201,-0.1858325205655702
2475,0.14460009507401253,-0.1962845773645567,0.14949972171333947,-0.15017726064212594,0.19151535575941783,0.1738292876389625,0.18179453968482778,-0.18537522356310407
2476,0.14475150129493883,-0.1940961428384308,0.14864809154290545,-0.1490705064615032,0.1883713977213449,0.172682675926095,0.1803463567617974,-0.18465042453759387
2477,0.14170421620389856,-0.19349897046137193,0.14678010345471953,-0.14650999635158637,0.19070332527711142,0.17092673297479338,0.17909457103455223,-0.18388374621991768
2478,0.14294435176497175,-0.19485443314258982,0.14707503036298766,-0.14618073038344406,0.19079947022803287,0.17152031555133426,0.17946849511528243,-0.183564398165716
2479,0.14286927902163113,-0.19437750186127603,0.14879950257750998,-0.14941725310264792,0.19053578330229273,0.17303766576573543,0.181135455850345,-0.18486923909236483
2480,0.14381236701922487,-0.19642097178945134,0.14858686087411266,-0.1503222670175452,0.19161637683679014,0.17364680198682256,0.18138616064102356,-0.18505045606935905
2481,0.1454637419296595,-0.19491761459095458,0.14889644882755476,-0.15047470070744196,0.19100965298879272,0.17363076611151262,0.18138175404463125,-0.18549082524038413
2482,0.14345002806297538,-0.19460958100914263,0.1480442173067823,-0.1478702419833429,0.1907439303789723,0.17210511265803163,0.1802933001143437,-0.18415216702729256
2483,0.14315050441454993,-0.19502856020906198,0.14856907973976335,-0.14933494483063758,0.19003453757961036,0.1727946477937069,0.1808534864505425,-0.18510157880106112
2484,0.14413165795546848,-0.19502231849350435,0.14782416331353887,-0.14864325534046707,0.1908578175132234,0.17282643568029024,0.18023031369188067,-0.18444103708451365
2485,0.1450825031969135,-0.19699283363495856,0.149286279000067,-0.1496307623643164,0.19096366886872887,0.17365458851641172,0.18118808143203197,-0.18560540150814875
2486,0.1421318240815958,-0.19585400994283492,0.14754802633591918,-0.14804389984975289,0.19170323109704285,0.17236897564520828,0.18045949915967466,-0.1835548643355772
2487,0.14452199033592375,-0.19518271477722968,0.14888278172345232,-0.1490985555870228,0.1916189709141382,0.17311582026819075,0.180681482070648,-0.1846537832179105
2488,0.14347926562767543,-0.1956124384700605,0.14735538626021255,-0.1484821289739656,0.18949093354511098,0.172161360171614,0.18016747391447585,-0.18451966831917105
2489,0.14347893893243302,-0.19530836460515247,0.14792697360307522,-0.14780785943919175,0.19059604834051003,0.17228320672526368,0.18087428432000122,-0.18480381046105032
2490,0.14419410027086077,-0.1957343500439494,0.14954282125773796,-0.15141135482330334,0.1913594230947514,0.1737354928258352,0.18159308112658845,-0.1858178746028727
2491,0.14464087697487393,-0.19685775901856892,0.1491910764493735,-0.15024634305946247,0.19132202540261165,0.17401483256481115,0.18175733648857662,-0.18580000758856285
2492,0.14231186589821151,-0.19462128063674022,0.14694783060663347,-0.1482385483070613,0.18910309173433135,0.1713421314909,0.17972283596505242,-0.1840203859439099
2493,0.14297452970237715,-0.19521894638356252,0.14763896692041206,-0.1490729779943775,0.19014860576544879,0.17277354338252165,0.18017378052117267,-0.18457641917735154
2494,0.14286292011416443,-0.19517381835760528,0.1474108567393101,-0.1499013414150155,0.19139298833999682,0.17269651697514846,0.18032752230836127,-0.18403827919781318
2495,0.1442690074994628,-0.19477763505475443,0.14704498992115156,-0.1487887420063951,0.19035052323418078,0.17199053460775227,0.18045670839038447,-0.1841591564020284
2496,0.14448308898504972,-0.19523128242562587,0.14840400118944724,-0.1493052849743372,0.19011842072018978,0.17326079967096966,0.18099992664458153,-0.18480222200696908
2497,0.14472269491408174,-0.19485945160634924,0.14926399319306993,-0.15018376986268592,0.1888861459172768,0.17331650457287076,0.18152852417933085,-0.18546053588382327
2498,0.14340985207312326,-0.1946604898103563,0.1480873143431629,-0.14905008258682098,0.191695296435625,0.17276340661471365,0.18097526001129147,-0.18469842700075514
2499,0.14289797749812488,-0.19584744830232823,0.14777014206245423,-0.1489038935610672,0.1922932011880787,0.1724190978022001,0.18115222075762158,-0.18399832570239852
2500,0.14496033028583177,-0.19587002874287038,0.148866785207179,-0.15044827842866368,0.19058740298917962,0.17372806374387537,0.18082313191253302,-0.18565836113905929
2501,0.14280441057741153,-0.1948240948976775,0.14863288391098087,-0.14922363585529805,0.19079555555856237,0.17279294066426928,0.1808351346119386,-0.18505756256797187
2502,0.14292552317167398,-0.19419246795488446,0.147687374039139,-0.1480774901273426,0.19029449435546475,0.17180161372664662,0.1804851858082272,-0.18419581942119997
2503,0.1422244252477948,-0.19403795826516804,0.14702303982247752,-0.1477509030771615,0.19055217022641827,0.1712311403955312,0.1795085163739632,-0.18357711585422556
2504,0.14333143329879286,-0.19610782123887402,0.14773261703575044,-0.14898619677633368,0.1919238114596091,0.17279286556107573,0.18084890167436737,-0.1846463676330725
2505,0.1428110806956414,-0.19446832863926836,0.14709931514078914,-0.1468325296547809,0.18996660697612944,0.1719222052943852,0.17994833676935953,-0.18385637781352798
2506,0.14278177606336998,-0.19473125597474614,0.14771015180650335,-0.1487160497847262,0.1923791092897467,0.17229009609106197,0.1802632678046613,-0.18422156323968303
2507,0.14420271911591284,-0.19658293140930627,0.14881120866932931,-0.14899968369394512,0.1924386686743299,0.17305199156381856,0.18091642505476216,-0.18535718041730476
2508,0.1432153912594307,-0.19566191745814415,0.14820219606245968,-0.14914384583630821,0.19148723563493347,0.17258355514136287,0.18055938904842103,-0.1849427896565276
2509,0.14415987234533698,-0.1967554846650927,0.14913961758172595,-0.14969540437730008,0.19226692002540574,0.17417733318305617,0.18159912662795394,-0.18537926087395265
2510,0.14493283128838763,-0.19616779036186088,0.14930513486755445,-0.1498103275420488,0.19049237596217394,0.17327105666052298,0.18115217696936656,-0.18502087015536217
2511,0.14415433366888214,-0.19478650843215564,0.14884684731475342,-0.14878466410612898,0.19012471275171666,0.17307855348126172,0.18065035919493586,-0.18448104367307547
2512,0.1432905222629154,-0.19402559093497596,0.14846367271485872,-0.14960246604475003,0.19120680840913448,0.1727528321958402,0.1802904462983307,-0.18441751550539345
2513,0.14249119597782298,-0.19392511584150302,0.14740208067652041,-0.14808053424018083,0.1901422856177278,0.17233148555095934,0.17967796627924232,-0.1837670257331625
2514,0.14413176514406026,-0.19597949189591707,0.1487741649288458,-0.15052949226989928,0.19247941821588818,0.17353450873815443,0.18157646704157274,-0.18556953516104857
2515,0.14302718969013492,-0.19467103815567527,0.1474541586972312,-0.14755293951846513,0.18954664799591792,0.17217902633610327,0.17966475850949076,-0.18436298024001296
2516,0.14292131155673182,-0.1943735570631529,0.14736441510514667,-0.14818591572399034,0.1914040952363004,0.17179492777877275,0.1802021613664585,-0.18406212273745415
2517,0.14265450602912957,-0.19540105048889073,0.14712388680041022,-0.14941633124856948,0.18991119477378113,0.17242514491645505,0.17970870147214768,-0.18449777185607064
2518,0.14345133387772652,-0.19521628014081346,0.14795869085795452,-0.14978422691926227,0.19005845127076523,0.17248580569698188,0.1802199234844922,-0.18409418162323332
2519,0.14285645536277428,-0.1945522146451471,0.1462753963536733,-0.14762717253764604,0.18903291981062756,0.17071760152503737,0.17912923501038774,-0.18375075298801505
2520,0.14204897562699906,-0.1941448307628207,0.14778338293016377,-0.14783559128552198,0.19102311922631418,0.17195880076405465,0.1793135544771035,-0.18435085731395803
2521,0.14446632994714126,-0.1959836645519411,0.14867494472057213,-0.1502876131704032,0.18941406889484175,0.17294856286887972,0.18112510294390421,-0.1847695544924955
2522,0.1437088418828533,-0.1952602690002047,0.1476750115434799,-0.14894223266808285,0.19178489956060604,0.17280584649574982,0.1800298200368806,-0.18401596365340991
2523,0.14207036187249533,-0.1952875758451628,0.1470586926775919,-0.14773225338645607,0.19042133932301877,0.17216773872968572,0.18026089595831593,-0.1839648400565906
2524,0.14290452830609612,-0.19336181804189484,0.14819026644297326,-0.14912741065205462,0.19056457068194363,0.1726682338362317,0.18002053784050762,-0.18418337367261942
2525,0.14230872571438571,-0.1950052273345473,0.14768569728033923,-0.14844404658500304,0.1904744273098948,0.17197113941833622,0.17995573559934863,-0.18445517285594532
2526,0.14426557961588618,-0.1948883712855838,0.148331594304391,-0.15037619126252477,0.19109013408206976,0.1726308925949984,0.18039402626918796,-0.18461201492059096
2527,0.14507494004287158,-0.19483514863728135,0.14938025982397285,-0.1510742088384647,0.19070676724930355,0.17371117399239422,0.18085537687000838,-0.18494300954244933
2528,0.14454754828540878,-0.1948487549003564,0.14750829328893617,-0.14839864145675863,0.1911267589506948,0.1726058829005682,0.18021777562721392,-0.18436445937650192
2529,0.1426285050589442,-0.1952728490505182,0.14659357044880927,-0.14718668471503066,0.19008587250735945,0.17089849124372286,0.17931761980298985,-0.18444656711845583
2530,0.14234510776231143,-0.19578240296978952,0.14815896695864256,-0.14893688398400917,0.19218991201243624,0.17308117821485897,0.18130203504336176,-0.18561212270046065
2531,0.14287518806382907,-0.1947314089790591,0.14740917852071417,-0.14825516749085918,0.1903099736044275,0.1721333125063919,0.17992030491769875,-0.18416538819212055
2532,0.14362943004193346,-0.19594525439547952,0.14867058179309975,-0.1495946899659598,0.19137691337624077,0.17305668131902566,0.1809956246746307,-0.1848696457178629
2533,0.14358595849335223,-0.19493540186857344,0.14798736596077663,-0.14877671572170245,0.19045532376338933,0.17235384322408084,0.18010173437430751,-0.1838566950761309
2534,0.14510104969198165,-0.19688892300318211,0.14955916346513737,-0.14973151604882215,0.19261490015643715,0.17447688143903556,0.18185949928724823,-0.1856764593659576
2535,0.1432953761150305,-0.19421671492757875,0.14743508495081473,-0.1478251361397645,0.18982743619028664,0.1717648452707717,0.1800101658654458,-0.18385399922996018
2536,0.1448088151704098,-0.19621137722767107,0.14927576433341985,-0.14891134113414772,0.1914819623496657,0.17377636669980337,0.18150268993691557,-0.1855496324711504
2537,0.14280287816972168,-0.19630398939074412,0.14865379091486436,-0.14916431898371635,0.19143216876495167,0.1730777001609109,0.18143075618007354,-0.18454902356828348
2538,0.1425658608854451,-0.19607076173098117,0.14737850071130315,-0.148578936481818,0.191157328596731,0.17232001957233598,0.1800519572822893,-0.18451896042472055
2539,0.14224272545605735,-0.19447703098493102,0.1477137188082607,-0.1477260282050386,0.18927692654571132,0.17204407368919133,0.18044462164163308,-0.18401413767526129
2540,0.1425406216911726,-0.19408719924022697,0.14756045966998035,-0.14659225045613902,0.192782670507782,0.1724667982992717,0.1801325040016451,-0.18395719344392736
2541,0.14255014263597243,-0.19486567819674377,0.14655921601276692,-0.1475065233709346,0.19116877392966322,0.17138639092928348,0.1801361813453326,-0.18383650258038006
2542,0.1424443779798457,-0.19409142234583965,0.14735430330911975,-0.1481567407962105,0.19029504930683613,0.17203813246564226,0.17999644099097203,-0.18425072248470545
2543,0.14336697517087146,-0.1936118337279785,0.14757519870836464,-0.14886973905735806,0.1904870043200277,0.17193183487328975,0.17984094014658858,-0.18356700735240478
2544,0.1429837650907413,-0.19555607484754212,0.14784859040410286,-0.14847384345786455,0.19313877555115283,0.17286744775305965,0.180870752546848,-0.1848417948112491
2545,0.14363911769936338,-0.19569782755809342,0.14953391956004283,-0.15003290563815344,0.19040872702303177,0.17383699894269478,0.1809756460491353,-0.18487317903935602
2546,0.14343177309380906,-0.19521247726158789,0.14828133444705718,-0.1496032260091176,0.19313573979379114,0.1728950938889781,0.1809181663021036,-0.1850463966577042
2547,0.1435292867462791,-0.19673293273653697,0.14790355871733013,-0.14979291957180824,0.19090638961387285,0.17320342957797955,0.1811560708420868,-0.18512851240864633
2548,0.14334742709994167,-0.19479462843727186,0.14756566692095924,-0.14871874705985388,0.19077605604380612,0.17244092737875064,0.1808721356146438,-0.18403658667450995
2549,0.14449256613612788,-0.19606200642725316,0.14832202639210584,-0.149502254606485,0.19059467388482834,0.1733043343527017,0.18095327932582173,-0.1849720574608689
2550,0.1424289500791789,-0.19423025297754315,0.1467480581252808,-0.14854579636103582,0.18940416424101758,0.17201707058653232,0.1791614659098532,-0.1836174607158486
2551,0.14437240622338493,-0.1952014377991726,0.14836412679652652,-0.14852788949933962,0.19066785412453863,0.1728049895049552,0.18064819219292527,-0.184715471094903
2552,0.1427972228286051,-0.19589985912846,0.14769771706757523,-0.14846693479526069,0.19005107802960355,0.17217432495151092,0.18013374958384237,-0.1838101565790816
2553,0.1432058414009794,-0.19614879364842497,0.14895216089406815,-0.14966595036550173,0.1912112894086858,0.17332829581778988,0.18202940509225984,-0.18526030648590028
2554,0.14413873819625503,-0.19576795304971925,0.14853848983435652,-0.14924686791400787,0.19038508714919541,0.17267406489749174,0.18102578860627536,-0.18529985714034233
2555,0.14389295844179295,-0.194605984340116,0.148572475957385,-0.14930287008307033,0.1892232132755261,0.17284288808615458,0.18117148748758488,-0.1844729371928413
2556,0.14301394063574382,-0.19422323190136012,0.14804286546361478,-0.15028057433600508,0.1891724135567839,0.1721202557830075,0.18043911894635387,-0.18433868539323073
2557,0.14300794439161396,-0.19398049939792772,0.1477647966924527,-0.14991394039955047,0.18932773696438737,0.17204819559794626,0.1796841719885239,-0.18380262688419188
2558,0.14294251094455376,-0.1955763961388232,0.14766194153714252,-0.14845829399503147,0.18932370787345235,0.17240130006516996,0.17998218968910254,-0.18488771514017135
2559,0.14243503876916305,-0.19413694684194926,0.1482489530309202,-0.14869732095777075,0.19025876527185645,0.1727304516413624,0.18037972391988272,-0.18428291024273669
2560,0.14309383673815695,-0.1942329597904831,0.14767442826106128,-0.14808367195868746,0.19133686919827847,0.17222239673556042,0.18000497167836327,-0.18403876605542022
2561,0.1436141968002858,-0.19465666815588456,0.1481945281768925,-0.14924381876327164,0.19001013334383077,0.17273587620183842,0.18021175196627442,-0.18370553922612698
2562,0.14447333997747017,-0.19685302267870866,0.14879420546521369,-0.1499812958923101,0.19031084719303148,0.1732662129790985,0.18106916252996672,-0.18546380485915467
2563,0.14311275120398895,-0.19560292285010944,0.14753791997656718,-0.14907224970847963,0.1894516577570742,0.1723926010071958,0.18042542565741548,-0.1846980486061358
2564,0.14383644858371322,-0.19552199213446,0.14914886175165742,-0.15054056215151754,0.1919804449708471,0.17381192730671244,0.18104278195972948,-0.18546793691837873
2565,0.14346409019572837,-0.19449377227512812,0.14769855447379765,-0.14863763051717588,0.19088179874469946,0.17240043454482995,0.18040394350457895,-0.184171967294322
2566,0.14294769564130486,-0.1945412700974232,0.14776338059197752,-0.1481830243748795,0.18948800960789644,0.1724882483904554,0.180551365874357,-0.18437963856468967
2567,0.1436566159299872,-0.1935449983730091,0.14746609826357585,-0.14978226052218052,0.1918276799719804,0.1721750130508918,0.18005384186685677,-0.18430492297254006
2568,0.14121519757217466,-0.19502138120481402,0.1463422048129547,-0.1467740261189629,0.18904925986894133,0.1709644613631936,0.17939711837435834,-0.18302006519674013
2569,0.14349502534495903,-0.19587730231111566,0.14890997679704737,-0.14972750374839866,0.19136663463792628,0.17347997361538595,0.18149377963103025,-0.18489197138313565
2570,0.141931158299,-0.1941379668562892,0.1474325146756746,-0.1485143403633218,0.19146769301625102,0.17229628478713377,0.1802288366057342,-0.18446024909524572
2571,0.14435531770289453,-0.19502722507337406,0.14888547649660291,-0.14890996628064324,0.19092264181067511,0.17295836698401265,0.18114141338219866,-0.18474956686447624
2572,0.1436318348612348,-0.1945042056203864,0.14894706092221602,-0.14866641337996103,0.18996062040037762,0.1736368568433919,0.1812312286739624,-0.18496601649044656
2573,0.1439352589722067,-0.1953012358846418,0.1480295477648977,-0.1491854594555435,0.19177465658249016,0.17275566850347374,0.18024853694605045,-0.18427753481265563
2574,0.14113857873187985,-0.1959625637925415,0.14709937412715424,-0.14850492568928528,0.19261856344768805,0.17250929908200216,0.18027052197265184,-0.18393788763575136
2575,0.14257578859646397,-0.1939729675663566,0.14747471956624633,-0.14808652303061254,0.18940500874382415,0.17229043766126245,0.1798171092412652,-0.18366195605805216
2576,0.1433863337976731,-0.19563043995814802,0.14851678169827057,-0.15013523424632005,0.19067202568392913,0.17402459799953388,0.18123962007279615,-0.18534810523335757
2577,0.1436260157988758,-0.1953545739791735,0.1482855502131486,-0.14830110106471442,0.1896878944842483,0.17245530235279818,0.18019883668211822,-0.18461369780827072
2578,0.14264457028351224,-0.19574907468162442,0.14780139835421355,-0.14853215775275655,0.19163676466417695,0.17217977457450742,0.18033795329956065,-0.1837800942167181
2579,0.14368700520850614,-0.19537480004521435,0.14789246961397562,-0.1478669263192301,0.18896435722062238,0.17197940728921088,0.18037939722515534,-0.18413265195598122
2580,0.14298126140121412,-0.19486430715977787,0.14673605167588374,-0.14862765367377656,0.18957142111005784,0.17166750951782994,0.180101704844395,-0.18348636282710015
2581,0.14388913506855722,-0.19708847553662026,0.14912110949404625,-0.14962906353828734,0.19156451811188907,0.17378169775249336,0.1816734639243916,-0.18531742012423785
2582,0.14349876066232392,-0.19560544872127358,0.1488400371733912,-0.15013312795190004,0.19019516071533468,0.1725789748666039,0.1815544894194845,-0.18475179602167582
2583,0.14213954800267617,-0.19482490617212322,0.1470780349360218,-0.1479156933176085,0.19262113380951987,0.17208486733876088,0.18000749507791436,-0.18429399884180236
2584,0.14355863261045082,-0.1948384275738232,0.1475099427450057,-0.14961455409466926,0.190977639362653,0.17253591251976566,0.18042937380794366,-0.1842847404490208
2585,0.14209762627890918,-0.19316702236582556,0.1469537676732041,-0.14768670224130231,0.19020230729246468,0.17138890641722385,0.1799000851206955,-0.18375329558016945
2586,0.14346064973546627,-0.19506566531195252,0.14850485915844117,-0.14883485139959018,0.19129756149126814,0.17318341706220752,0.18059588293785492,-0.18521684496002028
2587,0.14452509659954044,-0.19710541787826807,0.14892238361373183,-0.14889388872892909,0.19133063345436613,0.17400534202242438,0.18201142824343,-0.18560889314884582
2588,0.14423059492801882,-0.19490922947249786,0.14821564855212455,-0.1495300340559181,0.19009377244896816,0.1730398098415506,0.18071462983159728,-0.18415558196253334
2589,0.14358256584881152,-0.19536793050909562,0.14864627940468994,-0.14908988698658507,0.1914453379137046,0.17346804127143092,0.1818283296883213,-0.184543930098081
2590,0.14400398578110685,-0.19498947404122624,0.14820892489112436,-0.14962652648915617,0.18908279805868225,0.1723496308069248,0.18029804625310505,-0.1839278625530567
2591,0.14374079501562098,-0.19500474034511522,0.14786675448077571,-0.14859171097315826,0.1896101519904585,0.17240194033433798,0.18031112890209888,-0.18435409739709172
2592,0.14464599722199564,-0.1964053654817385,0.1501682587281534,-0.15022386561593684,0.1914984788760633,0.1735144175349958,0.18180073416361445,-0.18530220174489426
2593,0.14405909772298653,-0.19726422049138656,0.15024088453982395,-0.15098401549785254,0.1922785471699417,0.17446988696579946,0.1820493472372391,-0.18632751097174033
2594,0.14320585451084053,-0.19438287064412896,0.14780595380651357,-0.14855512057281683,0.18952869644001155,0.17202027537709233,0.1806625960769573,-0.18381252250482108
2595,0.1444439551832261,-0.19637228835011178,0.1492010356738655,-0.14920265384420703,0.19223070608922313,0.17344614172752043,0.1812322352276357,-0.18529056122638396
2596,0.14323846855637887,-0.19442485291045594,0.14656639320215287,-0.14762136892389327,0.18979556215220286,0.17176859878522927,0.1800282945650345,-0.18336105254745017
2597,0.14598208722211992,-0.1968849695480474,0.15066038923003885,-0.1515997304520291,0.19073238791157712,0.17484273202930672,0.18210656204370837,-0.18584059059659447
2598,0.14173046986282783,-0.19455349413325695,0.14737622795842217,-0.1487246643920511,0.19044677716959132,0.1718623334314431,0.17978992864100266,-0.18315265848786852
2599,0.14348093469561038,-0.19570167572945987,0.14810702969565886,-0.14903709030772436,0.1923208618254221,0.17275788285079344,0.18075237052894266,-0.18456731672497736
2600,0.1429240518099772,-0.19461143615077617,0.14719945394225653,-0.14724016089214972,0.18975595717890933,0.1722724516370132,0.18026970820742666,-0.18461351891818614
2601,0.14204606508209108,-0.19440117896681788,0.14755140230582628,-0.1491331146994829,0.19005713893140588,0.17217170268857093,0.18008720258860939,-0.18402420025339716
2602,0.14512824782897046,-0.19745426288222231,0.14958585216024586,-0.15077118945976656,0.1928654850305945,0.17379451515992897,0.18154739876836226,-0.18591479578580358
2603,0.14503642669132089,-0.194637788573609,0.14913471196860226,-0.1496020322099591,0.18993195983287944,0.17285503840871427,0.18076048892452162,-0.18466935900700981
2604,0.1418981772660949,-0.19498078213401257,0.1465091752794611,-0.14735824974830686,0.18955200558067348,0.1713990949637312,0.1795501733096148,-0.18381915983102864
2605,0.14580201585906627,-0.19669060288331894,0.14934826903256904,-0.15016652116391627,0.1912449499303136,0.1737731057832924,0.1813545885432792,-0.1852125602068489
2606,0.14432915951772785,-0.19572227284293955,0.15027114677057718,-0.15062394653980324,0.1920191202479448,0.1735414051683421,0.18175646685399566,-0.1858245237824183
2607,0.14337237261416638,-0.19315971878480345,0.14875731068620762,-0.15012213411986325,0.19088933474411587,0.17253540880243154,0.1805383547572324,-0.1844879555151692
2608,0.14310774328149492,-0.1950152336765338,0.14786526394028598,-0.14913731148704912,0.18953935565963742,0.1724355523060628,0.18048086029568414,-0.18416205644073097
2609,0.14248599754318328,-0.1960002344613641,0.14747116287556078,-0.14811629207017693,0.19097466650304348,0.172108582156943,0.18087734021337878,-0.18475850206868152
2610,0.1427572528008408,-0.1946293596334381,0.1477833385785821,-0.14737345091951923,0.19017505641563376,0.17275832963752588,0.18072486686405403,-0.18457349033456494
2611,0.14359959145245613,-0.1959459772155621,0.14766178374813674,-0.148992553481848,0.19082357543221581,0.17295304229701827,0.18067021350202342,-0.18463437946757827
2612,0.14281393599101738,-0.1932588719025516,0.14740879032407259,-0.14791427237105761,0.18998250995093077,0.17170743460500007,0.17949042479392283,-0.18372245772366577
2613,0.14544167264258875,-0.1938954143979713,0.14913621007423628,-0.1500476708724423,0.191111300655146,0.17375401976501337,0.1804550380330656,-0.18481210066979156
2614,0.14433399155095794,-0.19573076047797716,0.14889757422815914,-0.14937095608735207,0.19123763994377488,0.17339450285939145,0.18170407369886327,-0.18494672367328646
2615,0.14258407309155416,-0.1944628436357874,0.14607767342780908,-0.14698274133168515,0.19060407816066713,0.17073101068049235,0.1789928012744561,-0.18311942111759377
2616,0.14303345288177682,-0.1951380077858632,0.1477180446104498,-0.14774699541797456,0.1904032624303736,0.17293372012903813,0.1807631881595922,-0.18458292118001585
2617,0.14244424616381265,-0.19385918928639828,0.14687146589376862,-0.147664811773649,0.18998896868898213,0.17128701071086916,0.17902729964599878,-0.18363802735739354
2618,0.14259870440435254,-0.19428809626267307,0.14783951583027372,-0.1479641709620897,0.19010769448413453,0.17128809891425728,0.17968210842437593,-0.18362338075488882
2619,0.14356809441180984,-0.19600289845617389,0.14820042263412328,-0.14817187422973904,0.19249685799519045,0.17271236032772494,0.18081446617781494,-0.18541711803892658
2620,0.1437488207959596,-0.19660899857823655,0.14857341297197085,-0.14961426220913424,0.19225634224734578,0.1725793121875661,0.18041642245516196,-0.1844146638386296
2621,0.14533044085805844,-0.19431314652130266,0.14924078777344243,-0.15096382433589964,0.19160237062987323,0.1738699274488681,0.1814695159954725,-0.1847510235894704
2622,0.14368104201858847,-0.19553198650196668,0.14752276343292312,-0.14872349560636786,0.19108084954079152,0.17231435468801712,0.18081928998151553,-0.1843926545376232
2623,0.143549213517463,-0.19581212557086788,0.14800857873525905,-0.14923386919756873,0.18975761540632216,0.17256791114688272,0.18087527256281627,-0.18400155709405067
2624,0.14461932381213066,-0.19558035725936243,0.148582780938104,-0.14984826176515945,0.19044086527768767,0.1724520778696443,0.18037198081203337,-0.1840100359216247
2625,0.1431707278798726,-0.19517573900946206,0.14693900461939735,-0.1482085965818135,0.1903565322594092,0.17239720584525808,0.18001919558494744,-0.1840194605802208
2626,0.14193127195418784,-0.19604491102854002,0.1472092754336901,-0.14780897415852018,0.19089114669476523,0.17195970955578035,0.18014249727885845,-0.1842300951775191
2627,0.1435579996108008,-0.19501904237359383,0.14840707251321886,-0.14914260602699234,0.18922053892639065,0.17251830818868016,0.1810503513793972,-0.18478495143695264
2628,0.144097727285257,-0.1946701139858956,0.14798359163435984,-0.1486128251913513,0.19089068984705077,0.17292667886146243,0.18003957185002026,-0.18399410337796238
2629,0.14403469440098654,-0.19735854019883153,0.14838676253566133,-0.14913598977276152,0.1911557398899823,0.1727261403334051,0.18109051070657597,-0.18526659323825778
2630,0.1445682449189045,-0.19510780265987576,0.14941457782965262,-0.15047924926602918,0.19076315568532806,0.17428349743200097,0.18184417946990847,-0.18551414314294387
2631,0.14492214439035628,-0.19554927120863833,0.148737410152113,-0.14960776373429596,0.1913295623935993,0.1727408613705713,0.18063824502012424,-0.1846646876938243
2632,0.14262918970520674,-0.1942342969188372,0.14726105222094035,-0.14866698147101426,0.1885317033023236,0.17231704139916174,0.18022462467796846,-0.1841436645212799
2633,0.14471476664291166,-0.19562271972203213,0.14928010684183937,-0.14878313471595245,0.18968747566074579,0.1735741602077108,0.18154348086480127,-0.18525934048192907
2634,0.14363350369291347,-0.19599550476160651,0.14828003454894148,-0.1501337852464187,0.19045611824545963,0.17272416164434115,0.1804589531897424,-0.18470328776782982
2635,0.14357546967594884,-0.19404678970581485,0.14796366504570402,-0.14925354599443869,0.1914241555379326,0.1727576254405534,0.180761106861975,-0.1843941201988523
2636,0.14304908664558025,-0.19471179987826018,0.14788867091880573,-0.1479708317861282,0.19115646735398253,0.17154705798627562,0.17977312182096292,-0.1838771978559582
2637,0.14336736722212004,-0.1971692313475015,0.14798488034445806,-0.1471070129073128,0.18906107896617924,0.17228792711857654,0.1800757844544845,-0.18449241777791064
2638,0.14358011308849075,-0.19504419284999852,0.14743709610926803,-0.14829399141207295,0.190389909882189,0.17245344380619776,0.18007306079745755,-0.18416691721300596
2639,0.14230879288947915,-0.1955689882380195,0.14802897678502352,-0.14950190369550742,0.19204031268690644,0.17271455597015703,0.18088553061467266,-0.18478209028613707
2640,0.14314087091429392,-0.195069074092211,0.14755157270898134,-0.148441681338194,0.1901801478825958,0.172053299489547,0.17970005072994963,-0.18385760089080547
2641,0.14566053329164544,-0.19570418684508573,0.14912590229964473,-0.15045354587216409,0.19212667863739402,0.1736303300840662,0.18119126917782213,-0.18561274039076175
2642,0.14501467068500648,-0.19736889048270825,0.14950551418386124,-0.1504231499605535,0.19219930786163372,0.17423522328754784,0.1819999410551622,-0.18610292461419242
2643,0.14244121356177236,-0.19339550456191262,0.1469738736760969,-0.14792997951557946,0.19015774183569245,0.1711955124287821,0.17924304079478415,-0.1835494227276629
2644,0.14416730901856634,-0.19362939695048353,0.1470707625060004,-0.14935331030110455,0.18847038555261217,0.17181101434417095,0.1790392730708334,-0.18319547196689448
2645,0.14428056177041665,-0.19617048023335248,0.14883137677198252,-0.1497261922611345,0.1922783265550383,0.17323386586072947,0.1810027900991307,-0.18546205327130663
2646,0.1443003364373156,-0.1947127650813395,0.1482603471637516,-0.14886513869034737,0.19047613510171627,0.17297633667304774,0.18078699117828198,-0.18499338701080242
2647,0.14499435006052772,-0.19632350159671416,0.14902763964832627,-0.1496586599390106,0.1924626305457551,0.1733563358211235,0.1811200697353201,-0.18498045750039444
2648,0.14168601277749565,-0.19487566763726225,0.1466985654294109,-0.1479115080561433,0.1892550377693372,0.171641167879742,0.1803532501925788,-0.18399495948141018
2649,0.14305677973501282,-0.1945036454491423,0.1471522460087934,-0.14801666523818954,0.18872618472493682,0.1717381794576561,0.1796377936956058,-0.18402677711725496
2650,0.14520112661703288,-0.1972574238802361,0.14874756288308708,-0.15000413343982616,0.19026431619965448,0.17393694850583222,0.18175727330201547,-0.18526723653495247
2651,0.14350362283170567,-0.19468472644383958,0.14773751869079885,-0.14855967756825791,0.19046594214947526,0.17175932121385737,0.18020126802240383,-0.18356991109132373
2652,0.14236305169851657,-0.1941006737725445,0.14811853774424139,-0.1485359623327818,0.19102651540108176,0.17257732289808014,0.1807416517401286,-0.1845066938102574
2653,0.1428810109031833,-0.19686862703883215,0.14779194771287082,-0.1479617238649585,0.19120544716500873,0.17234989258204234,0.1807204227301567,-0.1844831444772928
2654,0.1440787114410024,-0.19438866905529467,0.14907515846952238,-0.1503126604511223,0.19220388881158537,0.17326572798641018,0.18093169890344743,-0.18518336839747032
2655,0.1451368441708587,-0.1957843403341861,0.14873433819523837,-0.14891331022819143,0.18964184579296559,0.17287903455142778,0.18059891120017435,-0.18489854754672652
2656,0.14574792418039736,-0.19754820350830943,0.14977681809412954,-0.15071189690081385,0.1929820334507849,0.17443991296790012,0.18190754757686933,-0.18606256137615682
2657,0.1425977812276532,-0.19544919145354075,0.14733841116386273,-0.14822856827242098,0.19216207453944553,0.17158301249355562,0.18036970349320197,-0.1841475670311659
2658,0.14333426390135606,-0.1948447938768679,0.14760303340410152,-0.14843675189151015,0.19057157449425877,0.17242111500568774,0.18001920182813674,-0.184077944885344
2659,0.1430702613206953,-0.1944220546260014,0.1486556204924688,-0.14836576362632492,0.1899396660949223,0.17287315813694012,0.18136654079537604,-0.18497039850872285
2660,0.14358144512511628,-0.1954358593985438,0.148326934190307,-0.15017899326427042,0.19149393337813073,0.17331173683044623,0.18198805721832106,-0.18529227201366946
2661,0.14443169587143337,-0.19604832551194595,0.14968337986840513,-0.14930726288832116,0.19368660336410673,0.17413476699836197,0.18152943629104829,-0.18533164712262695
2662,0.14325172158415736,-0.1957289396955215,0.14775769888014362,-0.14774623239250625,0.19205561777993505,0.17281761188499462,0.18058976596441204,-0.18445853734226317
2663,0.14425723867135298,-0.19445249843766094,0.14854868013801745,-0.14985075797968606,0.19127614970234988,0.17212026771273672,0.18021507077248675,-0.1845062509119498
2664,0.14273102757936842,-0.1935342531142702,0.14684313536294136,-0.1478011534724886,0.19143019069980968,0.17120740950354058,0.17944245062245623,-0.18361772733421158
2665,0.14344087514384798,-0.19393556603486936,0.14811379228551252,-0.1485953293739894,0.18899905566152606,0.1717738355610853,0.17961526258149804,-0.18354994895928456
2666,0.14212497636145544,-0.19327257326916117,0.14609174871806832,-0.1475410493096365,0.19026686774723006,0.17186075026406397,0.17979244599271726,-0.18393141183265077
2667,0.14434094921818438,-0.19506146526966786,0.14832311872087428,-0.14811955647670208,0.19151259579515512,0.17278214146456783,0.18075889414052856,-0.18446679967908416
2668,0.14414034955217775,-0.19656540564067887,0.1482882838811764,-0.14909406545491316,0.192006484407946,0.17292961413948169,0.1812612168976131,-0.18483703623598755
2669,0.14335918724173477,-0.19454056073823403,0.14783718958476408,-0.14844398460904307,0.19102183947000612,0.17211093416124826,0.1801133341623603,-0.18417801155405725
2670,0.1433730879339912,-0.19576505964613813,0.1486191956465814,-0.14795490550623577,0.19009865208202076,0.17292619413571755,0.18079003707996974,-0.18469069201903152
2671,0.14481909865274215,-0.19488009345103285,0.14813886545695062,-0.14957175475233508,0.1906159105446609,0.1727314360534864,0.1813776283213362,-0.18504043295741832
2672,0.14318631575102778,-0.19577153677361475,0.14683278789150983,-0.1474913286235108,0.19103356013509903,0.1723947706825814,0.18016071297514002,-0.18436985319437615
2673,0.1424387366341287,-0.19693665155879397,0.14872667243430937,-0.14805547254089813,0.19113403963072972,0.1728187448912708,0.1812141581369164,-0.1853739136791568
2674,0.1438719657171273,-0.19466893788959505,0.14807683758104945,-0.14950344928627815,0.19105942499751666,0.1724269881540757,0.18069754057739715,-0.18492468850266733
2675,0.1431905991696835,-0.19625239763980837,0.14810268847966354,-0.14902808701620476,0.1895171175549335,0.1729562417693489,0.1806412702737667,-0.18499987988329447
2676,0.1428884396442001,-0.19341330490507236,0.14680216153683143,-0.1483645774586415,0.19004161765270283,0.17139678045626183,0.17926714175161382,-0.1835963061021099
2677,0.1426575509453088,-0.1959374134220456,0.1481063644244066,-0.148589843850487,0.19108592328660023,0.1736523001283723,0.18144291805341767,-0.185047124936349
2678,0.14369789770959923,-0.19645328865529296,0.1485090545365461,-0.1487240969161635,0.19226057326504759,0.1731732680395586,0.18195343475108416,-0.18556493213911074
2679,0.14331294678005718,-0.19497817326800673,0.14775445067715703,-0.14810964573775928,0.19006185837998688,0.17180387005741002,0.18005696624555384,-0.1835870938635621
2680,0.14337413028756807,-0.1937901692240007,0.14732828525387492,-0.14760622209844523,0.1897944964803375,0.17182277246411867,0.18025728370213515,-0.18391826548855975
2681,0.1427755828728911,-0.19517144598739464,0.14838344165043574,-0.1491251420627048,0.19070697409304033,0.17287422444324957,0.18133802372916957,-0.18460279666165402
2682,0.14418937933006903,-0.19530017316237525,0.14832213572653938,-0.14911871759086945,0.19044623146447803,0.17346603328878574,0.18066231921757087,-0.18540557831693502
2683,0.14241276148390095,-0.1955217683668412,0.14815666977622885,-0.14809629366623359,0.18984333661052238,0.17300319589683597,0.1809980255033813,-0.18502910970831257
2684,0.14493282035880867,-0.1946372942857772,0.14911440416158328,-0.15018604868634108,0.1905515187265852,0.1737092954340528,0.18113703033794443,-0.18518963253565288
2685,0.14187302010364497,-0.1937570907301738,0.14701340416082612,-0.1476665610118919,0.1901896335710456,0.17180994588010015,0.17873748766230615,-0.18335853744442335
2686,0.14317176530917372,-0.19532262135287215,0.14792659182289886,-0.14864655297585855,0.19222334297096108,0.1729080824925579,0.1806845656026442,-0.18494949534954813
2687,0.14377802368739184,-0.19560730804117615,0.14796518505879205,-0.14923971952433612,0.19107858839235162,0.17266656382531248,0.1808461303719938,-0.18465037134954976
2688,0.14373972014896766,-0.19470300864562268,0.14873916974075185,-0.14789358626013588,0.1901873475904509,0.17303055423090327,0.18052724510640314,-0.18449892553799088
2689,0.14395418611029068,-0.19422583234629093,0.14848056672095347,-0.14868390831319198,0.19206722533121676,0.17320226152260082,0.18052878739803271,-0.18515453957351538
2690,0.14409906096443847,-0.1956313432378904,0.14828055046227917,-0.15010429397452077,0.1910643793195873,0.17316747852039785,0.18110437773340965,-0.18506620659145165
2691,0.14464123915828175,-0.1968203978663806,0.14821140943520425,-0.14944567048303253,0.18993103411067525,0.17233140792226004,0.18144511223947055,-0.18458599900912656
2692,0.14149779036034366,-0.1942657622332334,0.14699419450980752,-0.14818641992210507,0.19096004495676303,0.17164810178478107,0.17974574101963342,-0.1839588302940894
2693,0.14420193302099688,-0.19506845785716317,0.14867346445432886,-0.14917999287385955,0.19227450179195593,0.1731332266120542,0.1805076190090502,-0.18474468474675504
2694,0.14311446181815618,-0.19521733812053962,0.14802440331804873,-0.14855820658886415,0.19111122337494088,0.17273668052246724,0.18092027795401777,-0.1845006545122937
2695,0.14479012630636318,-0.19423424708179096,0.1490486746686511,-0.1496479430424472,0.19035079916848496,0.17355975769952142,0.18135245464581787,-0.18511923725298168
2696,0.1428578480582649,-0.19558037212751422,0.1482440370744125,-0.1487362520065751,0.19111581665335176,0.17331599587060517,0.1813801130314707,-0.18497587909482485
2697,0.14434087733778517,-0.19545907008021393,0.14811691073231711,-0.14856949599514555,0.18932015321015133,0.17253850608097995,0.1800425485540002,-0.18422185336129937
2698,0.14375595110197695,-0.19642942973828306,0.14851006568715205,-0.1493413053174077,0.19171967914420235,0.17323503985939273,0.18101444251826598,-0.18528275368448496
2699,0.14261397458480057,-0.19445246826243712,0.1475438499092819,-0.1490600369795052,0.19000299339657523,0.17247019194509355,0.1802517732337464,-0.18391888507088147
2700,0.14300357937673697,-0.19393044974188736,0.14706533731805654,-0.14822263770484928,0.1906321637745841,0.17145889788349244,0.17964906973072045,-0.18413355649453184
2701,0.14377419625780913,-0.19557986332331903,0.1481720094475743,-0.14916970877030503,0.19240424708152287,0.1726273326069385,0.18065410346778693,-0.1847389957023805
2702,0.14277272337085545,-0.19583245539367394,0.14779020009618704,-0.14873452716407495,0.18793308472583753,0.17241509023994075,0.18027716755762274,-0.18416651078216922
2703,0.14304811579166127,-0.19416494570115203,0.14731068895962746,-0.14812755346914128,0.1904147892758487,0.17170861683036065,0.18081776136948363,-0.1845586424821739
2704,0.14261422256407802,-0.19410512375168607,0.14777848288962095,-0.14767211025062296,0.18982714936964398,0.17226395971977454,0.17943162835689322,-0.18342290744686243
2705,0.1445356124352124,-0.1946263875759602,0.14868856695350574,-0.15002718303023913,0.18966734969261878,0.17258891014622582,0.18124356704017328,-0.1846705571964138
2706,0.14258130417055911,-0.1942790341966463,0.14677706907441018,-0.14739739756476367,0.19145793536521347,0.1718063359924238,0.17984479674498585,-0.183407864657415
2707,0.14431394593372895,-0.19552443437177727,0.1488333548870524,-0.1496343819300254,0.19082351610262416,0.17386738586080885,0.1810548192137972,-0.18573605771822452
2708,0.14246075787735143,-0.19462213670379783,0.14684245001319307,-0.14785799566868355,0.19107880946839476,0.1716604846284204,0.18005806651271009,-0.1839428279522665
2709,0.1435840141109018,-0.19518288082417415,0.1475310007961149,-0.1497418213972045,0.19146042947058253,0.1721973127807902,0.18087697028046734,-0.1847103531469032
2710,0.14421988565545477,-0.19502446595493916,0.14919400113300668,-0.15058747873144582,0.19161647786318542,0.17356648534927951,0.18162509672759158,-0.18523501805991174
2711,0.14417296704263297,-0.19325288363417314,0.14827084987616465,-0.1493192776229449,0.1901956181590266,0.17220493631535297,0.18026747991178518,-0.1836885687456879
2712,0.1423218582197216,-0.1942601023637557,0.1472052060690226,-0.148341640004494,0.1899402951332233,0.17189692096164083,0.18027159951735727,-0.1839043989631857
2713,0.143294925790615,-0.19662265250001085,0.1497366385529952,-0.1504486748361696,0.19272758182255204,0.1741613316061286,0.18215689779129532,-0.18636281107812616
2714,0.14326697640623223,-0.19691151661298545,0.14913287978221518,-0.14933995332601135,0.1924442501769583,0.174095075025232,0.18162794152563697,-0.18575164930972773
2715,0.14302348919480765,-0.19629275608915464,0.14776630500312052,-0.14814207263189133,0.1921990136508899,0.17236831494886834,0.18064624119527434,-0.18478917005923487
2716,0.14316676580455756,-0.19475986565089132,0.14778963912471782,-0.14840404765392576,0.18987102199920605,0.17237074659813778,0.1803691276592154,-0.18404235209450798
2717,0.14345497394100726,-0.193457481540889,0.1479439839234564,-0.14895755205222383,0.19184286814146645,0.1721785637677549,0.18041840274964477,-0.1842793740706039
2718,0.1439249428526294,-0.19432266766534806,0.14788688973481776,-0.1488397778937711,0.18947895822768557,0.1726832518264849,0.17986605898785807,-0.18423071547887465
2719,0.1429161532610547,-0.19436830951683773,0.14745523877567912,-0.1494536309094842,0.1896629379279064,0.17173892446503247,0.17949205100381624,-0.18383892898612034
2720,0.14375646362607464,-0.19449638692301707,0.14794378981924036,-0.14858875406947397,0.19018891786109862,0.17223563856249843,0.17995424783894146,-0.18406348860187835
2721,0.14279495213401988,-0.1936237136880556,0.14733882356364703,-0.1483253053637608,0.1915086062873292,0.17234642853798407,0.1805799470221412,-0.18439245463284326
2722,0.14408911624366716,-0.19552594336788445,0.14779635598302462,-0.14998370492109034,0.19086441125811066,0.17258122949930865,0.18035588714092443,-0.18468165785518018
2723,0.14287760040216946,-0.19517448920712716,0.14787023612150077,-0.14989779073374696,0.18979988549965218,0.17272837141813757,0.1806061141563896,-0.1842954659072184
2724,0.143672762241917,-0.1945936680644307,0.14751824359734533,-0.14802059192543196,0.1903773313413053,0.17221321306660975,0.1800557411660969,-0.18368451220303592
2725,0.14379625366999782,-0.19564288256236045,0.14759625275254412,-0.14823279699018224,0.19059442182320985,0.1726352060839042,0.18047705212197723,-0.1843907825004907
2726,0.1438079282358965,-0.19503917665910595,0.14814882409496494,-0.14924783711974368,0.19205678773499588,0.1727799952301665,0.17998829461928018,-0.18469662394544445
2727,0.1431499382261229,-0.19623845792876723,0.1485689733741091,-0.14994451597993022,0.19009469996381936,0.173732298786374,0.18072404403465467,-0.1848910853398141
2728,0.14239286216321423,-0.1935257472878817,0.1470992230735396,-0.14796156868247065,0.1898374111194035,0.17119785986403552,0.17930879489407622,-0.18289195315778956
2729,0.14252549090244096,-0.1943908178845499,0.14777716853072295,-0.14710628101328188,0.19074885278638862,0.172408956307911,0.1798473617892196,-0.18429376284726665
2730,0.14272448702618065,-0.19536081240912487,0.14767191043612585,-0.14864491611542663,0.19081435300988306,0.17271462826852915,0.18095542427865646,-0.18432555477775822
2731,0.1434644531137313,-0.19452725254277972,0.14819191613156044,-0.14843416347331667,0.19001511357429948,0.1718984876049664,0.18030362610377051,-0.18419398552775765
2732,0.14382971122998614,-0.1967836083617342,0.14994438050023395,-0.15046177376587686,0.1921018752312832,0.17484683722058067,0.18257158631134762,-0.186444690590411
2733,0.14377352089292178,-0.19617928622063108,0.1489358175593121,-0.15000747854296365,0.19264847544104527,0.17356609366789655,0.18142053418000487,-0.18536740007525782
2734,0.14179806645713322,-0.19516904872644217,0.14760629815773127,-0.1485745899001189,0.18940353677257524,0.17271091818831905,0.18092566471516142,-0.18454451217127754
2735,0.1449374097667192,-0.1951878489343182,0.14850507621666323,-0.14961477192870132,0.19088251235753653,0.1730740340455773,0.17996897356332114,-0.18446091100223405
2736,0.1423702224869853,-0.1944530624937742,0.14768307070706913,-0.14722580721581902,0.19117905049553194,0.17174156924928272,0.17963740035568504,-0.18376190734032483
2737,0.14357510081696503,-0.19551915626257627,0.14852603992869917,-0.15000970941326322,0.1903793869605883,0.17341144347861473,0.18146075125785993,-0.1855371835306291
2738,0.14342712612888645,-0.19652453842087303,0.1487821718353845,-0.14836963155195987,0.1916822789736698,0.17294055820380005,0.18076645064650923,-0.1846782834411506
2739,0.1443161791204622,-0.19464454377813506,0.14859258417884091,-0.14871035572672356,0.19132806496040533,0.17271790874417542,0.18023427518456114,-0.18464439633071975
2740,0.14311663710349226,-0.19562781378867514,0.14781194729563868,-0.1493134539524755,0.19293427969400082,0.17248000351102055,0.18037496215642773,-0.184789926760565
2741,0.14271255921820597,-0.19512187895179964,0.14721961359736668,-0.1484342583855348,0.1899349653860089,0.1723511491525068,0.18021041890998374,-0.1840844333471993
2742,0.14327611048696268,-0.19678702399757667,0.14801891909415701,-0.14908973280138232,0.1931477507780876,0.17287101970646074,0.18033774159575675,-0.1848185479539674
2743,0.14372236351296827,-0.19601348384297737,0.14829556277959874,-0.1485767035425354,0.19166528271249278,0.1729541057706702,0.18121390703881712,-0.18446034887055246
2744,0.14539638139870256,-0.19659563142853145,0.14934488902039514,-0.15071638791395744,0.1923091528717362,0.17372859728257417,0.1819298936699746,-0.18564284534159708
2745,0.14378809618685798,-0.195951970166866,0.14812290191897,-0.14864430990236696,0.19156465182229,0.17285196106816442,0.18065070494000532,-0.18455683051864374
2746,0.14197995501200866,-0.19386357234324472,0.14708748699258098,-0.14648571848073413,0.1890884100169161,0.1719616352122447,0.17993646831531263,-0.18376897162106912
2747,0.14342139999916043,-0.19646712717045992,0.14840215227235887,-0.14801340409128133,0.19173855251381125,0.1729586158742957,0.18116070383392488,-0.18515301007345747
2748,0.14331051543977444,-0.1950418119530437,0.14848851105931846,-0.14853936187579364,0.1903941393001612,0.1728164154566003,0.1809012648505683,-0.1842025108106925
2749,0.1425595630893455,-0.19524154334572597,0.14692228164083299,-0.14900511129505248,0.19152371843170607,0.17184347809390668,0.17972416470054364,-0.18396614322935007
2750,0.14315092230693857,-0.1961620366023131,0.1479093483248267,-0.1470575292206931,0.1920548243233522,0.17250585929310527,0.18118907843686616,-0.1844572645071277
2751,0.14259573889653543,-0.19488945991919648,0.14744583823416846,-0.14953977613881006,0.18951315565372776,0.17163877219968598,0.1797478384478804,-0.1838403246733823
2752,0.14364478134994219,-0.1953786220686742,0.14887737952915067,-0.15094210634290509,0.191196398240393,0.1732417295294799,0.18131585740561493,-0.18525856398506096
2753,0.14183202366252964,-0.1930709686664799,0.14726315269540982,-0.1474771121791068,0.1907724205067555,0.17089713053953792,0.17976016653023488,-0.1836433761102795
2754,0.1433877972299166,-0.19457622535626662,0.14801919136219044,-0.14875933929810486,0.1902230306019234,0.17215464191949403,0.18037255469665806,-0.18411614855315492
2755,0.14282289034845225,-0.1944396211031955,0.14754428345613757,-0.14922056071984108,0.19043283533573238,0.17263581745858142,0.1805600108633066,-0.18464957199033175
2756,0.14422302901426995,-0.1950618925420042,0.148216230161717,-0.14874582717113807,0.19098382071962308,0.17259410979086712,0.18021877286614607,-0.1843110714791788
2757,0.14408163202431418,-0.1946320920578812,0.14841357088942853,-0.14970316422926544,0.19039286973895145,0.17291118860637283,0.1812553871914581,-0.18423788426374493
2758,0.1437232689676842,-0.19411984811225824,0.14861805255924576,-0.1482737541273077,0.19002831365323344,0.17238199725906966,0.1802516984129034,-0.18431583932164283
2759,0.14423081313996866,-0.19612495819552103,0.14808084545658748,-0.1485881764365954,0.19202054374560606,0.17279704621504313,0.18058705495661592,-0.18520110610768717
2760,0.1436418595066339,-0.19611940529871574,0.14798525779109695,-0.14904655661323524,0.19119316187953134,0.17313153250914512,0.1809086404850313,-0.18420677605211583
2761,0.14291094886170227,-0.19509647868594612,0.14675358550778408,-0.14895082830900458,0.1903884444975942,0.1719441756529238,0.1792706095740948,-0.18327904096452624
2762,0.14362134042967994,-0.19598873057247795,0.14831678222699055,-0.14917461514437277,0.19099871295236465,0.17313892031336212,0.18159658439888227,-0.1849053348267693
2763,0.14339865337426008,-0.1946566337524943,0.1483280793700248,-0.149210252817666,0.19083452467733417,0.1728106539540003,0.18070949348628967,-0.1850482020262746
2764,0.14239923793162895,-0.19423384326201368,0.1467910154093927,-0.14748248830447241,0.18915506227685783,0.17148593374402232,0.17944047662630103,-0.18374986367659701
2765,0.14287928894541077,-0.19592611064737459,0.14770812169909725,-0.1493424762056343,0.19264418444619633,0.17300784951185702,0.1815737658219122,-0.18450175662123486
2766,0.14389663316727502,-0.19455564519351684,0.14849000062418266,-0.14983030823994323,0.18917945766668723,0.1727663097169721,0.18047887878794344,-0.1845075445520596
2767,0.14365081626613055,-0.19557526064978023,0.1484075678022137,-0.1498634389882097,0.19308143551222162,0.17352210938678292,0.1809220730859802,-0.18551092725133622
2768,0.1401977029191736,-0.19544870851249632,0.14655673019937027,-0.14884201007365655,0.19113363139323097,0.17165061528300316,0.1791359901039577,-0.18320328274823588
2769,0.14328574783646902,-0.19735061524922035,0.1482490753513051,-0.14982276099072975,0.19154234333188455,0.17316375228823794,0.18147249798979062,-0.18506545632665308
2770,0.14251505701329983,-0.19511513845375023,0.14728080716341063,-0.14813401029752016,0.18939499166390322,0.17189238495358306,0.179951938994286,-0.18390144252619933
2771,0.1437237192897129,-0.19671507485389994,0.14926982862494245,-0.15019619617611474,0.1921109937091899,0.17359171628329306,0.1817870764452967,-0.18581189173233084
2772,0.142997120920799,-0.19526612681051642,0.14737183610517718,-0.14699784198700697,0.19049043431196291,0.17225184182416192,0.1799552453509187,-0.18397921448907842
2773,0.1450991901096233,-0.19652630474840208,0.1494114454185482,-0.15129866279525264,0.19137459122015985,0.17439666765730572,0.1823220093545537,-0.1856462867459425
2774,0.14358072989692475,-0.19732925889127167,0.1482774140998266,-0.14870159836402186,0.19131965023634298,0.17332637712329496,0.18137864228195033,-0.18501158779086452
2775,0.14423853318581506,-0.1953211055570508,0.14907836203462246,-0.15005167887565043,0.19076456016927146,0.17268433807439595,0.18057819958496416,-0.1845616380239625
2776,0.14407274985240168,-0.19557634872076216,0.14730403474735765,-0.1485214120486789,0.18954762397160344,0.17262112279076117,0.18003941006471813,-0.1844832128403932
2777,0.14508761687369973,-0.1954543727555947,0.14980288495325234,-0.14979913070299633,0.19087984898104632,0.17369485211087637,0.1823984820015463,-0.1862558524892692
2778,0.14316695258315892,-0.19499416940262998,0.14757695187785863,-0.14865676005804773,0.19065397225746242,0.17247110888274825,0.17936629020768446,-0.1840566324283189
2779,0.14287532744934345,-0.19543369775561095,0.14900054556377318,-0.1494933807431574,0.19120824191742536,0.17299659027462408,0.1801961321699854,-0.18454646616227596
2780,0.1418263458285279,-0.19500405672666019,0.14658734377630336,-0.14826110350599314,0.19025004705890514,0.17140053805403468,0.18016380819741837,-0.18420293693915513
2781,0.14411363088965393,-0.19623117566245038,0.14833267569881195,-0.1505803123271912,0.1908092478827391,0.17325174843625044,0.18095152857619154,-0.1854244640569566
2782,0.142338485586575,-0.19349637327811464,0.14694786629314566,-0.1476355407265158,0.1902001530492619,0.17116094936730744,0.17924038041392082,-0.18363750014694247
2783,0.14207486279024986,-0.1949470280977445,0.14679849524609395,-0.14710224113339157,0.19153348658030758,0.17148187190108216,0.17981994793321407,-0.18362972433745436
2784,0.14092080724671902,-0.19475937833287185,0.14620480539534295,-0.14553568604417855,0.19042004672208437,0.17152522678012538,0.17961455158393666,-0.18373964268852347
2785,0.14215156149694522,-0.19366081374077027,0.14717399527138603,-0.14727790528374352,0.1908389818793278,0.1712947110601034,0.17952973843189507,-0.18363107572726461
2786,0.14275662440196563,-0.19471989946888527,0.1485392013510054,-0.14964839216470857,0.19113648857360177,0.17263453682129895,0.18044853344594378,-0.18479123907859155
2787,0.1441075083686362,-0.19617445264088088,0.1494204540410242,-0.14971964027064885,0.19074164719108014,0.17327008069389258,0.18117111566805003,-0.18546897967293882
2788,0.1437657708366034,-0.19520547902418442,0.14772820125404124,-0.14862522801280584,0.1901440961851524,0.17211789748203934,0.18045963577495203,-0.18397159928687418
2789,0.14257490397945471,-0.19427893089201573,0.14784126771980835,-0.14787709178909078,0.1893082241140349,0.1722997615976011,0.17941321871507923,-0.18450297415064715
2790,0.14343461187030027,-0.19505332499849937,0.14810932932205192,-0.14955821332968883,0.19165141461525625,0.17120433181098402,0.18032883788908194,-0.18414582452387268
2791,0.14473817759649477,-0.19556045278266546,0.14978884705029624,-0.14928189605055467,0.1908988140607391,0.17282901393401887,0.1813636161829087,-0.18466606478234165
2792,0.14360511636411516,-0.19499157116318744,0.14872315418072046,-0.14951191222005572,0.19173886200954035,0.1729225664825482,0.1813070756253629,-0.18472355994951636
2793,0.1412871632256717,-0.19438392223755188,0.1464783523860529,-0.14653243106720565,0.1893452763101942,0.1713022075258965,0.17959174649449622,-0.18397456813256385
2794,0.14304815390385967,-0.19528805533872728,0.1486797970576132,-0.14931880956538032,0.19309095812848784,0.1724830646825642,0.18017363908558576,-0.18503582386577744
2795,0.14353378977710401,-0.1964189452239384,0.14898439098589727,-0.15034018303590338,0.1924435183528227,0.17356276484644914,0.18113635428540897,-0.18567402074306996
2796,0.14380471971576353,-0.19416660884942863,0.14857562906772748,-0.1488874243877012,0.19091572412423005,0.17253091173082113,0.17996616343806354,-0.18432938422560513
2797,0.14359017451579112,-0.19345607585266048,0.14780685422034862,-0.148897519361531,0.19033324776309954,0.17233507444223273,0.1798293952519661,-0.18402561900334077
2798,0.14310999203110197,-0.19512613938612114,0.147612755208579,-0.1481886759299656,0.19174020219266416,0.17217282430718822,0.18010484550905778,-0.1843000814262874
2799,0.14443887348939127,-0.1955823574537106,0.1491533304222141,-0.14977306121005254,0.19239287970709903,0.1734010421000155,0.1817169633381933,-0.18547803154722114
2800,0.14439136016562246,-0.19556974640284416,0.14863815650129383,-0.14974250281898333,0.19002369187256032,0.17257841108877872,0.18098817915081705,-0.18490625189900864
2801,0.14466958529652113,-0.19582262393423264,0.14895019810691415,-0.14947410374690773,0.1902276875126585,0.17284929707923546,0.18103789048624605,-0.18493734643968524
2802,0.14209914180354952,-0.19412856184347807,0.14694302357042097,-0.14851827148220098,0.19010347342504835,0.1722432866618216,0.17982110227376377,-0.18349085410030844
2803,0.14346358460750935,-0.19502406855192217,0.1474401398928361,-0.14882550237352335,0.19270166219713794,0.17231552199306663,0.18009085568755553,-0.1839574169105575
2804,0.14187641282962882,-0.195094071614136,0.14673785360591593,-0.14790816485322128,0.18959430382121598,0.17185255771742464,0.1804648966481014,-0.18355851801643833
2805,0.1460735642796754,-0.19764934436320244,0.14973836155396583,-0.15269057265177394,0.1925249289579546,0.17483876572564738,0.1825456323941202,-0.1864206706600459
2806,0.14330441580948838,-0.19654639115881967,0.14748061784328678,-0.14871774761236176,0.19142418762694138,0.17250306613838498,0.18091045248255214,-0.18510855038083965
2807,0.1449780221007399,-0.1969840367796487,0.14941903486140354,-0.1508284063170283,0.19111843429577957,0.17393120038057763,0.18180614262474465,-0.18540715611641828
2808,0.14421820583843536,-0.19512537829880655,0.1487394647935306,-0.14988108652659723,0.19197137841929482,0.17343467958760198,0.18143671496579003,-0.18493070217779942
2809,0.14353211749059322,-0.19476605807559288,0.14847489363494823,-0.14988191318895264,0.1921456084262182,0.173365127318054,0.18130688454604246,-0.18516711787644707
2810,0.14266667519371984,-0.19463848085681246,0.14737322686364418,-0.14832170245431262,0.1911563022542245,0.17205755063060052,0.18032138208944234,-0.18415190050122568
2811,0.14367911060671817,-0.19675566027614932,0.14834790925043417,-0.149927228250622,0.19214696510881116,0.17282124306958235,0.18109746778873848,-0.18494872866878664
2812,0.14276180290333157,-0.19664055656794938,0.1481487327658595,-0.1476773700409193,0.19088750170352115,0.17297916364534277,0.1807574825338174,-0.1847755363072909
2813,0.14538370942848605,-0.1967500972488297,0.15014603203525376,-0.15090425635023205,0.19104054516949287,0.1742886719609601,0.18226499470465818,-0.18664257488014752
2814,0.14314600898655702,-0.19520208326445035,0.14873184539526277,-0.14900354057023907,0.18955244607487293,0.17270976720256095,0.18061078908443826,-0.18422222480489986
2815,0.14383293860550556,-0.19497039615045855,0.14846819271266604,-0.14825657207789286,0.19029358324940804,0.17307199168055165,0.18102781116262706,-0.1850861192252447
2816,0.14183797826777522,-0.19438807070955993,0.1473257010633616,-0.14797512107846156,0.19035380709734884,0.17212936435477438,0.1799024099741987,-0.18428497838267205
2817,0.1425712597699087,-0.19491090059098426,0.14753593893603434,-0.14905627597342616,0.19324084000944244,0.1723039533264955,0.18059924617831716,-0.18454649853674057
2818,0.14311347617426445,-0.19536465823174515,0.14706996520177254,-0.14871330120783072,0.19066622667765507,0.17208088704861937,0.18038046333503435,-0.18502410121956525
2819,0.141907248121416,-0.19448654589433656,0.14673651679803693,-0.14820363394353236,0.1910012423227994,0.171522448615267,0.18014667341961296,-0.18423190488454447
2820,0.14271667487585837,-0.19392390024004644,0.14725210822848342,-0.14721831282540201,0.19183711596417669,0.17206047798381205,0.18045915969953646,-0.18421979839547614
2821,0.14326787528656074,-0.19506947164583713,0.14861019791825575,-0.1493156602437773,0.19182648325020416,0.17304100943640613,0.18095889533364826,-0.18535369556653916
2822,0.141937093923304,-0.19403529908426922,0.14692375108608732,-0.1484848599876851,0.19016167920525495,0.17199008240786098,0.17990821791970094,-0.18400097067110563
2823,0.14438629630797184,-0.197061125827146,0.14853336775245746,-0.15000638795336024,0.19178497169811945,0.17350314325997443,0.18133013999824985,-0.18550922699217343
2824,0.1427826884942478,-0.19444457517402639,0.14719438875722973,-0.14929945439150694,0.19047612987137555,0.17228414801772968,0.17931002884884686,-0.18424399931527274
2825,0.14382594836347942,-0.1956809441112429,0.14855706477934494,-0.14907070804110786,0.19045386439113005,0.1724037066131879,0.18053832826715474,-0.18458822556207768
2826,0.14378356695732836,-0.19431727876205349,0.14800718450696024,-0.14944730044803126,0.19029948625337972,0.17273237437887365,0.18039022130518648,-0.18396000896228734
2827,0.14434175539719826,-0.19595174253274777,0.14835894968146496,-0.14946463869681786,0.19217373512955763,0.17346437262455197,0.18106152492695538,-0.18463793404235196
2828,0.1442333252784434,-0.19466606839559747,0.148459303136004,-0.14910445220628404,0.1908538283351404,0.17282648084793198,0.18094804280846208,-0.18457861234520972
2829,0.14299494761890208,-0.19706738120129952,0.14842334935006427,-0.14804636936136145,0.19174933129850427,0.1724779863617228,0.18001426519331196,-0.1841437226300374
2830,0.14250481598407821,-0.1951622714868323,0.1466546986006561,-0.14681565501497842,0.19106954626966322,0.1710200318379085,0.17910067759522158,-0.18375179666032376
2831,0.143308443676315,-0.1961194330722033,0.14681258300532596,-0.14839218398654153,0.190041595209954,0.17173611049617368,0.18024223837973774,-0.18404298932091684
2832,0.14302081890110963,-0.19489748370844404,0.14734777439361946,-0.14802875056629958,0.1913379192717795,0.17227646946386077,0.1799316708544733,-0.18421925136984135
2833,0.14315984052577782,-0.1957007228461347,0.1476466632579329,-0.14750531438083497,0.1907084026219834,0.17200991212547584,0.18071230839990646,-0.18412108572787259
2834,0.1443459592675291,-0.19656905536430405,0.14884785862662053,-0.14946377656248752,0.19268568019819282,0.17382108386987483,0.18078942240465334,-0.18510457893386414
2835,0.1422013673735871,-0.19365973148232082,0.14675434420709602,-0.14782561481479356,0.1902362593842185,0.17138623527702526,0.17941792281271768,-0.1830605143026641
2836,0.14252162211701977,-0.19318638592357965,0.14735208370998548,-0.14929336014979155,0.19011286981593178,0.17193498088696837,0.17994368372491037,-0.18350126174161355
2837,0.14310305354648364,-0.19374110744377016,0.14815373862482717,-0.14902403907885214,0.19168287711965606,0.17313854591877742,0.18018916311402874,-0.18384896788186708
2838,0.14322648379358524,-0.19423246618995854,0.14756225759860378,-0.147132235406566,0.1912163377918412,0.1719278884210658,0.18022742440356276,-0.1837528917679872
2839,0.14546467590881365,-0.19554528521410403,0.14854440616789497,-0.14981164403216476,0.19076711784279077,0.17272908047878383,0.18076905482059813,-0.18564513982214953
2840,0.14334689267965933,-0.19459020265739235,0.1476319893346724,-0.148657998938554,0.19206459076460974,0.17287377780437757,0.18043096502907052,-0.18468505243356492
2841,0.1434616192467812,-0.19674083205812284,0.1487243265278725,-0.1484087104585559,0.19075979600564305,0.17306442014248652,0.18069539819052735,-0.1849467295669847
2842,0.14358435052932855,-0.1967012260120998,0.1479551147534239,-0.14768396237607134,0.19087854877915192,0.1724610547998487,0.18072618765912835,-0.1845276139264216
2843,0.14346006450393003,-0.19430652489323286,0.14649128419569554,-0.14724894361050184,0.19052417616472778,0.17113211497807423,0.17958212860335643,-0.18358076078910965
2844,0.14390523671298255,-0.19520541851708825,0.14792519658655687,-0.14908025738811026,0.18977990211294868,0.1723051357504631,0.18039902880604627,-0.18479454361371192
2845,0.14138778237900257,-0.19643808011319464,0.14744733906747115,-0.14799693624123683,0.19039704345538344,0.17204814980816518,0.1801426352395769,-0.18393935976360956
2846,0.14529199718215208,-0.19579187763803535,0.14809081002696797,-0.14913268386140102,0.1901387998857936,0.17283076661555025,0.18099321536990745,-0.18425231924034452
2847,0.14400329799060468,-0.19497246590392944,0.14801444712721035,-0.14840529019478726,0.1909041850163389,0.17257293515025587,0.18078458370276398,-0.1847970984492056
2848,0.14284422378141123,-0.19430292199277394,0.14716604073187592,-0.14794340892350044,0.19239988298867636,0.1723414206297333,0.18016163040518313,-0.1840154288189208
2849,0.1442292856993,-0.193876287475786,0.1481468814198539,-0.14750964463159982,0.19064133317074133,0.1722431410080574,0.17968234806887962,-0.18394625811836923
2850,0.14425752764804087,-0.1958859536480549,0.14875608675827906,-0.14982248776158857,0.19021342203636912,0.1721801029438718,0.18037414087305847,-0.1847666722452486
2851,0.1443983649194577,-0.1948921509092049,0.14878119751024424,-0.14857358499008372,0.1906992630660871,0.17296123418489692,0.18071830134405434,-0.18510757210420775
2852,0.14250226898427132,-0.1944256218808802,0.14754974429140388,-0.14806696519859994,0.19144779339525725,0.17231698152881855,0.1801796943870465,-0.18409921077764163
2853,0.14274441855635275,-0.19492512785100677,0.14686735802089682,-0.14691299270220812,0.19081457022170015,0.17193349788999504,0.18039263070914202,-0.18363681160872905
2854,0.14221712362968522,-0.1952219737020263,0.14706671956236925,-0.14772354841842836,0.19093180765678755,0.1723472493621007,0.1798129404958297,-0.18426268833875767
2855,0.14302059844183754,-0.19600175079231497,0.14772288602405706,-0.14861421874360187,0.19121662584604918,0.17280534380142268,0.17992830682608088,-0.18492389139463702
2856,0.1433119059809708,-0.19464593662005922,0.14806721081040689,-0.14924416711405666,0.18972553725425692,0.17264570239759575,0.18054532047220767,-0.18414001772144792
2857,0.14174626339763438,-0.19500846954949794,0.1470934935415357,-0.14750172167856915,0.19138824982019387,0.17204194053677185,0.1791008935497658,-0.18383320448767862
2858,0.14407925599617175,-0.1949376300951218,0.14782257463515192,-0.14849147035039484,0.19061996555673472,0.17224923816056126,0.18033749407760843,-0.18414699315299607
2859,0.14245839260954726,-0.19661098122869938,0.14784627595225067,-0.14821487163355568,0.19080980196836775,0.17306213566949896,0.18021083085022496,-0.18461635302616758
2860,0.14405908072629137,-0.1962602807070887,0.14786710687243435,-0.14917416191558203,0.18948180567563716,0.1729490701289605,0.18164356752369734,-0.18501700655896117
2861,0.1441089872365249,-0.19622420848680916,0.14792261832972833,-0.14882767941868416,0.1912842591292408,0.17326107659933446,0.18038660025902548,-0.18495946418845266
2862,0.14404628730223645,-0.195530249343583,0.1493303540184657,-0.1498553131942262,0.18987412545258747,0.17377392229829577,0.18192252164963985,-0.18517370282616444
2863,0.1437705669882907,-0.1958836802770462,0.14798952990495987,-0.14840118256269655,0.19189386013632684,0.17247064610608426,0.18034203653437775,-0.18445199023721856
2864,0.14385282065113553,-0.19538760128523278,0.14771292766416153,-0.148181310424729,0.19053959218369398,0.1726688038740166,0.1797826161817493,-0.18433278413980028
2865,0.14359048782602168,-0.19632902469106267,0.14821211346743102,-0.1486165864079921,0.19147432979369008,0.17262838216829282,0.18075823553102302,-0.1850731554238804
2866,0.14205353707213308,-0.19529974695801816,0.147313252094691,-0.1494020216968053,0.19164429169136618,0.1728599131500582,0.1804490396857886,-0.18460473682150974
2867,0.1421252860545957,-0.1954638706376524,0.1464813627265474,-0.14681042875159667,0.18949794789367042,0.1709969961561831,0.17902204764697346,-0.18289327657396173
2868,0.1429963013991824,-0.19537874702107771,0.14770730677911192,-0.1493024448035378,0.18949974350174442,0.17242838377925762,0.18049100161307868,-0.1846514152464955
2869,0.14433705834276694,-0.19548911123208168,0.14866833748913577,-0.14865296794775268,0.19055207308195163,0.17312084818157855,0.18108322154819442,-0.18516563594634944
2870,0.1428082481347967,-0.1946143516381116,0.1478268492670203,-0.14895438553387294,0.19077877942664237,0.17231159031412638,0.18019684414028966,-0.18438591832293236
2871,0.1441690238360762,-0.1954423974577158,0.14834051847901805,-0.14917369775441353,0.19209843480215194,0.17328386261435377,0.1810752889185682,-0.1849853580872428
2872,0.14403672496157657,-0.19734258179931066,0.1491373074789778,-0.15183214267867615,0.19220626233848612,0.17449513323517163,0.182096929013021,-0.18641747254605262
2873,0.1418245831252479,-0.1933973957163915,0.14655999869763944,-0.14749940405636483,0.18932476401774037,0.17156376818232646,0.17920523435542912,-0.18337022856101498
2874,0.14264948583484516,-0.19611139645810197,0.14749289038441704,-0.14802283018625298,0.19030071670582627,0.17296426224503855,0.18071027059695596,-0.1850173569826217
2875,0.14341669113862263,-0.19592186306639944,0.1480926699997159,-0.14941278981373962,0.19156697718500504,0.1737273226231573,0.18166085409409585,-0.18546803162365802
2876,0.1440000367945503,-0.19380982275188743,0.1477581561870899,-0.14921989959597184,0.19014703677992761,0.17251588288268538,0.1809117574533096,-0.18470898067114833
2877,0.14276597373209604,-0.19605457627306758,0.14707808497927966,-0.14824615154512924,0.19152898947697286,0.17226797694182708,0.17990603836245578,-0.1843672204676263
2878,0.14261934055981043,-0.19468007766688603,0.14789430891623484,-0.14947385933949434,0.18996381005152096,0.1722178550017772,0.17998693550005837,-0.18424277015114895
2879,0.14453413998886042,-0.19467192843911363,0.1482512133581552,-0.1500048535868646,0.1909630049371593,0.1731564681548581,0.18120162977345824,-0.18472289584895496
2880,0.14277714203872272,-0.19520984583036433,0.14699884091792106,-0.14827721943562833,0.19209055280569595,0.17181738005665365,0.1802816460016059,-0.18419607639990382
2881,0.1440851819877284,-0.19545849594293824,0.14908367809902776,-0.15025225008151666,0.1905624450964548,0.17356409779420612,0.18137913912290768,-0.18532194317376133
2882,0.14387869806039444,-0.19487725703151257,0.14850789211443582,-0.1481228665075696,0.1901819232226898,0.17257657039795404,0.18048654649687523,-0.18424148637684012
2883,0.1416491007808854,-0.19500281227278257,0.14675913427405476,-0.1483405276342347,0.1916952382040092,0.17176543487561724,0.18008545051454838,-0.18405044228185186
2884,0.14414754174173763,-0.19562116622492268,0.14919816666846294,-0.1505994066039088,0.19107138463595447,0.1734079511816978,0.18172217046190517,-0.1853588359057982
2885,0.1431956070380455,-0.19702659956876933,0.1485048801944407,-0.15046237143299215,0.1926723279835078,0.17389944311790362,0.18219064433951745,-0.18569000922514883
2886,0.1421575511923614,-0.19483834694310947,0.14700604181815644,-0.14751850115349088,0.1895096830786862,0.17156513325456724,0.17922055017664193,-0.18394719039659793
2887,0.1440872431122117,-0.19456676966249306,0.14785668111001787,-0.14880984546242665,0.19149700686402926,0.17232690216553262,0.1801754136823771,-0.1844865229405973
2888,0.14381761741576793,-0.19470110032353213,0.1474313292239931,-0.14779872380299372,0.1894758643837547,0.1719444165864811,0.17953179231566221,-0.18360638833704662
2889,0.1437073510027962,-0.19642528052250338,0.14929726477070096,-0.1494925917781186,0.192084728807521,0.1728187862777251,0.18130768599329636,-0.18511947838179044
2890,0.14516993305380718,-0.1969108975474928,0.14881768265825984,-0.14917233916685785,0.19219163317088414,0.17384003854669222,0.18163649337062018,-0.18584450327133226
2891,0.1424781497404129,-0.1963777262766621,0.14795138257267806,-0.14909265823626378,0.1921988598826683,0.17322513011997448,0.18104502267034306,-0.18508045931796643
2892,0.14379890967359324,-0.19508980768745088,0.14778971301583435,-0.14904956551442103,0.19005521367498943,0.17185142899164046,0.1797799712439843,-0.1842581873466322
2893,0.14296814045505898,-0.19470939005597507,0.14689940074070063,-0.14780672577282755,0.18983437107214077,0.17181799506593332,0.179990964593121,-0.18366194454797172
2894,0.14368783126880433,-0.19426890667925378,0.1479704825544613,-0.14869791617039502,0.1905424212134105,0.1725481302915917,0.17986729434968493,-0.18414245948668945
2895,0.1426988716476467,-0.195388808990553,0.1478098953883773,-0.14856068838357672,0.18847989645926685,0.17196220997002248,0.18006795739606976,-0.1840155181679116
2896,0.14337653573383718,-0.1968989317417339,0.1486157479986369,-0.1495274913626952,0.1933050665973538,0.17355882454809474,0.18130918666043844,-0.18571657708460002
2897,0.14237113750383934,-0.19618679678482326,0.14716728879488,-0.14787040281574856,0.19063147911825304,0.17213356073419245,0.1800051946809574,-0.1836862576957113
2898,0.14377584077171635,-0.1960369110171929,0.14836295620201503,-0.14883384357240345,0.19230128902910362,0.17303429504338008,0.1805966327693288,-0.18491231853057694
2899,0.14365759233435627,-0.19518464597091698,0.14852003218101073,-0.14953847543875567,0.19236946584798678,0.17274992573393852,0.18096753130245324,-0.1847933423475741
2900,0.14299192756985787,-0.19557165190559384,0.14848369358491065,-0.14906570735055086,0.19045769701086193,0.1727096189225962,0.18003993847604916,-0.18422292619689595
2901,0.14347686927102996,-0.1949911891164043,0.1477660478329668,-0.14824430452333998,0.18957599357495755,0.17230413749842546,0.17975777544302943,-0.18426229966329674
2902,0.14367992206994534,-0.195941800970765,0.14827589694463464,-0.14923304395659318,0.19101837796908924,0.17258009639673577,0.1805451255028523,-0.18526515652261608
2903,0.1437230548096424,-0.19399129586252378,0.14868061606277058,-0.14914336135165995,0.19118938149017184,0.17314147636176278,0.1806577406705791,-0.18452582755930425
2904,0.14331726617467852,-0.19586891233090403,0.14770783136565052,-0.1486982163460774,0.19094022622762724,0.17278981062116117,0.18061139504716883,-0.1846070116434728
2905,0.14357764938091291,-0.19587523913996036,0.1479657956357043,-0.14864106933015822,0.19141735613614339,0.17324849317540364,0.18062322109780599,-0.1852768143526311
2906,0.14382810830934997,-0.19525780964780937,0.1487534862026484,-0.15021124427786103,0.19219347898672,0.1731191690618929,0.18096758555962938,-0.18499766600666792
2907,0.14319508622712673,-0.1964145821285233,0.14768303886032158,-0.1477776998663238,0.1896071047126696,0.1723468316855347,0.18065226329197032,-0.18438120972265093
2908,0.14267778288665292,-0.196379824379696,0.1472422718798123,-0.1481705907332112,0.190090393592702,0.17216540504105785,0.17988417450430105,-0.1841274517936377
2909,0.14481906594580526,-0.1950205270571987,0.14876035155738412,-0.1495739835862704,0.19040097468891726,0.1728057066563672,0.18052049429928152,-0.18494331825982546
2910,0.14362713727382867,-0.19573570360237277,0.14752991574810526,-0.1482052291246875,0.1902654823864725,0.17227698750843407,0.1806445933506288,-0.18435729958748023
2911,0.14323794857934868,-0.19682673079010796,0.14814853744973386,-0.14896349122170172,0.1907999262849945,0.17323900722509777,0.18126131978846416,-0.1852964363645975
2912,0.14438293539930686,-0.19678401676889565,0.1486196409374547,-0.14974333777021853,0.1912506260374744,0.17340337184806814,0.18056643300856356,-0.1852199066931442
2913,0.1426563652449518,-0.19387794244709144,0.14723353899735636,-0.1480101681903358,0.18979464221643685,0.17141162038887614,0.1796863157624233,-0.1836547272366249
2914,0.14363301241556956,-0.1961005173412262,0.14860683571072744,-0.14984903296514274,0.18943542324658308,0.17292729545869245,0.18084692944049155,-0.1844625051883344
2915,0.14162233925261208,-0.19331949325441466,0.14697039289801409,-0.14744600981998923,0.18915388602834202,0.1716088846141106,0.17894283936995997,-0.18324143873724222
2916,0.14171155949237246,-0.19451141196012683,0.14704946589251985,-0.14804575350411395,0.1902561220479767,0.1716667536596919,0.1803958005799296,-0.18402944486854442
2917,0.1437849458135092,-0.1961064979899404,0.14872443908171418,-0.15035982484695573,0.1916631893634557,0.1733043654031276,0.18130630321664193,-0.18507191130229403
2918,0.14349020677262447,-0.19457858785066512,0.1482378885616983,-0.14899494850423334,0.1903531338345904,0.17285049635686753,0.18117000580989148,-0.18435818405311266
2919,0.1428694144412323,-0.1968851248193642,0.14806745238881105,-0.14834325264550105,0.19138946426484868,0.17278921322718394,0.1809561018355473,-0.18499411056442916
2920,0.1418257803455163,-0.1935824152029876,0.14710039540451714,-0.148586833367434,0.18905207357642514,0.1717204953156861,0.17971219108199232,-0.18412864860245848
2921,0.14370887266175655,-0.1944570948290671,0.14856899629587256,-0.14962919789658763,0.19053233073108347,0.17302879489941217,0.18097610104640952,-0.18433499623408584
2922,0.14236962790001104,-0.1944517414478524,0.14658806095668295,-0.1475448221884642,0.18984940405424525,0.1718378234812548,0.17920380310177686,-0.18370863998219747
2923,0.14412904081908862,-0.19596254880973812,0.14803559820144327,-0.14863327276381266,0.19230903969046267,0.17264742488506268,0.18083638041702424,-0.18423497307452663
2924,0.14479466844494335,-0.19615139061158293,0.14922678724094965,-0.14948707953602342,0.1913221888243319,0.17302983251471396,0.18070292045406613,-0.1850810148701567
2925,0.14396111977350437,-0.1948132824551783,0.14804979955918102,-0.14955677797300582,0.1904983219016305,0.17205659562793377,0.18049635935139013,-0.18403344342320713
2926,0.14345633310981615,-0.19549984261520978,0.14801889846264926,-0.149090124022268,0.19122824237417088,0.17293155479127112,0.18005585675103064,-0.18448121444014529
2927,0.14411374762222667,-0.1958786989134192,0.1485749774240179,-0.14923070509401223,0.1906860154788082,0.17314816073955996,0.18038445215621612,-0.18455902919781592
2928,0.143765639175263,-0.1947814015452031,0.14822661607660478,-0.14883880172758857,0.1916240188332632,0.17261456731171146,0.18080173850060663,-0.18482735572615272
2929,0.14334894453451794,-0.1946680617588929,0.1471055717026292,-0.14874184247505373,0.19027053538971533,0.17198907502392316,0.17964929659181986,-0.18444830877392226
2930,0.14198272978427895,-0.19452445565797205,0.14772142149905867,-0.1469263311914277,0.18890672009122747,0.17229009145179244,0.17977278539454403,-0.18378619123117546
2931,0.1430935593357276,-0.19427599706976018,0.14718592039013687,-0.14767244327994644,0.19037726681191,0.17195600301602787,0.1796139894743373,-0.18399322279353086
2932,0.14381707616778236,-0.1955975128551536,0.1489480041564263,-0.14907671952878482,0.19182966366616896,0.17297222129975223,0.1811674651694874,-0.1848854419353819
2933,0.1439116322691661,-0.19518727297913785,0.14874848261385318,-0.14961745210902186,0.19101203285302826,0.17288624878902306,0.18088952686830576,-0.18462288112677683
2934,0.14389687125630574,-0.19593112669967216,0.1484656848679071,-0.14889252863318445,0.18964287812771308,0.17239982748216648,0.18060133336382292,-0.18420039255872522
2935,0.14289300441500444,-0.1944812444715326,0.147366204363016,-0.14896771773957773,0.19091618369925303,0.17248965664595442,0.18012719404141067,-0.18425721487744245
2936,0.1430689783957852,-0.19379082779586385,0.14720797556996892,-0.14837720705956398,0.19142474542177057,0.17181602478773705,0.18051528701215724,-0.18372513706231353
2937,0.1410990831092785,-0.19337835609879997,0.14540564177040366,-0.14615106541329034,0.19015041717872272,0.17036291040464074,0.17817430891547706,-0.18205805819221615
2938,0.1434789003590277,-0.19533365135311323,0.1485936511748147,-0.149981186026921,0.18979467663471442,0.17273555675181007,0.1811995938808484,-0.1847826770781031
2939,0.14485610497367454,-0.1955841345906462,0.14857938654972822,-0.1490404529101062,0.19046594849723583,0.17313444610339235,0.18100560741991598,-0.18483050674930596
2940,0.1440245404573494,-0.19603766241525067,0.14872602720549147,-0.14860966394461908,0.18901641352507428,0.17355414802163804,0.1809357145833558,-0.1848528524804662
2941,0.14508522421219566,-0.19589431201512505,0.1487460320824806,-0.14977952864123084,0.19202566135641563,0.17375993203817697,0.18202317445911562,-0.1853662797911413
2942,0.14232735283546688,-0.19415005799459972,0.14757466592694365,-0.1484173377683119,0.18888925207622112,0.17211654051679423,0.17904689641574784,-0.18332535800003288
2943,0.1429586712363399,-0.19588867700745738,0.14790065339970365,-0.14766871159895834,0.19183763683071287,0.17242119148929788,0.1795260309799274,-0.1835757217171244
2944,0.141586587442897,-0.1945882956954068,0.1463994227696338,-0.14885142945223293,0.19128974628185078,0.17131363278523926,0.18018653765305911,-0.18332668859856918
2945,0.14580267503121572,-0.19582971376374025,0.14960286394016914,-0.1502925938876922,0.19410390955252985,0.1738214597281253,0.18159002740484692,-0.18526054828311833
2946,0.14285852836767104,-0.19447475616822718,0.1477202914803907,-0.14990694071554714,0.1891782978688581,0.17196930884192851,0.17954885411691313,-0.18378373670267753
2947,0.14368006727545427,-0.19505935213402684,0.14891509882298729,-0.14888686546629823,0.19123492809166245,0.17270927983312348,0.1811270290362302,-0.1844457783706779
2948,0.14273900109595455,-0.19593574482126086,0.147763371709618,-0.14871562135614347,0.19071830058077277,0.17202685806938556,0.18005202333641265,-0.18446518324112812
2949,0.14410534468875952,-0.193579311765369,0.14878463030112843,-0.1498019237892721,0.18923996043971192,0.1725440624225141,0.18016040753207765,-0.1843269073300561
2950,0.14372326083189496,-0.19648057824018478,0.1481561366970371,-0.14813699242123535,0.19146028793509365,0.17328469636433197,0.18087081368545735,-0.18573644961474942
2951,0.1419953833449885,-0.1940791970359553,0.14684064247593723,-0.1478200757051976,0.19034791046327945,0.17153199494481436,0.17965319294798665,-0.18333389765653899
2952,0.14352846005512004,-0.19489846095235594,0.14829018645056372,-0.1484207295669868,0.19132825850172933,0.17248819241978314,0.18031134692349846,-0.18470713803544017
2953,0.14335381483503665,-0.19577469284509488,0.147600129279343,-0.14842926270766912,0.1913713541777671,0.17170426757055274,0.18008113751488877,-0.18439415778873533
2954,0.14479787370832953,-0.19636151126059953,0.14858740069855622,-0.14977831065538963,0.1912568060908989,0.1735237592789863,0.18115330242596958,-0.18524141276215148
2955,0.14440480920488097,-0.19704592249647707,0.14810464836074705,-0.1504432506893031,0.19150869051760092,0.1736126969780635,0.18125670521323173,-0.18524159508753896
2956,0.14302084263918255,-0.19461305438181462,0.1473381965900144,-0.14854947866100393,0.1905575989464709,0.1722385444414521,0.18036042758445792,-0.18456051201317575
2957,0.1438662662684403,-0.19562880840637198,0.14831095213033788,-0.14961932178216272,0.191958305891863,0.17307530049479616,0.18055076422479396,-0.18447477473369586
2958,0.14180123317219562,-0.19368331181544537,0.1470663995666583,-0.14736837306429296,0.19010162584869889,0.17145959438417285,0.17973929757573978,-0.183236360889095
2959,0.1437103256454623,-0.19569142870848152,0.14755676829130782,-0.1487794581669652,0.19141858651045826,0.17295860179225858,0.18074032765975923,-0.18448372184910644
2960,0.14505606747495242,-0.1942401807907448,0.14848224677023897,-0.1501447265079155,0.19094224645994948,0.1729507209331736,0.18066251784808335,-0.1845811097149347
2961,0.14186499869345423,-0.19429499743425505,0.14760001579125,-0.14855004482757894,0.19036550783545217,0.17267993857788852,0.18024467544587225,-0.18439001252725137
2962,0.14300371654907773,-0.19517530380917655,0.1485559721903194,-0.14957895343431743,0.1910323973828326,0.17335463424629083,0.1812590867134309,-0.18475869974764264
2963,0.1417784932790004,-0.1950787224967759,0.14726635015308773,-0.1474747682308229,0.1905480314111555,0.1719972875127811,0.18029094197198808,-0.18402521283421008
2964,0.1433951297544343,-0.19472770070405548,0.14698658222915714,-0.14859012283227763,0.18893056863190588,0.17152312712498002,0.17981737090582112,-0.18339274116654658
2965,0.14357834312642886,-0.19570271100929393,0.14833072923713625,-0.15011260933938778,0.19202738734218083,0.1730118143974356,0.18048612667163583,-0.18550883312229502
2966,0.14448104079805654,-0.19497772155580717,0.14847119802301167,-0.14929238365489544,0.19155950934480534,0.17297928103953264,0.18103186632886584,-0.18484589267639223
2967,0.14245176706126236,-0.1950026812652629,0.14758639488518266,-0.14780667777268638,0.19007056233116165,0.1719564601357715,0.18017602237232405,-0.1841573987579832
2968,0.14401021358833904,-0.19523008874706133,0.14846794278939404,-0.14947578682767979,0.19036550881106312,0.1730303794119399,0.18046594007811487,-0.18447650579971464
2969,0.14558430658706936,-0.1968657299906769,0.15008870058062238,-0.15080479658226184,0.19210879120936009,0.17434963243740745,0.18203044612698663,-0.18594949254126394
2970,0.14467454545561018,-0.19620245781575832,0.1491312872332098,-0.14992563765989178,0.1913523507809657,0.17421113900404434,0.18106363362936193,-0.1847856074714215
2971,0.1446895775911495,-0.1961826966105861,0.14960836307034664,-0.1502517885474732,0.1908637909162559,0.17417092232847972,0.1819787245038243,-0.18543689073080893
2972,0.14226482610747054,-0.1938932224752863,0.14754817581563046,-0.1491628911097091,0.19122801126805272,0.1718402191563514,0.1804411667849074,-0.1843556621614168
2973,0.1439677508843982,-0.19529805665030228,0.14799163376351004,-0.149491937249137,0.19072029744899457,0.17224516312829308,0.18032298140587927,-0.18449315179387882
2974,0.14424783153697615,-0.1947254855013489,0.14806355624590167,-0.14871286880985737,0.19116094087341068,0.17209162978752865,0.18013547214574954,-0.18403979962498404
2975,0.1427323867129351,-0.1942656051095601,0.14737455620109602,-0.14809068346729445,0.19193655944700333,0.17143907067492353,0.1793265665046566,-0.18362448827757025
2976,0.14302278195699902,-0.19464039802081604,0.1480759102297621,-0.1481815192500729,0.19185150082437236,0.17247755092211284,0.1807404072142542,-0.18473043134370995
2977,0.1417448841605858,-0.19580130854930272,0.14701121816839352,-0.14887587143122685,0.18962705667790594,0.17206696326780171,0.18016482546529722,-0.18383143806488902
2978,0.1419026519339763,-0.19471735010222238,0.14699921102198232,-0.14807512129738382,0.1892662027750759,0.1719549640824507,0.1800131929462788,-0.18466059516845879
2979,0.1442241878403524,-0.19594530124401313,0.14927452689352405,-0.1506394848856088,0.19074062274991543,0.17322011146490415,0.18125973704148154,-0.1852898420015771
2980,0.14318935172820724,-0.19501396631726045,0.14781969476930676,-0.14836425186153165,0.1912250386986402,0.17201830197768328,0.1807701294814079,-0.1841746500196224
2981,0.1442345407301944,-0.1954391162072661,0.14883696023408427,-0.14942299881165355,0.191273863528591,0.17282495196416192,0.1803584191015747,-0.18492012528457055
2982,0.14632324933871865,-0.19840974713266302,0.1513062609396431,-0.15178716733298703,0.19110291854213723,0.17554284665746012,0.18272125787732502,-0.1868944692807206
2983,0.14094746841645273,-0.1931566513081095,0.1468519025783776,-0.1478034228684322,0.18881951351901974,0.17137561989579156,0.178790037031572,-0.1832930430685309
2984,0.14382745009034667,-0.19421337677762618,0.14842848520042554,-0.1492870984496509,0.18971170290218986,0.17235465752763834,0.1800644546995813,-0.18425604054659578
2985,0.14338862281020315,-0.19478459193618244,0.14822887478825145,-0.1489828181840488,0.18958822701118835,0.17226687957798859,0.17975079839472333,-0.184497474329166
2986,0.1412089771206203,-0.1949929502412886,0.14686583914765128,-0.14712175012689813,0.19087785851989084,0.1720535978370383,0.17946621183188083,-0.18437909585309198
2987,0.1434472702604504,-0.19461444006257253,0.1484117851642344,-0.1492056533081378,0.1912513438837518,0.1728415238918306,0.1805374875984054,-0.18447494753448782
2988,0.14414994101740444,-0.1945923901792701,0.14786187248082763,-0.14883348376834565,0.1909618157316251,0.172472210954869,0.18017755026453242,-0.18452772841593112
2989,0.14418847096881737,-0.19512796768727114,0.14882235107025946,-0.1495716806229219,0.19114013333990149,0.17286106070225274,0.18087240881755523,-0.18480272730078875
2990,0.14332252719332916,-0.19509129284645668,0.14826403780870073,-0.14997043487110018,0.1912871217292728,0.17199008227371065,0.1808840380578005,-0.18468433139564094
2991,0.1439108113039103,-0.19514741581425352,0.1487747303366149,-0.1501409529251321,0.1902681683804394,0.17338592584611998,0.1812458781292298,-0.1845732023307045
2992,0.14383699383267004,-0.19591005484347682,0.14809426243128904,-0.1487470109149441,0.1905304749156022,0.17301743483974444,0.18083139586320898,-0.18459600649708646
2993,0.14440027603948902,-0.19513111790283633,0.1493849890571999,-0.1496392758630027,0.19249430843413998,0.17418063496731093,0.1817102219372571,-0.18526142819671346
2994,0.1432605152716117,-0.1949246712824657,0.14804954358898698,-0.15052036333953286,0.19048685896941256,0.17269738902854503,0.18093153808134896,-0.184653777244124
2995,0.14246848548024302,-0.19469782627666338,0.1471518588586962,-0.1476788072580012,0.18914628476836612,0.17198287897947412,0.17971522318532784,-0.18404604394182966
2996,0.1442870575339397,-0.19471908636177687,0.14892080149003906,-0.14981878242710628,0.1912747939103878,0.17267513014148414,0.18019186367912404,-0.18507663438958308
2997,0.14270012501498872,-0.1964844690181002,0.14746456133080754,-0.1491239635935318,0.19031126785631494,0.17204440877310884,0.18033736699255698,-0.18455138808374053
2998,0.14393871738360872,-0.19413638126296803,0.14782899770134642,-0.1484032830257455,0.19170006665254133,0.172410925705277,0.18034112770240732,-0.18395533800135
2999,0.14377656738309283,-0.19645107315742147,0.14871279898648115,-0.14975722468182487,0.19298146469213312,0.1726435479165069,0.18104457635942064,-0.18552285492452877
3000,0.14236127140218163,-0.19435012384894523,0.14691007198454212,-0.1479330069047387,0.19025754509970047,0.17200411094411822,0.17956721197683917,-0.1839686718000126
3001,0.1431447179524927,-0.19570021049514708,0.1474812519735567,-0.1486943925726123,0.19120210098888962,0.17301621498891398,0.18131671362320434,-0.18492879408454388
3002,0.14366652248841771,-0.1947554756292215,0.1469488724243252,-0.14872541434372827,0.19081711281387428,0.172465722927143,0.18002118304331033,-0.18409336415996608
3003,0.14221861891185697,-0.19671356920347305,0.1483398579884448,-0.14858786502682772,0.19200681015126536,0.17301642306389525,0.18116826513997603,-0.185149550310106
3004,0.14409856214611466,-0.19520236295212057,0.1488894713836614,-0.14911263685762668,0.19082997618746683,0.17235762277345062,0.180253282900259,-0.18468598548097234
3005,0.14402835919529947,-0.19514077100610483,0.14871886674067808,-0.14919424363950393,0.19239526865645795,0.1729344359070084,0.1807727199432501,-0.18486485062799812
3006,0.14386106527187464,-0.19516837174002044,0.14808902335945434,-0.14879998682657475,0.18932216478481187,0.1722655553991572,0.18003498935073237,-0.18403402956475054
3007,0.14314769221068424,-0.19593577299737366,0.14728833213519119,-0.1492454800757925,0.19130489390253694,0.17274097798933163,0.18016036730326798,-0.1850629614612416
3008,0.14443315621925473,-0.19594888309218303,0.148349298608914,-0.15016749455162692,0.19169353943294515,0.17342283241723647,0.18123487269942165,-0.18483569840292366
3009,0.1446685716509379,-0.19650316937619192,0.14920723104939654,-0.1498463200419223,0.19087021063890586,0.17314354615891536,0.1814078224308924,-0.1851721195336389
3010,0.14369936192687044,-0.1945876574302967,0.147638127120944,-0.14920966618248951,0.1909570258217713,0.17230190203292642,0.1800499170107496,-0.18454034375409545
3011,0.14252838126660944,-0.19425697641281625,0.1469533576666171,-0.14757287702344496,0.18821498321214553,0.1719636958330745,0.1794702570803066,-0.18381671296908708
3012,0.142940323313444,-0.19429510112091303,0.14748536062213238,-0.14729664510257195,0.19021393438792392,0.1720251424112248,0.18015256784073208,-0.18421367977066955
3013,0.14333182089388843,-0.19349309228855766,0.14802776665484543,-0.14918883357204585,0.19077594105283216,0.1714528801347446,0.1799998850233097,-0.18342629995573595
3014,0.14354503591948248,-0.19330779525128217,0.14779266168607416,-0.14894225980233808,0.1915446645877035,0.1720154342103539,0.17977270373956672,-0.184435029497249
3015,0.14288179646172497,-0.19654510446428453,0.14746257572522492,-0.14895847531261083,0.19178683490498116,0.17241859923884717,0.18062059905065345,-0.18455000378343014
3016,0.14279978260654566,-0.19384311117965677,0.14674377841078498,-0.1480784777831147,0.1911234420308772,0.17156836389679594,0.17909966795871396,-0.18311377629449854
3017,0.14398140269435022,-0.19628672420180732,0.14898433492554852,-0.14947738670459554,0.1943135672956562,0.17387701343171846,0.18185715904466448,-0.1855541501797948
3018,0.1430935248143209,-0.19701040436301442,0.1493308855001055,-0.15028081466530765,0.18794493968171724,0.17369460824866098,0.18143384113740862,-0.18472766268936447
3019,0.14378282379596213,-0.19430988466933344,0.14809053107119674,-0.14830237847848832,0.1911361908069162,0.1726878543894548,0.18012723218504909,-0.184294811898886
3020,0.14428485819805015,-0.19698577694155653,0.14800728851039346,-0.14906710878292467,0.19366979796867323,0.17360345622605527,0.180997091322403,-0.18528547233717
3021,0.14480739395618078,-0.1958525337907351,0.14980421556441847,-0.1495167488015659,0.19190399617308632,0.17368237762404837,0.18186040930257996,-0.18507334663686018
3022,0.1431628207793757,-0.19592210330310592,0.14770351650411193,-0.14928652643747498,0.19027090882783626,0.17345725902905287,0.18161897701136936,-0.18471317022645836
3023,0.14397901457372433,-0.19476119973521994,0.14738808166224895,-0.1475568125474054,0.19263146027465586,0.17244562180875098,0.1810207859060915,-0.18497298266941795
3024,0.14466279282266462,-0.1960270365661426,0.14851224648429875,-0.15046561355160218,0.19075012714611705,0.173477919915427,0.1807842483929751,-0.1852607650885573
3025,0.14436614334533365,-0.19566044662640242,0.14835782416200152,-0.14835237366041767,0.19100187626868154,0.17260466840589075,0.18018435254844598,-0.18435983434177583
3026,0.1450875699619312,-0.1953851429510575,0.1495277737515978,-0.14928969820633659,0.19065392162825456,0.17383347285233755,0.18230314312019644,-0.1852473640459445
3027,0.1440312851584907,-0.1956026786057956,0.14846018490013568,-0.14883274369858487,0.18975467335759652,0.17313994309019443,0.18043347433174814,-0.18491282042573276
3028,0.1439905723317022,-0.19566138399243171,0.14898839949719955,-0.15063355277666252,0.1914590735859477,0.1735222787553957,0.18112327807986567,-0.18567537053320732
3029,0.14486835977075377,-0.19610709399627366,0.14946174311988092,-0.14970403979161376,0.1910223267948438,0.1741023233659806,0.18173285479779996,-0.1855552825560934
3030,0.14340545508164396,-0.19486942030528628,0.14755624084082225,-0.14841687439544568,0.1893317853139827,0.17226117756540754,0.17931017372619834,-0.18423494819471975
3031,0.14320292150791264,-0.19603957998478813,0.1477153276188651,-0.14844772724762373,0.19125319886175338,0.17221011222275745,0.1799737653315074,-0.18405212530204956
3032,0.14457524240382053,-0.1947644587296519,0.1486558537004912,-0.14951780361548628,0.19129590931808946,0.1733225311959744,0.18092892135200458,-0.18523507716514612
3033,0.14287320216490584,-0.19433541971133628,0.14785240216886353,-0.14852168991970255,0.19081191230244854,0.171907742984971,0.18040203239181066,-0.18415429134011285
3034,0.1436240454594703,-0.19615905663222863,0.1479274791356189,-0.1497755105886305,0.19163642689634044,0.1733114618247629,0.1810076039196729,-0.18569409794178532
3035,0.14302942736156837,-0.19469605729890888,0.14805338034367427,-0.14890702302535705,0.19008663962667582,0.17226898883688818,0.18024499931963636,-0.18451490163631812
3036,0.14272152520183704,-0.19524474334016906,0.1477032157372339,-0.14804993469872904,0.19097775610901285,0.17201476535831028,0.18025822123329815,-0.1840163639078663
3037,0.14306628852445524,-0.1941838329759907,0.1477324544102978,-0.1474717186338993,0.19051736239864658,0.17229393969154636,0.18036817228994045,-0.18382222872139678
3038,0.14314597014496513,-0.19425948418615224,0.14781790062196626,-0.14830701095074733,0.1897129766338635,0.17195371258014414,0.17957973283791812,-0.18368775751567232
3039,0.14109682179496003,-0.19638951302160818,0.1478620016360214,-0.1485372168857537,0.19068097179471497,0.17258618798842837,0.1811005489733652,-0.18439465300241364
3040,0.14415781640224032,-0.19582575863223922,0.14840939665266972,-0.14899932530798546,0.19128331636600773,0.17330265656752003,0.18138103704163358,-0.18512339933948932
3041,0.143742236369683,-0.1959453665401563,0.1489339718658624,-0.14933543156447016,0.1910647590093267,0.1737134133817816,0.18097521866388222,-0.18540574276258243
3042,0.14417357419070082,-0.19475268395732986,0.1485873561910783,-0.14934098126733253,0.19211777021349455,0.17266163380983648,0.1805462765849635,-0.18430640845004823
3043,0.14193472246497066,-0.1953197815979438,0.14750591791195633,-0.14791308465849357,0.18987601049109057,0.17192471758627317,0.18012107076603281,-0.18397349586003625
3044,0.1438069330807557,-0.1960705814447634,0.14840785356742595,-0.14975697967486984,0.19218986859458945,0.17298039345448163,0.18103668452369312,-0.18469172906733194
3045,0.14245583554150917,-0.1947264269859735,0.14671006738162087,-0.14730638647702685,0.18924513600577694,0.17150687809536852,0.17957440735623725,-0.1838276735978374
3046,0.1431404188429335,-0.19486712341921034,0.1477067175293776,-0.14827508522956703,0.1903272022011916,0.17282542254744812,0.180494114043872,-0.1843798422185859
3047,0.14334326313860196,-0.19520699887308346,0.14851129703159535,-0.14995331878454987,0.1934182644380092,0.1733281952052311,0.18112123486067389,-0.18496185690092784
3048,0.14398817016659943,-0.19586141253329553,0.14903021368735242,-0.14913827032551327,0.1922583620435866,0.17372985415791548,0.1812409268792003,-0.18510391693195105
3049,0.14435196928095387,-0.19641107942936914,0.1491004203815245,-0.15011229742172824,0.19238958289986272,0.17309969221554566,0.18128117750095743,-0.18478935062844687
3050,0.14392330839204762,-0.19624447228624495,0.1488005198747457,-0.15075001641550795,0.19094999310618585,0.1725727162311103,0.18166893249290403,-0.1853557289312049
3051,0.1450576763531465,-0.1977385346529912,0.1489971807541723,-0.1502241003446879,0.19365556064830863,0.17366549913107027,0.1817248590083674,-0.1859991592776592
3052,0.14358241129556323,-0.19433540226041748,0.14789060547952146,-0.14823626496371156,0.19108541265735812,0.17256850146969127,0.1805327150555959,-0.18431832775290158
3053,0.1442950260824419,-0.19615101773957547,0.1486228709448414,-0.15040786000812742,0.19023521153468237,0.17292736420402227,0.1807707655518502,-0.18559604144294828
3054,0.1422635874861031,-0.19426588795085492,0.14713009315621436,-0.1483043568041009,0.19056264245750099,0.17248559160619015,0.1795259321037585,-0.18350784378560409
3055,0.14277892628888783,-0.19553023936644723,0.14780260459121722,-0.1478915168859947,0.19047887421714033,0.17260968486967176,0.180223770613669,-0.18466406165776897
3056,0.14298225535694187,-0.19495871183809155,0.14819001764711365,-0.14831777259262224,0.19065010639900945,0.1730540294890607,0.18032748954893654,-0.18464929832780663
3057,0.1423189636680841,-0.19455102125966742,0.14771291151984567,-0.14973140620061395,0.1908640770910704,0.17190051038586665,0.17982753136995952,-0.18354352371544042
3058,0.1444352479513925,-0.1957318086180499,0.14847278290012866,-0.14916738074452662,0.19304996914991074,0.17299488992878279,0.18084533301513803,-0.1851932900482633
3059,0.14228489834412,-0.19578491552251245,0.14729391334408815,-0.14814163950398196,0.1906337457625371,0.1715803187504008,0.18048327915865547,-0.18424813327812453
3060,0.1429160959339133,-0.19604889834485653,0.14857970633082132,-0.1504454526088732,0.19105428145977385,0.17318668024847203,0.18132187203613162,-0.18560313979873794
3061,0.14471648762297198,-0.1959829877480956,0.14943768347399827,-0.14973116587100027,0.1909643336476454,0.1738208247201587,0.18131054025767693,-0.18517754849515883
3062,0.14362251577166485,-0.19600197615006903,0.14804043900484368,-0.14849160584224044,0.19228896762944914,0.172323466222385,0.18014655156588685,-0.18421890452054684
3063,0.14323017293586843,-0.1942828269205582,0.14785611599371923,-0.14950403164919074,0.19218614415268043,0.17250452568376645,0.18099597765356745,-0.18476577302724434
3064,0.1443299568736614,-0.19489611601251874,0.14859208079592617,-0.14876589493001433,0.19256623758845423,0.17367376341425805,0.1810410984925525,-0.18504929942355092
3065,0.14234078505801134,-0.19407654164035426,0.14647639372526464,-0.14772674804085728,0.19159714318453672,0.17125306585297753,0.1796190652038753,-0.18375180540638628
3066,0.1432004263936524,-0.19509890192697013,0.14816048325220266,-0.14860763669933552,0.19012077804442698,0.17234987293430695,0.18000875930773574,-0.18405017073016028
3067,0.14337912986246235,-0.19611438111853247,0.14815306976560288,-0.14911406964755872,0.1912956605641578,0.17285560203047612,0.18064203737688372,-0.1849317912860369
3068,0.14302847415423559,-0.19462743914292072,0.14764883080336091,-0.14726423796491192,0.19001033692214958,0.17225724680888332,0.1795494105571794,-0.18460450028374417
3069,0.14159934787369888,-0.19362112174579724,0.14650981596962184,-0.14668189068228474,0.1900015428919342,0.1707582392060942,0.17934025297292658,-0.18273544082498414
3070,0.14375189334772243,-0.1958165272221778,0.14870886888073212,-0.14945232252956872,0.1902283809166342,0.17318478988888572,0.18101577906014418,-0.18494521170418646
3071,0.14309537746264853,-0.1953340286185841,0.14747171314650448,-0.14898211775518794,0.19103775679628607,0.17241975128652734,0.18017818936253074,-0.18419733990057705
3072,0.14476940338395397,-0.19612951259674072,0.1488982776936081,-0.14929789205541735,0.1922966268158789,0.1729207356951548,0.18128775817552184,-0.1846903849735806
3073,0.14503788743270835,-0.1963877476823709,0.15019424937434273,-0.15109556350357722,0.19159190224101535,0.1740995560016669,0.18192277582345298,-0.18579418274300522
3074,0.1431986549470235,-0.19592050398302246,0.14771594562263748,-0.14791801819374192,0.18994660022666854,0.1725103283051716,0.1804777974661033,-0.1844102975925837
3075,0.14281754463657667,-0.19517494300872246,0.14815185428521266,-0.14848799787510525,0.18993998396688358,0.1728286507753612,0.18111438468220792,-0.18448696981971857
3076,0.14374850949732149,-0.19617332845909982,0.14898181357105897,-0.1489074285557154,0.19193615014198745,0.17320044073591057,0.18170983313600442,-0.18516070877892135
3077,0.14188621562257953,-0.19476425859902297,0.14743789949362252,-0.14739959983268938,0.19059874886147085,0.1717867515446327,0.17978109900076358,-0.18417284189862126
3078,0.14257284292394456,-0.1946221940812253,0.1476889616852862,-0.148659275329973,0.1900104823249845,0.17203389849891834,0.1798161903454609,-0.18362888665603813
3079,0.14407273203751594,-0.1957478650285297,0.14967026327855218,-0.15118003931424231,0.18976146745923606,0.17361968387097299,0.18125713632299326,-0.1853516000342846
3080,0.14385399508659755,-0.19550893554611803,0.1489663834482095,-0.14894099719923526,0.1910335572389742,0.17354849980576612,0.1813910572358562,-0.18543645880098722
3081,0.14403551231854314,-0.1955098593549238,0.14814709202802295,-0.14872242710207717,0.19179015856734877,0.17291274414845026,0.18068906540584373,-0.18483344475801228
3082,0.14260988720592865,-0.19424306955998208,0.14813915210725156,-0.14958584307353515,0.19141689137805562,0.17298917957710364,0.18001645454617804,-0.1841578966610522
3083,0.14368432808022372,-0.19701059073996624,0.1493903894430335,-0.1502136929694592,0.1919591352046193,0.17423866967264762,0.18213567047851142,-0.18587813709084677
3084,0.1437401790729908,-0.19520897718430416,0.14868956511878276,-0.149185329491673,0.1908884891395035,0.17305872521122753,0.1811398244185952,-0.18481680520143204
3085,0.14449273214445116,-0.19551177482196622,0.14862696606125184,-0.14899903888401078,0.19156077576453268,0.17239040440395864,0.17984325009464242,-0.18472070405212193
3086,0.14240018551428665,-0.19453006680569362,0.14732656168257063,-0.14733314128641412,0.1905238247507389,0.17188958862037482,0.17983460970052695,-0.184092924092724
3087,0.14268045899381995,-0.1939331295657642,0.14648158402730618,-0.1468560647287288,0.18960203204607143,0.17137354010521372,0.17937694940005455,-0.1838715795302048
3088,0.143955473584685,-0.19539939354368868,0.1486209787527769,-0.15061603205260346,0.1898791278119111,0.17331099403031106,0.18093692915206236,-0.18521130383051043
3089,0.1418881425722946,-0.19424242006432782,0.14654663267910492,-0.1469916284623728,0.18977629912047944,0.17144480073667498,0.17946048132515424,-0.18330338834341742
3090,0.14306902972762167,-0.19492930766524025,0.14777738888626515,-0.1486321283421241,0.19028986717253418,0.17235198004860547,0.18067259937237748,-0.18479689180045206
3091,0.14187861408244193,-0.19409563821742304,0.1470512298492262,-0.1488556153482029,0.18907371505345846,0.17140623805850377,0.18003914315723854,-0.18358028476408442
3092,0.1417871658773631,-0.194670793267485,0.14732457578559538,-0.1486802756867791,0.19165561336865544,0.17216734897750616,0.18009661005554614,-0.184097328888861
3093,0.14324308515142284,-0.19255598699771115,0.1471853801363673,-0.14744546764800492,0.1882278805584648,0.1715411161762128,0.17870806968705585,-0.18332267723502338
3094,0.14392604696844594,-0.19460729727311127,0.14788221586566797,-0.1487041919261475,0.19031923199128384,0.17233605959764978,0.18070511080707072,-0.18444101029395157
3095,0.14351094067220255,-0.19580642588171596,0.1486505147454903,-0.14885180481940924,0.18980440861196538,0.17252469611622015,0.1801622106015411,-0.18424835000461479
3096,0.1439349885677493,-0.19628709846791415,0.14833944826231815,-0.14907504955709477,0.1921421487382889,0.1729016824371123,0.18112428133366476,-0.1850634560048897
3097,0.14181848392670032,-0.19519370933309357,0.1472956616089975,-0.1477893804986832,0.18961321593644023,0.17205376163961306,0.18049959379926453,-0.18417581515361017
3098,0.14220573046851895,-0.19430200983538348,0.14719427347754313,-0.14792696107071207,0.18947375303813926,0.17161912968096596,0.18000408717739252,-0.18398857413508446
3099,0.1426827243805177,-0.19462060567420345,0.1477190125487861,-0.1481527438258132,0.1901534171858134,0.17210489216001745,0.1800605793049801,-0.18448880156736738
3100,0.14315057551437746,-0.19590714742292165,0.14812214171736732,-0.1500182760648762,0.18939632295290462,0.17252111884097482,0.18062689807691698,-0.18481036818441107
3101,0.14472511681034692,-0.19696988575642674,0.14983825903228334,-0.15013022015414654,0.19175661434817057,0.1741878871747576,0.1817931137046919,-0.18645010519659094
3102,0.14309983732487852,-0.19484363656453255,0.1482822052197417,-0.14914767545655952,0.1914389907977013,0.17283110214390407,0.180992001477254,-0.18456644907898864
3103,0.1446525885677221,-0.19459152388907933,0.14913419712730538,-0.15117707734042712,0.18954103299726607,0.17374991382372384,0.18125220943171838,-0.1851360829049907
3104,0.14330014501643068,-0.19468422728754645,0.14843298580277065,-0.14960609836725697,0.1914005489641671,0.17302959289325345,0.1806882896427886,-0.1847324015321836
3105,0.14262698030802218,-0.1939094515162542,0.1467143630330699,-0.14765816950239047,0.18941944703221997,0.17160957623095052,0.17908738555041775,-0.1830996416627901
3106,0.14456185007509037,-0.19472510866099352,0.14850160942109378,-0.1489653191023363,0.18916349399198548,0.17252924805849434,0.181060322121423,-0.1843768934197489
3107,0.14224243219380683,-0.1952598649321452,0.1472216663220931,-0.1479952671574381,0.19147339363072274,0.17191241478668312,0.1800581558857397,-0.18421369634066184
3108,0.1434318714312963,-0.19494214376939648,0.14753843175554857,-0.14959425467223425,0.1913665459213298,0.1727639752744476,0.18068080381569881,-0.18542379761416458
3109,0.14155863651145853,-0.19629831581916182,0.1467158347596023,-0.1487245564581635,0.19097912035783715,0.1720028060311281,0.17996414884287965,-0.18431412942453762
3110,0.1444601451483701,-0.195200143568505,0.14869339403964396,-0.14936439064735346,0.19271910203342862,0.17343644758882762,0.18093602433415573,-0.18509519469538716
3111,0.1432909373123054,-0.1957964844109024,0.14801725227254067,-0.148837020403166,0.1916590937889369,0.17322952082095144,0.1811160124107463,-0.1846185186088457
3112,0.1428627588942909,-0.1960839315083863,0.14750338493271237,-0.14904180274997034,0.1901989725000792,0.17261099467954635,0.1808053907718389,-0.18457861114188365
3113,0.1429039207664459,-0.19567306120604486,0.14748422703138553,-0.1492611050613918,0.18937934122672034,0.17218035571978313,0.179908558744448,-0.18415406628161438
3114,0.14296329326175794,-0.19446654417099818,0.14734360825507575,-0.1484647090106899,0.19132617558561815,0.17244718660312222,0.1795879561979938,-0.1842503992078574
3115,0.1441919662648934,-0.19490971438074145,0.14866159042180987,-0.15003893689046932,0.18991339507733396,0.17295888382042582,0.18038130293012217,-0.18497213444806535
3116,0.14078957790901242,-0.193281847778862,0.14526688153238626,-0.14523837260883746,0.18855300796505473,0.1699567765176348,0.17836988800970974,-0.18227801300437554
3117,0.14257579164211487,-0.19554711208265602,0.14834541154176303,-0.14930529915791993,0.19009843154840772,0.17271208108812844,0.18065536801469245,-0.18503378150454336
3118,0.14424363499836543,-0.19635876554993528,0.14784593032825447,-0.14842787521402268,0.19157513999621906,0.17288916909968122,0.18091547208719763,-0.18512509623705703
3119,0.14215240389709977,-0.19628391862973954,0.1476289355921318,-0.14913970139958307,0.18923728017547295,0.17268521529356973,0.18033379126893317,-0.1845691497717213
3120,0.14398651499467108,-0.1969867271024541,0.14929411383290794,-0.14928573062014222,0.19152239048681766,0.17311347958267706,0.18126091509405076,-0.18544734646045322
3121,0.1416062212573233,-0.19537721356210525,0.14767267061836267,-0.1478861233259706,0.19136953693855568,0.172324364465319,0.18013553900751467,-0.18417912749122223
3122,0.14411192606036208,-0.19547913538711778,0.14860773317904885,-0.14990305728764108,0.19014434510553457,0.1730252187923841,0.1810284866406392,-0.18547428574062483
3123,0.14246446380677102,-0.1956708833411104,0.14843262900708332,-0.14868317897075448,0.18967106446448873,0.17268054753329348,0.18092799426220368,-0.18507299057509738
3124,0.14187602808714292,-0.19445604459544394,0.1465843229675238,-0.146211443270528,0.19053662804768917,0.17127643536932013,0.17937282640313723,-0.1831677418879924
3125,0.14271954906310066,-0.19536566087157356,0.1479082782357468,-0.1486371854843578,0.19151025459020873,0.1726550818624814,0.18089249792625756,-0.18495640272543418
3126,0.14391456926993357,-0.19390497582435576,0.14809354223754204,-0.1507497011966682,0.19171500327203306,0.1725978870149022,0.18055909258398767,-0.18427701699953764
3127,0.14286434728924674,-0.19401983313266316,0.14693292501042507,-0.1478732018087612,0.18990193970288202,0.17183019977225555,0.17913509357844834,-0.18366692661029768
3128,0.14369579108157274,-0.19414702092403596,0.14812904743209207,-0.147877884039447,0.1898791497591218,0.1723323954819601,0.18038671340330592,-0.18384165404488625
3129,0.14230351745523534,-0.19455894129547688,0.14767655101389182,-0.14825526081626633,0.19150528401854644,0.172212839182876,0.17996523753520152,-0.18407489841922575
3130,0.14334136990000765,-0.194906602398763,0.14804199206427618,-0.1493023492961017,0.19023169834362713,0.1735896329634902,0.18071787343115453,-0.18486148130063718
3131,0.14266578233186353,-0.19432443811429323,0.14727342202795102,-0.1480000826196085,0.19017749758352054,0.17154641950323077,0.17950651619493357,-0.18352581003188279
3132,0.14389302780123137,-0.19559070758382305,0.14888311021039136,-0.1498037270745157,0.19234714132201608,0.17359916875194606,0.18121263099926374,-0.1848899155440791
3133,0.14347788905769462,-0.19461912892172153,0.14927488290067187,-0.14899921039850353,0.19137676945191712,0.17252068805379275,0.1808845955383849,-0.18523367047435854
3134,0.1431934034936291,-0.19617945252166374,0.1490741708479268,-0.14963085780928695,0.19236926582382152,0.1735815238074035,0.1812147064822977,-0.1853719908472427
3135,0.14573144550667624,-0.195404486997761,0.14958254250620798,-0.1497727723317869,0.19093115718177617,0.17361071756553825,0.18146810689416126,-0.18539872263491586
3136,0.14344508760873878,-0.19548435685041726,0.14802449307513357,-0.1479530065367344,0.19054815766205163,0.1722846190448741,0.1805149790824611,-0.18402192648688678
3137,0.14253442083092166,-0.19567583053819765,0.1465131529634692,-0.14722995791733234,0.19052010093438612,0.1712102242026239,0.17948761072718675,-0.18339966108370806
3138,0.14376051899565337,-0.19581209170548572,0.1491982723765301,-0.1497159518274107,0.191906998046984,0.17366687023632082,0.18160304666594015,-0.18569844431117602
3139,0.14363137872367263,-0.19452099080527369,0.1472425961409548,-0.14820878861583056,0.19069274221405771,0.17231264980630245,0.18050851467404033,-0.18393046359004064
3140,0.14490056024384473,-0.19602504222587713,0.14865365561136212,-0.15059318137934696,0.19109253823947167,0.17333407270867246,0.18138423573669563,-0.18510060865178607
3141,0.14200170490296113,-0.19523362304313308,0.14728218190175682,-0.1469091149170028,0.19072917192895997,0.17149904695513396,0.18012332496723166,-0.18394474303112285
3142,0.14361688018869356,-0.1969720830500017,0.14879044567686311,-0.14893802009433846,0.1921054176606677,0.1736794146373622,0.1815696513284915,-0.18561494349327934
3143,0.14381242057961444,-0.1953306964289799,0.1483466620222472,-0.14797952218630187,0.19270490521972514,0.17268393425459655,0.18090240138202923,-0.18486603928343587
3144,0.1454305371225043,-0.19620321964459705,0.15057909837203368,-0.151713217552966,0.19204150826639343,0.17538292412545936,0.18315207767100447,-0.18662337560097278
3145,0.14354486817166004,-0.19523310415781894,0.14810465321210453,-0.1495701003732742,0.19182050303851092,0.17328957147029586,0.1812777465840855,-0.1851396035835941
3146,0.14475384036401523,-0.19484687583133556,0.14890564576702173,-0.1495885124116627,0.1902635479260999,0.1727384494378983,0.1809363911106399,-0.18438268880285075
3147,0.14275338435602056,-0.1949616657767619,0.14727892669449413,-0.14831517724349222,0.19082062656193965,0.17286401992402353,0.179889182804356,-0.18434921657961517
3148,0.14317554891857906,-0.19517337924774586,0.148914507879597,-0.15093688262579524,0.19158703250945194,0.1729205125162438,0.18051519405502958,-0.18500558846391915
3149,0.14444280561447234,-0.19574222886064072,0.1493330555921216,-0.15032827532276793,0.19047776413663342,0.1732902101595775,0.1808611053687126,-0.18526161808831368
3150,0.14221227896467753,-0.19516827939041628,0.1478369316393173,-0.14898956567862268,0.19108823289743013,0.1720108344707656,0.17980079897127685,-0.1842728410110528
3151,0.14405998328870073,-0.19643412192169613,0.14866337120298717,-0.14929256952320485,0.19274470000456617,0.17286254125060016,0.1818501918180534,-0.18514287363900764
3152,0.14310214191402226,-0.19511436596473028,0.14839914430400897,-0.14792892719910497,0.19088766354973338,0.17296051801006512,0.18064182006078214,-0.1845014021645753
3153,0.14361085925878475,-0.19536527536706627,0.1476307055934986,-0.14754798306801348,0.190472914643209,0.1723813530956539,0.1798475703480723,-0.1838588634357097
3154,0.14194083596724785,-0.194108608361969,0.14670413343335045,-0.14717753617888094,0.1905626141365558,0.17128427945207927,0.17926905545821045,-0.18359443688010268
3155,0.14444015851161918,-0.19534975408828467,0.14877412873126253,-0.14948141710779742,0.19128680972946904,0.17263286963321517,0.18081380836896793,-0.18469436671061415
3156,0.14483262816628573,-0.19448151271297473,0.14970546908478727,-0.1497969438253377,0.1913596317111137,0.17355303784529966,0.18134132083383223,-0.18473354545738535
3157,0.14296203914083844,-0.1945800087747574,0.14846452796103968,-0.14935027453654648,0.1903137911321558,0.17281987621627895,0.1801084227394668,-0.183950017103128
3158,0.1447728034307287,-0.19545246290912188,0.1478999729853447,-0.14947679141184975,0.18914747727368317,0.17230505212021233,0.18031632204023426,-0.18439494581034135
3159,0.14444664059462453,-0.1957853661469096,0.14847969261183994,-0.15040238046763837,0.1918825934228908,0.17297406024120518,0.1809056511268944,-0.18536256938250242
3160,0.14403440267323384,-0.19600448444052015,0.14792931072515456,-0.14863655180807966,0.1916895896604878,0.17289500669233532,0.1815822958449621,-0.1853216821968128
3161,0.1432175641764663,-0.19461969065378373,0.14816333933683343,-0.14796485382596516,0.18984761507444106,0.1723625756492739,0.1799092852218457,-0.18427748376164943
3162,0.1443390923400233,-0.19513503645713462,0.1489647459704941,-0.1503031852765716,0.19128834852736715,0.1731235709581538,0.1812574702515475,-0.18501061504891533
3163,0.1442658228951512,-0.19375367576606287,0.1479273040206558,-0.14839782861481138,0.19090939326691214,0.17229401420105644,0.17970037041817666,-0.1839566908123601
3164,0.14258137561464812,-0.19501161139438636,0.14682117957165855,-0.14751995090674236,0.1892286375292709,0.17156088945996223,0.17926702089882515,-0.18333931545061838
3165,0.1434815245906773,-0.19532905022131805,0.14852241630850077,-0.14951696131223344,0.1907523033275928,0.17273467811765636,0.181017964851734,-0.18534379386667535
3166,0.1436236620767848,-0.19702891512429418,0.1485692921105194,-0.14829529209194267,0.19289260121861546,0.17299990672009058,0.18191686983886396,-0.1850191240836038
3167,0.14215907846277237,-0.19483189337792434,0.1464088160056599,-0.1473285159841383,0.18883673892720282,0.1713964214724162,0.1786590750674622,-0.1832324028436867
3168,0.14192410159887156,-0.19546740031186743,0.1464055652151462,-0.14723815105844665,0.19009294776844315,0.17189954201606894,0.17960495646838537,-0.18382150543382292
3169,0.1433183961719803,-0.19560527593624635,0.1478686745208796,-0.14864968231144904,0.1910631264954918,0.17279537118590235,0.18089743142130496,-0.18462778840546706
3170,0.1462445580528514,-0.1968171790043217,0.15064740266784976,-0.15112920291938742,0.19195911450990572,0.17452477779785402,0.18205066951791676,-0.1857677679684654
3171,0.14210421251467656,-0.19398555770691323,0.14619215563633253,-0.1475715669853892,0.1894813954510193,0.1705384947133178,0.17892081332582258,-0.18297007941101265
3172,0.14192775846595368,-0.19589946327937316,0.1470295452880048,-0.14833660335716894,0.18948103791879523,0.1720968343957223,0.18021407412967153,-0.1841122518280625
3173,0.142448548416616,-0.19355532004344655,0.1465890784070072,-0.14633101945583402,0.18981854500962184,0.17055871081873267,0.17791512007709426,-0.18285700708662267
3174,0.1433611563905547,-0.19501725794226282,0.14746182383838952,-0.14871427979684204,0.1894630032450732,0.1719471804132973,0.17971493893682738,-0.1841629032067827
3175,0.1434194854313557,-0.19453027157944466,0.14730889180956816,-0.1494196787430946,0.19065727200073448,0.17240893230275753,0.18037075888473772,-0.1842857275810445
3176,0.14386814115837235,-0.19563566763540072,0.14819423469039852,-0.1491785525510858,0.19216680152064589,0.17295694322933083,0.1807860742789378,-0.18468716973057944
3177,0.14403645528103673,-0.19738368475922538,0.14833744265947607,-0.1499077956773707,0.1921389696634796,0.1738798185491486,0.18212566577789263,-0.18541481308938917
3178,0.14128766653461905,-0.19466896843464104,0.1473866953651787,-0.14767674783620535,0.18931920992117374,0.17159704629522998,0.1800118285705929,-0.18394965084349138
3179,0.14419241290421678,-0.19556515384131168,0.14797750822817524,-0.1499910066171753,0.19181202308732634,0.1726950482585707,0.18048865717515628,-0.18455060582890734
3180,0.14381530523546932,-0.19360426174582857,0.14817632732802616,-0.14868678733947985,0.19035747668764624,0.17213549237437858,0.179721827913405,-0.18396287287297863
3181,0.14262527808147202,-0.19429193619195975,0.14792684906063924,-0.14882557100722849,0.19041002222097544,0.1721486753633377,0.17978248932752827,-0.18415494513252934
3182,0.14345928724898024,-0.19376769093551222,0.14718358736325865,-0.1494125523646818,0.18980657847044813,0.17221097263018992,0.18010560051882377,-0.18369567384156132
3183,0.14263920945579348,-0.1965265278216947,0.14750780073992117,-0.14819567915398232,0.19022780183256258,0.17249457678192892,0.18020954328258612,-0.18424578124722793
3184,0.1442971073399439,-0.1953691204716314,0.1481561377669733,-0.14885990832899298,0.19081640480822473,0.17291398705918629,0.1807915486621289,-0.18480848347153503
3185,0.14438581790598456,-0.19426233661636996,0.1480164424369766,-0.14984399819770375,0.18901348467610216,0.17235775043893264,0.1802286128397171,-0.18470610662024778
3186,0.142899126467568,-0.1948739038112372,0.1486048128530777,-0.14954775543383914,0.1905248342884208,0.17275364119751319,0.180774572714815,-0.18480755433024323
3187,0.14411059005261295,-0.1954197308298917,0.14831343364094227,-0.15024967875129935,0.19086399744299626,0.17246707092223515,0.18078905257727348,-0.1843023619516672
3188,0.14421047949404373,-0.19613119178251417,0.14848906367776257,-0.14990376938420627,0.1913572014206519,0.17321488537406868,0.18100908813849403,-0.184356008732081
3189,0.144382457868493,-0.19467421910501773,0.148717295998438,-0.1491343553497746,0.19151798264793432,0.1729418493149868,0.17996793989319368,-0.18440858758078096
3190,0.14291164803909784,-0.19309965380913732,0.14711818103247032,-0.1481570980127762,0.19042378814569497,0.17165764937874656,0.17963676496364175,-0.183673772263588
3191,0.14305324551992984,-0.1944528235676269,0.14773049603243368,-0.14871012799796643,0.19133098990374867,0.172008047478822,0.17989383033659398,-0.18342507981655426
3192,0.14017074452519387,-0.1944573045769594,0.1457828231025568,-0.14603871535524507,0.1906343022561306,0.17102689454384468,0.1793895899728576,-0.1829908824390178
3193,0.1438105382911964,-0.19629719731255799,0.14835008307978254,-0.14865715234552032,0.19231810861795934,0.1730887047944407,0.18098965346438922,-0.18483686753559672
3194,0.14182648137241677,-0.19424896826924168,0.14662054627618318,-0.14655177841922945,0.1892201473855827,0.17055257776787877,0.17897012441831492,-0.1824637308175502
3195,0.14470490343284023,-0.19652256796387696,0.1493630779108517,-0.1506525240127771,0.19059607065469153,0.17353969932990201,0.18137135755806744,-0.18530150268263956
3196,0.14421863863983425,-0.19478897296364436,0.14852725421038,-0.1491619152639511,0.19017823948813162,0.17305464971403636,0.18051769675734294,-0.18486045224764489
3197,0.14435091122553995,-0.19500431224287687,0.14938348253759937,-0.14913715217458184,0.19109010332251136,0.17354360497138474,0.18109572793422907,-0.18509085203595269
3198,0.145642678580612,-0.19670053520127995,0.14968993417582693,-0.15143491410274598,0.18949043686225617,0.17433763509439412,0.18150333064195254,-0.18586254294744764
3199,0.14261391404764337,-0.19436678957735065,0.14758054867778686,-0.14901141800531478,0.1904660699252104,0.17185310196717474,0.17998434449468112,-0.184174151089739
3200,0.1444566601813863,-0.19504144153091446,0.14961261788531688,-0.1502227917011607,0.19123418084074506,0.17328474651552755,0.18154021290065633,-0.18513645473356635
3201,0.143878922864678,-0.19542208609900621,0.14788632604926233,-0.14879328287907095,0.19092423153297897,0.17241647177828107,0.18136049710211757,-0.1851241849300033
3202,0.14430699283989454,-0.19652018189885143,0.14823111397224212,-0.1494175593534525,0.19381239073892653,0.1735460529080268,0.18150965500770616,-0.18570508874293878
3203,0.14271205537850687,-0.19580956669232813,0.1472753018815768,-0.14785548864494769,0.19128255221450038,0.1720889223902746,0.18046592137926404,-0.1846084635197032
3204,0.14396112725467916,-0.19434629319276692,0.14844531603558514,-0.14966969162849914,0.18896813689110636,0.17317324639292755,0.18028039859794334,-0.18514974763092365
3205,0.1432858375285229,-0.19494512583837548,0.14740691345317855,-0.14836359087727327,0.1891661020389098,0.17239362582351198,0.17938171175715042,-0.18367929104583283
3206,0.14390174356110874,-0.19558807142497547,0.1492898784550025,-0.14994886314110753,0.19153001281750434,0.1735501170044663,0.181812318789934,-0.1854595803143032
3207,0.1432484906928793,-0.19534354059046127,0.14880201627618594,-0.14867768340398438,0.19130163359502647,0.17298406646686593,0.18079284414061575,-0.18454671794401797
3208,0.1430974626048465,-0.19538264850039827,0.14813778655045048,-0.15011213233998766,0.1910066236296545,0.1722807358769063,0.18061557553446367,-0.1846307458590062
3209,0.14301796018874202,-0.19516040201340357,0.14907097214980464,-0.15093412495567876,0.19023107274512424,0.17376599767635295,0.18160000849596294,-0.18562313645902626
3210,0.14377534653809299,-0.19466952200893722,0.14806973948941557,-0.1492533811442912,0.19080604435158716,0.17292366887031033,0.18037085274833872,-0.18466716836167776
3211,0.14336467866142613,-0.19509302913412516,0.14784687786446019,-0.14900229348776697,0.19017809065557767,0.17195976719596953,0.18034926383031494,-0.1841341968742107
3212,0.14182569399443223,-0.194012353275533,0.14646715634598947,-0.14744152764376176,0.1902101892641475,0.17110847921811725,0.17971610055744722,-0.18377225780109632
3213,0.14509209137036433,-0.19621111946089445,0.14932662124620566,-0.1500241237489969,0.19211447785733118,0.17441820450153908,0.18176348069773962,-0.18559464106949258
3214,0.14379326759940075,-0.19459844524092104,0.1485154953338893,-0.14901167688287525,0.18998291703145673,0.17242183508629816,0.18056419732736134,-0.18475186857283946
3215,0.14463870785614155,-0.19615450363892273,0.1499260321852876,-0.15051542921207064,0.19056068558521858,0.17429164564772864,0.1820525859569233,-0.18582825136873915
3216,0.1426927193661014,-0.19434939764914663,0.14632869025729625,-0.1470234637771125,0.1905941552699092,0.1708002922864825,0.17891729991292718,-0.18315222611019163
3217,0.14508287128058747,-0.19452802659572424,0.14936817111926928,-0.1492125638987907,0.1905562907087003,0.173307130649644,0.1808003303240634,-0.18455824974605853
3218,0.1423312954231233,-0.1945427308706985,0.14658957009040244,-0.14844261494558894,0.19182519170002002,0.17202650944326378,0.18004701993142908,-0.18377894580988383
3219,0.14241032997069558,-0.19560768965155165,0.14756829355798565,-0.1477681653642401,0.18945226099250492,0.17213852252546896,0.1801667312003403,-0.18367803303757538
3220,0.14461297352325655,-0.19561970787955957,0.14918189328877676,-0.14941906458492088,0.19096212579132335,0.17332182682795433,0.1802570300484744,-0.18456268145715748
3221,0.14298241493166347,-0.1963268535565818,0.14849127186830624,-0.1488610160028305,0.19094291101642344,0.17317881528126727,0.18097138875229649,-0.18453967141003338
3222,0.14263805916696895,-0.19564838551952018,0.14796020755886205,-0.14865383829723844,0.19245535002409014,0.17249398235847016,0.18072523336639668,-0.18407655870764628
3223,0.1431084941164523,-0.19717948413662184,0.14826580334800188,-0.14889654716992484,0.19126982468074097,0.1726542199517385,0.18096081772130518,-0.18501585303476115
3224,0.14200717470498997,-0.19451916917277995,0.14735126167720433,-0.14850345495728196,0.18970811356035,0.17121743971437559,0.17924292740462017,-0.18380024631326722
3225,0.14239623063330667,-0.1959086374536839,0.1478335962924414,-0.14919470617310654,0.19087584088903012,0.17251177182107852,0.1807765249212912,-0.18557454922990393
3226,0.14429442084911775,-0.194211479902459,0.14768385037828213,-0.14868242153956102,0.18919080613140563,0.17233595435202553,0.17952593553425097,-0.18413269176777977
3227,0.14496510910054583,-0.1965142049895996,0.14912128809569347,-0.15013977540199863,0.19267946142776649,0.17287714820628888,0.18145231124766684,-0.18520588489435874
3228,0.14256773864905944,-0.1953580726621602,0.1478363530486727,-0.1475903156566183,0.1910087148074475,0.17271194678109095,0.18073403417109396,-0.18530064151696587
3229,0.14304917548060792,-0.1945116530003547,0.14702290810125132,-0.14722354205561536,0.19041943122134247,0.17187596909388145,0.1795014971320293,-0.1834501464171291
3230,0.14332409821401607,-0.19612803795846387,0.14823222213180662,-0.14866002575215456,0.1916890415502496,0.1725937175986091,0.1803038100884432,-0.1840570277757733
3231,0.14363660108050036,-0.19587259105705265,0.1483626603214256,-0.14952880340804958,0.1912375246142036,0.17307856618888154,0.18071079160279116,-0.18499216080873823
3232,0.14374885193738762,-0.1946366080650235,0.14786351362921163,-0.14956227426351745,0.19086441108863184,0.17312912909512404,0.1807260908724036,-0.18477780397891033
3233,0.1433587144088283,-0.19574853635425285,0.14815917880872018,-0.14944566449573518,0.18894693625809686,0.17304091294082605,0.18112344171160702,-0.18539434424401638
3234,0.1429382020397918,-0.19427400857155624,0.14764498502996615,-0.14898586296893257,0.19093749396755452,0.17203131688028542,0.18007790246997407,-0.18446881120153816
3235,0.14408091753026786,-0.19544799947072927,0.14768974071065533,-0.14784403482858113,0.19118153591384357,0.17233397134998538,0.17998694039811394,-0.18406748708516585
3236,0.14478027648579528,-0.19561336892450681,0.14851959921027208,-0.1491303575377171,0.19022205260554162,0.17294832377433306,0.18055341799502558,-0.1847286130751613
3237,0.14363877951165033,-0.19653322120330416,0.14888860842387056,-0.14937066923272538,0.19151627216813302,0.17330897418985494,0.18091684723121002,-0.1851363140905866
3238,0.14418576473727118,-0.1944735428241807,0.14848190255807087,-0.14988886969908558,0.18860361813805104,0.17288527960261524,0.1809693926931867,-0.1848360612311169
3239,0.1437449812153219,-0.19514748456539155,0.14777198382807472,-0.14861685112749579,0.19007241878423942,0.17186170049689253,0.18012611585135563,-0.18404165267596084
3240,0.14160048039722775,-0.19425253331740874,0.14654356208196553,-0.14769176651830798,0.19174184046574133,0.17172253529623382,0.17940990371924156,-0.18384468135747137
3241,0.1454049898941844,-0.19529963308786633,0.14913138041711801,-0.15065705092291254,0.19130264515750134,0.17386192713489138,0.18155468514825077,-0.18535840269757814
3242,0.14393377237963997,-0.19481022151511102,0.14837400266239623,-0.14883917990370626,0.19136393181647993,0.17363560767772604,0.18064794946288354,-0.18471299305822644
3243,0.14412047265561925,-0.19511838761756858,0.14840533435847708,-0.14979959362409107,0.18920832896359824,0.17311452507911773,0.1804468441944419,-0.18446744245339894
3244,0.14152110981926458,-0.19507796974045802,0.1465848422946427,-0.14733515393417632,0.19050353086617505,0.1717380144488958,0.17982024859297518,-0.18358654039944913
3245,0.1423587103866038,-0.1969890441583848,0.14918273615632657,-0.14885366405374376,0.1912478565391348,0.17321355926967208,0.18146742772867452,-0.1853983806810399
3246,0.14417935382142583,-0.1948220245875541,0.14877230011289638,-0.15016974532188582,0.1902928643659975,0.17325874012337594,0.18103253995629193,-0.18477799025395078
3247,0.14360997657923963,-0.19444778242855074,0.14858689753586107,-0.14935901155670264,0.19043790780919612,0.17307405737917453,0.18118376304578254,-0.1845767418057774
3248,0.14368723133805872,-0.19520440571828113,0.14927799017837776,-0.15040509520598597,0.19020680397818962,0.1733346035027817,0.1809241403077825,-0.18544432622898563
3249,0.14412533362798086,-0.1948681414584606,0.14880786598099588,-0.14928321670700265,0.19206419195690394,0.172317124743312,0.18037119690657305,-0.18468999135733963
3250,0.14386180532006201,-0.19564121277069238,0.14806733080758722,-0.14856600542515586,0.190997532549722,0.17231846438811035,0.17991831104663655,-0.1848164766979557
3251,0.14464512414013236,-0.19544723341138912,0.14913812493589865,-0.1508591083154473,0.19207510521102533,0.17312112483871608,0.18172717654486728,-0.1849427903844875
3252,0.14426555373541058,-0.19738073959351657,0.1483623714761724,-0.1490767620298155,0.19246237742763408,0.1737214949242983,0.1815324441522282,-0.18565435435943095
3253,0.1434513770466977,-0.19491188442192084,0.14783693939832818,-0.14814455503448462,0.1898953491440909,0.1722016103786371,0.17909430972345006,-0.18378819611179187
3254,0.14174791794062655,-0.1945948569713372,0.14722425901669842,-0.14812534077495443,0.19147211396597508,0.17190877781205496,0.17951568757581898,-0.18307543726686099
3255,0.14427279794892345,-0.1947778774663721,0.1485522019317896,-0.14876542573496657,0.1924281095769472,0.17279828872819383,0.18095689877519347,-0.18513902473688948
3256,0.1446393138034639,-0.19504841481604537,0.14871363197322215,-0.15021558667065046,0.19084990182220696,0.17251863643176904,0.18061638676660247,-0.1849903267249723
3257,0.14208294253414658,-0.19424276208223532,0.1463967802866116,-0.1472902716449048,0.19040832603872757,0.17065223684155978,0.17889842113663393,-0.18350042864310248
3258,0.14304430838382923,-0.19396192257383393,0.14763783457983742,-0.14785756900837163,0.18880385531970917,0.1718493481100532,0.17913921718687872,-0.18351774299185672
3259,0.14396199637202112,-0.19547123522274049,0.14878841510384086,-0.1502180580279867,0.18966066848417978,0.1722986017837004,0.1810194507352737,-0.18515743072357546
3260,0.14133874347677894,-0.1942573741810282,0.14638360155085978,-0.14726232820620383,0.19051116265309767,0.1711569860891095,0.179654279630845,-0.18354924247692603
3261,0.14450827947486627,-0.19455484897879757,0.14831223438129537,-0.15004582305938854,0.19182699792798932,0.17263151289127704,0.18053263399473873,-0.18353798510950822
3262,0.14297380872220117,-0.19539479130137227,0.14777896239856464,-0.14806477150055997,0.19222221942951703,0.17203246110549292,0.18006649605135677,-0.18448587045247788
3263,0.14281901208495182,-0.19521385992321294,0.14753644348553863,-0.1485500696405267,0.1900345600634382,0.1722431243086625,0.18016051050470397,-0.18409855234164854
3264,0.14081739484264458,-0.19353063353074199,0.14694893192127978,-0.14831211142098252,0.1911989970171783,0.17129078108603715,0.1802045398082936,-0.18322562901554218
3265,0.1428891451408957,-0.19630205173123824,0.1482069604883109,-0.14966331110467962,0.1902021249079429,0.1728450095193993,0.18050797589561282,-0.18466154295647136
3266,0.1444435955989201,-0.19645934076338056,0.14899767751901533,-0.14945263176949214,0.19127368841534476,0.1723705687506431,0.1802742811033719,-0.18448746789497683
3267,0.14278637123334972,-0.19566401489252191,0.14858830255335403,-0.15020094382063703,0.19074200586199963,0.17259335587397606,0.18048046944474272,-0.18421422849606
3268,0.1436615569463646,-0.1944786606076475,0.14846071709233827,-0.14941285896038292,0.18902237251828588,0.17254389839321868,0.18040356893846157,-0.18462621474333565
3269,0.1426587517530234,-0.1956770566792055,0.14744292202239956,-0.1487211070961495,0.19188935606395147,0.17323866864196028,0.18037769757559627,-0.18501848251961775
3270,0.14213825724800785,-0.1947167994458256,0.14680692382977506,-0.1474356252957671,0.19021764464775026,0.17167104974570072,0.17949551142906933,-0.1836730258025422
3271,0.1418221717941792,-0.19361769077745522,0.14617025438869988,-0.1473331007111752,0.18842363895885422,0.17068029493918555,0.17900833783116812,-0.18346036489203027
3272,0.14309151420720556,-0.1949047490672738,0.14834325990515476,-0.1487727036341146,0.19103288484489658,0.17256265164858903,0.18070539806167235,-0.18434556659678386
3273,0.14290123745724603,-0.19430992239571615,0.1469866760431354,-0.14854771810285375,0.19174550922108644,0.17186328890069316,0.17966070041871235,-0.1834405498101344
3274,0.14370119681954938,-0.19506361120484692,0.148702405226976,-0.1492191812420121,0.19123860058032344,0.17342992762931245,0.18095403290949286,-0.1846661558943707
3275,0.14400765682389863,-0.19605270376275966,0.1479132169799009,-0.1493694754490116,0.1909516120631227,0.17261679588376902,0.18018060880403952,-0.1842737545304642
3276,0.1450956152032431,-0.19611923879938523,0.14917428211628478,-0.14984452283204705,0.19116548044666437,0.17391565850497506,0.18166810692394447,-0.1854292791895376
3277,0.142007665206496,-0.19375671471098818,0.14758028771357315,-0.14739604596779426,0.18977446963603323,0.17211217820257485,0.18057179601417994,-0.18421011003510307
3278,0.14372693709339632,-0.19484598038811396,0.14709615832896064,-0.14775103822705463,0.18974681339791727,0.17199441682376485,0.17988248943766227,-0.18439717953480309
3279,0.1439758668898546,-0.19330890091145359,0.14744304532911945,-0.1485361813847992,0.19168000410175864,0.17212834958868548,0.1798436615513965,-0.18378188364231268
3280,0.1432731525023406,-0.19585140321059658,0.1480604961886207,-0.14803219756677025,0.18815279064197538,0.1723816915065366,0.1801238015054034,-0.18478407692500984
3281,0.1436115259078027,-0.1942723804077148,0.14741589087652324,-0.1481096992697022,0.188492478399163,0.17204953150591526,0.17976946503317895,-0.18372958464699155
3282,0.1421693434185276,-0.19613665332475844,0.14696637663531908,-0.14812764501462178,0.1922884576844713,0.17222506545180327,0.18003698705989366,-0.18470120564403378
3283,0.1441672140516922,-0.19594100615706378,0.14881096400861155,-0.15081399997578465,0.1920897539675476,0.17389307535913895,0.1810771594187178,-0.18535791624514608
3284,0.14417421615157608,-0.19381980224341488,0.14850903325859705,-0.14962102883113804,0.1921090889358901,0.17258216035223042,0.18052809126509978,-0.1842147046038066
3285,0.1441283975616687,-0.19518504022642658,0.1486923163817349,-0.15001197290827764,0.19099366284345934,0.1731429394731607,0.18070674098187595,-0.18532237870493432
3286,0.14306118256959,-0.19627595616092525,0.1473552269306256,-0.14938676247861338,0.19205289063656555,0.1728349424430636,0.18103196493093907,-0.18498141721147385
3287,0.14344968208476425,-0.19484340225581356,0.1477163906866203,-0.14750901162871297,0.19019802072404937,0.17241654119144537,0.18050328064532845,-0.18395983234479052
3288,0.14397468216858783,-0.19740367392315006,0.1490173388816155,-0.1491158491903792,0.1919748073276193,0.1739697598232858,0.18152568125132354,-0.1854637901969241
3289,0.14396188450102643,-0.19413175417249912,0.14863633774774113,-0.1501220474415635,0.1900373427079356,0.17255756514602075,0.17993137485121907,-0.18423866523794166
3290,0.14214520389065094,-0.19564989544986872,0.14842714585445507,-0.14844572327517164,0.19152039754077,0.17279173401163597,0.18076994610261576,-0.18523032524852648
3291,0.1442563402759816,-0.19548850947788418,0.14866224701956765,-0.149585846872622,0.19149026408952283,0.1734345195721611,0.18188879973720284,-0.18500435455272934
3292,0.1436852399889069,-0.1938129527744106,0.1469800524623035,-0.1481092952696504,0.19130950431247268,0.17110033751291734,0.17973736757968817,-0.18343740785976756
3293,0.14276848828394018,-0.19539157253101175,0.14808109341833828,-0.14873341335454016,0.18976407731521114,0.17285022609529677,0.18039755826866039,-0.18485394777757713
3294,0.1446313002432713,-0.1946164015534237,0.1480441276413503,-0.14888676786001104,0.1902806954958169,0.17263707932229902,0.1802870113820726,-0.18474375992133477
3295,0.14361333772519988,-0.1953529763707553,0.14794462174644352,-0.14984472925436856,0.19142905433640842,0.17330948424952122,0.18069262218342233,-0.18510887196359016
3296,0.14428609247619195,-0.1963754214124215,0.14788855064086873,-0.14902669987398748,0.19133546877713412,0.17295988744903967,0.18117362545893886,-0.18501218195604244
3297,0.1438671752056726,-0.19484287303626652,0.1484509897385997,-0.14863994356714547,0.19034833650204977,0.17234038233852364,0.18010999374091938,-0.1847335345162488
3298,0.1424616460763057,-0.19505832560808264,0.1477608831064829,-0.14783348559191897,0.18978222434899425,0.1720393053667926,0.1804043220909562,-0.18446466315217439
3299,0.14421501188056257,-0.19586137053607058,0.1488306067044409,-0.14955320709132086,0.1919171850105936,0.1732806694606978,0.18085031344788113,-0.18511151749703492
3300,0.1423613843332996,-0.19583879506424268,0.14723341434144607,-0.14800699027415484,0.19262321541460437,0.17258816718279274,0.17967261351914124,-0.1836768292948444
3301,0.1436443769917044,-0.19460962524587874,0.1478971583799496,-0.14942638268704903,0.1902546765663331,0.17210176826586976,0.1797666835092173,-0.18442844496727578
3302,0.1432122341265092,-0.19535302550203656,0.1479241042424225,-0.1485727944000498,0.19157779409754788,0.17212232884426154,0.18007238528019803,-0.1842699337643279
3303,0.14341494212531106,-0.19494992181054807,0.14846620533504576,-0.14917102378397487,0.18944724358866574,0.17266061950376568,0.1810485313269969,-0.1845573166984175
3304,0.1440371446113271,-0.19485309351020433,0.1485893879969129,-0.14944950647575123,0.1910325192851137,0.17321962357560228,0.18110286087911032,-0.18502963304424602
3305,0.1416028516771601,-0.19472752743893892,0.14772157175453252,-0.14810758919799394,0.18886803054098086,0.17189971634684648,0.1799529679983291,-0.18326105755080485
3306,0.1425701998648733,-0.19441887194031585,0.14756810431194423,-0.14858790020533622,0.18994684153364266,0.1720330345719719,0.17954332454332803,-0.183521960065702
3307,0.14514308037591855,-0.19562561949119606,0.14957376339605,-0.15103561320454537,0.19111727093573655,0.17395727647338827,0.18194034534056772,-0.18555470768086188
3308,0.14251026470085268,-0.19597355428796642,0.14778123612630475,-0.14833743616923142,0.18954932078333764,0.17267874646741072,0.1804893347740205,-0.18443382128420588
3309,0.14299410363667772,-0.19488969042109167,0.1478668421759462,-0.14872737163181907,0.1917599891585407,0.17234179275358522,0.18074849574469465,-0.18488814676138113
3310,0.14371459139363535,-0.19649597841843489,0.14952768128188434,-0.1498430029801061,0.19123701965665738,0.17369968859845963,0.1816953901541002,-0.18552398307026483
3311,0.14305169860378794,-0.19396270257225579,0.14855530010729118,-0.14830608186035923,0.19015597744516013,0.17278488835556383,0.18014943522867144,-0.18446160803156977
3312,0.14392137029644475,-0.19612563884991294,0.14826450629844046,-0.14898798620197612,0.19159139114973509,0.17324451780544955,0.18070899420820996,-0.18493079709851254
3313,0.14501241373972276,-0.1964472712858376,0.14871442676297342,-0.14905160048274732,0.1896692229388892,0.1733730411742631,0.18126282681457279,-0.184802469572017
3314,0.14395471691648984,-0.1952771350445773,0.14818300656974487,-0.14939838500109098,0.1927445057883452,0.173091642358927,0.1808981638931296,-0.18486467113757657
3315,0.1438605057959108,-0.19503418710631118,0.14823465886193518,-0.14984962887472647,0.19017380382178828,0.17275548806410942,0.18000765455893378,-0.18447210077617318
3316,0.1452728123860851,-0.19621912545285708,0.15019078037738054,-0.15200431812668905,0.19146570451903724,0.17363326695101805,0.1820042525834299,-0.185785897999989
3317,0.14348171380519772,-0.1960274131378399,0.14772487357057376,-0.1480152785737504,0.19019642144455795,0.17289768469865982,0.1810090839929351,-0.18485261863239977
3318,0.14306266794210132,-0.1943911366228102,0.14613945977302362,-0.14677973483947762,0.18915238080358288,0.1710319703993687,0.1789145346353844,-0.18246796792375214
3319,0.14196214090731857,-0.19467342258347772,0.1468966743631963,-0.14818853187768954,0.1892217119344534,0.17185462114770883,0.17908363749926132,-0.1836574498199354
3320,0.14267433236363658,-0.19729588444890134,0.14932677232959998,-0.149173975870698,0.19064586928756436,0.17418685295125327,0.18205334354804426,-0.1854785663945579
3321,0.1437203511380203,-0.19518438935470495,0.1480633482901728,-0.14966471209337123,0.19094262157932826,0.1726005710199586,0.1800212030346126,-0.18462648550426453
3322,0.14309615310568363,-0.19485141265211955,0.14805159762513095,-0.1480454917179044,0.19159871371532375,0.1724826767310505,0.18067567294983072,-0.1846482581291706
3323,0.14319526344907907,-0.19548291267886672,0.1482761718866851,-0.14924763527212784,0.1906180716273927,0.17324586517987145,0.18065471464061258,-0.18500370567594857
3324,0.1438682319012313,-0.19622321015555153,0.14742312916352157,-0.14814215978389247,0.1912278522223264,0.17249731713417216,0.17982522431066403,-0.1836292898955358
3325,0.144129139976679,-0.19525836629906704,0.148347074893761,-0.14962568180318458,0.191922626542401,0.17308734042823354,0.18092445307580576,-0.18531901627926428
3326,0.14288359234320616,-0.19531778864860638,0.1485777158877151,-0.14898305529333875,0.1910790943985769,0.17329191001696032,0.18093415654651485,-0.18420798526814788
3327,0.1423239347427646,-0.1951470774223362,0.1473330817864617,-0.14858974752105755,0.1912330646582359,0.1722020978489622,0.18026480064579978,-0.18369760041172384
3328,0.1431425157423552,-0.19558723294735889,0.1493901075436813,-0.14917917273985695,0.1909320642658552,0.17298150694884756,0.18067794596187872,-0.1847278732759504
3329,0.14349054479310297,-0.19539696618040367,0.1479060232932449,-0.14838826563331997,0.19138436667040765,0.17236193077236436,0.17988452136277722,-0.18464062275898882
3330,0.14311268240664315,-0.19525542403878784,0.14775678864593247,-0.14914050105307422,0.18958566242094044,0.1723535327212275,0.1801325399963045,-0.1844150511288102
3331,0.14230481245674395,-0.19490752643952086,0.14721206007505125,-0.14791920534561362,0.18952514701205492,0.1714626250669823,0.1799129455930927,-0.1835790841521137
3332,0.14307674569635567,-0.19538132664383073,0.14787922766460737,-0.14884336381975574,0.19043106694904394,0.17232202007883715,0.1799212639343353,-0.18436013611914995
3333,0.1444657829624766,-0.19687212156131567,0.1496485745246034,-0.15072593200363643,0.1913761308013661,0.17414152235315808,0.18064264086973153,-0.185615930721406
3334,0.14425621211734116,-0.19478069988721455,0.1476379692589142,-0.1493943260449712,0.19126296756805297,0.1715992115435057,0.17964900167219952,-0.1834823020861575
3335,0.14333339098216638,-0.19358683421958042,0.1475630784256942,-0.14867466910746827,0.18907145782493787,0.17184972733062395,0.17948708082873088,-0.18354800793906442
3336,0.1434113179170308,-0.1949405255456653,0.1478783177553044,-0.14917646935245152,0.19064297458448978,0.17310348740526557,0.1796381726837471,-0.18442960621852456
3337,0.14262554285887769,-0.19530449979630463,0.1476042416317783,-0.14780015974893035,0.18965458620806952,0.17178953427926538,0.17971842692097212,-0.1839398016644172
3338,0.14200630320487395,-0.19468179981898281,0.1468575617524235,-0.14725613786650738,0.19048989674062,0.171509506266918,0.17877232316486724,-0.18338673108964446
3339,0.14299497247270176,-0.19466080090242815,0.1479322087395513,-0.14896957326264237,0.19027642247903487,0.17302960292923755,0.18081177537462526,-0.1846378617503589
3340,0.14206716950808299,-0.19537893736262726,0.14742988004597116,-0.14720240327641396,0.19045156042582342,0.17134765127350046,0.18029356454779413,-0.1840999404499871
3341,0.14358329586892013,-0.1948937618757258,0.14845908351816225,-0.14890584086310998,0.19007991608313843,0.17216555661878336,0.1802882542133232,-0.18401904738569558
3342,0.14398006190646034,-0.19416945493685533,0.1488071070436134,-0.14965842794027567,0.19047653259425276,0.1733051537315836,0.18052761427029237,-0.1845545117938374
3343,0.1443679651948439,-0.19508133025383884,0.14882034553885726,-0.14929849294656175,0.19189163015381333,0.17251539957262452,0.18051824375700357,-0.18475566975482344
3344,0.14197516455340967,-0.19516089556496807,0.14823514009457928,-0.14983002936867387,0.18856464026502992,0.1723971053100678,0.18051648682040689,-0.18478048542143288
3345,0.14382761442181347,-0.19404630620205898,0.1476619872060114,-0.14864544835301222,0.19065099621382578,0.17190576426761828,0.1799846937200132,-0.18429098533315397
3346,0.14344079622063116,-0.19552403710678642,0.14741574652359404,-0.1486293393621137,0.19255232514155204,0.1721231206184599,0.18057835623291338,-0.18453445117121092
3347,0.14266519119390672,-0.19498041251334783,0.14755077776989584,-0.14854183148003441,0.19016740632828044,0.17248778629673742,0.1799406282321312,-0.18414322704466987
3348,0.14330683383338505,-0.1953849064966155,0.1485343724463706,-0.14902540887538862,0.19160824125455023,0.17280797340567336,0.18050035028210754,-0.18485908628969075
3349,0.1442504431566458,-0.1957534685510907,0.1496493868568894,-0.15050993656722775,0.19061676928219112,0.1733363983530206,0.1808383099052831,-0.18536735259150372
3350,0.14359806068833114,-0.195991285085384,0.1484771162739469,-0.14930190870901952,0.19154258852723874,0.17261130541613484,0.18071137458908967,-0.18449009968366956
3351,0.1452908598035928,-0.19562610052151996,0.1486090376455993,-0.1502589453027844,0.19101735923236168,0.1728958622908055,0.1813114493773164,-0.1850933738615626
3352,0.1420031112045918,-0.19422933048678817,0.1466844268514809,-0.14793694048148764,0.19176819049621988,0.1722090356582611,0.1798717387772768,-0.18388515724510548
3353,0.1436331195358351,-0.1942139328163878,0.14765680382664267,-0.14878596396987667,0.19067885078835237,0.17196831172378738,0.17938966672444415,-0.1838251826338576
3354,0.14397610971320723,-0.195133409192432,0.14792099437664333,-0.1490773935732916,0.19273482712011158,0.17240664423637259,0.18020382091970982,-0.1844746631414924
3355,0.14382084760266597,-0.19438424401072285,0.14749277669269376,-0.14760519016195356,0.19049576838361518,0.17159949666471594,0.18043297723410423,-0.1837282669404801
3356,0.14224099688585723,-0.19474607063797403,0.1470833852105194,-0.14770856570650148,0.19000683656302209,0.17182289887191074,0.17957596196844444,-0.18397908017173276
3357,0.1432445212109297,-0.1945687296858918,0.147071704430925,-0.14758447620117837,0.19003536496252685,0.1716124301225853,0.17967457942229098,-0.1842106105908383
3358,0.14298569917823417,-0.19441987151283527,0.1473231968614284,-0.1493867435692653,0.19088096843725408,0.17212708615786043,0.1803882093603718,-0.18428054950091072
3359,0.1427170552868342,-0.19524824652971112,0.1481230093765391,-0.1487453984948105,0.18861159995694585,0.17252077794259688,0.17992814539382826,-0.18389677336036525
3360,0.14367248777766997,-0.19630543815170903,0.14772152918540526,-0.1480716479256221,0.19110115267815217,0.17224710189562806,0.18006428525026458,-0.18472774465305014
3361,0.14387395369417003,-0.19449709124646045,0.147372054547085,-0.14825305919604503,0.1896615554925571,0.17241253428458447,0.1801221478184603,-0.18403428324817592
3362,0.14340482861143172,-0.19557234484854527,0.14818625665749013,-0.14909688909848443,0.19067158934671438,0.17299019564446763,0.18074803967180703,-0.1853038653304575
3363,0.14395993651962513,-0.19524636899941825,0.14880702776202873,-0.14910485025920187,0.19059913966091147,0.1727893174228559,0.1809807925717451,-0.18456382180907052
3364,0.14334578671338294,-0.19522117468998285,0.1482440833588232,-0.14831360220090428,0.192262089917963,0.17265636819955185,0.180652703692301,-0.18504476742330234
3365,0.1435517215434462,-0.19603053611871074,0.1494439722371331,-0.1503009648467599,0.1915842430949924,0.17358049810781817,0.18152075921362198,-0.18540388763199236
3366,0.14426029088282458,-0.19541051715542224,0.1487070432406498,-0.14933071728122987,0.19085355936184842,0.17335218382922996,0.18135298246902873,-0.18508580206339667
3367,0.14406362500342257,-0.1961685970678949,0.1485619716368751,-0.14981611296444877,0.19219400167236894,0.17441125930332135,0.18150872210751404,-0.18546273421305262
3368,0.143700097611313,-0.19424560474513528,0.14740823260721334,-0.1474805706624231,0.19051896437284702,0.17149960549778145,0.1799664616804476,-0.18431681627093371
3369,0.1443641686986315,-0.19539020977973096,0.14874947154868787,-0.15065412476114057,0.19226905566492528,0.17330382740445946,0.18068868542971697,-0.18486218981816285
3370,0.14330071243206086,-0.19525146921393538,0.148108176035166,-0.1487783063494832,0.18967115877080573,0.17288959411506583,0.1810315445183108,-0.18470031381097682
3371,0.14354543830609628,-0.19488169448659426,0.14767526811150272,-0.14778556201123022,0.18896780768909335,0.17230432807469118,0.18035561888948554,-0.18463570500320425
3372,0.14548703899208595,-0.19555163222992764,0.14937132858541474,-0.15039027191557774,0.19168060453770086,0.17399736182992132,0.1814142965563051,-0.1853807609304285
3373,0.14433194088483314,-0.19455972245479494,0.14843376188317722,-0.14923412410668563,0.1922596136988818,0.17300920920566615,0.18186240712124122,-0.18474810960936033
3374,0.14372602282658437,-0.19446386239859528,0.14901261290927506,-0.15022996109062525,0.19014874290352124,0.17292836743042017,0.1809235679828073,-0.1848736026669542
3375,0.14429971719803486,-0.19504929297549758,0.14822398746239712,-0.1486163983343266,0.19058801108930035,0.1726007683164713,0.18017810279649252,-0.1845848669132289
3376,0.14347980987996864,-0.19462359390001432,0.14736017256078543,-0.148418340817765,0.19170359947499527,0.17233544097339967,0.18007383183138145,-0.18451387021861654
3377,0.14215338976415226,-0.19494551347360123,0.14777135714351605,-0.14720444203646108,0.19105726808575235,0.17199511421058908,0.18046810525031534,-0.18409587964111235
3378,0.14355505427714932,-0.19426048079630548,0.14724093911790473,-0.1481583438282697,0.1896648352464365,0.1717423696130062,0.17944666327793482,-0.1831702226987287
3379,0.144624716962636,-0.1961826851539431,0.1491896501561223,-0.14968733307506307,0.1927162597703481,0.17423735782489114,0.18170403917834743,-0.18613974866149588
3380,0.1430380282468057,-0.19521298864278444,0.14794073582469258,-0.14987249918685566,0.1904526707764197,0.1720831199252185,0.18019883519470106,-0.18418518824852326
3381,0.1420642614901151,-0.19590002489174546,0.1469236833920986,-0.1481180899870283,0.1888130889856753,0.1716640593500768,0.18014079212489564,-0.1842361115946815
3382,0.14468921611376467,-0.1970734675057403,0.14860018309415,-0.14937038917361253,0.19176236887001286,0.17330470767452963,0.1814931610431823,-0.1851832197137156
3383,0.1449906254050015,-0.1962161470749483,0.14857358044460106,-0.15045255987557718,0.19090708699148143,0.1733801663946248,0.18196011493701802,-0.18611822652122145
3384,0.1437977914520121,-0.1944017229707195,0.14784688399615056,-0.14932940871572079,0.19079207560942676,0.17262183992418906,0.18030603294731304,-0.1842783650216567
3385,0.14427256791328216,-0.19563868643392773,0.1487997035122244,-0.14963572175304882,0.18989569969057293,0.17235487139605285,0.18033477025625397,-0.18425264481421857
3386,0.14419118047412954,-0.19614683313846976,0.14921456282036843,-0.14876050099144966,0.19019020758574595,0.17373383957115496,0.18163657863192148,-0.18538960748316705
3387,0.145164951254986,-0.19635662165785156,0.14893373114561503,-0.14979371267046354,0.1926444987859545,0.17400857119137697,0.18157090307309634,-0.1855112045412548
3388,0.14342872785338642,-0.19485964555964683,0.14896286752863933,-0.14859549816972253,0.19141211847481032,0.17280900042802386,0.18029696120515093,-0.18499782520508823
3389,0.14422564527503848,-0.19387029765643032,0.14856034706468593,-0.1487206235989698,0.19268759322602483,0.17243953999779957,0.18065923079484766,-0.18490138249091065
3390,0.14373883926777226,-0.19457418458144282,0.14825070782755265,-0.14980633648288677,0.18920666214483423,0.17276060300464233,0.18050088741900416,-0.18394401230920815
3391,0.14443882401385785,-0.1957601114511707,0.14903178828104538,-0.14944881296839752,0.19095196056891905,0.17375954773310542,0.1817477433956945,-0.18514413285548495
3392,0.14415408691615908,-0.19567403632508007,0.14906321604457698,-0.15160730265990283,0.19025384169160295,0.17339447024315252,0.18134516561555028,-0.1852380688211688
3393,0.14165065715004999,-0.1947101203088093,0.1469827146708764,-0.14735710408079786,0.18747105460943495,0.17182263102838663,0.17951899976648403,-0.18372736651973248
3394,0.14188525285940226,-0.1943100810092097,0.14572354491115985,-0.14523363536313702,0.19042134841012373,0.17107124297337595,0.1787731295568822,-0.18331214208752597
3395,0.14363872786179227,-0.19538766999084373,0.14879945888944632,-0.14954237002124277,0.1903469314754774,0.1728925971514057,0.18107955857429747,-0.18464635722982198
3396,0.14471215305443935,-0.19382348681060205,0.14882378768471066,-0.1497440846608678,0.19103604409697242,0.1730770382985534,0.1801884189015935,-0.18400731075549626
3397,0.1435231729224496,-0.19557429500884552,0.1480102839159705,-0.14905344962341727,0.1903627553196906,0.1727129553697836,0.18039817277519998,-0.18445790167134637
3398,0.14323905632219036,-0.19434871613653454,0.14851521393000347,-0.14956702241826028,0.1912710791892755,0.172799601498111,0.18086826511139711,-0.18423686469332148
3399,0.14505904564450722,-0.1968329075856652,0.1490285251212332,-0.15003248734886943,0.1905643511155561,0.17354318659682322,0.18189120138600876,-0.18526083113513014
3400,0.1434278500366044,-0.1959390244817191,0.1479025022418855,-0.14853183181401472,0.19041640210373925,0.17247802875132612,0.18064693609298998,-0.18428036231750083
3401,0.14216570397852435,-0.1945224703604985,0.14745058428061023,-0.1478674410839631,0.19050418507817177,0.1718185817965064,0.18014298291525813,-0.18411343788637563
3402,0.143540385823726,-0.1941188961622244,0.14775813151386213,-0.14831653344030932,0.19095623625224883,0.17196829172786418,0.17949645395498526,-0.18395356796248674
3403,0.14470100234715164,-0.1948088980717145,0.14797060434789297,-0.1484859663706557,0.18922947682131655,0.17299619192586255,0.18116378295537142,-0.18469581559832857
3404,0.14368402080850354,-0.1961199166003036,0.14850020989022208,-0.14965572158102142,0.1898959052002979,0.17291348415571395,0.18094526709642078,-0.18503137811844816
3405,0.14380916482775835,-0.19597826138874364,0.14894813120572734,-0.14936657156034922,0.1920662920140987,0.17314265767633855,0.18077068970447088,-0.18478802834184863
3406,0.14198544411381328,-0.19447652315792596,0.1460276820208278,-0.14780312088720016,0.18804099341726893,0.17109374025101637,0.17898360797518387,-0.18365131353533548
3407,0.14436522660051856,-0.1966173878997007,0.14956178461894748,-0.15045400583992877,0.19124152861655963,0.17364634233756063,0.1818603849874562,-0.18563402060704873
3408,0.14253110619880846,-0.1941411464214241,0.1469369346021358,-0.14859420481068494,0.18886417549720616,0.1714385949896541,0.17955480545329067,-0.18370521840022197
3409,0.14333850088787584,-0.19468093002949446,0.14873471977251454,-0.1499362160056827,0.19167491638067896,0.172644564637103,0.1806593926370296,-0.1848385304632564
3410,0.14328602309434077,-0.1957466579236452,0.14882873772122757,-0.1491262909699734,0.19153103415798023,0.17373816562078687,0.18108947534717476,-0.1856038009278614
3411,0.1435044990613629,-0.19630193593669895,0.14899060502785916,-0.14935047264809528,0.19074707331678656,0.17303209581885573,0.18131726362131315,-0.18509971294698388
3412,0.14306421073795145,-0.19527828899556213,0.1481105867555745,-0.14841957344242704,0.18988826486812221,0.17262820196391035,0.18067682429877,-0.1846042406795474
3413,0.14409564522177776,-0.19676536570660388,0.14871557270544,-0.14980657210400913,0.19076968592039614,0.17263795949748573,0.18135084200504414,-0.18490949156593922
3414,0.1423755409429781,-0.19384653266447002,0.14696469196320308,-0.1475131943510552,0.19050204559496295,0.1719132584156188,0.17936336787342105,-0.18415644312472726
3415,0.14458117562782186,-0.19639148237232215,0.1477850130529832,-0.14920900550852736,0.19192472438248948,0.17320786724606965,0.18075403911995955,-0.18518669190544287
3416,0.14101653883999385,-0.19350027517786944,0.14677984911018532,-0.1474232971312895,0.18918613337160345,0.17104198588772754,0.17857342534611648,-0.1826107470831754
3417,0.14559661322973644,-0.19681365021126443,0.14911995482410506,-0.14921862141672232,0.19380242684087962,0.17373047125855245,0.18201337563398387,-0.1854022391609558
3418,0.14325298176432663,-0.19388149156283876,0.14800176634882106,-0.14952176832426073,0.19117881285722357,0.17167416100563157,0.18001864763236475,-0.18382665823118863
3419,0.14463094157281337,-0.19575141499304616,0.1478895921182023,-0.14912059215539009,0.1900796964960256,0.17263917359247435,0.18074656346379628,-0.18481957368354984
3420,0.1428680909919948,-0.19374763759238753,0.14700085896174142,-0.14797005571604627,0.18971515112143014,0.17212168934518735,0.17982803114535537,-0.18352605821267065
3421,0.14345674550226545,-0.19617441276154,0.1486483659633155,-0.1484865809834927,0.18979523492444117,0.17278904111151253,0.1810270052549546,-0.18466487854061608
3422,0.14403953839192743,-0.1945369090807681,0.1486635256824924,-0.14901657215312938,0.1917949396690333,0.17246419026717064,0.18077486002583498,-0.18416773557894686
3423,0.14390473327122152,-0.19521755616670544,0.14812514300637272,-0.14971012555587876,0.19108374481896198,0.17251818357325757,0.18050841180886895,-0.1846047972071433
3424,0.14202994528477011,-0.19346465295868348,0.14670743849994425,-0.14819124221706603,0.18967458110230684,0.17136571989713525,0.1785813329888861,-0.18273522671702064
3425,0.14295322014652773,-0.1960088361691446,0.14848795960577676,-0.14974758672091196,0.1914081161416526,0.17354124615921146,0.18100637664902608,-0.18472092714525096
3426,0.1424157224950115,-0.19572056390269715,0.14781970447453396,-0.14854056943206734,0.19188160495638826,0.17266464878617643,0.18148400727278555,-0.18470288093745202
3427,0.14229188189960712,-0.19424462612922372,0.1474250736189665,-0.14847504647706128,0.1904968228172146,0.17107235191660902,0.17896198295611548,-0.18382764398360343
3428,0.14422466269816925,-0.19362457239782427,0.1481425409498418,-0.149328594440284,0.190393571665681,0.17269911997453102,0.18032692666254097,-0.18451756921942852
3429,0.14383426274857516,-0.19492764143420574,0.14849381411326157,-0.14836781608147379,0.19312742684420808,0.1730154842109571,0.18073700039829382,-0.184444390746289
3430,0.144756555575415,-0.1954185638398817,0.14859999570974639,-0.14924524349953014,0.1908312075131955,0.17246375705546077,0.1809488765356235,-0.18408874996535873
3431,0.14316599900418966,-0.1952389105887721,0.14777996474189525,-0.14771063803326356,0.18972660778763512,0.17180689554702377,0.17941585908132265,-0.18428527377907808
3432,0.14321438443785686,-0.19582764559152238,0.14730167177075312,-0.14834499179264274,0.1904864836488944,0.17207923555852322,0.18048429542410627,-0.1840652462189786
3433,0.1440545871683794,-0.19552758080993776,0.14837049710261943,-0.14935117260583405,0.19114401591964247,0.17318420912133847,0.1813305503009835,-0.18512657469735294
3434,0.14492664436210576,-0.19519113003433008,0.14930454644363875,-0.14992536734125542,0.1900039047328506,0.17343065376811548,0.1812866284022307,-0.18469472708766407
3435,0.1410852104164903,-0.19348462164906532,0.14620867932752502,-0.14717280671759145,0.1895106161225584,0.17125769763531815,0.17957113120841636,-0.1831461979043546
3436,0.1433888089281926,-0.1948293528302324,0.1488359149798912,-0.1494843421990465,0.1917195192646448,0.17365312025613328,0.1816240602217638,-0.18523287287869544
3437,0.14233750063323203,-0.19331996168660334,0.14632174488547675,-0.14711013809376317,0.18902704061892692,0.1714346740707532,0.17894326023607632,-0.1833562240255335
3438,0.141892719074965,-0.1931023056426189,0.14683667587870147,-0.1469284749414311,0.1895523631146797,0.1707432295996508,0.17897147150091033,-0.1832307166674581
3439,0.1429913412344571,-0.1942508663565044,0.14662568027978995,-0.14769206107954133,0.19168525676156195,0.17160583462023507,0.17967036362223454,-0.18395819444264336
3440,0.1431199370093244,-0.19586206470569692,0.14778193114720606,-0.14886715543586207,0.19077508901824203,0.17222689834679486,0.18048178686142433,-0.18455575455266313
3441,0.1440004071933729,-0.19527900974107723,0.14858579115145204,-0.14971591575187004,0.19146959878315623,0.17316782018828364,0.18150602558590556,-0.18535673232325747
3442,0.14196686750372942,-0.19615298045040638,0.14744394856486956,-0.14889816923250945,0.1908327927376171,0.17232157531893758,0.18006220698405676,-0.18422261278804164
3443,0.14119351951318096,-0.19368284479976566,0.1459298454763492,-0.14649976842883816,0.18983380558977322,0.17073018545438962,0.17843600772795204,-0.1826198195520097
3444,0.14320531156480787,-0.1952582840027925,0.14837925422580306,-0.15033942576409678,0.19123179242680852,0.17292947950859397,0.1812632118595874,-0.1848065507618689
3445,0.14313199134697532,-0.19479522601168703,0.14846878273859165,-0.14917915293737508,0.1906033742606457,0.1734118502583921,0.180206776181255,-0.184923239957725
3446,0.14455313075852327,-0.1963967572216713,0.14818735645379053,-0.14858064459211973,0.1908515977661631,0.17266455490959293,0.18095758340933668,-0.1847804869478446
3447,0.14217261536723594,-0.1942191709241408,0.1481499074886379,-0.1467723870684511,0.1895205404380302,0.171569635620986,0.17975242541395633,-0.18387392278121098
3448,0.14343315159936101,-0.19427172630526632,0.1480693745901181,-0.14915622140377954,0.19233116558314986,0.17200344707954657,0.1801235596242814,-0.18451544140596002
3449,0.1432057507434853,-0.19487021656443163,0.1471724498247927,-0.14895198292667516,0.19086020448602403,0.17292939954551137,0.1803566908249196,-0.1841593916662843
3450,0.14278069296610205,-0.1969439294754918,0.14656260778553304,-0.14679924245832887,0.19019558770579406,0.17201022033217114,0.18002230385221782,-0.184384664302475
3451,0.1434271691165727,-0.19487465563510686,0.14778544784634748,-0.1481217521155933,0.19099084962106552,0.17229631455674743,0.18014567147351102,-0.18408489142208592
3452,0.14384339711140243,-0.19581894050544552,0.14789469166760078,-0.14939981974387365,0.19090263976280017,0.1719704274213626,0.1800607795435362,-0.1842634704993669
3453,0.14259794472163667,-0.1953568209022831,0.14765778800979712,-0.14939825466837164,0.18983666688075682,0.17255056342458086,0.18030164245740143,-0.18440983600478247
3454,0.14184854567057423,-0.19336779171314086,0.14722363015475629,-0.14879233570818648,0.18967596616942084,0.17168327629314337,0.17945424767700865,-0.18340421192352732
3455,0.14320655531662074,-0.1948521774275634,0.1484634126877792,-0.14955911815161238,0.1915140354643861,0.17311524165133807,0.18051544704803107,-0.18460710922790707
3456,0.14384102533891624,-0.1944447442248333,0.14859696638442207,-0.14940979736229934,0.19159121210412122,0.17310820173092722,0.18046011873203574,-0.18434438576827633
3457,0.14552386213947216,-0.19541018243516503,0.14888353828447906,-0.14911381121671324,0.19188632045891255,0.17385264269363349,0.18108753112418943,-0.18526493527402316
3458,0.14422209388833254,-0.1957741799778901,0.1489321260603562,-0.1500500560368267,0.18964600906761464,0.172827237868472,0.18084686569238426,-0.18491807145188796
3459,0.14358037312355376,-0.19612481683457755,0.14851783638027205,-0.1494059528435778,0.19215753890429751,0.17285717404361456,0.18065489211555935,-0.1849188535229043
3460,0.1439375072725874,-0.195311390739755,0.14767167688838076,-0.14966850217756975,0.18936250436757923,0.17263101994595872,0.18082162696790124,-0.1848286484016467
3461,0.14288343689732666,-0.19518378314613374,0.14662094806334766,-0.1471191588191028,0.18891557823901886,0.17195190981569497,0.1792186094396578,-0.18315987759791835
3462,0.14508942017287046,-0.19617297295885197,0.149360856370809,-0.1510008588444555,0.19145232740010645,0.17381626654628557,0.18138406385655764,-0.1858091609155704
3463,0.14234640729601303,-0.19498627289152284,0.14735750791620764,-0.14764466374796717,0.19093276810618903,0.17203072850860932,0.17992686658921025,-0.18372088220794777
3464,0.14408091929600486,-0.19578775406563922,0.14950791021390375,-0.1499682020921469,0.19149870715407002,0.1739301549982822,0.18170766448785566,-0.18574642088110413
3465,0.14189961868321624,-0.1957363209115749,0.14707376223190186,-0.1491695253384068,0.18836244852949519,0.17162780799430863,0.17943448328044423,-0.1838890017348321
3466,0.14497570167289975,-0.19664762645520958,0.1487011571009691,-0.1501397350044258,0.19277020970575973,0.1727773386916075,0.18092841678760263,-0.1852999842976557
3467,0.14366664543282062,-0.19642688987975107,0.14752739340191814,-0.1493266560507539,0.1915185884482292,0.1728387866637386,0.18028443447649586,-0.1843425026892929
3468,0.1435533140574481,-0.19692399649686765,0.14960378355506923,-0.15088234079320573,0.19258781552560747,0.1745104271768454,0.18196065870509012,-0.1864007291520325
3469,0.14358474343101324,-0.19426426394645896,0.1471862971397149,-0.14782350297757008,0.19179085719293382,0.1721226089505223,0.17950920287562702,-0.18347698279898572
3470,0.14512736108322652,-0.1952600475600596,0.1486277165041474,-0.15026316137120435,0.19068848639214084,0.17305682890208346,0.18091444733316034,-0.1843634468824682
3471,0.14459573954989038,-0.19561568676528396,0.1492742777162244,-0.14932675043479382,0.19175201196077163,0.1729856381352191,0.18088005992306502,-0.18539982770795607
3472,0.1414275914656746,-0.19460258045143883,0.14674778920766474,-0.14683713936926063,0.19167464469966614,0.17085537968629963,0.1792129603420245,-0.18297055462323927
3473,0.1415420484852273,-0.19461865889586583,0.1464115251253942,-0.1464291739374067,0.19243563216308587,0.1716877824847099,0.17966919741764464,-0.18315521581428196
3474,0.14316030368238294,-0.19558398643592098,0.1477409059341351,-0.1483059671430585,0.19033949247860318,0.17257978804917426,0.1803014399111622,-0.18461954958158658
3475,0.14453166256750946,-0.19547082438371036,0.1481793238365463,-0.14956245381931568,0.1898688999985219,0.17307760902427752,0.18066099483119732,-0.18477403088839556
3476,0.1450232182176789,-0.19439655842388912,0.1487516758040963,-0.14927028754519509,0.1915202443988337,0.1726880332488759,0.18072207140808388,-0.18449724122109765
3477,0.14402976094785996,-0.19572512803897565,0.1497071707415336,-0.1499456752565401,0.1896146300212131,0.17324104898062104,0.18174994904916023,-0.18549859346727604
3478,0.14345912138053352,-0.19472400634381307,0.14708929141325167,-0.14770684602785705,0.19051995461469698,0.17185662586488756,0.17965779591436618,-0.18404457048452338
3479,0.14358416295923654,-0.1959951086786707,0.14860407483695165,-0.14937733158104724,0.191477508308841,0.17273453312911688,0.18081043780069156,-0.18497807066448604
3480,0.14229664157136,-0.1953615359776877,0.1477372573475902,-0.14745088064141407,0.19017953909009955,0.17209594711372933,0.1795903519658389,-0.18410057069682634
3481,0.14347521903057384,-0.19641975108613136,0.14832255321933838,-0.14973511295797928,0.1905963818235366,0.1733881781233981,0.18058718380187783,-0.18501753014552721
3482,0.14301043497663635,-0.19372926910024843,0.147701662964801,-0.14804347686832742,0.18946096852459732,0.17237413115812752,0.18033023464735856,-0.1841940545969381
3483,0.1441567950318674,-0.19501278035499353,0.1486679092443707,-0.14903131635628358,0.1896235336285582,0.1725426439139946,0.18095216858228783,-0.18433892549522304
3484,0.14400296363777326,-0.19509974259053092,0.148558485455059,-0.14929916160963197,0.19030874030154307,0.17294226395155604,0.18105822843292038,-0.18450212332102978
3485,0.14474522477534044,-0.19499347230967592,0.14964741797820802,-0.1503895430305167,0.19163490426685822,0.17372156823246937,0.18176868021100095,-0.18579223580126975
3486,0.14327363409573066,-0.19496375818619444,0.14711809719245444,-0.14827096861816189,0.1899511477044329,0.17199140805640134,0.17981613120689136,-0.183806340329262
3487,0.14436566297194703,-0.1945272643714479,0.14876088266091655,-0.14932772402226296,0.1912108841092007,0.17280622579033056,0.18067754909022984,-0.1843096966350308
3488,0.14232071076555047,-0.19560081381299,0.14735949933340906,-0.14781853064727368,0.1919027408248744,0.17307158348287524,0.18050053555875345,-0.18466085140283647
3489,0.14227127351163857,-0.19527887310673575,0.14749827737572443,-0.14814400905141695,0.1917114260878186,0.17229993043813768,0.17967743136806671,-0.18423200788763502
3490,0.14120061903962,-0.19538665208174658,0.1458272141212088,-0.1462757399178245,0.18919298108416624,0.17034539827889913,0.17802760069696083,-0.18219283683630638
3491,0.14409717989359927,-0.19460806525498225,0.14794091383064772,-0.14801709511006997,0.18984854092536774,0.1724020606209495,0.1803348537412265,-0.18408793770320686
3492,0.14417178142162348,-0.1954801362333826,0.1484007776118,-0.14906987649521378,0.1913744751529451,0.17300961306005808,0.18011989164773867,-0.18486483300859705
3493,0.14383017832215653,-0.1961447519998223,0.1475784968660956,-0.1496857393729708,0.1907388665891837,0.17285982100984532,0.1801452231896552,-0.18467096122386972
3494,0.14488017124317704,-0.1960583000332665,0.1493416838841947,-0.1512130891192597,0.19280037608160178,0.1741234866272277,0.18177150792304722,-0.18565811403254598
3495,0.14356696670352992,-0.19520929852859129,0.14774494309451264,-0.14969059752033084,0.19013893558169268,0.17218150712728608,0.1798778112395154,-0.18456317278932002
3496,0.1435261491312002,-0.1953550558283596,0.14823267612675917,-0.1499315458501092,0.19075935112885797,0.17232333400549518,0.18094812607984007,-0.18429020356066952
3497,0.14383591111468294,-0.19450906897893502,0.1484597003777903,-0.14912935356202894,0.19047625605212,0.1725961065399324,0.180261811901147,-0.18398933284775582
3498,0.14362703079427075,-0.19490861620494618,0.14833870783848271,-0.14871939837755938,0.1916862022145469,0.1720974597177577,0.18007930461853672,-0.18384001829116364
3499,0.14364987432812878,-0.19454429844532342,0.148385837632961,-0.15001101229336755,0.18990617527405074,0.17233442380537198,0.1807398674868524,-0.18435324486316462
3500,0.1440050116445831,-0.19546664211530926,0.1475564825023468,-0.1481820523009558,0.19102358691304933,0.17271314819640476,0.18014910833898412,-0.18395133762497434
3501,0.14321660762543353,-0.19489154782071674,0.14699247967561246,-0.14675158331618837,0.1891065889778289,0.17152361871054597,0.17961479433738103,-0.18368277300715108
3502,0.14353015986059423,-0.19671934891039805,0.14913498605554176,-0.15044458313570114,0.19153914537766997,0.17419086761654126,0.18156888776376376,-0.1853953584132113
3503,0.14382487612260592,-0.196067853300173,0.1486054182613042,-0.1486428809364081,0.191997205308472,0.1729078082965332,0.1806079635043959,-0.18500391340698977
3504,0.14414830809156057,-0.1955888214376361,0.1483940628998193,-0.15025219980241475,0.19174439662965465,0.17320877350775848,0.1813292945922542,-0.185731019467886
3505,0.14328007512346827,-0.1954497187157437,0.1482566497606462,-0.14893539232174455,0.19044706129419084,0.1729427367258757,0.18090435525098428,-0.18516433613532932
3506,0.14270610686918364,-0.19533657146145705,0.14709850715934722,-0.14913067758099208,0.19184070032299091,0.17198856650335448,0.18079999509769798,-0.18426344322867225
3507,0.14459186071008623,-0.19591923144734205,0.14895828006334969,-0.14988877192855093,0.19152715938983786,0.17330807036372323,0.1815352773810799,-0.1850544265781103
3508,0.14306989061171058,-0.19515062696026048,0.14741090944380053,-0.1486640264959172,0.19345746526660862,0.17204229987497557,0.17998690588432095,-0.18448351768242224
3509,0.14234321761594418,-0.19446848989982043,0.146287837161749,-0.1469956147542952,0.1891587917815496,0.17093906189356878,0.17960394535677537,-0.18388281742189144
3510,0.14349465787202634,-0.19660818673133273,0.14859675010681533,-0.14943226135728893,0.19085820590119051,0.1730114051152424,0.18178130867015146,-0.1849311342149494
3511,0.143281319782001,-0.1960172013974208,0.1478599571321697,-0.14885318787697224,0.19276839121556716,0.17268711158389913,0.1808697693623745,-0.18418402173173837
3512,0.14446298063970717,-0.1961615492787768,0.14857960151922944,-0.15024805207190475,0.19100370314453263,0.17292736287434624,0.18112663770196513,-0.18529354662603487
3513,0.14161492060722805,-0.19298849785433775,0.14703049884781424,-0.1484045434303063,0.19084947807076943,0.17117876150712508,0.17956265095708782,-0.18324447176147723
3514,0.14370758074584386,-0.19569748930503844,0.14861475039925326,-0.15084223424226395,0.19092187294975219,0.1731591738715898,0.18134279074741663,-0.1849655738675549
3515,0.14273182428458409,-0.19398674657623283,0.1481389156416622,-0.14888260824203964,0.18937403634673364,0.17268500789208907,0.18011869895113125,-0.18464741019704753
3516,0.1430762269904488,-0.19335965131507413,0.14702594053505627,-0.1475193623341407,0.18854355820888943,0.1714709486168077,0.17931469898802002,-0.1829642119395268
3517,0.143263377361745,-0.19611201365597733,0.14801767322535841,-0.1492256584862719,0.19223283093009755,0.17353847181721865,0.18135877081452115,-0.18541486316799277
3518,0.1442038598232281,-0.19421878112771118,0.14778415095257394,-0.1475732057532618,0.1914260354206114,0.17329033834748164,0.1810709619478046,-0.18501504912953692
3519,0.1422818193205837,-0.19522541102799895,0.14686552141541906,-0.14748941098965168,0.19274294764106628,0.17188437980567428,0.18001240112331185,-0.18406273175631346
3520,0.14343192933941393,-0.19478148136598933,0.14874059390559313,-0.14993220067204177,0.18963074231076582,0.1728037602315377,0.180461088656768,-0.1845217784803895
3521,0.1437535624044006,-0.1939277057780383,0.14740003366369367,-0.1483872016479136,0.18982604187720403,0.17172208672460743,0.17970492243640385,-0.1838532108843942
3522,0.1422305600015418,-0.19463136371063627,0.14712820696449747,-0.14766982115718477,0.1917974430432364,0.17185048356430213,0.1800028244940761,-0.1839695152791882
3523,0.1456642464137231,-0.19681999790890026,0.14988206711392907,-0.14971197140643097,0.1912166153031662,0.17420982644106578,0.1814999864576574,-0.18633749354778711
3524,0.14428259299658008,-0.19684617261391327,0.1495726008233684,-0.15058149273558216,0.19236787748439324,0.17383030059199894,0.18191819572215728,-0.1854584225686159
3525,0.14451712643408898,-0.19487763820507817,0.14830361338593492,-0.1486659056409009,0.19149998148823186,0.17225618113099087,0.1807978662939012,-0.1843422957809014
3526,0.1443210566994266,-0.19547415903664084,0.1492637671305992,-0.15016663175502692,0.19127842969061776,0.17378142394964802,0.18146784774862154,-0.18588243531148446
3527,0.14250067734262878,-0.19715532500168428,0.14863719474241677,-0.15016446634720038,0.18987627694708079,0.17302772532146823,0.18115636845738312,-0.18500842965111614
3528,0.14224351021211057,-0.19400979933504472,0.14718696030171938,-0.14762500148249977,0.18892843604284532,0.171962732198934,0.1793664317390633,-0.18399387397549627
3529,0.14325372584030815,-0.19586438836668552,0.14897021085113837,-0.14966499130879413,0.1899858393455063,0.17380081806089076,0.18099158433942766,-0.18513150317513935
3530,0.14277244087914864,-0.19434173663813095,0.14700219692811467,-0.14791338186866582,0.18993503771048945,0.1723340728588511,0.17981731216064567,-0.18418438560207406
3531,0.14411826548580906,-0.19534683790674004,0.14879008066376562,-0.1496609814998358,0.19077562268931966,0.17344707574537493,0.1808870010613014,-0.18469649926364967
3532,0.143853163116612,-0.1945391814075572,0.14850995990778523,-0.1497117725519286,0.1916124448765444,0.17262430509955073,0.18077282760157556,-0.18452541207810044
3533,0.14175375106809243,-0.19665473951051277,0.14745533069279745,-0.14835708334425796,0.1925209840871929,0.1728225086257801,0.18072337460078367,-0.18488236497852384
3534,0.14393082724727338,-0.1948897292041156,0.1489704238730215,-0.15039312011993083,0.19072955780241657,0.17306889419942514,0.18055365321762384,-0.1846925855542516
3535,0.14274409038098032,-0.19399165030400098,0.1472135504458038,-0.1475643964797801,0.18904687434413034,0.17195251701268033,0.17964187211742494,-0.183634332885925
3536,0.1419538169391725,-0.19499948977382073,0.1473614078009024,-0.1488430076295815,0.19074862410373675,0.17192722370416091,0.17959901477856072,-0.18347862320504474
3537,0.14441665125102712,-0.19617875876763316,0.14839797961286058,-0.14913119637115618,0.19061369318675056,0.17302397142940326,0.1814811312729385,-0.18496612402627396
3538,0.14486112579651786,-0.19593036491607063,0.14855659782760064,-0.1496613859354358,0.19414310968949489,0.17279573292748776,0.18076195458384087,-0.18499458066720603
3539,0.14217903189703504,-0.1940849804145459,0.14639899001025553,-0.14706580901780536,0.19065774190321091,0.17121966404414315,0.1793063574898573,-0.18308337997266413
3540,0.14355911234572036,-0.19414550332720834,0.14697196019212064,-0.14740973228209378,0.1904210527574824,0.17181673577413062,0.17873670714783826,-0.18297960241508343
3541,0.14318158032321068,-0.19598710841138078,0.14793459489348204,-0.14929345875857536,0.19281363401385374,0.1724359348466692,0.18089926097951778,-0.18489763696870357
3542,0.14371867464307703,-0.19685455841296506,0.1485897124437652,-0.14940208714796752,0.19171600051087623,0.17311742672261288,0.18104459416995172,-0.18512443618353702
3543,0.14171125661334044,-0.19419961972840363,0.14657702528596228,-0.1477931339536189,0.1912174352193103,0.17183025514942285,0.18003905548965007,-0.18388863763896543
3544,0.143633026290912,-0.1962070623057818,0.14741108148279602,-0.14893928426364558,0.1931483634899471,0.17274441488738834,0.18036596605526112,-0.184311786393552
3545,0.14398262408487847,-0.19652966085024878,0.14963637588620465,-0.1508113205910159,0.19124639815598224,0.17410619164203742,0.1818383910849251,-0.18601555025847452
3546,0.143651798751217,-0.1951392230650052,0.14771457225724632,-0.14864355316695563,0.19094579072176374,0.1723105831798227,0.18026771617801324,-0.1844401663339027
3547,0.14209553546030892,-0.19538268765542094,0.1468946519406114,-0.14821620637987173,0.19034105855065686,0.17182130961727693,0.17978380867944352,-0.1839101087307482
3548,0.1443864867092162,-0.194916460196619,0.1478908040831489,-0.1482541482394625,0.18915890807367525,0.1725108546877565,0.1804837880837121,-0.18487623023647193
3549,0.144015203877241,-0.19556799780920836,0.14877172390892118,-0.14982459724419536,0.1908103293537868,0.17335029364776355,0.18120744493782584,-0.18465936545509548
3550,0.14302705683791025,-0.19478608492986743,0.1476977210839527,-0.14804572987373443,0.19070185540806484,0.17244056835723723,0.1798301838776509,-0.18449463575247688
3551,0.14412503065522464,-0.19530365602189642,0.14823865610736056,-0.14978753827744085,0.19270214640050762,0.172878190405062,0.18125260630999945,-0.184603956616783
3552,0.14151137292586935,-0.19492932535345406,0.14718280455908586,-0.1474940042997531,0.190416656050481,0.1720015067299909,0.18004509914694816,-0.183578357772848
3553,0.1446912235791413,-0.19442668979198435,0.14827049272359788,-0.14859267789751718,0.18987050620437806,0.17289518679529228,0.18036323972520027,-0.18466813135804108
3554,0.14297672530525793,-0.19531429266834327,0.1479135527467318,-0.1492287991847868,0.190892762274118,0.17256343547110659,0.18036527177364878,-0.18457815930024973
3555,0.1428448576286599,-0.1946334982980169,0.14784314301385965,-0.14796778194121096,0.18991073042308507,0.17246626038811785,0.18084430672498206,-0.1843952245216352
3556,0.1439820052134629,-0.19545099254080087,0.14828844830508817,-0.14899380783260316,0.19122698986231937,0.17303450234754628,0.18129934067595177,-0.18493613324423577
3557,0.14366115450397318,-0.1960181182174332,0.14864077875317294,-0.14946198145953105,0.19293988957976285,0.1727337820403443,0.18076058379775273,-0.18464427277376802
3558,0.14339546606317227,-0.19743869105358305,0.14816027900245715,-0.1498101017029515,0.19190279583258613,0.17309692990028647,0.18193579874956042,-0.18492997841245118
3559,0.14348470544063952,-0.1948046280316069,0.14833932007196188,-0.14860580343813348,0.19106540054329463,0.17274848472873378,0.17983204984724652,-0.1844308994180339
3560,0.1439798030694119,-0.1961335593665022,0.14952621923456802,-0.1498921432740544,0.19153809082040685,0.1745772188427371,0.18211184875339007,-0.18623165778993017
3561,0.1429356376539816,-0.1967520571863845,0.14763343653576771,-0.1482783851463299,0.19270825808178002,0.173040801448272,0.18065543851200472,-0.18510101785522592
3562,0.1442406568603447,-0.19637176942788576,0.14879877873712058,-0.15011120003087564,0.19189240654615736,0.1739353417743262,0.18141264769472112,-0.18543461768820957
3563,0.14402237765874326,-0.1959566439340008,0.14804681735117603,-0.14914969217700855,0.19088585300702898,0.17330570904243267,0.18144830032215367,-0.18481953629259112
3564,0.1424514016190276,-0.19391794952941194,0.14716479800493495,-0.14761395085617407,0.19052621795494917,0.17171870794269808,0.17964621851719925,-0.18333729240280322
3565,0.14395166207550403,-0.19638979473975635,0.1490862578435059,-0.150009330969341,0.1912069815027161,0.1730537442884005,0.18129998635774663,-0.18573643891575853
3566,0.1431049599801051,-0.19608221501140896,0.14779040689683806,-0.14807176940556158,0.19136618260150465,0.1725886038283543,0.18090126915840615,-0.18478942026369308
3567,0.14385925165825866,-0.19515319580109922,0.14852874550800102,-0.1491516853857975,0.1925019858233535,0.1730907132922829,0.18062673110548247,-0.1845934618677929
3568,0.14240020024734787,-0.1943501443184996,0.14696142841999288,-0.14711684004813447,0.18910803798401374,0.1712390666249535,0.17936806885404458,-0.1834605960601135
3569,0.1427811292923906,-0.1948610048136809,0.1472829273575274,-0.14843935452057067,0.18998778391101503,0.17252140492691775,0.18014480181275058,-0.18490813922253865
3570,0.14294010257907624,-0.19488252413714893,0.1469995021417708,-0.1480853448929917,0.1897979964204667,0.17170809205570328,0.17964970096784447,-0.1840282962061069
3571,0.14362604326953632,-0.19489600774585183,0.14731945099909854,-0.1487392504995185,0.19118659757304754,0.1720729681678893,0.1799859798027879,-0.18423663138939433
3572,0.1425910405958088,-0.19573687170825269,0.148007098220601,-0.14915085828374453,0.19117951668633776,0.1730131009597668,0.18070892377257278,-0.18506919768531135
3573,0.14431251316524066,-0.19452803540848787,0.14872385626539192,-0.1501472150990195,0.190465031363925,0.17305419325821744,0.18115404041697478,-0.184853661204868
3574,0.14431703324544715,-0.1946903417945128,0.1483504182330908,-0.14993930913557782,0.19044942808490847,0.17276368568686382,0.18005140838402248,-0.1845062824943664
3575,0.1452829317701199,-0.19663514578700808,0.14938788254313304,-0.14988607252710395,0.19071944993287374,0.17376026443082818,0.18088462174318717,-0.18546477943849535
3576,0.14316470107017062,-0.19564356813520367,0.1475092423804373,-0.14946349581563642,0.19081505672225602,0.17232111794335536,0.18016080126337908,-0.1840674705072005
3577,0.14450665469916554,-0.19609209091013893,0.1487256344541506,-0.1487564564120989,0.1921746667431228,0.17341014203917612,0.18138017618551483,-0.18529996351339698
3578,0.14237813866929885,-0.19392402488471341,0.14735189404877747,-0.14804620158704918,0.18986286182027448,0.17122165872623893,0.1800588307321071,-0.184383019156824
3579,0.1427504250496635,-0.1956070321729639,0.14842731301255777,-0.14914866827418097,0.19163222301870622,0.1729534333556389,0.18103606283188467,-0.18542109050502328
3580,0.14407481631251065,-0.1970289569765681,0.1483506657350992,-0.14909027819043108,0.19097738156652236,0.17299110873818965,0.1812626658056833,-0.18540126715237681
3581,0.14469031739493168,-0.1950121141981992,0.1483564656280464,-0.1499659906299055,0.19177484766472028,0.17306067232848568,0.18093614685681925,-0.18535904553929325
3582,0.14255220020321635,-0.1956547876538476,0.14701203314599914,-0.14798874198120926,0.1892502039776505,0.17135433508509665,0.180008451986245,-0.1837470298625589
3583,0.142568221291284,-0.19513601499236713,0.1469602138763597,-0.14756013690795394,0.18888744367842122,0.17150315765607146,0.17974270253771893,-0.1834704775456232
3584,0.14460398405076968,-0.19667354623275735,0.14907958260693013,-0.15000083431292133,0.1919690606433185,0.17346607134379768,0.18158812454366524,-0.18558084684287693
3585,0.1431196551559662,-0.1976385065057661,0.14856746420605546,-0.15005501065252544,0.1914272635839901,0.1730408346582272,0.18101624045984133,-0.18525990157522854
3586,0.14256356142425058,-0.19532634061540516,0.14753080084417491,-0.14742913377100295,0.19054869334986382,0.17195903119143163,0.17992808815141162,-0.18367126522894794
3587,0.14387644303790054,-0.19580186987915313,0.14923686350239915,-0.14921188531214916,0.19207841007374307,0.17300609814023316,0.18167284989590926,-0.18520671933966756
3588,0.14317107074819801,-0.19459665439408702,0.14767632362823266,-0.14805076649304713,0.1920473106822352,0.17216660904291242,0.17961631637840006,-0.18382107515378238
3589,0.14428578563228786,-0.19726066809906406,0.14867135551901728,-0.15010588461523597,0.18890092244205905,0.17340139962548579,0.1815180302888327,-0.18536100410248893
3590,0.14473191494147078,-0.19599314491673794,0.14845718465478033,-0.14928389274504797,0.1911716448639306,0.1733250654929565,0.18141971212103625,-0.18528589886100547
3591,0.1436778654913756,-0.1947493272058536,0.1476370488129684,-0.14842207390888582,0.19190913815758884,0.17204366972128943,0.180122069850416,-0.18440319015914391
3592,0.14221108986044181,-0.19474318903431306,0.14710011403217624,-0.14812777334989954,0.1896148578214152,0.17110625300880056,0.1797514267265164,-0.18350995121021202
3593,0.14298702646759073,-0.1950125009099401,0.14688196191316372,-0.14732230378387084,0.18954999211922188,0.1713680606744919,0.1791354984331248,-0.18324618837384593
3594,0.14347451105259423,-0.19475553261785636,0.14798234095370627,-0.14857065788414323,0.1901402419966793,0.17196975560392913,0.18009013398045262,-0.18409509415803504
3595,0.14410837080547134,-0.1946128165862146,0.14808621691319684,-0.14912737004964935,0.19029538393403778,0.17249179502993475,0.18043474099473164,-0.1847454341860479
3596,0.14429221014712487,-0.19555684028044543,0.14803463325563793,-0.14855433532466317,0.1908951525306667,0.17258108225320204,0.18084670626873686,-0.18443269059805953
3597,0.14326962825139547,-0.19480836979280658,0.14769042963231938,-0.1487865845772459,0.1923927018574172,0.17196143542223838,0.18070552859608893,-0.18407124995290572
3598,0.14230012740058368,-0.1952078814768248,0.14683651634143668,-0.14780539548414762,0.19071264403050087,0.17195367916537233,0.18031709622932274,-0.18342319619769407
3599,0.14422047593393156,-0.1943328781550892,0.14804736856620634,-0.14827607736774204,0.18946635125796685,0.17271571528461047,0.18062171084413498,-0.18494314935529294
3600,0.1422278005442751,-0.19441988985762929,0.14615650284999285,-0.14785807992813427,0.19151552538801805,0.17084696079779857,0.1796116140236832,-0.18315636518928785
3601,0.14406694598725162,-0.1953178032821253,0.14785651181510456,-0.14826402839559538,0.19036806677837056,0.17238611435845608,0.18105304478317338,-0.18483525211764032
3602,0.14320668752640553,-0.1941073360529842,0.1483236694598645,-0.14866146325244708,0.1917216900960502,0.17268036851847018,0.1800109827659461,-0.18414292574765656
3603,0.14383560854720254,-0.19437122857643285,0.1478427318965032,-0.14913107074123216,0.18960291256607295,0.17247945878232987,0.18030437306744398,-0.1840581554899303
3604,0.14327158202161153,-0.19545417169115334,0.14912556700496005,-0.1502800361297613,0.19066318154801673,0.17346737551969516,0.18130812179198344,-0.18540882404971462
3605,0.14374883059780824,-0.19630586707764489,0.14872960838985905,-0.14870570096879485,0.19125955352153726,0.17287010543443507,0.1809589942972341,-0.1851703443985201
3606,0.1429082099610911,-0.19438253513259793,0.14767061981748883,-0.14856587382999936,0.1897472793600424,0.17179270663499085,0.1801085596008987,-0.18401372390979814
3607,0.14581336392396033,-0.1953152226884439,0.14951927274284998,-0.15097184007873432,0.1915518456306217,0.17361223751612193,0.1813646755560999,-0.18543811888470654
3608,0.1431956404374182,-0.19648139555363398,0.1483428026500718,-0.14913139966792252,0.19090192461664066,0.1730449771234523,0.18035879988883408,-0.18446808129879333
3609,0.14358589327577986,-0.19535137359316596,0.14768083715114896,-0.149751780141782,0.19203025919356406,0.17252056288223563,0.18047617651060613,-0.18470670629566815
3610,0.14236538394410345,-0.19419766709841413,0.1476324647272275,-0.14742169436271826,0.18978841917409478,0.17149868853920439,0.18004160719173504,-0.18372337562952
3611,0.14454623556464305,-0.1946573186297562,0.14881657769889997,-0.14949266064951436,0.19061737567813059,0.17309005822047965,0.18006589767747594,-0.18410435294077537
3612,0.14496601989307728,-0.19648907896666634,0.14898371560202664,-0.14963635205437065,0.1908435154986715,0.17352263524257164,0.18143680344679544,-0.1853074829492653
3613,0.142310588798728,-0.19552899050360273,0.14668869049119487,-0.14860081497085612,0.1909478600489643,0.1724983786026605,0.17981984504819343,-0.18457222372237891
3614,0.14415294481194554,-0.19497519671779937,0.14834567062964077,-0.15016176327936961,0.19324523645343786,0.17313941649147094,0.18092387736363644,-0.18484285242780152
3615,0.1415164095453687,-0.195421401618896,0.1464727601631334,-0.14799061477606473,0.19019769913613652,0.17133673593230464,0.17999053694662304,-0.18409720664153192
3616,0.14402152405450228,-0.19682143384844925,0.14853814784937003,-0.14948543249320784,0.19152893522979395,0.17364191126343595,0.18177064889066255,-0.18576034257289453
3617,0.14239441440121578,-0.19420261329365565,0.1465775697114417,-0.14807620877688793,0.18998341532817517,0.17179245331622675,0.17922057148763346,-0.18372695320481844
3618,0.14375172058097543,-0.19607634204994437,0.1477439847338409,-0.14714972489582254,0.19065739961376474,0.17222361070863254,0.18040390935473571,-0.18476914376714956
3619,0.1445251647158559,-0.19553468367617927,0.14877168656325446,-0.14880802746025423,0.1914492760802837,0.1729646035722918,0.18019543214305064,-0.1850939082973066
3620,0.14249184735426876,-0.19545188639807057,0.14836881631484478,-0.14906748041390594,0.19055486040742822,0.17250218543336937,0.1808320461934335,-0.18497642353158694
3621,0.14315752003648483,-0.1944524652440549,0.14840608805751632,-0.14973358818270832,0.19228728681815185,0.1726810779856214,0.18068352961999543,-0.1849880653740199
3622,0.14201955608139372,-0.19491356365055257,0.14718419820881756,-0.14846463318968434,0.18944784852029342,0.17146189851005822,0.17937396250769516,-0.184065713695629
3623,0.1424604814068955,-0.19487805440558392,0.14781071669939838,-0.14850223229650722,0.1905161747824089,0.17295477097233394,0.18073993419446246,-0.18504399586094133
3624,0.14422767841948508,-0.19448540977521792,0.14838817696252637,-0.14847985417289117,0.19144929894034368,0.17308317360901918,0.1810145984148028,-0.18541024016331578
3625,0.14259475960799392,-0.195330566852538,0.14805711232985475,-0.14756084188367882,0.190976393105794,0.17240509757236072,0.18034715000553034,-0.18480873564664574
3626,0.14511805404537145,-0.19455550351818662,0.14832330591338802,-0.14869873304892112,0.18869305748183007,0.17157194152678093,0.17916666105942736,-0.18364480432272973
3627,0.14337272668891468,-0.1970270624402041,0.14819152110657455,-0.1489755926614179,0.19226465374490243,0.1730547660461571,0.18110899805521474,-0.18532388663561591
3628,0.14409291309601227,-0.19472016498466013,0.14866458361968837,-0.14961956056806477,0.19190813979258872,0.17361008240929904,0.1814230348633132,-0.18531951971214192
3629,0.14544826883763734,-0.19638246259417036,0.14856461579271052,-0.14957571310235182,0.1911188509058154,0.17365999178115862,0.18172822158446536,-0.18597211513803527
3630,0.14265435412807934,-0.19436885700026893,0.14752805661704266,-0.14896382397681368,0.19061352639113754,0.1720533325166313,0.17957650048827167,-0.18370910733467485
3631,0.14314251089704466,-0.19553184956206227,0.14767010440028092,-0.1489673702051085,0.18890395777692162,0.17308290004912746,0.1803436172626563,-0.18442601102343884
3632,0.14223703771976595,-0.1940035760397309,0.14785376360691108,-0.14826585422893204,0.18990349115276442,0.171605460760868,0.17973532800068764,-0.1835953278353595
3633,0.14260514463239804,-0.19525182092329207,0.14868444691122593,-0.1493506337667079,0.1905979814299428,0.173101981839936,0.18096908089437508,-0.18562670050551228
3634,0.1436181752678948,-0.1945501301870993,0.1475019691488696,-0.14879275275679282,0.18990275983100174,0.1720502153225851,0.17969455525203412,-0.18386977062984505
3635,0.14208996963803905,-0.19517328658268845,0.14683478062036556,-0.14688374363154846,0.1891218372842979,0.1713153983126962,0.1793455336829086,-0.18368299732411908
3636,0.14313126099879628,-0.19649618454624698,0.14860436431443902,-0.14971123746212592,0.19069794847105465,0.17323748775286205,0.1811066864585469,-0.18533061301023446
3637,0.1439567996554191,-0.19524762099895374,0.1486294153853894,-0.14934833333234748,0.19108223764121615,0.17240794462425943,0.17988939082986316,-0.1843711596896008
3638,0.1434197231311221,-0.19551035091104774,0.1480736590979722,-0.14890988618905537,0.1911468902490309,0.17282325443448412,0.1809180950841921,-0.18493203921232085
3639,0.1436431563587201,-0.19548902051071604,0.1481983311871969,-0.14879288667561452,0.18980940307666222,0.17246050483776998,0.18010729134877268,-0.1843144369426911
3640,0.14259063800978866,-0.19544937064319592,0.148165036475311,-0.1490139693433196,0.19081970768261916,0.17303584478673592,0.18112910995114734,-0.1857673205765631
3641,0.14313628234065812,-0.19362801254330078,0.14736518168543356,-0.14801563004846183,0.19003620223108514,0.1711720718636326,0.17923382447182046,-0.18347242044855858
3642,0.14527520271813577,-0.19453508135160075,0.14924346018572412,-0.14949916451324027,0.19007626417195467,0.17324676074063716,0.18140428785048604,-0.18512103970974847
3643,0.14323409825093156,-0.19437152816110748,0.14845464233311065,-0.14908487793811215,0.1903326367270703,0.17258046022938203,0.18029496560808062,-0.1844524040754817
3644,0.1427280079103365,-0.19506960761608405,0.14669221497987062,-0.14732833247659952,0.18982566878991972,0.17188972225129345,0.17974010845106517,-0.18418523304706813
3645,0.1421927289534333,-0.19561935115615883,0.14702943057992582,-0.14896902979291873,0.19002073928579769,0.17232456068130145,0.18064155376676053,-0.1839828043318841
3646,0.14337179226211352,-0.1955816964756458,0.1485366107115271,-0.14868324825458593,0.18964498226257762,0.17268072346553584,0.18017941453456163,-0.18452764444864875
3647,0.14276654553090878,-0.19599237835707062,0.1476244344853495,-0.1481795127973541,0.19061759416078455,0.17203920358552613,0.17963845558887676,-0.18404584089844186
3648,0.14284320093112324,-0.19467800997985593,0.1479508465886241,-0.14790140809909183,0.1896759202807827,0.17241547331825566,0.17982210486809524,-0.1847467238266007
3649,0.14423543922647034,-0.19650603231953467,0.14830146655967838,-0.149713743242816,0.19086505163373044,0.17364697011303334,0.18139181546578356,-0.18544235883753768
3650,0.14421876004153042,-0.1953325197108525,0.14852160063671746,-0.14950283785423507,0.1902346912746324,0.17281690298416338,0.18104099856209097,-0.18529509175292447
3651,0.1442468405410729,-0.19452676048157744,0.1477732909200174,-0.1480304158431594,0.1890066450818045,0.17210454675331768,0.18004983370261018,-0.18426520462045934
3652,0.14343331095706793,-0.19474502736156477,0.14755603308108944,-0.14916996877985494,0.18901072857881618,0.17173759446648745,0.17941944323145118,-0.18375861422040107
3653,0.14485571811490408,-0.19588024500587398,0.14914971121161819,-0.14986019262973838,0.18988727791444035,0.17392858303286504,0.18104087120095394,-0.18515732901639484
3654,0.14488381886795879,-0.19582818780644717,0.14912016626785476,-0.1504974683811893,0.19223274001047014,0.1737055950251061,0.1818346420828668,-0.18577937740062678
3655,0.14475156608069503,-0.1956317527006196,0.1493073076755786,-0.14897876514749522,0.19011267622185105,0.17294793352183258,0.18132596736251222,-0.18515933935130083
3656,0.14216452802504445,-0.195541151026887,0.14724924827269487,-0.14853271030445167,0.1910882670097977,0.17272491023620298,0.17996052899012197,-0.18451957044678222
3657,0.14343065961903964,-0.1947690111936622,0.1475526535457111,-0.14809598959668943,0.19002738129281196,0.1718711531250239,0.17983764782476455,-0.18410013617502521
3658,0.14370978183972857,-0.1938233986062351,0.14749366813159537,-0.148408996671368,0.189959272382953,0.17171990007649401,0.17949945016605226,-0.1835966619442907
3659,0.14408802142183097,-0.19534634240298304,0.1486630975745033,-0.1484200264993877,0.19058933632507527,0.17286000096840862,0.18056979072743737,-0.1847775014537123
3660,0.14539038594964496,-0.19592767173134001,0.14921702255135832,-0.1491665037393402,0.18999394687823123,0.17381578598429134,0.181933576584611,-0.18559517158172656
3661,0.1429067137431575,-0.1937716613645031,0.1458359800012861,-0.1475804275902098,0.19046503681160312,0.17085641162720602,0.17840648582362184,-0.183133885353451
3662,0.144669894232834,-0.19440394054535096,0.1486026684111877,-0.1493587039732397,0.18983812062658076,0.17258470109303584,0.18001505660294098,-0.18424044397142517
3663,0.14337554748676082,-0.19634819969453376,0.14820200447758344,-0.14910953930684773,0.1917670365670469,0.1734577544686439,0.1817331513747209,-0.18549698511454524
3664,0.14275969433934518,-0.19567189843551658,0.14845945654637285,-0.14946300905877316,0.1919731610281576,0.1734402674783656,0.18128491120640447,-0.18526756435583852
3665,0.1450876078224799,-0.19562312714852606,0.14888326428315232,-0.15087336996993647,0.1924680956416831,0.17356869118498064,0.18178404050826844,-0.1852805003312167
3666,0.1449925412770526,-0.19322006233847358,0.14870086692832593,-0.14917587266116375,0.19103855036466036,0.17254682534126792,0.18054339243068213,-0.18453102373985555
3667,0.1432896986470158,-0.19374572700043322,0.14786860232645957,-0.1481452572380598,0.1908313156430582,0.17270714610098425,0.18057982169840348,-0.18412978788492299
3668,0.14467446120708233,-0.1938575356206475,0.14841084428241097,-0.14983883187727742,0.18852119442290696,0.17293578817317584,0.18071299084002182,-0.18449143905926843
3669,0.14286949327184137,-0.19299565061903914,0.14753790736038985,-0.1489532609493843,0.18992356961320117,0.1719067143519989,0.17931478010659904,-0.1831291107251442
3670,0.14536495735527152,-0.19559196883855098,0.14903670192444363,-0.14986314192163994,0.1912454678301236,0.17250621003859373,0.1803986120050829,-0.18459574581254615
3671,0.14402238674529771,-0.19570468916740186,0.14926918309167128,-0.14946108280605785,0.19180139189240683,0.17316971235141346,0.18122958335536085,-0.18544592537657936
3672,0.1423375496285965,-0.19584114794413954,0.14685649827313738,-0.147346608612377,0.18965287711860615,0.1722697078039254,0.18035952400108024,-0.1841577348086255
3673,0.14311427814649308,-0.1947978725832364,0.1483148866399353,-0.14890575517556423,0.19043416489215975,0.17297932910359162,0.1801687786179919,-0.18449619408702217
3674,0.14308619038380901,-0.19597940182103224,0.14766608170896192,-0.14818235855237882,0.19108336254069097,0.1721417992664944,0.18047226489833787,-0.1841229944868412
3675,0.14286145630352534,-0.1957291680988548,0.14633663044923645,-0.14837541441830246,0.19033872716845582,0.1716553967364042,0.17942461983899818,-0.18412164031635728
3676,0.14397692277108662,-0.1963655049654447,0.14821468437241916,-0.14895581501010688,0.19246329428050885,0.17288203783219944,0.18075363383595397,-0.18517778729912546
3677,0.1423588372884706,-0.1953635327732373,0.14753981559195067,-0.14786276628783512,0.18876859637521548,0.1725573128866141,0.18032775705405096,-0.18463603604237128
3678,0.14263082896382365,-0.19687069100279994,0.14716839851947125,-0.14946827405301555,0.19219237112899565,0.17285805084273873,0.1806887926853563,-0.1851086808097343
3679,0.14283688628244295,-0.19419807455002022,0.1476160750829055,-0.14816626843764996,0.18998475063829848,0.17230859206086296,0.17999047647944172,-0.18428589651332133
3680,0.14301724453370349,-0.1960209819288368,0.1475579408489491,-0.14826104711207733,0.1912817468567574,0.1723355709027279,0.18005343528155984,-0.1843386530444067
3681,0.14304014205856386,-0.19352639161739008,0.14731683878453755,-0.14762601123272467,0.18998099400342522,0.1720243865474694,0.17954915629575535,-0.18374187730078853
3682,0.1430117972595322,-0.19461850538156364,0.14774398200518427,-0.1477192912098988,0.18995923847624058,0.17217174486267836,0.18033877260207412,-0.18403246119572053
3683,0.1453527132320779,-0.19521690006414036,0.14975634437507301,-0.15039671386821923,0.1909811853632399,0.17368452044340016,0.18142526401745887,-0.18550452226676475
3684,0.1421624567911401,-0.195334979748796,0.14723267756017364,-0.14855523940894122,0.190637142158759,0.17195734389973732,0.18023787913948042,-0.18384561136648853
3685,0.14461415457502655,-0.19592923304016344,0.14829747044922456,-0.14942001382355907,0.19268683329093414,0.17285394230030465,0.1808795399342834,-0.1848939759503732
3686,0.1433467492367538,-0.19678860787611274,0.1486778058423354,-0.14987332237818557,0.19231666260517752,0.17335303765759263,0.18116087611611362,-0.18537902134134823
3687,0.1427622870829759,-0.1962418630088086,0.1472377070857887,-0.14820904746805005,0.1911427273340362,0.1720657039155826,0.1802123104403275,-0.18436228323966178
3688,0.14306471218162287,-0.19542720094917104,0.14738449906245527,-0.14833268032084038,0.19064640150779566,0.1721954555545819,0.18022107888447156,-0.1844465951060857
3689,0.14348476413030473,-0.19472899222722706,0.1485042562660772,-0.1499566402149706,0.19123066851750783,0.17311320989685355,0.180073524348079,-0.18412236473655796
3690,0.14245539648210226,-0.19442226562815754,0.14729081398971278,-0.14749131729090392,0.18872119408541443,0.17175570302667298,0.17964638579888836,-0.18372242821727225
3691,0.14448480246520357,-0.19553422415171848,0.14829495240332272,-0.1490905688267096,0.18937271844148004,0.17270867679439325,0.1803781254805817,-0.18491505782732393
3692,0.14236967033177444,-0.194468743370782,0.14684599910689347,-0.14786016645473993,0.19028406306427195,0.1713777008907607,0.17936969367204553,-0.1837570483552573
3693,0.14347791618914008,-0.1945098946159352,0.1481536807112413,-0.14883843538426475,0.19035416198225333,0.17158107990738067,0.179541351958796,-0.18363218675335682
3694,0.14307617856490085,-0.19532303024159206,0.1480607431590494,-0.14786537048815043,0.19041808658153128,0.1724536189165212,0.18129272758190865,-0.18433037831285767
3695,0.14460470669133108,-0.19725815782817432,0.14989288788394173,-0.15027394811012326,0.19260709834139103,0.17361334504136533,0.18125660383250541,-0.18538205941862096
3696,0.1432100661143618,-0.19543329856741334,0.14719190651625952,-0.14880660074389407,0.18973834938486092,0.17151754681571266,0.1795979324496631,-0.183301203410372
3697,0.14398259924653511,-0.19638690259367142,0.14885278158159465,-0.14872096158523704,0.19225050547455813,0.17325422990725675,0.1812496315035363,-0.18542425668412757
3698,0.14492791537692543,-0.19629795859518925,0.1493205039359718,-0.15005045262039599,0.1908287650867993,0.1735924700257944,0.18134650337356872,-0.18538641884025672
3699,0.14355448264088436,-0.19421921337868447,0.14737974457497938,-0.14854072588403536,0.18927567298238365,0.17196133725232468,0.17971283710165062,-0.18408427452141185
3700,0.14694625524941893,-0.19644737409896412,0.15079625325242765,-0.15113318276846618,0.19097469674854076,0.17496052997333755,0.18248522454241264,-0.18591800977860867
3701,0.14265572591177456,-0.1937737601215246,0.1471797490344525,-0.1483435155067344,0.18852685493400922,0.17170625535782438,0.1792600567659266,-0.1836806492291238
3702,0.14346900239832427,-0.1937077108396491,0.1475009475103937,-0.1479384698763635,0.1897128194666398,0.17192790937680644,0.17962013754792008,-0.18397621772964196
3703,0.1427620357088999,-0.19477043241307254,0.14776397691097323,-0.14889164576917993,0.19163201497376497,0.1724886924344484,0.18015093119496597,-0.18428824993010723
3704,0.14239636786272364,-0.1941577361183957,0.14706688599082468,-0.14659416692550045,0.19060845337964338,0.17175863104652542,0.17963039093962274,-0.183431732875345
3705,0.1433402741254103,-0.1958242427899761,0.14839195528559992,-0.1498021657776181,0.19118326225332455,0.17341932071062038,0.1808253797896571,-0.18480721624079408
3706,0.14412827153059335,-0.19515512593795145,0.14838513746737325,-0.1493247056827791,0.1922357593709248,0.17206596760697032,0.18073444921746648,-0.18465343929373648
3707,0.1429688804464117,-0.1960267551321805,0.14786852916844168,-0.14921266776059924,0.19085358666912144,0.172620822991795,0.18037269549233265,-0.18505106205449454
3708,0.1431825744325282,-0.19604585363028523,0.14739902267745955,-0.14882133292487795,0.1907711490902848,0.17214638335237825,0.17983185599866672,-0.18419388307976492
3709,0.14270944224843887,-0.19308440350544503,0.14704060704279273,-0.14859189148809246,0.190426062762859,0.17205370811040593,0.1795294181652088,-0.1836495183963349
3710,0.14369778531921432,-0.19617916130236784,0.1474279047587279,-0.15002296014250355,0.1913842612704709,0.17238039805786742,0.18064437938384686,-0.18478876874451217
3711,0.14361878269338146,-0.1965573023149368,0.14760924585896565,-0.14947150837517842,0.1915877653582877,0.1725279895346524,0.18028762841273097,-0.1852012680949269
3712,0.14453000256044074,-0.19645150217421498,0.14897289065313607,-0.14967521941909467,0.1914927182740564,0.17293400376584073,0.18076019452313707,-0.18468047217152964
3713,0.14233190376403215,-0.19449525813466334,0.14635641102605118,-0.14682187000555058,0.1898089321533221,0.1712339471741611,0.17893785682388386,-0.1832274988253441
3714,0.1433645435313838,-0.19382860946851024,0.14784472937237483,-0.14791902383909847,0.19023666191384242,0.17300132694369047,0.18060711281002453,-0.18450665502615488
3715,0.1430153812934429,-0.19441555570593486,0.1475015942918672,-0.14765062866529927,0.19035479514062653,0.17164802882137256,0.18064436633159264,-0.18349932081052983
3716,0.1427771298659629,-0.19542095151126657,0.14683688295361857,-0.14677812068739537,0.191069028744574,0.1723186581946595,0.1802865794401024,-0.1843555717820868
3717,0.1433531135868045,-0.19582957457113037,0.14879345684863454,-0.14943802122157265,0.19008712160642438,0.17292500522229598,0.18039530980006377,-0.18421781385580058
3718,0.14385738217668073,-0.1962546403219627,0.14855028157102979,-0.149778165655501,0.191711653857609,0.1731700299061716,0.18156954797111036,-0.18533576889962416
3719,0.14177072061886434,-0.19307010865739363,0.14703474157833119,-0.1481549873629731,0.18976100046943156,0.1714658943626309,0.1792052415189231,-0.18347466964085907
3720,0.14286837657445386,-0.195101218237449,0.14841327288313427,-0.14946221361334872,0.19111432282945734,0.17295162662495783,0.18088156422364357,-0.18517408221618703
3721,0.14206922902097438,-0.1946257317752488,0.14750624368479814,-0.14797331463518212,0.1901665653571107,0.1720465063852614,0.17931226598910407,-0.18435545308622703
3722,0.14294854883180966,-0.1963675070738622,0.14881584451875546,-0.14864231740571687,0.19087757267276528,0.17349984616527736,0.18095530293719217,-0.18515824180133267
3723,0.1443345883394081,-0.19426108914090034,0.14836674970785016,-0.1490908866487253,0.19064610542083715,0.17244136518039005,0.18104625078477135,-0.1843283570105604
3724,0.14315311471436853,-0.1950950377554197,0.14739533782139724,-0.14847779730075386,0.18940586532451698,0.17235781710155046,0.17965060790441092,-0.18363177818130916
3725,0.1424823702541436,-0.1929325316654893,0.14676588960503287,-0.14770672123251236,0.18882705606834166,0.17144934917769777,0.1793875061058401,-0.18266797186426714
3726,0.1423756764726046,-0.19357761720175498,0.14759798296114277,-0.14774322402424367,0.1891384382990881,0.1720531222915078,0.18003915173315382,-0.18394932994595886
3727,0.14107227708214795,-0.19509943456178414,0.1471188250717639,-0.14756056951281232,0.19198066232528507,0.17138652428667567,0.17968591485535815,-0.18441079242486869
3728,0.14160977889330367,-0.1952930708716056,0.1465258036858559,-0.1473707874268645,0.19046883958628913,0.17115318221691694,0.17948397726228754,-0.18322241534294223
3729,0.14322641132394406,-0.19387854821702658,0.14754496673007475,-0.14825653117470838,0.19173899141662157,0.17226895140617546,0.18045294533280812,-0.1841718357967187
3730,0.14160053870051986,-0.19438352008489884,0.14633406403059407,-0.14721839786120172,0.18882966461264336,0.17180388529088467,0.179251919002585,-0.18306044230887564
3731,0.1440723172139534,-0.1953670854164132,0.14786502177528252,-0.1493939659231556,0.19140707455242534,0.17250060302551345,0.18119939867243848,-0.18523046330903062
3732,0.14361810894953547,-0.194708075589264,0.14772999098201553,-0.14893130135365285,0.19080458640477174,0.17251676458082624,0.1808707105537061,-0.1844153959789876
3733,0.14235215623875352,-0.1939029364036821,0.14775070637825297,-0.14810783546254752,0.18924438206081934,0.17197067323153098,0.18021008359922805,-0.18429195501746554
3734,0.14270411923732385,-0.1960117415313266,0.14747293520545068,-0.14788549745751953,0.19123425905216127,0.172046537736027,0.18031615004464335,-0.18419886098049817
3735,0.14402570986231505,-0.19419011640152173,0.14894525692918523,-0.14925743444092596,0.19055002332821597,0.17320476501202298,0.1812177421180462,-0.18499728784113206
3736,0.14334811308371118,-0.19575565765231728,0.14756964759415847,-0.14869921314889445,0.19167247134989182,0.17268446630380188,0.1801047106924605,-0.18400354021333076
3737,0.14403287707367127,-0.19500847237779056,0.1478607555350075,-0.14975262260681824,0.1908367222551911,0.17283679645727,0.180556736348514,-0.18421441513793077
3738,0.14466607404017265,-0.19543374210849443,0.14858389316149784,-0.1492412072362743,0.19140619457033267,0.1728898968736199,0.1804665292930246,-0.18525331541733953
3739,0.14410036195566267,-0.19559684089187485,0.14815963924732933,-0.1487499224009861,0.19170298913517436,0.1732036586866113,0.18101276009465386,-0.18475233043176642
3740,0.1429908634512087,-0.19494161647462355,0.1480403955431416,-0.14829161695244664,0.19143624698661574,0.17228013206428675,0.18012470066229141,-0.1846812112620108
3741,0.14322171297858832,-0.1961973734722553,0.14830988603496056,-0.14888217558440664,0.1901465565132964,0.17301789639847373,0.1804499910629452,-0.18458662842462806
3742,0.14343241780909569,-0.19532503035957127,0.1476258199275846,-0.14829703693341695,0.19116873008097193,0.17318845494998078,0.18085724973309936,-0.1845238035127273
3743,0.1430578637042283,-0.1949748472730259,0.14730598772572617,-0.14827362683807024,0.19200302237549352,0.17272416014596717,0.18068001618983492,-0.18431030541328433
3744,0.14325107391438724,-0.19406765378420554,0.1471435825916236,-0.1485529679421424,0.18920911706390967,0.17194326182648006,0.18023616952818328,-0.18408699975014617
3745,0.1409733160690562,-0.19349823358065316,0.14612840502009886,-0.1468694910026993,0.18881368990100653,0.17071799295915296,0.17895609139859386,-0.18278923839591205
3746,0.14369135409375014,-0.1969882848511599,0.14779560456008703,-0.15030915783476329,0.19283105782977028,0.17391100583938804,0.1811491687176706,-0.18574944156242512
3747,0.14482919867708446,-0.19585494947109497,0.14916372526139693,-0.15035423091169092,0.19136553224949948,0.1735613620925637,0.18095514488222553,-0.1855570368582597
3748,0.14517456885444505,-0.1969625840784353,0.14866400694155327,-0.1496520016313955,0.1905897101775595,0.17371484654575117,0.1819349903351828,-0.18555277066591497
3749,0.14414774587477658,-0.19636779447940023,0.14922565470173438,-0.14963682992241698,0.1920474882580075,0.17310309942357155,0.1807323058058876,-0.1852832193715166
3750,0.14471406228620567,-0.19570524317947155,0.14894457753791326,-0.14988605445204561,0.19003560757748242,0.17357492680584005,0.18102060639316364,-0.18515505881618216
3751,0.14269361626994134,-0.19547152199418244,0.14682847585631556,-0.14806502214618578,0.1913286057756627,0.1718163283132619,0.1789437829326252,-0.18370762618389838
3752,0.14191219215017298,-0.1964149103446493,0.14722708215332087,-0.14799537204765462,0.19055701148923304,0.17195892429260554,0.18027876052950512,-0.18454679391139783
3753,0.1412032188461179,-0.1951027124531087,0.14701589363449577,-0.1479326031264326,0.19248594452960788,0.1719483323787998,0.17988437032921642,-0.1843174253364767
3754,0.14294874971064828,-0.19548074576155064,0.14749595491385187,-0.14885663518463232,0.19040665118628053,0.172257514320653,0.18014211229603083,-0.18440854181439104
3755,0.14354513864595028,-0.1949438385654126,0.14828847394128952,-0.14896620429188076,0.1903489849488084,0.17265896725860103,0.1806326711291675,-0.18450502315090608
3756,0.14372480124361267,-0.19461116988550292,0.1485222752406596,-0.14960101158377856,0.19311050699728213,0.17303956138304996,0.1810429718113273,-0.18469107516077743
3757,0.14309976366371235,-0.19575913584175725,0.14780114844356945,-0.14922579779461148,0.19123443582090924,0.1728724358246866,0.18035891570849164,-0.18487666607903322
3758,0.14235346157216378,-0.1952569448388333,0.14764609744936893,-0.1487406092261418,0.19221960986832035,0.17247147212280164,0.18013956932557548,-0.1842729057805879
3759,0.14398877519242842,-0.19424729539679134,0.1489605580538306,-0.14948310194081138,0.19048594149324835,0.17278197996424904,0.18126929894105687,-0.18468619072409034
3760,0.1440008111040666,-0.19616276859434226,0.1490099795126519,-0.15007957051358192,0.19408408631998844,0.1735789712494837,0.18184558015877683,-0.18522077621106137
3761,0.14500985621310405,-0.19703723895533554,0.15015426387101824,-0.1513187494173238,0.19235055857475866,0.17441474913580324,0.18197285235849053,-0.1855395224641499
3762,0.14457943518812863,-0.19548814764744768,0.1489618277067088,-0.15014938727210558,0.19176059159533332,0.17314449760677988,0.1815101400847883,-0.1853108511407759
3763,0.14294509485469714,-0.19502791352172796,0.1477638815919686,-0.14793391821586685,0.18968506150788478,0.17210652243327018,0.180100198817211,-0.18409798965499088
3764,0.1419412159839176,-0.19572828419170676,0.14716450271923945,-0.14723633142688897,0.19164921248355027,0.17219698559923044,0.18018497872765704,-0.18384278550712466
3765,0.14288586448469467,-0.1952533920101795,0.1477368140270845,-0.14791468922809983,0.18944048847689576,0.1720630754130403,0.18021101517033067,-0.18403132311240217
3766,0.14271015380481283,-0.1948768803946674,0.1486209986479494,-0.1485277249276169,0.18992351274598496,0.17210997205699713,0.18031468739732764,-0.18412634004620876
3767,0.14268170851277132,-0.19633096768192812,0.14776792115016865,-0.14800404612142842,0.18926078207162467,0.17318699538368773,0.1811750253108082,-0.18521957426678257
3768,0.14257595091981434,-0.19447717713589652,0.14775214032726813,-0.1480085437071677,0.19065391527703104,0.1720343954461771,0.17984857224391695,-0.18350691169353478
3769,0.14313681996618838,-0.19473286527667552,0.148116852256006,-0.1487527362556488,0.19030726218284652,0.17237924843152075,0.18033842732207836,-0.1843184674953357
3770,0.14370014216153362,-0.1959457337258024,0.14863592308905696,-0.14948532528135958,0.19100730455618756,0.17271351915434824,0.18102354583725455,-0.18468973069579725
3771,0.14254399626512673,-0.19459097459580066,0.14820973839207838,-0.14811963883128834,0.1906510909336929,0.17279745910950794,0.18001019824476588,-0.18448394640864077
3772,0.14296405515204322,-0.1961279017439034,0.14803344255116377,-0.14896988001865397,0.189414343902406,0.17302257577165867,0.18128988205259697,-0.1841924745290847
3773,0.1442452883950762,-0.19565527535893745,0.14783429237606333,-0.14828213991616845,0.19027037430176524,0.1725797089014007,0.18004867239684422,-0.18439566821899567
3774,0.14322866557087408,-0.19591749190480778,0.14907343813251173,-0.14991307292078374,0.1898986146130377,0.17319918701903858,0.1809150172929842,-0.18481040879425364
3775,0.14412192533982404,-0.19701047279775538,0.14868437248997732,-0.150336258652624,0.19287980333118077,0.17414214395118782,0.18180632291387833,-0.1858744494194079
3776,0.14389557421143231,-0.19551928280106695,0.148198020583441,-0.14896983455848012,0.19244033038870426,0.17271950834308394,0.1816102382604786,-0.18491435663186814
3777,0.141839527979038,-0.1946406806303832,0.1471961433814196,-0.14703121793513638,0.19023937124081142,0.1717940907335491,0.17944809414320526,-0.18367731196700907
3778,0.14293285904272282,-0.19484349263433476,0.146694120494098,-0.14774663570211607,0.19074887499177776,0.1722968403276618,0.18046998122099547,-0.18466008183509644
3779,0.14345553808953346,-0.19583543234740317,0.14741204392825732,-0.14850735370295698,0.19289047575220447,0.17218920537361748,0.17988476562751793,-0.1842988294718949
3780,0.14378003372975348,-0.19600945319851057,0.14872841095128336,-0.1496858482605191,0.19094204438990411,0.17308239075327456,0.1815419192072598,-0.18486855265951121
3781,0.142553689448346,-0.1938944813487205,0.14722890358060978,-0.14767365276990738,0.1892650995784758,0.17138025685869626,0.17979803602660832,-0.18348818794803431
3782,0.1432223322790826,-0.19487928281275746,0.1478710051621022,-0.14865265590845197,0.18989766841275976,0.17154917615192403,0.17985400088845105,-0.18413025241826353
3783,0.14313440610676106,-0.1959399956379334,0.14783844574958674,-0.14902516685275397,0.19213103054290595,0.17324315913339602,0.18129419281002612,-0.1851866571310438
3784,0.14191038475378379,-0.19596675807210676,0.14674478855818526,-0.1469704664299572,0.18992128418397972,0.17182128222727483,0.18012849240970077,-0.18394199276784212
3785,0.14511736260185965,-0.1955993987467805,0.14849715058619098,-0.15078214337517135,0.19170439572945722,0.17300704927379307,0.18113786934847367,-0.1851336484443069
3786,0.14432211829982391,-0.19592128817962848,0.1489373672191892,-0.15074667885517212,0.19261388826570738,0.1733730723993154,0.18128430847386176,-0.18484837380905303
3787,0.14337089428567365,-0.19667054716807206,0.14759134735442037,-0.14840583938161322,0.19237237460145387,0.17285959096031744,0.18073555938697974,-0.1849338187663046
3788,0.14427731552165884,-0.19541656048041,0.14898576768752644,-0.14965020964716927,0.1913579141290854,0.17340660645083597,0.18145074450868853,-0.18501880002099932
3789,0.14342876705404273,-0.1952935177817948,0.14784953476890136,-0.14862057988568375,0.19053108716183315,0.17255827034923318,0.18021163942918292,-0.18468256271159214
3790,0.14416788506510764,-0.19524578574666293,0.148084041561528,-0.14990121570526363,0.19174593519221733,0.17346984725859638,0.1808301890553354,-0.18521901949255964
3791,0.14382884630821338,-0.19460437985549767,0.1479493427808685,-0.14773204358771064,0.189464730199983,0.1725471729401907,0.18088134341686998,-0.1842369853770992
3792,0.14383168746954575,-0.19650360486121127,0.1488520359945587,-0.1491249647542339,0.1920152973802123,0.17317645400575563,0.1809580328325146,-0.18539876938577302
3793,0.14131304825554628,-0.1939336126692293,0.14593908949702533,-0.14641941122851226,0.1901222199441929,0.17107065728268842,0.1788979153256394,-0.1834184719799904
3794,0.1435892759959857,-0.19403846510897757,0.14778927690212262,-0.14815113911173158,0.19016983798795087,0.1718629601813442,0.17981781956148568,-0.1839205863888042
3795,0.142640376521465,-0.1955579883678538,0.14715561914815825,-0.14791485114354264,0.19016042168076353,0.17112353817904047,0.17963143995922543,-0.1839022198187596
3796,0.1437812691606035,-0.19554406291202273,0.14831655376246067,-0.14955421207136443,0.19094994398183135,0.1732071090106939,0.18033544357297498,-0.18516924188024458
3797,0.14571070768922895,-0.19542048160030323,0.14989875396130156,-0.15053631555128558,0.1912467070311224,0.17375540148998184,0.18205820469716294,-0.18569855700036894
3798,0.14391810379465,-0.19414041889202277,0.1480354026494389,-0.14838831518407306,0.1916627634802143,0.17199186204090522,0.17943069258760622,-0.1838256640473666
3799,0.1418856993321915,-0.1957993940719165,0.1477874310163484,-0.14808318894118924,0.19051809735721106,0.17200440180724622,0.18035169585599328,-0.18391480711482824
3800,0.14350834731966347,-0.19334363008159874,0.14862395226291567,-0.1485532216335715,0.18841226161771873,0.17234194889556012,0.1803686560134404,-0.1842091113969387
3801,0.14344510623065018,-0.19487721324766807,0.14819095932675486,-0.148709895361772,0.19142583990909334,0.17303050833657954,0.18075812818386774,-0.18426711033784907
3802,0.1439484359292231,-0.19427193991360744,0.14772597790185765,-0.1478400411729404,0.19093494746685075,0.1719939049354087,0.17999755152236366,-0.18404452186374262
3803,0.1433274327934326,-0.19567810035709232,0.14824703836340852,-0.1486095634216003,0.19096116376044298,0.1729848997859249,0.18072567707895046,-0.18459205466535605
3804,0.14239975867939308,-0.19548120229150057,0.14745009245964966,-0.1473870509429222,0.19193787627751513,0.17278859576538627,0.18060719239460074,-0.1846185643111052
3805,0.14265805352210284,-0.1952873554617606,0.14763815863366364,-0.14849556288795293,0.1896257126587253,0.17268931642414073,0.1801876970002784,-0.1843693331110232
3806,0.1425525584426125,-0.19412143614314087,0.14723274977874445,-0.14717589787261898,0.19030848806954703,0.17134239081538297,0.17885850918549256,-0.18354895114923928
3807,0.14319724725111402,-0.19517817596430512,0.14776357790140654,-0.14751886653820295,0.19046929451094013,0.17247811322228335,0.17986501852452716,-0.1846438059179451
3808,0.14327783049949402,-0.19485339075111466,0.14756977903626048,-0.1480959688611646,0.18934443550622534,0.17169126114763392,0.18020545057821732,-0.18389427299807018
3809,0.14304029823122716,-0.1938925924750299,0.14748395157530114,-0.1483236159643957,0.19092956196171282,0.17211547464398103,0.18029382426525747,-0.18420746589775183
3810,0.1445361719465941,-0.19527201437588057,0.14888725952888537,-0.1497451135790424,0.1893988671032227,0.17285915151542514,0.1808613152693193,-0.1849264446625756
3811,0.1428312992962672,-0.19484061972511843,0.1478874099601809,-0.14839520090482167,0.19202544242965763,0.17227884130304777,0.18061520257639083,-0.1850293728031217
3812,0.14244146724375284,-0.19407889686190444,0.14700177651181087,-0.14663759026374332,0.18805997292760435,0.17126124745711807,0.17899566348270352,-0.1834274677239705
3813,0.14328276646737276,-0.1937650030933125,0.14769066843329512,-0.14835768414390055,0.18952188423465685,0.1714276637693911,0.17966845661241296,-0.1834324169746314
3814,0.14215290660419455,-0.19618740758406905,0.14823074232216146,-0.14843958104575788,0.1902594526956108,0.1734100830862268,0.1810540746604526,-0.18503554149720192
3815,0.14396572220901876,-0.19640911169985228,0.14794331926186297,-0.14850440187652456,0.19089848433690076,0.17216625516590034,0.1803594859400592,-0.18430610338970396
3816,0.14304647338521995,-0.19325930995865537,0.14740500483650704,-0.1487647802309296,0.18875821717208538,0.17203427407227115,0.17932841371146246,-0.18392022025638674
3817,0.1459018337602979,-0.1958432524046051,0.14956553467627604,-0.15017856496970533,0.1915181080103558,0.17457888180029135,0.18193161971690738,-0.18597504710203303
3818,0.14278340103893183,-0.1955179481574778,0.14726650999465976,-0.14937475007915513,0.19058520699174566,0.17234508577017627,0.18046185866574763,-0.1844349483942525
3819,0.14329277993547515,-0.19476200120617929,0.1479328051280934,-0.1488575333924719,0.19052279849359544,0.17254927020694402,0.18062941819154363,-0.1850291218209361
3820,0.142814427440241,-0.19465882727743683,0.14746442130856563,-0.14714180829489082,0.19017218204376488,0.17217933755375756,0.1799487179146348,-0.18471460022718061
3821,0.14286410747057113,-0.1946695079304111,0.14744659553621597,-0.14905420677678743,0.19104139047349006,0.17205886288074662,0.18030919871059942,-0.1842820073913109
3822,0.1433553468737029,-0.19471793980076024,0.1477572091258393,-0.14825660278855685,0.19109542459097784,0.17260802784132556,0.18006803227547535,-0.18429526085103712
3823,0.14561465332396994,-0.19616295047291368,0.14961339787930938,-0.15110358256185086,0.19172002001692545,0.17422684928706314,0.18144208404408707,-0.186203386479824
3824,0.14410570067307718,-0.19603003285042458,0.15033556800637007,-0.15029583524165577,0.19072689263087986,0.17424588704620442,0.18234182933722903,-0.1861428810312674
3825,0.14373521060135155,-0.19537979772004546,0.14843271446202666,-0.14884067918831448,0.19086620768690213,0.17281371302278603,0.180364671344175,-0.18454581370529077
3826,0.14310190889778426,-0.19487420033697597,0.14718043166269928,-0.14808741823192603,0.19233513894474286,0.1722740435305961,0.1803301876586732,-0.1844088159879766
3827,0.1439726692845988,-0.195166628569229,0.14787347781960075,-0.14931124341497473,0.19053881426065128,0.17252613293567853,0.18041155865654082,-0.18441900834245845
3828,0.14358014417924747,-0.19495697250933333,0.1472864506865581,-0.14825558200383374,0.189209928722949,0.17213093983435357,0.1796167925809965,-0.1837178156108139
3829,0.1438834950172101,-0.19557299766394257,0.14838844003503052,-0.14874549764631592,0.19113823185959963,0.1727564801299767,0.1807631273528437,-0.18429405710822264
3830,0.14129964801390846,-0.1934406651557487,0.1463921133816703,-0.14643405624806574,0.18847293512802848,0.17109733697714163,0.1790356334075066,-0.18314937030791276
3831,0.14191778306024008,-0.19473735494920255,0.1466742994128428,-0.148348967491583,0.19020502056061064,0.17146871063554822,0.18043666221000396,-0.1840581383061088
3832,0.14498502758375442,-0.19737834406288626,0.1494652014503745,-0.15060966770312367,0.19215777795926023,0.1738087080208517,0.18252047748939632,-0.18591884375483103
3833,0.14451248293653016,-0.19516526451291732,0.14822590394474586,-0.14874090265376008,0.19072694202752008,0.17223876798592894,0.1805720892926134,-0.1841984467246479
3834,0.1426336942391065,-0.1959460089446157,0.14697644175602267,-0.14722948000746747,0.19199554558618387,0.1722422721050376,0.18062871277104997,-0.18422607320035414
3835,0.14225245131903802,-0.19619831100617818,0.14807602791953547,-0.1480486770578812,0.1921753559853944,0.17304255851892061,0.18103975453738258,-0.18468666935004738
3836,0.14480137874605048,-0.1959557030938023,0.1482197516977727,-0.14969515561210367,0.19141548348365217,0.1731706347279726,0.18035673556901943,-0.18548497970373443
3837,0.14320278600830233,-0.19502034836806195,0.14748303210644623,-0.1490232843844278,0.19125653125282036,0.1724527334474088,0.17959572031166077,-0.18386742879094403
3838,0.14549390203912604,-0.1966126144816644,0.1488586581791677,-0.15069696322591314,0.19104073508626937,0.17378062443192255,0.1812360585367074,-0.18567500196571302
3839,0.14428579565759764,-0.1958380454878412,0.1489914764806808,-0.15003413296094867,0.19231422245356036,0.1737396047127848,0.18144240883832066,-0.18498572015132428
3840,0.14249937065621365,-0.19481164103456391,0.1483275495481007,-0.14898594656233982,0.19118666289541708,0.1725740807832225,0.18025537673806946,-0.1844202020024324
3841,0.14454109738544355,-0.19540104553776108,0.14833690846138775,-0.14944264915783978,0.19012353882832775,0.17242277224506217,0.18063885638436095,-0.18487242020380223
3842,0.1430474353637181,-0.19435376684388592,0.1471194520805883,-0.14888167724373533,0.18898898968999597,0.1721012515682456,0.17984169653600898,-0.18427988806763393
3843,0.14399818302795123,-0.19563002924590156,0.14866845493225753,-0.14808737747476308,0.19234016955808178,0.17271695704607448,0.18119200417118006,-0.18474308199541892
3844,0.14361529128481829,-0.19584576016817984,0.14748950963239296,-0.14951407176066142,0.19228817188424163,0.17258792421862199,0.18052682126210817,-0.1842942453307638
3845,0.14255611891806394,-0.19261826089937298,0.14656622141237202,-0.1478235704912259,0.18944998578807762,0.17104401519806126,0.1785793290462641,-0.18261816653303675
3846,0.14327543715894395,-0.19513289165635705,0.14757593197735555,-0.1488235056179689,0.1894878017389902,0.17231195645144004,0.17991186229076994,-0.18409722780188997
3847,0.1435694766878216,-0.19429885613604048,0.14810922182141698,-0.14852156431529764,0.19062465596604236,0.17230805342835484,0.18041930839176645,-0.1839877999822098
3848,0.1446957828577906,-0.19459862729869518,0.14891100690350453,-0.15054764458801007,0.19040268883154124,0.17311315588015627,0.18111952355454464,-0.1848370396132198
3849,0.14348055481794494,-0.1937234706929323,0.1476781496234634,-0.14770421426087882,0.19043715787206472,0.17247305386766246,0.180833036239803,-0.18449227803018384
3850,0.14227279786371913,-0.193662363402487,0.1473473441953901,-0.1477897521796861,0.1903531827673579,0.17229976572886407,0.17968681650918075,-0.1840773458865742
3851,0.14412084201146205,-0.196126863566704,0.14809688559455658,-0.14954719109115927,0.19236826940677673,0.1730358395298798,0.18123777282565667,-0.18572054450951142
3852,0.14287292375642477,-0.1932187447764802,0.14728892116691578,-0.14870113048118613,0.190586558280317,0.17172715714678832,0.18027436812877304,-0.18381062170547907
3853,0.1438303446233307,-0.19531426628342224,0.14891148320543415,-0.14962877448682568,0.191705620852246,0.1732379767674153,0.1808991123857793,-0.1849680627863803
3854,0.1437724622947549,-0.1943295677580714,0.14882098652624376,-0.14909533423116467,0.190671922221355,0.1727754241336286,0.18055834459381695,-0.18439084493581953
3855,0.14414822124085128,-0.19528892700007033,0.14805739258455622,-0.14865277385427753,0.19127131384819798,0.17272364871500315,0.18042285918307924,-0.18443282365163235
3856,0.14272354609854065,-0.19268052406624125,0.14740533477638362,-0.1479347167353724,0.19049923542618658,0.17179037707777545,0.17949933417294334,-0.18351795010548172
3857,0.14418684133541468,-0.19530330748891245,0.14870662477236635,-0.14833722835811033,0.18980170205025892,0.1724502593371564,0.18078732529515212,-0.18454593956738174
3858,0.1447488253448479,-0.19514952844606825,0.14864720832142284,-0.14928658314104737,0.19153496324025412,0.17296098595982834,0.1808321344909996,-0.184373216521036
3859,0.14219110512487634,-0.19368415059168476,0.14706844808831246,-0.1472638412594661,0.18926243103028323,0.1713229558472571,0.17913343663399459,-0.18292219045574917
3860,0.1419427507673693,-0.19420912643402402,0.14622388885749554,-0.1470072744205821,0.1912132319656033,0.17137011055868703,0.17913604454632026,-0.18307893972334674
3861,0.14483657142109302,-0.19445543396627307,0.14836902902797183,-0.1484001388503856,0.19149142779544842,0.1731388698406577,0.1798009382825475,-0.1848607310916455
3862,0.1431599205944963,-0.19560608230676046,0.14703927798802682,-0.14782490197544473,0.19181010169523785,0.17202921656465076,0.18056360269296898,-0.18390885887267144
3863,0.14408943173829186,-0.1944207909871095,0.14882832113254757,-0.1496219579471417,0.18897893926314369,0.17266217757644006,0.1806186974940488,-0.18363664916398556
3864,0.14326181170409494,-0.19459692869912584,0.14753392088677983,-0.14858824337414492,0.18966759472160416,0.17166187736074393,0.17983613080901426,-0.18417177862161493
3865,0.14510864117332753,-0.19695072858086923,0.1492013095644363,-0.14990861184243176,0.19209737251672118,0.17383868734607172,0.1816980697682497,-0.1861563628011408
3866,0.14397070549262536,-0.19674364155955607,0.14898477714883757,-0.14995953027737707,0.19092073493979084,0.17369617708302443,0.1810990338551894,-0.18542628834340094
3867,0.14486113173131757,-0.1953424156547802,0.14879968131675403,-0.14961803557049339,0.19180232126307492,0.17291921525561815,0.18120051753092253,-0.18475558133913797
3868,0.14128122616148225,-0.1932205955992333,0.14615419952754877,-0.14615547920710725,0.19043293430396094,0.1705822583310485,0.17840955211923726,-0.18229388607977598
3869,0.1423909455766785,-0.19519526088670852,0.14737274910217607,-0.1484357498882484,0.191653038208672,0.1726670366252665,0.18038775692871065,-0.18426295847867968
3870,0.14320763591910315,-0.1952409770380375,0.14829036393809272,-0.14867268045213783,0.19219105675448336,0.1724400961767739,0.18056825031702567,-0.1839680811727873
3871,0.14473271194517554,-0.19589633586636124,0.14826732105863322,-0.14971820012838907,0.19149019388624472,0.1727431525499391,0.18031790789647642,-0.1845552877036926
3872,0.1439101280547357,-0.19492125508465438,0.1483430481351829,-0.1492797935611205,0.18982310765362698,0.17270365702977616,0.1808467273907498,-0.18463941121120692
3873,0.14376533000645275,-0.19448353146803823,0.1487088064224155,-0.14870015503995992,0.19089997428339633,0.17287446889087102,0.18067930698911963,-0.18473913170759249
3874,0.14209753025109695,-0.19649377721573635,0.14764434244458352,-0.1488874359491605,0.19162736906873454,0.17264350712381718,0.1806449215984482,-0.1849135920304734
3875,0.14391464346020744,-0.19487196981096017,0.148206042405689,-0.14895452082187485,0.19058781574522815,0.17256405584692824,0.18027524243554105,-0.1847852691339467
3876,0.14517796502011804,-0.19534250251257948,0.14940782292721744,-0.14951189096595166,0.19023025537070834,0.17305801833997175,0.18151361943382896,-0.1849394296052826
3877,0.14204865317302848,-0.19406327620543373,0.14657202496403499,-0.14857297772107939,0.19130355098832058,0.1724190316775052,0.17978490270459455,-0.1838671446645306
3878,0.143818496923551,-0.19672443667489795,0.1488919289474817,-0.14953338536701224,0.19183658206239682,0.1735877972661526,0.18099507387916378,-0.18509578587600622
3879,0.14366537678904046,-0.19564331318222195,0.14814801029061736,-0.14830819441313112,0.19038070640965915,0.1722258961179785,0.1805775077009009,-0.18490780850006863
3880,0.14330651972479827,-0.19470174426088233,0.14771430788832401,-0.14910960765364326,0.19136326603554507,0.17271864888531288,0.18066941420374721,-0.18468295053463318
3881,0.14206643051162965,-0.19524856604121757,0.14770535092153148,-0.14850804639722978,0.19091828949217615,0.17303453716585562,0.180947442521519,-0.18523016407713216
3882,0.14175552881427497,-0.19460390203387512,0.14709743259491898,-0.14854055188574358,0.1899383842904597,0.1720589756205268,0.18033940962248554,-0.18410719231667708
3883,0.14383315374685227,-0.19455786967114355,0.14802350408646023,-0.14894840770570347,0.1895489196906349,0.17206100714349465,0.1798949796826922,-0.18389330320226163
3884,0.14307461986368514,-0.19493517873653235,0.14855006735684514,-0.1498644304605558,0.19260981191409526,0.17281928897844562,0.1816867835002176,-0.18506255905458813
3885,0.1429452915853204,-0.19682482569403295,0.14811757729077565,-0.1492772139066667,0.19200794881545571,0.1722153868701814,0.1805747005111615,-0.18518195729162296
3886,0.14300523018701564,-0.19578430808603092,0.14824624070809578,-0.14857987467682826,0.19142905174793926,0.17329903359950327,0.18055232879818547,-0.18465048034883863
3887,0.1435948429391092,-0.19517210307402452,0.1477162433087073,-0.148139190969904,0.18981881395485983,0.1719178670548312,0.1799527877955925,-0.18388122345186628
3888,0.14325304730430494,-0.19659089124319845,0.14876224910536104,-0.1496850507310495,0.1903477265026852,0.17319712649908292,0.18099277644666406,-0.18495750970302646
3889,0.1444965576919486,-0.1955840557786741,0.14926319015532463,-0.1496762347422342,0.1908134099997779,0.17337429202655483,0.1814561762303963,-0.18568089400928897
3890,0.1424157769722125,-0.19527983586023762,0.1474132525221894,-0.1482612293137422,0.19051687374861964,0.1720239606203598,0.17971162453087167,-0.18417741252238215
3891,0.1423286803291628,-0.19498769160205276,0.14662761169970145,-0.1467693717128876,0.1909827794997277,0.17130472423429458,0.1800033189167158,-0.18383556966713935
3892,0.14310854680248256,-0.19493590459738655,0.14764701543276226,-0.14882110848646649,0.1892909774210931,0.17209930827028402,0.1802301140305488,-0.18410587853703514
3893,0.1432645480130584,-0.19560913122664797,0.1484898156968545,-0.14958145334950054,0.18999081474759724,0.17335687967037058,0.18149498554610172,-0.18540457301479243
3894,0.14403736772947695,-0.19609549048102645,0.14861381424295492,-0.14932472507412337,0.19050796649516355,0.17300295056446569,0.1805922902312728,-0.1851100879282273
3895,0.1433882885601631,-0.19523621289055326,0.14818869989506234,-0.14914276964474646,0.19120444516017804,0.17275174529714418,0.18054201602321035,-0.1844280332513236
3896,0.14403839786981998,-0.19514238519059562,0.1485227174337251,-0.1508273618007386,0.19104982637150406,0.17316932466373197,0.18035254509254017,-0.1842265903866213
3897,0.14248197714603178,-0.19486475281112636,0.14734805792756667,-0.1467737499614725,0.19051713058445624,0.17134479420929696,0.18024334096445616,-0.18361229754058406
3898,0.14365472891987044,-0.1933439767910223,0.147097765213137,-0.14885180526554953,0.19006250341033523,0.1708559127129646,0.17958091912337462,-0.18324075486597985
3899,0.14156346298759037,-0.19599176361671744,0.14611256328326275,-0.14733519227273656,0.18924560188307124,0.1710105520931465,0.1796865497225099,-0.183359717062907
3900,0.1435213547094179,-0.19586265821512572,0.149442443772341,-0.1499813052272739,0.190450113649827,0.17362831089125952,0.18120092291924253,-0.18538890694587887
3901,0.14295246071875128,-0.19648407205744958,0.1481085297321146,-0.14862306156322208,0.19167788091884155,0.17338593379980702,0.18054761728829705,-0.1854654696946709
3902,0.1446506546353288,-0.19575399318736633,0.14846889250166026,-0.14916302534563894,0.19133688181279707,0.17334359186372258,0.18086343116882514,-0.18442613780493522
3903,0.14157773098440368,-0.19363202770741522,0.14653660045175154,-0.14767099996467759,0.19016104359583638,0.1707941537447763,0.1796590791088422,-0.1830977196833222
3904,0.1443147529357988,-0.19595792283902325,0.14856961011290348,-0.14989994828972172,0.19183931049063244,0.17331748988202342,0.18144898339676246,-0.1855790993374765
3905,0.14360620506543792,-0.1957269758632285,0.14807348056594313,-0.1489554179176305,0.1911518294249678,0.1728973052962189,0.18119665359494372,-0.18474710556955504
3906,0.14391648343671973,-0.1947711064346383,0.1480025585731723,-0.14798167250581046,0.1916643872685323,0.17216485498885806,0.18048028558244064,-0.18403595517287896
3907,0.14227382438590822,-0.19376888888876695,0.14671976490677996,-0.1466925718536608,0.1893712663546502,0.17158763330370766,0.17931858909004073,-0.18326054670242697
3908,0.14470520901036274,-0.19598354653135253,0.149119828219241,-0.1491823789087688,0.19138022389216383,0.1736899936412572,0.18061115797376479,-0.18515799821664536
3909,0.14367051794039185,-0.1953911002044046,0.14890237475057913,-0.1493995607738141,0.1914306515320118,0.17324012853639686,0.18181221382008028,-0.18517822960936398
3910,0.14325300131465024,-0.19539671145943693,0.1478524515103835,-0.1487627386087446,0.19123387309879816,0.17256328670570562,0.18046923344370897,-0.18414272524122383
3911,0.1432553390882929,-0.19477365259595777,0.1478287966324031,-0.1498397713058355,0.19263549430274543,0.17241789418064093,0.18088625416119722,-0.1841635217297165
3912,0.14289029760728633,-0.19570318484702795,0.14834033830112164,-0.1497939920717535,0.190742133348888,0.17230132018478994,0.1804453650535792,-0.1846655969302881
3913,0.14121463908636114,-0.19292559487476557,0.14607581578999151,-0.14701165752046977,0.18904250841736184,0.17072721791018006,0.1785269625022381,-0.18231540531232335
3914,0.14410772309411138,-0.19494428294100505,0.1484766909731666,-0.14946504453622705,0.19103257987948147,0.17259423493776693,0.1803574526791707,-0.18480405593076268
3915,0.14439654386674425,-0.19558084600637649,0.14882307580455986,-0.14945961523603812,0.19089668569015777,0.17311323019543357,0.18137901265749265,-0.18520840997618015
3916,0.14359964642321063,-0.19563193054651995,0.14827657441254244,-0.14997893386384378,0.1908638348693524,0.1728651651157913,0.1803771773115407,-0.18467536984409322
3917,0.14331053639622363,-0.19397186133920266,0.1482709885089563,-0.14824890376600058,0.18994359722457183,0.17214911280121845,0.180110517522438,-0.18458552290014318
3918,0.14478837915557005,-0.19457970422907095,0.14815481697985772,-0.1486237403315628,0.18963876718907702,0.1728054294053642,0.18019140414184134,-0.18477181020002267
3919,0.14297963844971492,-0.19504525071715614,0.14765502628445576,-0.14804692802029085,0.19075465195289457,0.17246813239355738,0.1799150083017553,-0.18428306961086158
3920,0.14282040013461553,-0.19399721737490422,0.14656815534662232,-0.14888929631253922,0.1898501766019001,0.171331896896566,0.1795262264457794,-0.1833299119959237
3921,0.1426555830035437,-0.1936600534323861,0.1475913405715571,-0.1474448524959646,0.18879175610040197,0.17163037635018824,0.17947125620172658,-0.1835796921725714
3922,0.14414225301504033,-0.19499394160250152,0.14830993272780693,-0.14867203530355572,0.19208337593248823,0.17268644007742626,0.18000558792006893,-0.18484755701838354
3923,0.14441205169643184,-0.19690106106369268,0.1491099385741596,-0.1488272329139752,0.19163500698324615,0.17331483888877772,0.18148530636665117,-0.18562298242308328
3924,0.1424541479869359,-0.19421062809849118,0.147571170392427,-0.14761648922899742,0.19036052436880777,0.17201328139447988,0.17996751378746545,-0.18360606371554572
3925,0.14296816576684385,-0.19649232266451686,0.14847415978145476,-0.14988025991011703,0.19172403408291805,0.17285112693751992,0.18082712786986674,-0.1850062769382161
3926,0.14276131420313024,-0.19511037310369603,0.14762833845099063,-0.14901811450352972,0.1899606428349757,0.1718019843458127,0.1802610203501285,-0.18455815615295804
3927,0.1436487121471885,-0.1942764703289589,0.1477804286103264,-0.14993079452167823,0.19044118912757385,0.1721357539969088,0.18055363379516426,-0.18379519725501534
3928,0.1438928050724294,-0.19308604738817692,0.14829199986051173,-0.14958932329720326,0.18966183292969038,0.17230726715931982,0.17937510679447238,-0.18378861959358667
3929,0.14278983868670553,-0.19530907401351172,0.1479778904023419,-0.14863512949732077,0.19085518478284547,0.17279724889328413,0.1806443264129559,-0.18458043629923573
3930,0.14545549579244677,-0.19610420937814255,0.1500674762913834,-0.15093227716489965,0.19176655063748993,0.17392321665882216,0.1822067106653705,-0.18569176239439908
3931,0.14362291590330092,-0.19629914251006284,0.1484889449821334,-0.149645267981359,0.19227358880897014,0.1733609366362785,0.1811164067379997,-0.18510226350125056
3932,0.14300742750453452,-0.1947978961011601,0.14763274119421702,-0.1486382712939687,0.18909533074285606,0.17269136669895546,0.1799347461786734,-0.18397286822112294
3933,0.14197873915779158,-0.1944236597925695,0.147565269102464,-0.1474196376647619,0.19017498288721293,0.1717420474871791,0.17979880355355896,-0.1835136414115562
3934,0.1426491535171147,-0.19470565010213745,0.14722643532541363,-0.1480079191079795,0.19033012388364948,0.17162922065843897,0.17978838436619884,-0.18346645724338706
3935,0.145161163011238,-0.19622892137559486,0.14973910167737736,-0.15053947672882012,0.19102358018893106,0.17390962779103258,0.1811954761474394,-0.18538680634619492
3936,0.14259571856910921,-0.1954475427505374,0.1474203678588347,-0.14831920934995088,0.19182832321409107,0.17221692753009366,0.18035357193840296,-0.18430018664629083
3937,0.14449254756376792,-0.19686075596636382,0.1482533667154231,-0.14766483961144372,0.19034978245213743,0.17324249412762197,0.1807693058633928,-0.18517836035051785
3938,0.14298049373476707,-0.19643202170392915,0.14824851104629894,-0.14769709506218465,0.19276846128825736,0.17248643288988927,0.18088347600667753,-0.18493486136156329
3939,0.1437106622378798,-0.19557284037890968,0.14841785325868426,-0.14901888636261146,0.1913162187466159,0.1726613056191222,0.1806639574441199,-0.18498236302977203
3940,0.14398873314268446,-0.19411026670002224,0.14813172088040563,-0.1496919335417169,0.1901451728837194,0.17273505515154441,0.1802850409874193,-0.1843728045839583
3941,0.14411626132457933,-0.19313518038666042,0.14743187439462999,-0.1487953250154254,0.19135728494091683,0.17175576207624813,0.17949721913268143,-0.1839449568069356
3942,0.14369590540765714,-0.19539757525908175,0.14890841123767246,-0.14890646393447363,0.1911316190244251,0.17339202461864384,0.18068819146013734,-0.1847589596103242
3943,0.14264794260534833,-0.19304508330999398,0.14760265696472594,-0.14841877134031878,0.19068094618903986,0.17170337584014458,0.17990924125374333,-0.1837173877041766
3944,0.1431759595208295,-0.19593901189570131,0.14851606049853736,-0.149872797270307,0.190706708180551,0.1732708538815345,0.1813377491741572,-0.18555586217276338
3945,0.14261098345050569,-0.19635614831002474,0.14896523527445216,-0.14972399616051418,0.1906852324868525,0.17369234867193648,0.1814006083226762,-0.1854487642125531
3946,0.14418938290457592,-0.19510157361655772,0.14817897176735056,-0.14957174205272922,0.18963279119452192,0.1725297782343527,0.18041697615395505,-0.18454127520693198
3947,0.14440761893520493,-0.19485654669084881,0.14915972506279085,-0.14970634184868495,0.190375061729447,0.173377495028532,0.1810685372363168,-0.18472339134089819
3948,0.14069810440435762,-0.19552069447566273,0.14662655227459254,-0.14766999180382415,0.1892401120063442,0.17148241967038186,0.17900484971534947,-0.18379379737565715
3949,0.14214234529902206,-0.19545237925330539,0.14696396599791337,-0.14847192545891055,0.1905031373258452,0.17205138199319078,0.17953482409393298,-0.1836456717271711
3950,0.14425433092322523,-0.19553357745649164,0.14847483871645462,-0.14939443239577718,0.19148782251594232,0.17307493715138497,0.18137331039285515,-0.18534784925796904
3951,0.14490331800462297,-0.19663763137887091,0.1496087318261279,-0.1502049442641498,0.19175469520986715,0.17419207383513305,0.18242417448460535,-0.18566357664552707
3952,0.14430996945549615,-0.19603512223181296,0.1487670597250779,-0.14914790703903444,0.190625620641416,0.1732010826518409,0.18068247161172973,-0.18476786693388916
3953,0.1438794251402011,-0.19566387901183888,0.14875006604418373,-0.14935910779153422,0.19085153216219858,0.17355670947446514,0.1819119389986428,-0.1850435906026384
3954,0.1437499746886776,-0.19528651386045623,0.14874799130958663,-0.14927207102782003,0.19133094868299813,0.17325816444314884,0.1812619190250395,-0.1854285336744969
3955,0.14399620901820356,-0.19534422214752337,0.1494679306525262,-0.14931072505032678,0.19127190307763395,0.17323363762092742,0.1811808082853258,-0.18507628239367446
3956,0.14446997630828295,-0.19617299882406436,0.1489634609370911,-0.1502121337554275,0.1917801278281819,0.17358147339225363,0.18153763943489337,-0.18536089224825958
3957,0.14327592010808893,-0.19407398062947723,0.1481313657947034,-0.14889402260528514,0.19054277064274203,0.17242227911954755,0.18067583659037698,-0.18481126572830786
3958,0.14346758290243777,-0.19448552388949844,0.14759248234708888,-0.14843808842910164,0.18916912811357336,0.1719393960450018,0.18047425457117353,-0.1838939785859203
3959,0.14419021187814382,-0.1964223694001409,0.14873514064995239,-0.14990681649602075,0.19248521846855915,0.17341220990899578,0.18159722019479707,-0.18537575813965407
3960,0.1423577016881798,-0.19539783792007873,0.14799596562370576,-0.1481678671419641,0.18948293063942223,0.17227739698751562,0.18040882239591952,-0.18420729603594174
3961,0.1432314845794256,-0.19495072469933944,0.1482897678628411,-0.14955158925516496,0.1901220074944741,0.17294761111479742,0.18015073011631125,-0.18424311157429069
3962,0.1430531159690781,-0.19474452220555344,0.14793426824450698,-0.14895545543257602,0.1892662146796544,0.17265107920436948,0.18077585137401767,-0.18457029122349053
3963,0.14299123849392895,-0.19429540379499793,0.147737281649028,-0.14789336897393254,0.1904603481142231,0.17226116471256647,0.1798300603421215,-0.1841588781240643
3964,0.14305770269445583,-0.19494236461963366,0.14738321952025796,-0.14870632166559564,0.19055994541832427,0.17190342331422478,0.18045189998738997,-0.1844415171528808
3965,0.14291637939240429,-0.19418400870688687,0.14726065844291253,-0.14744237874078195,0.18972441210032148,0.1717989694797337,0.18025865871741142,-0.18407183762361867
3966,0.14346056431394086,-0.1956167528058863,0.1477496432770325,-0.14847630605702472,0.1911204651449236,0.17264395140520725,0.18087909971318422,-0.18450623072028774
3967,0.1428856409259875,-0.19497799597149781,0.14819140770240977,-0.14838246923638496,0.18931155219171458,0.1723295477234787,0.18002891999429566,-0.184662036593203
3968,0.14285787793411894,-0.1953479825907129,0.1485763275375039,-0.14890905645688018,0.1901512394884722,0.1733001527186919,0.1806499347223882,-0.1848595710035234
3969,0.14321360090991447,-0.19528343957136302,0.14752224264299832,-0.14859178751843125,0.191750963465769,0.17211744298648643,0.18093355152957175,-0.18476314819095083
3970,0.14248779071581918,-0.19424401318375156,0.14726582472793395,-0.14753770850980752,0.18866699388946406,0.17163577803158975,0.1797481053612832,-0.18337160305827455
3971,0.14311997069131416,-0.19521314112549376,0.14715903509202172,-0.14926188136891205,0.19185244679516128,0.17190608015169026,0.18041999056228075,-0.18419268941189215
3972,0.14322031148258177,-0.19311998324576532,0.14699961761744385,-0.14803007924760858,0.19068450309813237,0.17175086188563324,0.18034346596345963,-0.18362447911651053
3973,0.14384413487808442,-0.19404904493026312,0.1472151752451842,-0.14880747692373317,0.19109815611301473,0.17160040882561778,0.17986908605026705,-0.18432524297241862
3974,0.14142071911659246,-0.19339802263933073,0.14594145732185732,-0.1466725433999885,0.19012528704754741,0.17113020698266018,0.1788328491551569,-0.18326534033022374
3975,0.14254748791129787,-0.1952438312648931,0.1475267345067165,-0.14869085508075952,0.19184637207872202,0.17203946136787732,0.18122223405748236,-0.18428870187522658
3976,0.14237162566590866,-0.19440951358362807,0.14703333549571998,-0.1483355200413059,0.1922889148930588,0.1720833236498508,0.17987931739039165,-0.18401467244237496
3977,0.14329812833465394,-0.1960593563158325,0.1484867482850555,-0.14954213378870793,0.19115533408851507,0.17324043965246355,0.18156376134982719,-0.18532952075031187
3978,0.14343445230119384,-0.19536883861527637,0.14816435554377236,-0.1477337895667021,0.18893796172005384,0.1723749224130342,0.18052525278080428,-0.1844737249349839
3979,0.143135057187611,-0.19467735652353854,0.14784479028031117,-0.15006970888271728,0.18934561941970238,0.17254175705273092,0.18017489291059463,-0.18412751002162525
3980,0.14556447631956357,-0.19695805954232098,0.14975212894917952,-0.15023867628889345,0.192551238622829,0.1745843222772451,0.1822622873495174,-0.18572541025404773
3981,0.14295458204160466,-0.19458371399686028,0.14746811329114382,-0.1486311684639124,0.19225735971089056,0.17260700840527463,0.1806974209411014,-0.18445902698087926
3982,0.14273686509254102,-0.19372780550594187,0.14795488014254923,-0.14880637874403949,0.1912918670710034,0.17242862710749227,0.1794003344254804,-0.18360668619626747
3983,0.14512541974983992,-0.19557876892277698,0.14909996989901944,-0.14983575960994652,0.19210394191079716,0.17320067189364385,0.18120036390469726,-0.1854304937437261
3984,0.14287937281292248,-0.19516147154536642,0.14776876540897244,-0.1483275092451933,0.19018312783894156,0.17260428692503993,0.1802929871721626,-0.18376398539171393
3985,0.14325769541367095,-0.1961073115861949,0.1485267328967491,-0.1496578802098062,0.19155039194926982,0.1732340647245561,0.1811132329572865,-0.18572699939143944
3986,0.1433965949396704,-0.19507379369713718,0.14798307666746716,-0.14903319767349027,0.18987550635524458,0.17199486979763678,0.18005329817343002,-0.183909570362513
3987,0.14465615088855344,-0.19487587615991572,0.14908689519399945,-0.15071025371097188,0.1907447925614493,0.17369675985882022,0.1806295473908264,-0.18498860487672703
3988,0.14423091681155445,-0.19612781795536569,0.1489818270293418,-0.14857279840802964,0.19154305704549354,0.17291594993638187,0.18106287720819148,-0.18499394200280703
3989,0.14373658335133568,-0.19526614559574837,0.14748518753746895,-0.14897704559619712,0.19293864722601548,0.17235679855953506,0.1803400887898163,-0.18440009336828866
3990,0.1445534818239844,-0.19627074692675048,0.14915483645596886,-0.14987056273230018,0.19250389445880747,0.17364954179203812,0.18166165367141313,-0.185279357264078
3991,0.14333994499947011,-0.1964343096505323,0.1480666120000309,-0.14902558417157605,0.1910228366416093,0.17298713912605482,0.18115414092403512,-0.18459042220199476
3992,0.14569347400492214,-0.19718284176246922,0.1495850083141872,-0.15095130625283107,0.19223345538082187,0.17435664491013939,0.18246528444222593,-0.18639921165530118
3993,0.14385330403043012,-0.19443253410072897,0.14735808270877615,-0.14948299148076272,0.1894299189377189,0.1719397135541395,0.17994948851619558,-0.1841968879856473
3994,0.14346686387835417,-0.19443162380724835,0.14780114071094158,-0.14894298838702255,0.19209758406502003,0.17265052469922415,0.18050901720999596,-0.18485026790710424
3995,0.1444147384195375,-0.1961948390839319,0.14834156593550926,-0.14912618828689564,0.18995104598140033,0.17278549893171055,0.18137279683791124,-0.18490582821650958
3996,0.14521507520090912,-0.19530356987240874,0.14791348610657998,-0.14906346334130283,0.1914123696392446,0.1725509969212453,0.18102713045162402,-0.18482081565050607
3997,0.14204435126160958,-0.1941468590302933,0.1478803388490394,-0.14775842192493913,0.18938091586079434,0.17203163868848875,0.17987260835002583,-0.1837300495312871
3998,0.1430183508791057,-0.19633848803350795,0.14817743966213726,-0.1501395561033268,0.19179605361347188,0.17224800936734946,0.1804626590187054,-0.1843794968771653
3999,0.14400457254578888,-0.1950960203980715,0.14866354762558762,-0.14902808572387685,0.19129335653268775,0.17280748679245483,0.18116572037047063,-0.18484312550724868
4000,0.14410625799759155,-0.1945057210089074,0.14728841768539142,-0.14855930527095282,0.18968453165137933,0.17224427035806156,0.18002557584746778,-0.18447115296070996
4001,0.14282257960946718,-0.19370868330216154,0.14708376806562745,-0.14690588461401574,0.1912502004069154,0.17182763676533983,0.18002728875487548,-0.18368571903228248
4002,0.14333481751058225,-0.1949880275110014,0.14738681263921605,-0.147348018139522,0.1895759373118093,0.17185971439749861,0.1798394579672436,-0.18411524618121147
4003,0.1444630056331764,-0.195066338986901,0.14797005428005797,-0.14829024871932522,0.1910103512074609,0.1725335109548896,0.18058896968084154,-0.1847418800743794
4004,0.14286810254582868,-0.19496171039260163,0.1471629858250695,-0.1482098611546876,0.19260238428790477,0.17193009826669203,0.18013892928227343,-0.18416785276328482
4005,0.14417736627662475,-0.19520347951562375,0.14764170556832704,-0.14890948312416694,0.19033136790103536,0.1726449130443178,0.18120061697186943,-0.18485118849445162
4006,0.1443424875094527,-0.19440671930624695,0.14851657779450028,-0.14938446816898474,0.19045191663209304,0.17296495286298325,0.1809008293427256,-0.18455279512662473
4007,0.14314132815580416,-0.19440312814450358,0.14700100073681066,-0.14825108651772628,0.19027298136351725,0.17192839045825264,0.17948701143357532,-0.18361553969384542
4008,0.14207789117512434,-0.19534534675513957,0.14786706007904885,-0.14891386532517253,0.1911469840321968,0.17272368209594596,0.18052354720095237,-0.18467298523926184
4009,0.14503701904979957,-0.19753644543864893,0.1481115913313323,-0.1494464272671443,0.19159447222914305,0.1732245284134468,0.18090245771189126,-0.18524214376987658
4010,0.14381395882818934,-0.1964339239623551,0.14801600600038942,-0.14872695255183638,0.1908519673641322,0.17284209441453857,0.18058333619190126,-0.18504700953846412
4011,0.14177767447499418,-0.1952029231232144,0.1465413645954234,-0.14768665907059791,0.19094131728505626,0.1714301093791575,0.1787244434317107,-0.18292163339934772
4012,0.14255753131489998,-0.1963256835492436,0.14834984624949513,-0.14855787164937911,0.18992488557283546,0.17302261616870102,0.18039740778097924,-0.18484277952610104
4013,0.14420597429567084,-0.19577416085942062,0.14843510467628618,-0.14878399904537135,0.1925004254849193,0.17274673865049583,0.18099476379370474,-0.18498322960345273
4014,0.14205098224334795,-0.19536950618889845,0.1456191642871148,-0.146508089912402,0.1907463559519113,0.17033795769117185,0.17888093224398752,-0.18300340090983847
4015,0.14454587386088724,-0.19368192920537014,0.14965657586732187,-0.1502150043936336,0.1908473421947172,0.17355454146964494,0.18078978816995478,-0.18473961258205768
4016,0.14352283553881695,-0.19463153490563828,0.14797043894606088,-0.14915172455385212,0.19007564554253656,0.17271708778377756,0.18014380847092376,-0.18449772604969195
4017,0.14278251501498485,-0.19563344746033595,0.1483520673665203,-0.14913110595383375,0.19137766974240997,0.17296639753728404,0.1807718825868214,-0.1849094621672527
4018,0.14330110412946734,-0.19525249984781085,0.14812801185168242,-0.14925782778125843,0.19076467798841273,0.1730651013948038,0.18095560645769393,-0.18506039671230462
4019,0.1439706215145883,-0.1944487556326494,0.14837846304947452,-0.14766303157332036,0.18898759152509348,0.17211176761471966,0.18065871707603295,-0.18421063501622992
4020,0.14332275367294534,-0.19495718863132355,0.14733399075190715,-0.14858121725117343,0.18991427819273843,0.17215097006188176,0.18018916187220246,-0.18408929684546638
4021,0.14150156064160005,-0.19528163857403008,0.1466053711006684,-0.14698893313216913,0.19082360425652897,0.17150332407024682,0.17960465901956138,-0.18333969493291025
4022,0.14381096574713664,-0.1958451440929429,0.14800335560400538,-0.14766183130731889,0.18955326196889663,0.17245646808358037,0.180595461453597,-0.18425088797689426
4023,0.1432599998500821,-0.194994146206077,0.14706649709438413,-0.1490792362861697,0.1914928830125826,0.1720145356738356,0.18065924649705825,-0.1843097368931179
4024,0.144566844211077,-0.1950466134513767,0.14919629902206685,-0.15019226263141355,0.19017040975716443,0.17300000059632475,0.18120068619956348,-0.18490419393238242
4025,0.1431486064462753,-0.19473074092156117,0.1493315731674109,-0.14962281857011467,0.18974420797850686,0.1732300873898923,0.18106167225560166,-0.18482190744722357
4026,0.14062623854144682,-0.19418594341506754,0.14609315073078033,-0.14701646751511466,0.18912613572333825,0.17073465793377224,0.17855777916886084,-0.1831266261270867
4027,0.1441098725094043,-0.1969041371007319,0.14811153829092705,-0.14945344094354043,0.19182004841337752,0.17323739009258793,0.18136313481876148,-0.18541759993546617
4028,0.143468667544416,-0.19477371863567733,0.14837599446904,-0.14934831101131232,0.19189022470745093,0.17265812622811746,0.1806884849156374,-0.18481983527791349
4029,0.14381710789075228,-0.19492943173517854,0.1471673534563628,-0.14893106351960683,0.18909445199737332,0.17154024012372854,0.17943168303121165,-0.1839329366797163
4030,0.14208580312359295,-0.19437037868635273,0.14626586410189174,-0.14735551352448417,0.19029520505562508,0.17140020613010837,0.1789474722419555,-0.18331126112841864
4031,0.14351332391932742,-0.1947267556301264,0.14833515283737433,-0.14877093094532387,0.18973130584192588,0.17285965602641937,0.1805713452434826,-0.18452271157432412
4032,0.1419435544129178,-0.19312821381631973,0.14656725341846422,-0.14754298269804028,0.1894221667623057,0.17116744576046136,0.17934132431533242,-0.1829112961883026
4033,0.14281102834524642,-0.19639851468770633,0.14762986176862253,-0.14879987221745947,0.1897423464525384,0.172306065067875,0.17980366405319229,-0.18398712483087482
4034,0.14332245896090043,-0.19467819813637635,0.14747346208423215,-0.14819761602683337,0.19032188489086932,0.17168288421319675,0.18001338359531022,-0.18364469452278998
4035,0.14307399563878423,-0.19500899256247167,0.14785344593516783,-0.14797088943917344,0.19117682024152127,0.17213613195252903,0.18023242577178286,-0.18435759948205244
4036,0.14360433532410688,-0.19425247747121843,0.14778024135645065,-0.14822827770056857,0.18992136551312905,0.1727353072408278,0.18009196507895356,-0.18468429243731807
4037,0.1433862885395782,-0.19591536740722654,0.14824974091988602,-0.14919393566554218,0.19040817686919925,0.17252487831231297,0.17995904183421046,-0.1849081535852107
4038,0.14222211742221996,-0.19393677788545968,0.14696935814732082,-0.14673458701505596,0.18949624048625718,0.17145292803863837,0.17959536598704468,-0.18362662035003866
4039,0.14402980541900678,-0.1954150939493812,0.14872175052358572,-0.15004051704250002,0.190987904576036,0.17239574466776267,0.1808955025253676,-0.18432237284059352
4040,0.14310591970031908,-0.19407236412343307,0.14839912079126127,-0.14946026773621945,0.18767366663296284,0.17220613050376143,0.17991849075696378,-0.18444637553645338
4041,0.14195682402624815,-0.1955392110340976,0.14694654802078033,-0.14759675967658667,0.19017883303259966,0.17160378479553887,0.18027480370117163,-0.18409015541328172
4042,0.14374250182796103,-0.1958567264305177,0.14933489212372808,-0.14950303601971807,0.1916966407582017,0.17342377470119422,0.18112647813661123,-0.18537134789814352
4043,0.14508218092977107,-0.19535731054051889,0.14968061993997261,-0.1510079444421269,0.19073820260436797,0.17316275526966232,0.18092407901012894,-0.1852179928764108
4044,0.14244339738975606,-0.19511689234284973,0.14761601445906453,-0.1488498222924565,0.19057061405261316,0.17278628530059767,0.1804182123159484,-0.18475683537009166
4045,0.14413449690951746,-0.19417072346652614,0.14879544349443014,-0.14954074778699103,0.19140115734480742,0.17342687817790195,0.18085819330021458,-0.18541968913007287
4046,0.14249127031720132,-0.19567429371139122,0.1469587502417558,-0.14690311781161916,0.1906819283710932,0.17187931807283047,0.18000158450923082,-0.18390075108552942
4047,0.1432728992580515,-0.19506542769745427,0.1483359596383627,-0.14975930058156614,0.1900364983040314,0.17267742200102146,0.18025876376729158,-0.18418902873394
4048,0.14201229378703234,-0.19573766951404722,0.14713402693698813,-0.14694695008304098,0.1918829170813813,0.1721956808968429,0.18022879642374018,-0.18405077372891526
4049,0.14387316527314284,-0.19713066347267127,0.14944840238805043,-0.14927795045394623,0.19190689481486026,0.1734905948224323,0.1819400975054356,-0.18563319343180862
4050,0.1427675883696617,-0.19602647874171708,0.14780215109755032,-0.14928203426689368,0.1924207213302709,0.17265529081297845,0.18117939962853438,-0.18494885884997267
4051,0.1416903310316697,-0.19496052649048376,0.14630640795683927,-0.14668728784021925,0.1904769947376055,0.17110209370424687,0.17941189754565698,-0.18326583650475894
4052,0.14463902818194715,-0.19611106505694564,0.1485851420144356,-0.14875697469744129,0.1926091876921278,0.1735766025938453,0.1813220416576139,-0.1854165179615233
4053,0.1447377063261779,-0.195429088021696,0.14854106544541956,-0.14958085108519278,0.19130992186843127,0.17297529164566738,0.18059214825551936,-0.18472807197198557
4054,0.14380991933496148,-0.19464461097078709,0.14797863404355896,-0.1483421480571878,0.19117334377363934,0.17272640145492174,0.18056585670291309,-0.18462614339591532
4055,0.14254794117448055,-0.19478112246108453,0.14675202059169987,-0.14711436138887096,0.19027384129702402,0.17200796294260606,0.17959334539794203,-0.18413552053191753
4056,0.14333099742118877,-0.1954827203117893,0.14814975784273857,-0.14873273441935958,0.19198196726996425,0.17279503726997084,0.18108637407936934,-0.18444028578631652
4057,0.14344063279044075,-0.19695122873444815,0.14906464116351814,-0.1492472059053092,0.19232601386696535,0.1735975141168879,0.1812436085977968,-0.18563721230075167
4058,0.1431678799386769,-0.19497994658864745,0.14703346812383916,-0.14940827895373351,0.18889548735999193,0.17201670918563813,0.17956557422582697,-0.18394489519686352
4059,0.14265403130373627,-0.19286973717002756,0.1466709147401989,-0.1479060210559568,0.19096784633721592,0.17134370987779768,0.1792412839975156,-0.18344301650561234
4060,0.14381874561147545,-0.19564418355204383,0.1472374538320224,-0.14818442097000664,0.19110074435431074,0.17258072778977185,0.1799191037124023,-0.18409950278267515
4061,0.14262661584703581,-0.1947868935728586,0.1477287296006028,-0.1488083832986629,0.19030405344857787,0.17223769550104412,0.1800774048170105,-0.18398321980372104
4062,0.14330430959706905,-0.19545573324747303,0.1480212220745055,-0.14880094915102104,0.19016204905783918,0.1727995206229737,0.18003693274693364,-0.18409507493284277
4063,0.14424533061783115,-0.19681642655726908,0.14859352539692547,-0.15031068276851434,0.1915528411299875,0.17263014089132853,0.18104486591958552,-0.18525077777182386
4064,0.1424178049469345,-0.19480262645556418,0.14593243204234796,-0.147260336544667,0.1889741625573602,0.17145486459753803,0.17927766150478108,-0.18284332683926952
4065,0.1430745197239168,-0.19456584368420224,0.14656730799096754,-0.1473165790721982,0.19016654607542965,0.17098734952560474,0.17887120156925596,-0.18256234572962138
4066,0.14348600808303638,-0.19587441027997146,0.14792598238800597,-0.14890030643974866,0.19170691103530466,0.17294377176654516,0.18094860220038075,-0.18465899312119124
4067,0.1444480602255352,-0.19310470831254697,0.14839350075740443,-0.14902980279502726,0.1899869326703985,0.1727311716879747,0.17956693420614595,-0.18358358916432788
4068,0.1430578102001474,-0.19427340541772528,0.1478359715390627,-0.14842882318259143,0.18956528386101545,0.17188747324026837,0.17931960785866913,-0.18404759915830377
4069,0.1433793916013397,-0.1939923733729214,0.14810369215253705,-0.1494772777434933,0.18980037067491695,0.17218558178925786,0.18009019587437491,-0.18449090154942172
4070,0.14517792906638596,-0.19483842802337678,0.14804325527595316,-0.14999775053976735,0.19097622776838227,0.17245497355122014,0.18038072456326704,-0.18470857669921614
4071,0.14433471407124437,-0.19566808796374197,0.1490300830100071,-0.14993455529735525,0.1922667872694306,0.17316849017187866,0.18144243680980232,-0.18527015951663917
4072,0.14366226098713156,-0.19411802348081023,0.14742512733035576,-0.14811678714468654,0.18937614596525001,0.17197042922414185,0.1794781792963671,-0.18352036300156208
4073,0.14335787753667062,-0.19575140525242762,0.14772799070539533,-0.14855658682506281,0.19103864359689918,0.17260745251301005,0.18023490194201355,-0.1840188556185216
4074,0.14137633803327393,-0.19471797202071914,0.14612081236197066,-0.14772269399548937,0.18918258402506644,0.1708575917282841,0.17953844845049602,-0.1832849307939028
4075,0.1462742825987343,-0.19650793519214418,0.15034306788401344,-0.15137922861609937,0.19232576452647007,0.17445551610369206,0.18256679839926265,-0.18591486433699234
4076,0.14276781737287134,-0.19511343866762565,0.14805961612889953,-0.14960836062795121,0.19075895507079857,0.1724726915934839,0.1805788132150611,-0.18406552034770046
4077,0.14383668477532582,-0.19434496330164666,0.14802907034467652,-0.14837962974128552,0.1882491146048078,0.17274001082087093,0.18106662237615465,-0.18489408214464279
4078,0.1429771726880303,-0.19404147852227718,0.1474587656074769,-0.148843278327131,0.1900360245252933,0.17199280040288029,0.17936019598310704,-0.18362479995538036
4079,0.1436749959835738,-0.19442714608590458,0.14730612361820333,-0.14781048655741527,0.1910257430548852,0.17199922543036356,0.17944179275051647,-0.18418539043158855
4080,0.14355924698137557,-0.19539182098932842,0.14901265600150113,-0.1494404061417223,0.19180816845785983,0.17364313416592198,0.18160811608783867,-0.18578421593104236
4081,0.14270521291355184,-0.19674441338900311,0.1486114335542766,-0.1484073386086471,0.19227287450280292,0.172941686163027,0.1809198228076232,-0.1851059207664126
4082,0.14265998409696484,-0.19405200800171998,0.14727919990154442,-0.14831263962157398,0.18900388475573093,0.1719938110315902,0.18073739927015325,-0.18382630089652716
4083,0.1441137655156334,-0.1934027809652865,0.14820787229418142,-0.14973534701142388,0.1903186676261464,0.17231226023425733,0.179889542590463,-0.18417482520231498
4084,0.14356905356976934,-0.1951337284596004,0.14897298520437138,-0.14868292283161608,0.19084842024512239,0.17338826107991664,0.18088690366540244,-0.1847092238560494
4085,0.1420734390980984,-0.19489486014020252,0.14734729418041828,-0.14822714836038342,0.1911881674388656,0.1714887630897019,0.1795055800241732,-0.1835160952618496
4086,0.143264375588585,-0.19526265803932524,0.146986067305577,-0.1482234484603442,0.18944278258218428,0.1716501005104246,0.17986223835293721,-0.18401422457341293
4087,0.14191796394389272,-0.1958456501797679,0.1469604100700243,-0.14835223517733095,0.1884025037997971,0.1713643098509755,0.17947337228968782,-0.1841071588495289
4088,0.1435585401806106,-0.1929673822207786,0.14873676096030355,-0.1493913993169062,0.1900284478790963,0.17255361684817672,0.18083052778177874,-0.1840478111814008
4089,0.1444924627555893,-0.19530868131360907,0.14916956940190507,-0.14955727162187157,0.1896959558784849,0.1734905140118367,0.1808730042411696,-0.18483790019975074
4090,0.14462492740269012,-0.1956987920291715,0.14911373727950375,-0.1498446302597767,0.19248469842834443,0.17346863308747795,0.18208154459947654,-0.185958824302159
4091,0.14177034401222313,-0.1952267433256689,0.14749762020621376,-0.14835337399237933,0.19023128590414207,0.17237429557661157,0.17995147492792501,-0.18391601813989308
4092,0.14394651058186053,-0.1955440388438045,0.15011004353976873,-0.15106468968749032,0.19179757412243614,0.17384852795083314,0.18174552197647845,-0.18564698454666856
4093,0.14302482163560407,-0.19559631860305374,0.14773999173802085,-0.1489701603110098,0.19246357501885014,0.17270442112757461,0.1804077413486946,-0.1843972460478171
4094,0.1417519099929575,-0.19529388561967334,0.14746528957099111,-0.1480016177166079,0.18893320373481962,0.1713973033992063,0.18020788344318137,-0.18444856288595482
4095,0.14351262791671512,-0.19351294448076234,0.148034536688483,-0.1487632864168282,0.1904267825405302,0.1724365540460909,0.18015913087524751,-0.18444627599786229
4096,0.14300306033961338,-0.19514676528102615,0.14692985032604391,-0.14887228875433328,0.1919488939743236,0.1717748282389293,0.1797471064129791,-0.18427956944668628
4097,0.14391988854049995,-0.19676818510942246,0.14881804643564608,-0.14875151823419364,0.1912753530226043,0.17362448411551992,0.18109254425415444,-0.18582108554509738
4098,0.14400991698716575,-0.19596918555436138,0.1474007933377282,-0.14855179572126367,0.19053191852681106,0.17214929192172,0.18053615491724037,-0.18417288640971868
4099,0.14254601112113863,-0.1954817459931795,0.14866282906702175,-0.14929004032872192,0.19003120746817387,0.17292104981043172,0.18095531978362647,-0.18505301619463402
4100,0.14373101461359059,-0.19591535380560093,0.14783402236812984,-0.14876681446430942,0.19188696656805052,0.1723571572386295,0.18011771727158785,-0.18437722763157183
4101,0.14321829428585223,-0.1955476283904399,0.14765111854902638,-0.14933973379584692,0.19171910663009256,0.1726346965392892,0.18015131040723598,-0.18420577162819096
4102,0.14407312158694374,-0.19556785405166743,0.14937451802667964,-0.14992422837956698,0.19219532713933116,0.17396831836340634,0.18132420246263736,-0.18550065677657684
4103,0.1421239145322758,-0.1956658915190771,0.14808945450009012,-0.14902428604864623,0.19248188931756133,0.1725412281544522,0.1811749183634216,-0.1848800720521438
4104,0.14357369510961418,-0.1955769933409495,0.14782300010966326,-0.14838694300589222,0.19111281635589727,0.17251182351363156,0.18011194968222094,-0.18390522491370143
4105,0.14505557596767474,-0.19643321196025504,0.14891562389332108,-0.14894678601820602,0.19018089421515058,0.17386034526190494,0.18123015800298187,-0.18534514466449858
4106,0.1436466829565823,-0.19552477555568504,0.14840727503318654,-0.14868394146092107,0.19123992362951106,0.17308960131084042,0.18057140170066066,-0.18468426496369025
4107,0.14190332524761703,-0.1948163662923697,0.14675013765162756,-0.14922609070855106,0.19172412282029633,0.17160634382827172,0.17968461661624055,-0.1838984293624767
4108,0.14269765617728755,-0.19511793445740586,0.14782302891983315,-0.14859687537338345,0.19003589507403607,0.1726825007201819,0.18051048208263595,-0.18463646275767068
4109,0.14392661782748448,-0.19546394302081202,0.14806553043047035,-0.14807098445952976,0.19064694609429414,0.17252057181225433,0.18076202280769144,-0.18413043813453922
4110,0.14312644117787465,-0.19652790170719733,0.14784042399651467,-0.14782718025707814,0.1904989815412856,0.17279107109001693,0.18017812848479373,-0.18440692943770234
4111,0.14361149170549126,-0.19517166285743856,0.1477577056377529,-0.14893442392153342,0.1907057479255111,0.17228747754290508,0.18017485671476205,-0.1840668111721501
4112,0.1439972937989001,-0.1967062781740011,0.1494172367635994,-0.15096123330889116,0.1922962436117194,0.17427930932795382,0.1816593665007365,-0.18599754720199274
4113,0.14370015937381955,-0.1960833516174954,0.14836084425370452,-0.14941408720449414,0.190553380864757,0.17396470592759636,0.18079846594059884,-0.18484599127424506
4114,0.14457706208555232,-0.19596625837196077,0.14925319983810123,-0.15028194711785997,0.1920485071521404,0.17344997334896925,0.18125804918875882,-0.1857176818503584
4115,0.142683753939794,-0.19577783097832063,0.14849446260526133,-0.14962203287429998,0.19065288717191312,0.1724886950025623,0.18009571506276817,-0.18432029139391137
4116,0.1449410065500996,-0.19555486586965817,0.14943872242723202,-0.1503891047029939,0.191029753621625,0.17396685834335723,0.18097091368857315,-0.1854691119359269
4117,0.1425812924279302,-0.1950127333385949,0.1470676412692029,-0.14791581270037568,0.18992189464171264,0.17163855793054247,0.17974195420339237,-0.18383625906006773
4118,0.14558725931826144,-0.195507625011978,0.14938298240304684,-0.15095545021564616,0.1918174769231697,0.17323417508573502,0.1814295338430605,-0.18562679048186778
4119,0.14336593851791213,-0.1961250458942621,0.148267838224371,-0.14838981791892294,0.19119110595826683,0.17257279176462276,0.18085334313828555,-0.18476193034520277
4120,0.14331710597165362,-0.19478345932210678,0.1475995699934269,-0.14823737670008158,0.18997463154040112,0.17148044591762765,0.1799952241746761,-0.1839282938881883
4121,0.14336833897658424,-0.19458702893980856,0.14744665659674128,-0.14873283552852196,0.1908634102509464,0.17201430325407174,0.1798057434614031,-0.1834755068327903
4122,0.14443607800486946,-0.1960744689651404,0.14827173031191385,-0.14933349115710426,0.19173244055097322,0.1728557264239054,0.18077877533942396,-0.18542673654571706
4123,0.14133099629886678,-0.19409025579585115,0.14676728782454915,-0.14718836654167214,0.18907852954777477,0.17119284300256585,0.1794600786739802,-0.1835908535248077
4124,0.1438839539008659,-0.19427158757510363,0.14880218650671084,-0.1494321501762219,0.190276009296082,0.17289361881802942,0.18085873048683343,-0.18487746514846573
4125,0.14255957342464443,-0.19548830084949811,0.14802218069111245,-0.14933510758898616,0.1887290154833223,0.17223539740694307,0.17944313533939613,-0.18384372299611076
4126,0.14233930393169944,-0.19408842127509743,0.14702143660963155,-0.14887829403019248,0.1892732506299159,0.1717890410805927,0.17912007641977262,-0.18385865440699378
4127,0.1432756752853815,-0.19599922339422124,0.1476220183590501,-0.1496921836638436,0.19202024266549278,0.17267729768300466,0.1808920275545013,-0.18477390324380016
4128,0.14295711427775243,-0.19548321595026424,0.14811336775675188,-0.14828131319043542,0.1911338319396976,0.17263162308403976,0.1807818039066389,-0.18465547296225385
4129,0.14520166375792867,-0.19524929277291442,0.1492357153981299,-0.15019638802108154,0.19136177963393122,0.17360554380499396,0.18066773320743817,-0.1853664933991467
4130,0.1431181746663231,-0.19425745286564233,0.14829552129283216,-0.14893814341091824,0.1895431907482966,0.1724360682416673,0.18015101114808307,-0.18455586880031696
4131,0.1426498762116361,-0.19605676476267972,0.14813741904748012,-0.14843738657554728,0.19162618275027715,0.1729513492152104,0.18112805627846068,-0.18517631901255754
4132,0.1431621762733122,-0.1963622608558838,0.14741269252999004,-0.14912976489870391,0.1915866531670044,0.1732509636797449,0.1809552134527077,-0.1853253279253854
4133,0.14357828836440556,-0.1949302169122763,0.1479654986530259,-0.14865630146816608,0.1909430177030383,0.17134360523707065,0.18020969876666115,-0.18442076468710414
4134,0.14365066594136833,-0.19480678750012206,0.14911238735852078,-0.14958766907532103,0.19094559689814852,0.17323344596808835,0.18108945018194547,-0.18528532645701512
4135,0.1438886040491932,-0.1939357228808304,0.14795364021068177,-0.14900416550667242,0.1890366739179991,0.17164549020839692,0.18018056319587775,-0.1839379772707002
4136,0.14328676557169376,-0.19493582281710967,0.14807925166822977,-0.14933315072805436,0.19133985572835713,0.17297847466222793,0.1805563718667431,-0.18463668568953343
4137,0.1438315530569595,-0.19628768017895215,0.14789387751998775,-0.14898314393541356,0.1908924661132642,0.17290264162912042,0.181190332195885,-0.1854008787608443
4138,0.14232402359590304,-0.1947209905673545,0.1470068734530179,-0.1475072174919841,0.18970636883113456,0.17113110727985933,0.17934153789735663,-0.18347675059052046
4139,0.1432294946863596,-0.19404173388777085,0.14786558628336482,-0.1485028083821593,0.19055555342730035,0.17250683892275465,0.17972524971879847,-0.18354520984251738
4140,0.14231521598970434,-0.19530217841862024,0.14746088524164858,-0.14785246514579065,0.19154756674849102,0.17212932570391418,0.17969345653390834,-0.18407508489498414
4141,0.14401346967743298,-0.19403229866608512,0.14860980828536352,-0.1494019953443714,0.1928622239291939,0.17362450770696553,0.1810539463614456,-0.18557591858305514
4142,0.14414201849771746,-0.1956639600905063,0.14814657272666096,-0.1489460525024645,0.1904232780750464,0.17261367866386865,0.18024893949050508,-0.1845649958763086
4143,0.14345152861648977,-0.19568330549616533,0.1481076105988194,-0.14877656273122541,0.19057901089253246,0.17363148454864477,0.18139915957811323,-0.1852729178184178
4144,0.142645550905153,-0.19457826449923513,0.1478147701369986,-0.15002979764993246,0.19071740648317623,0.17279088999600048,0.1803310654888184,-0.18496086422152527
4145,0.14155579678998387,-0.19473028874935816,0.14706210565539718,-0.14823764621331734,0.1888398608456243,0.17165511393503494,0.17907837563415308,-0.18380951545950064
4146,0.14341491183125238,-0.19636569620912675,0.148781443046027,-0.14918492838050038,0.19097610214616065,0.17320698789220348,0.18122737553481633,-0.18513489702300606
4147,0.14369687285883026,-0.19580662543714572,0.1476743967407522,-0.14806024235684362,0.19085336653028728,0.17239831754194765,0.180724849677973,-0.18462248080535926
4148,0.14629116971813572,-0.19535354434610408,0.15013281415271676,-0.15054962166077906,0.19149072150663823,0.17429780050246133,0.18211798386296027,-0.1858798071010679
4149,0.1423660082891319,-0.19491411139875264,0.147625839164167,-0.14815024848767533,0.19050074070416156,0.17222591253382877,0.17995707002834305,-0.18400018673955326
4150,0.1449223005781076,-0.19567167049470893,0.14963234120583363,-0.15010010538155097,0.19156606742806864,0.1741882164847665,0.18121932095278928,-0.1863292681996966
4151,0.14197463746977337,-0.1961855296817802,0.1469670169712325,-0.14757109122998,0.19149256851734292,0.1716585545362591,0.17996919052133095,-0.18401357003548746
4152,0.14365278924748387,-0.1956336881685295,0.14853904165641665,-0.14880188439488481,0.18981669371684182,0.17248573452350563,0.18085361381502577,-0.18466054618398242
4153,0.14360929659958802,-0.19524987060277127,0.14826514144170644,-0.1492058446103434,0.19249102833676704,0.17304360695599813,0.1805997331241423,-0.18519368994557628
4154,0.1433174494911761,-0.19360742075868148,0.14777860731365963,-0.14906943863428104,0.18958708220444925,0.17282732675586393,0.1796346464606015,-0.1839802623982774
4155,0.14274766829921468,-0.19570118901939668,0.14664992755598721,-0.14770093574156745,0.18984457666713095,0.1720254993400851,0.180204206272281,-0.18406997460477545
4156,0.1435739859731462,-0.19578307840027803,0.14811562460669742,-0.1479821077695575,0.19214917492626185,0.17212762145929647,0.18054323027959546,-0.18469542167049535
4157,0.14407068717926344,-0.19444831086366682,0.1473065739113766,-0.14706400341109563,0.1914026281195366,0.17191941273239908,0.17982431379329253,-0.18349806820622688
4158,0.14315931787973127,-0.19477339437049232,0.14793680756944655,-0.1493287160671582,0.1920198394136866,0.17242218668500742,0.18072672548222457,-0.18463013460473437
4159,0.14391195836554307,-0.19474636329383327,0.14877500249889428,-0.14939533918273296,0.19121648646817907,0.17352080482822613,0.18156028069445077,-0.18507817885962094
4160,0.14302946255692386,-0.19586145148033993,0.14715622310498858,-0.1473666035924745,0.1900267508290556,0.17244861813571138,0.18016930603963657,-0.18450308462172077
4161,0.14298785839083117,-0.1953601702426372,0.14810746756359372,-0.1488988145273732,0.19095635196109367,0.1727038381882395,0.1801847078616361,-0.1844455734532842
4162,0.1425828724456476,-0.19407449637642457,0.14718143056976574,-0.14808269087574472,0.1887980810864541,0.1721123101744303,0.1791925451207918,-0.18365979798503604
4163,0.1443457700412999,-0.1938256149401201,0.1483824221479762,-0.14946023102959996,0.19031609307474773,0.17311749183116726,0.1800201739648016,-0.184787275049402
4164,0.14349112216141932,-0.19560004271432407,0.14752323892858868,-0.1488801769149352,0.19121109074761333,0.17301393153455125,0.18078901284351398,-0.1849946453322256
4165,0.1433591615151131,-0.19495115196055854,0.14786213376954022,-0.14891255116014745,0.19145186641880055,0.17299045229524837,0.18025240572732185,-0.1852082143308799
4166,0.1458531571761203,-0.1965853250696775,0.15039060377055194,-0.1514045148077769,0.19179242869297544,0.17440136800198291,0.18200545780176375,-0.18568050517640378
4167,0.14527416703809076,-0.19642795593718754,0.1489682492401569,-0.14976098327703666,0.19185435367577536,0.1744823811709302,0.18181513452665304,-0.18560764745646638
4168,0.14273516173962658,-0.19670510383059378,0.1472653992786659,-0.14805700583647594,0.19192439250645088,0.17270452171757072,0.18060120399405216,-0.1847114905530995
4169,0.14410670033499498,-0.19630100837409828,0.14794344732910414,-0.14855780447079736,0.19052731627017705,0.17268580436760647,0.1805132373535129,-0.18456014625901726
4170,0.14292950713648053,-0.1947567798607159,0.1478907807493591,-0.1488258617632349,0.19083439911669828,0.17290001246493666,0.18006636894069913,-0.18443270766967237
4171,0.14199934650371318,-0.19635610486531938,0.14701433869533928,-0.1487008915132111,0.1920014583947919,0.1731014705679842,0.18104085078395163,-0.1846285425015895
4172,0.14276718472458944,-0.19521020890113386,0.14755940752715574,-0.1479450412640949,0.1918476464493733,0.17187409312857707,0.17954929052589597,-0.18379281094629288
4173,0.14273281561212411,-0.19502648936375175,0.14752829156572825,-0.1485859415939103,0.19239739456980065,0.17250634527152744,0.18042629282628517,-0.18468453307360874
4174,0.1435732037742634,-0.19461263262577536,0.14805913283727473,-0.14916743861387619,0.19040230500924754,0.17245946133955198,0.18089346698285863,-0.18473584265959989
4175,0.1431140293400968,-0.195421159906035,0.14775690533751618,-0.14901978172847785,0.1911785299321685,0.17247035269980313,0.1806216406262746,-0.18480012811719337
4176,0.14311589339233824,-0.1960108149068703,0.14774569122243247,-0.14887467519511535,0.19189150884642228,0.17257015361275044,0.18091408762950534,-0.1841078430167351
4177,0.14388266690769405,-0.19582146516696258,0.14851848867501724,-0.14976784278548347,0.19108771887142473,0.17350914953067795,0.1809231831001611,-0.18515480578647373
4178,0.14193196364586305,-0.1942318043918007,0.14702381830272523,-0.14759908030085617,0.19047828408848225,0.17172307715991306,0.17925443253625425,-0.18322926696216232
4179,0.14376264163386013,-0.19583573105599852,0.1485336949175104,-0.1495060327632402,0.19120173194661091,0.17324158956401722,0.1804577624092793,-0.1849010411428754
4180,0.14228210597512025,-0.19372040688032696,0.14725050066015988,-0.148154548842115,0.19093410209701853,0.17179715363294942,0.1799296254351655,-0.1842522188275149
4181,0.14203843043033001,-0.19400215675138696,0.1467114391454678,-0.1470437740039094,0.19177458344773293,0.17121430078747654,0.17976834105933095,-0.1837334606326258
4182,0.1430296886725085,-0.1956236173111428,0.14867586900650312,-0.14948309995928724,0.19120520131537427,0.1732676046576481,0.18044782095237658,-0.18522829327657542
4183,0.14261360906703743,-0.1954463247596369,0.14781822079145135,-0.14868028829079932,0.19248410802017468,0.17267274409726868,0.18074677311254111,-0.1847710195165307
4184,0.14274494269017193,-0.1945339336422568,0.14756068263310668,-0.14876909693375728,0.1928622487502364,0.1720432387631673,0.18033263607138728,-0.18470112863029564
4185,0.14430567170728195,-0.19494580709233364,0.147820739492173,-0.150221629338051,0.19102367139383553,0.1729476576741135,0.18063770598567913,-0.1849306078364776
4186,0.14468561386465617,-0.19641625313453942,0.1496198329667777,-0.15005546929504637,0.19272827065634301,0.17430546492755197,0.18198011991409138,-0.1860125883685989
4187,0.1439812420752871,-0.19438654616797815,0.1478822940064569,-0.14809122704409552,0.18996999216669544,0.17256020834279595,0.18044855891737221,-0.1845604576911932
4188,0.14410073609123522,-0.19573125777001413,0.14854795720260286,-0.14877104766981844,0.1897987785119551,0.17341989340072872,0.18074910130855587,-0.18462283813765581
4189,0.14556152948068893,-0.19605966756882365,0.1491500493838808,-0.15031831407508633,0.19168884876039688,0.17357405991915145,0.18110543536243942,-0.18547890407257667
4190,0.14150051152384355,-0.1944092589428456,0.14673450628241108,-0.147969869541755,0.19231498215674878,0.17148240735557752,0.1793324161572276,-0.18449406167295612
4191,0.14211598134223932,-0.19624739287949639,0.14685427353950883,-0.1476029955652547,0.1915963744390539,0.17201917889267154,0.17959416810525616,-0.18448044359573149
4192,0.14246831020241932,-0.19530673302556092,0.1468490824902181,-0.14841451480337403,0.1915529922636791,0.17248771089658044,0.18027880932015683,-0.18437828589252336
4193,0.14203257125602464,-0.19493886071414404,0.14718613040640136,-0.14811755376882252,0.1889718437876871,0.17255323004125217,0.18012208060620394,-0.1844577556383176
4194,0.1421880880693177,-0.19552463555304617,0.14732196514323534,-0.14917949994341614,0.19096134028789696,0.172480333324772,0.17995099128050293,-0.18454562162069013
4195,0.1430110763742531,-0.1946244466248135,0.14779892779324388,-0.1482308999343873,0.19120000721045466,0.17217331868851565,0.18055993451605873,-0.18458174827396934
4196,0.1449732661328725,-0.19529316242899436,0.14972056464583472,-0.14951341108548466,0.1891403267177366,0.17402428088174798,0.1816232476017859,-0.18567222870970074
4197,0.14355772067937164,-0.1960143750870862,0.1475713526246426,-0.1483476840438463,0.19036982740355976,0.17198941316603003,0.18027255750609839,-0.18425009974788173
4198,0.1429249686033999,-0.1953108796485541,0.14790741992849515,-0.14822135779846474,0.19064708148322843,0.17273668081910037,0.18126496502385858,-0.1853697795578053
4199,0.14192661556778732,-0.19544938466147957,0.14673146763427222,-0.147493446267191,0.19204463583322218,0.17101686597879592,0.17962517446634146,-0.183640968235535
4200,0.1448887035875413,-0.19528399607838412,0.14841061650440363,-0.1490158179783985,0.18949698886525648,0.17346939740921852,0.18043234825801754,-0.18475651327294187
4201,0.14238526816397742,-0.19590397481452201,0.1471049276450982,-0.1481019618005704,0.19081570791695093,0.1719300429661426,0.1802229344560302,-0.18410963339436895
4202,0.14161263927542797,-0.19433377031214905,0.14722181457224182,-0.14755342779390881,0.18882763083904738,0.17129146993199143,0.17928145692560057,-0.18360261510280063
4203,0.14250514958191926,-0.19575952023115356,0.14728791280859915,-0.14757088541676708,0.19058698478584318,0.17191402438279482,0.18001316595332326,-0.1842340764187286
4204,0.14370882295834647,-0.1965513907375931,0.1496055664612296,-0.14959553333130973,0.19074635200683554,0.1744301631261445,0.18188821821650766,-0.1855255183100507
4205,0.1424982248596982,-0.1953299286543014,0.1480737772590046,-0.148092860466338,0.19182180349871855,0.17232030721560732,0.1805162017260544,-0.1846207791170181
4206,0.14394825107457554,-0.1962292577075754,0.1491592498283306,-0.14897805574310924,0.19355307081448592,0.17324394619964414,0.18164416131722347,-0.18566504487370603
4207,0.14354073437759998,-0.19439223501834613,0.1475986203317415,-0.14841473349003548,0.19008812535311934,0.17188642832466502,0.17917134835001544,-0.18362234450804396
4208,0.14273106432803762,-0.195365094522776,0.14737893466359211,-0.14936189467614291,0.19143896056799636,0.1721825551758148,0.17986279940462804,-0.18442712864346267
4209,0.14281853940599737,-0.19532803656212674,0.14733435550410903,-0.1472405104743144,0.1921645145377083,0.17232883278229366,0.18054160132312963,-0.1842791907198422
4210,0.14283779923760961,-0.19494732180784782,0.14732099071465335,-0.14790286308719422,0.19114106525574046,0.17242142815140285,0.17967854592142612,-0.18379307259279923
4211,0.14226474089928798,-0.19546809496726897,0.1471994349389285,-0.1475189735618749,0.1911456794376626,0.1722945478864515,0.18006180219631007,-0.18394745574237253
4212,0.14387915482171107,-0.19521066869162254,0.14780366423599936,-0.1494595000390769,0.19060236190972954,0.17238865710040963,0.1804161535111885,-0.18472354220275466
4213,0.14430339093233516,-0.1955965461546881,0.1485331829334935,-0.1491502127108766,0.1907994207705323,0.17293273487251185,0.18116324643559503,-0.1847578465473257
4214,0.14327536289909074,-0.1960822463375139,0.14856672916150368,-0.1489420543909577,0.1909792404504778,0.1724544736228508,0.18095590768265338,-0.18515889933819676
4215,0.14369636533674238,-0.19451099837088434,0.14803146699509814,-0.14819055418854818,0.1913228009546977,0.17222602832469822,0.1803650874661739,-0.18453818457094898
4216,0.14329936844369232,-0.19519713906262826,0.14809004753660557,-0.1486553975740192,0.19015210787079526,0.1730749305827666,0.18077139172502546,-0.18488561081257265
4217,0.14274021894823763,-0.19506572676130313,0.14763841925183693,-0.1477631416995912,0.19058863061893608,0.1726854292180898,0.1807206866060472,-0.18409154264195055
4218,0.14308295511091138,-0.1948154669625287,0.14737187940001853,-0.14855141683825668,0.18875303376534397,0.17237722032829042,0.18000733144850758,-0.1842171816962444
4219,0.14218855329631322,-0.1963231934626555,0.1471432371514033,-0.1477147859513891,0.19010953472486042,0.17199790250664257,0.18026007841322494,-0.18398331831898126
4220,0.14243406093062344,-0.1953499073296887,0.14744715963540658,-0.14913142843343977,0.19043046386977816,0.17261256144116494,0.1802268454649833,-0.18407884708723124
4221,0.14398417734249597,-0.19628413778414922,0.1485737798598554,-0.14954249467482028,0.19034048006859883,0.17313679195279952,0.18111884254449737,-0.18478068743297507
4222,0.14389348427399584,-0.19605415946672602,0.14865108160571935,-0.14959379192390718,0.19271159049059405,0.17351629312715303,0.18118086796653307,-0.1851812215800533
4223,0.14451995329786813,-0.1957018104794434,0.14835968679088288,-0.14941618347172061,0.18897500919246174,0.17314539780157046,0.18013464385716488,-0.18435146254910995
4224,0.14217125308716289,-0.19406431679366998,0.1469228727287368,-0.14692301981289543,0.18949639247806124,0.1718537846287813,0.17944633994853984,-0.1835467750623895
4225,0.14364744212278865,-0.19327921733210893,0.14837878086132342,-0.14932021376533933,0.18897951554728426,0.17241619703490307,0.18053361647715527,-0.18445796478076634
4226,0.1425950200720303,-0.1947017660193637,0.14741549269426255,-0.14738645845692525,0.19064298897084078,0.17191303712856518,0.1801519345711836,-0.18370708661478777
4227,0.1435419589654964,-0.19633762894488455,0.14787131922879126,-0.14861153016720785,0.19063542178929743,0.17283254244011517,0.18033522891640552,-0.18470535652084843
4228,0.14425226500397845,-0.194792149583165,0.1477560515256711,-0.1483505234453272,0.19091182932918035,0.17237086275062738,0.1800124203567362,-0.18450569118928556
4229,0.14328560831475837,-0.19477171703788326,0.14805449654860894,-0.14905518051485803,0.19076641809957584,0.17242400308366299,0.1797590841282953,-0.18371330533080515
4230,0.1429243328216645,-0.1954695564025532,0.1474353667925725,-0.14853529293319098,0.18932946166919712,0.17262890517136587,0.1808717844837376,-0.18459357541022547
4231,0.1427033975955851,-0.19566397049150902,0.1472549476613443,-0.14851663046989097,0.1914406904141235,0.17251474312306334,0.1805534053371438,-0.18492253602629574
4232,0.14105050371961134,-0.19449475276954584,0.1473838317077186,-0.14818160047992143,0.19063088473154202,0.17285150431761412,0.18040096970793465,-0.18448332584282257
4233,0.1418246260001598,-0.19474335727202113,0.14742653336322656,-0.14757439285473703,0.1910957024685877,0.1723693150060727,0.1797289022534987,-0.18428240225964038
4234,0.14528176412287166,-0.19416185299976432,0.14871862568156718,-0.1480479031106174,0.1920335056905572,0.17291602511138685,0.18060565360572942,-0.1849529334310742
4235,0.14243990690174602,-0.19468629285392636,0.14650987475377578,-0.14763237063009113,0.18857627333576094,0.1711759838585743,0.1790751822136097,-0.18329500939823035
4236,0.1440330103584766,-0.1960490131127973,0.1485064325183085,-0.14903327622261187,0.18969246070887516,0.17297856589354912,0.1809064234922033,-0.18461255887345424
4237,0.14358430213535167,-0.19653534075326784,0.1475622106840586,-0.15022444699659346,0.19139722443890375,0.17273374488265944,0.18038035128971697,-0.18471432165941654
4238,0.1443334809491838,-0.19500451447620734,0.14844459965037474,-0.14905817073928737,0.19168824745804228,0.1727803636152565,0.1804005838670451,-0.18496720727284727
4239,0.14314133617839833,-0.19511644077463725,0.14773671071576366,-0.14879460594659263,0.19140714105497347,0.17192082435462303,0.18023023070851607,-0.18429908412089016
4240,0.1430143765791956,-0.19521206103698416,0.1475618692072839,-0.1486135156397223,0.19072406543059314,0.17252961945867873,0.18003801060961974,-0.18416278862544797
4241,0.14435765054582914,-0.1958421734139088,0.14865427112022436,-0.14916867717289048,0.19096161037478,0.17337346940287823,0.18121616081266237,-0.1853398990258757
4242,0.14366069866683837,-0.19563012735242025,0.1480510037749802,-0.14917848423445745,0.19029240353138174,0.17281638106590583,0.18054199312043256,-0.18476157805257687
4243,0.14200615024074698,-0.19344714497546797,0.14663161292486165,-0.14673443735548314,0.19031695354673303,0.17066747579060096,0.1784930430820745,-0.1833300192133276
4244,0.14503111721718318,-0.19708708941318365,0.14915236175755464,-0.1500883041614425,0.19176574026883098,0.1735535044525123,0.1812664280820372,-0.1856290159736242
4245,0.1432287784922934,-0.1951790065169054,0.14786187296968925,-0.14849984502764946,0.19202658974622475,0.17253408904266634,0.1803957753442309,-0.18427948940070982
4246,0.14480455706583847,-0.19592165162680927,0.1491818566888233,-0.14931331046498333,0.1907942443641205,0.17384519348040772,0.18176321080594507,-0.18464303022428813
4247,0.14379768678336505,-0.1967189662163208,0.14855356039123122,-0.14907545338955713,0.19164474849633184,0.1730458401757307,0.18099838292864323,-0.18511981269163277
4248,0.14464334847180596,-0.1962519570256647,0.1495150746192532,-0.14939182043815682,0.19093815271486916,0.1738673474112883,0.1819947574459688,-0.1858504826141283
4249,0.14398694490715674,-0.196137682411566,0.14854695148026698,-0.14975858600732958,0.1899881813900017,0.17358883637255032,0.18151749641511378,-0.1855097873985301
4250,0.1431559631588656,-0.1948520887728059,0.14775329296023326,-0.14810111778901391,0.1913647788225267,0.17248028990431383,0.18057951908143216,-0.1844229052568108
4251,0.142588359293372,-0.1950547257348026,0.14750012865552353,-0.14775748960482826,0.1904964178174353,0.17200351199314176,0.18013051613447312,-0.18411252803805875
4252,0.14289694626410968,-0.1955343953972802,0.14806826972594417,-0.14942438420769466,0.1907648299028905,0.17268146564802475,0.1802711996416481,-0.1848299184352739
4253,0.1424921075223334,-0.19548482456698416,0.1475542946999823,-0.1484364205924666,0.19337123425815406,0.1723722233470829,0.1804183377750217,-0.18448848914524993
4254,0.14352510694966408,-0.1940932213771176,0.14784742123400368,-0.1482352852174482,0.18793031856251433,0.17196565649165238,0.18002011207787183,-0.18417058686032595
4255,0.14305674172807606,-0.19420740194008768,0.14678427389801063,-0.14769670909290808,0.18942582097255348,0.1714133818063382,0.17998711261684588,-0.18339716933093184
4256,0.14343283805537968,-0.19526680439691577,0.1483176321539124,-0.1488321147457852,0.19097018428542525,0.17265086951641967,0.18072181613268729,-0.18484692586959295
4257,0.14222437757533962,-0.19575680283664418,0.1479218087674194,-0.14856848630242053,0.19080467882825294,0.17263091781394566,0.18029641376639738,-0.1847653969144763
4258,0.14448666243763347,-0.19453327713432508,0.14899383954406747,-0.14988410459624238,0.18974380603341665,0.17340579576172724,0.18127017150185393,-0.18506683778048677
4259,0.14347832196536395,-0.19597478358059056,0.14834134126259366,-0.1483473289139594,0.19269537519618885,0.1724765738839704,0.1808533093354572,-0.18509096746686782
4260,0.1446953380294305,-0.19518433313791364,0.14930264386484782,-0.15009377663232665,0.1914020895109035,0.1729099651122401,0.18100212003447183,-0.18437296241926499
4261,0.14408801279043715,-0.19541861677603586,0.14752675553843989,-0.14831059900456248,0.190460454993175,0.17239914615172328,0.18005079760827425,-0.1841811198591903
4262,0.14452305878817506,-0.19439627552784655,0.14888168583776018,-0.14881702162569166,0.19077056783892243,0.17250578136840014,0.18066809413784637,-0.18467336725360503
4263,0.14310252941330717,-0.19400962243322042,0.14677840519077742,-0.14845736671274112,0.19199686937127333,0.17186392415968116,0.17949161156167612,-0.18416318451687116
4264,0.14378731549839002,-0.19465082956539534,0.14906384473414241,-0.14912594638081902,0.19082672029900954,0.1729672014379632,0.18127108128298497,-0.18503964600302492
4265,0.14317488795340977,-0.19664309012962114,0.14831112092793658,-0.14869373781629106,0.19145872450989257,0.17295799984738577,0.18083224479301835,-0.18467376962756257
4266,0.14281366953789507,-0.19545117188461666,0.14756246416655772,-0.14930786308787858,0.19006259067149497,0.17197893425353594,0.18003734831792803,-0.18428275542342792
4267,0.14476649603636385,-0.19577243071656072,0.1486509357337911,-0.15003350847919444,0.19200152449730695,0.17317543032585692,0.1813667211267769,-0.18527254222437814
4268,0.14475740170680168,-0.19616559133137523,0.14883910982566217,-0.15090128662526475,0.1928413014273575,0.17397918933310116,0.1819630969636118,-0.18597360125561802
4269,0.14365700435588075,-0.19617579672349933,0.148419518755009,-0.1489670328477885,0.19202515552989646,0.17296458372822981,0.18146624142103104,-0.18483514623403977
4270,0.14275348865498577,-0.19432389557963578,0.14734403405900812,-0.14663837822293735,0.18963766158060094,0.1714354054044745,0.1790327868358809,-0.18375288955098046
4271,0.14328907583920497,-0.19632504246951527,0.14806116559078938,-0.14841780558781137,0.19233963947344782,0.17305943949321187,0.18092279234872755,-0.18516025275457781
4272,0.1432735754169519,-0.19541651500000534,0.14856791246683085,-0.14854390174213383,0.19086871353751067,0.17263045501991306,0.18028485819045628,-0.1849253721134874
4273,0.1434300796049243,-0.1965928835419521,0.14818927211184685,-0.14897805104961703,0.1901729753273077,0.17308472192524316,0.18070279319965996,-0.1849114127874363
4274,0.14334395509910597,-0.19376671682708851,0.14734702779327807,-0.14831860472031996,0.1902679263347802,0.17199299311729502,0.1794295232553588,-0.18384698249174364
4275,0.14307417941221748,-0.19498280239336976,0.14858101706897653,-0.14933746026175496,0.19120693961602517,0.17297840405686565,0.18075596338405164,-0.18456878934844112
4276,0.14329908604955463,-0.19550681785466886,0.14797390837237756,-0.1489887936092456,0.19176559465912127,0.1725833875811321,0.18074271197916905,-0.18471486906607662
4277,0.14319476944133377,-0.19497161579827518,0.1478833749214044,-0.14953686775725733,0.19026971626607447,0.1727293733736301,0.180192311276454,-0.1847556918133741
4278,0.1423826133933003,-0.19478737861232387,0.14820467186343717,-0.14849416054918202,0.19013929082736652,0.17267938696551172,0.18054077985253472,-0.1843698447391834
4279,0.14403080036613305,-0.19599903380374198,0.14855029588492202,-0.1490396615904494,0.18995533917645646,0.1734122365623115,0.1814603243198628,-0.18529416425165393
4280,0.1440523544501888,-0.19525373725112027,0.14861247410343817,-0.14944467579770407,0.19105233975828645,0.1726482325226799,0.1807074025558242,-0.18478339074830633
4281,0.14301511609071837,-0.19433550589394485,0.14780499198285718,-0.1485272976156289,0.19097280683723117,0.17204752274568008,0.18027018453035815,-0.18390433770911177
4282,0.1425125741717468,-0.19396261651000402,0.1475223118031457,-0.1482460748917957,0.1906173771362347,0.17228379288858606,0.180298861615524,-0.1844625686505041
4283,0.14282529223080764,-0.1952703658926577,0.1482226662135373,-0.1500423549503376,0.18977813271513383,0.17300062058685414,0.18046715584665185,-0.18451032302436357
4284,0.14280640746361076,-0.19352555131868576,0.14702874057704424,-0.1479030421176727,0.18960539430266177,0.1719113237076494,0.17919793527703623,-0.18347642377277837
4285,0.1422311445272867,-0.1949815870673627,0.14664227701831384,-0.1474173697423404,0.1924927999762004,0.17149752763336948,0.17995244768404597,-0.18366745668278814
4286,0.14449889873440674,-0.19431694057487633,0.1476788006455438,-0.14918993872888653,0.19041577333120158,0.17210401047744048,0.18000918229442758,-0.1842393139982408
4287,0.1424220927855936,-0.19540834677077193,0.14789367492929514,-0.14819024173323417,0.1914192075966775,0.1724393017353636,0.18062258274797047,-0.18437132734206868
4288,0.14363987345650664,-0.1960261170795276,0.1480472444670728,-0.14849209298376467,0.1886334755424027,0.17212806636238384,0.18037198182672617,-0.1846514730321662
4289,0.1437914739420996,-0.19562360951224222,0.14764456856435354,-0.14979391743324066,0.19281523341713724,0.17214809964516486,0.18085971030211767,-0.1849168638587386
4290,0.14358934749989274,-0.19563396660192578,0.1482136513529907,-0.14866922258593843,0.19159129102593864,0.17251796307411277,0.1807299941949442,-0.18508153472594868
4291,0.14284441247374377,-0.19355570094044497,0.1481132233760375,-0.1484160159471894,0.19111478025691736,0.172622741804583,0.1804540451976855,-0.18384166909892258
4292,0.14338123152527107,-0.19502498619835945,0.14752915880864306,-0.14951296114409562,0.1904232111736627,0.17188394922147396,0.18052893428362027,-0.18454370470014994
4293,0.1432352958040282,-0.1971721384384807,0.14827830942865133,-0.14845181126359738,0.19132292926064887,0.17300110427102425,0.1806335199655539,-0.1853741325317383
4294,0.14383904557448324,-0.19426798877099763,0.14790925091570112,-0.1484586908964309,0.1914040226195207,0.17247467276493947,0.18027365610609686,-0.1845746438851302
4295,0.1434639928241431,-0.1953834980053066,0.14922819083071298,-0.14927561723843866,0.19082862894676184,0.17320762037005955,0.18106495754880628,-0.1851978047234433
4296,0.14328219358904395,-0.19580836616951225,0.1481406988334357,-0.14801851666456786,0.1904534592915318,0.1724713939812659,0.18097704463252562,-0.184888464767097
4297,0.1433968822676457,-0.19460495685493287,0.14747510210560943,-0.14783278672305702,0.18926774449008832,0.17143036843089077,0.17855028097908632,-0.183060072096807
4298,0.14406284415133588,-0.1957624566962442,0.14844081175941112,-0.14890778848073954,0.19113185050555448,0.1734289996244757,0.1814051731751717,-0.1852533524475412
4299,0.1418698091477212,-0.19439373582462136,0.14737117861727733,-0.1484385626982401,0.19067238233887748,0.1717600623817183,0.18024879162688215,-0.1841257690750811
4300,0.1434321927667548,-0.19502605585404617,0.1483625765273054,-0.1497514235980885,0.19052670399416988,0.17267545870207518,0.1805049040799166,-0.1846709218707184
4301,0.14310386037641784,-0.19544104232884815,0.14845803169208488,-0.14905698507017429,0.1907770149188651,0.1727485275752404,0.18080641715526277,-0.18464330311423577
4302,0.14417238857226114,-0.19601500915807685,0.14861931640360976,-0.1492842742260199,0.1907492100243331,0.17316244760067223,0.18118952557711543,-0.18510258583170341
4303,0.14340015256189392,-0.19421340963410497,0.14834126489576363,-0.14833261191168784,0.19098894617843695,0.17309258114113946,0.180613474682722,-0.18517162784671368
4304,0.1419400956068309,-0.19478485885744054,0.14803687733505805,-0.14946185189186206,0.1892845182245653,0.1725809108979962,0.1801210008430381,-0.18386733816109105
4305,0.14469452187727616,-0.19511490712691798,0.14934971981858153,-0.1503000449471363,0.19113506727039706,0.17352981106296642,0.18055613428940923,-0.18525801844875725
4306,0.14329316474333975,-0.19447554869185618,0.1477529785594967,-0.14831104482088261,0.19083018190167383,0.17209916935060401,0.18065204102336843,-0.18468612873402654
4307,0.144673074175718,-0.19668572508887971,0.15010596447573799,-0.15011819186069197,0.19137920243023993,0.17418323666254437,0.18300725709298954,-0.18615265823338287
4308,0.1417319895647397,-0.19400497074363937,0.14621092939401453,-0.14731705145153218,0.18935879780190615,0.17080402051873075,0.17917132571846017,-0.18281493319962494
4309,0.14226228130336024,-0.19452082168760432,0.14708483454781413,-0.14822047559748724,0.18965295709478674,0.1714551961656051,0.1791911144634636,-0.18388210120940843
4310,0.14265002203871752,-0.19482267940135317,0.14808106012623617,-0.1480352867609331,0.19193177188805155,0.17246236722827482,0.180963962754919,-0.18467916658956135
4311,0.14475891338192895,-0.19706544536547316,0.15015866653027674,-0.15009601850689414,0.19340278176678458,0.1750094239626285,0.1833380848416166,-0.18648966217320262
4312,0.14317604257956607,-0.1935030571832639,0.14869408689726152,-0.14938692979564872,0.190477029777158,0.17245713419336406,0.1805629362195751,-0.1843089119480538
4313,0.14196995481131022,-0.19438298364507445,0.14743317757324728,-0.14709968589147993,0.1894211791513546,0.17165572013545527,0.17923883301667054,-0.1832494805868761
4314,0.14472674506142288,-0.19549493031845996,0.14817356170595944,-0.1487024590305793,0.19094812451415769,0.17263366941529304,0.18084417324304056,-0.18428798742305974
4315,0.1438070137007895,-0.1940245000611386,0.14736182751859125,-0.14822862967063094,0.18961467956402125,0.1714894833287005,0.1803248711986183,-0.18395538438972212
4316,0.1422196449427721,-0.19585210101821549,0.14804759782451182,-0.14960239660710112,0.19142043604883557,0.17323879134555897,0.18093002645412348,-0.18483802949784037
4317,0.14471828965468778,-0.19498870851088174,0.14905787166281748,-0.14921169067071557,0.1916385418387393,0.17282359204417497,0.18096928902353823,-0.18470170460161175
4318,0.14376104771748296,-0.1953636774742644,0.148651501141374,-0.15010634055552716,0.19118999754962315,0.1729284422466819,0.1808468135120097,-0.1847523896983272
4319,0.14422250833252115,-0.19572283899396467,0.14821246312496414,-0.1496757244017585,0.19025032631154432,0.1729974612319056,0.18030450352510596,-0.18426865020132818
4320,0.14210886511922363,-0.19404177388167218,0.1472985564518227,-0.14784990533179448,0.19020657081454073,0.1712621221514354,0.17918715065072727,-0.1836300624845122
4321,0.1431206949122707,-0.19580671110152056,0.1469513520151322,-0.1487402428154141,0.18939717162918143,0.17210376013720904,0.17980161398063269,-0.1837035145301966
4322,0.14310165867428923,-0.1952716027570009,0.1482267403041516,-0.14970908588857754,0.1912982019967324,0.17273469526458946,0.1807814565476678,-0.18451154725303692
4323,0.14371715756120354,-0.194501073388133,0.1476517427680099,-0.14830599865342048,0.1901641688649087,0.1724508300040469,0.18026485095921665,-0.18370581149553428
4324,0.14381786400400515,-0.19633092904052646,0.14947611243903478,-0.15044764000863223,0.1926884215031154,0.174207114917879,0.18253602500016747,-0.1860221143519425
4325,0.1447513605289267,-0.19393499019103336,0.1493865361558017,-0.14952746085381338,0.19105928202057954,0.17335799255315795,0.18110471981282777,-0.18502986291680704
4326,0.14393684165683282,-0.19376206334359683,0.14761259034726307,-0.14802928642507618,0.19060037701025087,0.17181372372400813,0.17936802047099118,-0.18426104308610738
4327,0.1430503189545766,-0.1946515208080204,0.14735370476484705,-0.14782303593085422,0.1908268688541122,0.1721578028815235,0.18003683695392386,-0.184348088208495
4328,0.14240840553155226,-0.19465250252502797,0.14693928570422926,-0.1469354915681558,0.18893099541989536,0.17147675678671903,0.17897997896657009,-0.18275399776607906
4329,0.14155412504042925,-0.19544672797188484,0.14793117240846082,-0.1477597494233338,0.19220634937576686,0.17250092278224213,0.1802809756758984,-0.18382346118846613
4330,0.14365897811256012,-0.1948097184069743,0.14860717111945979,-0.14963250284586432,0.19106194652881675,0.17238944299972203,0.18068963269892377,-0.18461674359420885
4331,0.14350282042625012,-0.19463219997778924,0.1471259250006933,-0.14861865551929468,0.19141471371121918,0.17239786719611427,0.17984249248529902,-0.18408494313299836
4332,0.1438315273451227,-0.1961274383324407,0.14816962410617496,-0.14892318743519234,0.19089441853744826,0.1731036844134318,0.18154861530567756,-0.18460413766519365
4333,0.14218976052552823,-0.19502446818427915,0.1469436809046981,-0.14811104195715988,0.19092053763636668,0.1713494955237298,0.1796733122706037,-0.18372276557505565
4334,0.14363078814146027,-0.19352759301489905,0.1475233146186857,-0.14856940119251932,0.18949258437944005,0.1722259867696476,0.18002320006261807,-0.18346392902558095
4335,0.14235348559493785,-0.1937480733923078,0.1473739510585318,-0.1483145710864863,0.1898720915872739,0.17189052427896118,0.17971622453763972,-0.18407661880706283
4336,0.14295508212851224,-0.1951941749725584,0.14740893518031456,-0.1483138682488352,0.18992652275594407,0.17180699089291532,0.17951478550744066,-0.18399764255622084
4337,0.14255687267056127,-0.19384332629015985,0.14777991991197995,-0.14817842331432696,0.19055791465066366,0.17213127320032964,0.17995524097840956,-0.18406158197606254
4338,0.14348825032566254,-0.19430522590901672,0.1480393239668498,-0.14741298381909088,0.19041651784790542,0.1717887692826017,0.18013623814948757,-0.18439079721828036
4339,0.14293544612352432,-0.19680709211264727,0.1466524133423889,-0.14769022413993466,0.19328191953449128,0.17292409045154541,0.18059856257030207,-0.18426874625037898
4340,0.1426810733223865,-0.19577523313550926,0.14841766382167124,-0.14884522554355803,0.19108155264801033,0.17320999711201976,0.1816136220922314,-0.184796934352543
4341,0.14354971606227093,-0.19572686363494335,0.14720719628424095,-0.14852926006608394,0.19067098642368874,0.17181140825839056,0.17959248329742136,-0.18383404723573069
4342,0.14345395858448373,-0.19645301623552017,0.14859503997450266,-0.14937388358884204,0.19099835998778608,0.173049060264312,0.18073299535191537,-0.1845983860895857
4343,0.14266374771637436,-0.19483787904614072,0.14722036160253205,-0.14702978511995213,0.18968990679293288,0.1723230962479511,0.17983296599808987,-0.183606312011132
4344,0.14218580841085193,-0.1952270145209813,0.1478375858836014,-0.14863006197472167,0.19123568698056664,0.17281810829006844,0.18032790267642146,-0.18472604999563536
4345,0.14429149952948941,-0.19572992623742408,0.14918402060227184,-0.15059840892957788,0.1915857658866123,0.17364933075822164,0.18147371109719457,-0.1858295223350165
4346,0.14348804505371598,-0.1956421241469652,0.14772972732107975,-0.14837104266713955,0.18944693488452588,0.1727350380663271,0.18047440642249332,-0.18417841018807193
4347,0.14226158193217459,-0.1949520014859039,0.14850746332064757,-0.149680024989572,0.19206026448372274,0.17291815971877045,0.1808403718699982,-0.1851442532075322
4348,0.1426686519629511,-0.19571837154768262,0.14813009347798117,-0.14852893599774003,0.19123758345995198,0.17333313631114014,0.1811749262578855,-0.18516210415246456
4349,0.14671854073048807,-0.19484325063443156,0.15044284506681274,-0.1511363046133269,0.1922460332981125,0.17453678064320519,0.18233270398604146,-0.18608198726740954
4350,0.14528065566600074,-0.1957358936044175,0.1492011699603846,-0.1503593094080847,0.18976236118637213,0.17354566537289054,0.18121990992015025,-0.18516866572808852
4351,0.14338297834149558,-0.1946425545704217,0.14731091235761284,-0.14788809230326028,0.18935786396680496,0.17126949701706187,0.17901387539973493,-0.18330439327927708
4352,0.1447179336049526,-0.19661827109380725,0.14856918697768043,-0.1488662734599331,0.19014020022330366,0.17357950450513723,0.18097846228599196,-0.1851542256737905
4353,0.14250101127144063,-0.19541179372968112,0.14755782963666694,-0.14864870861262444,0.1915552041558884,0.17289792517964472,0.18040927067356993,-0.18472531120147606
4354,0.1434339236759459,-0.19527374801122308,0.14859858531622255,-0.1499002219085646,0.18998973529819702,0.17362301947352562,0.18120124354527928,-0.1850868655524778
4355,0.14469862468060102,-0.1954016608932696,0.14851266860253118,-0.1489215371128965,0.18996952934911154,0.17309074559155985,0.18100081164973464,-0.18469601886957013
4356,0.14346112925557133,-0.1964741057911711,0.1482583489578864,-0.15015614853752868,0.1910022847129264,0.17308342591561293,0.18095620207280977,-0.18453008686833658
4357,0.14507775608835752,-0.19577010450763135,0.14937875799958603,-0.15011360706588223,0.19216099036974815,0.1738919237745466,0.18165307719081758,-0.1859866997450064
4358,0.14405365657273494,-0.19618325468772274,0.14969897177943714,-0.1512030696320618,0.19142541571285274,0.1742695644478565,0.18159122764795033,-0.18560774099309002
4359,0.14268519848353453,-0.19474057257306113,0.14742823899531768,-0.1486253703154983,0.18960564248005038,0.17240456525920275,0.18064846171478266,-0.18468778857012091
4360,0.14408487859598226,-0.19580148237897596,0.14890162454369038,-0.14979653637417958,0.19263090437638455,0.17322498666435587,0.1812496875041128,-0.18605430198294712
4361,0.1435833953486644,-0.1948587570392709,0.14837662478214464,-0.1498127750058233,0.1920945347376943,0.17328693435029924,0.18114119431810824,-0.18487374567434586
4362,0.14269222853922403,-0.19528194054693665,0.14779971592982713,-0.14814912575295355,0.1905284669212167,0.17188236979295565,0.17983137295222845,-0.18367891994696756
4363,0.14327953762877993,-0.19362140798580013,0.14807505991059403,-0.1485447766229791,0.1894908161787477,0.17199043048266213,0.18071450896381352,-0.1845168671131989
4364,0.14323860683981793,-0.19639815540040398,0.14776788343532787,-0.14793351643582361,0.19167136899718407,0.17292011072080665,0.18137648311800575,-0.18483709745090668
4365,0.14460328539724862,-0.19403573471100455,0.14826578066066343,-0.14933506127514554,0.19125159349856746,0.17292037869698426,0.18060226746713856,-0.18462793608140787
4366,0.14321215073863264,-0.19549969414764806,0.14766813761358147,-0.14891506019675615,0.19226690217349524,0.17265926063724707,0.1802438194616723,-0.1842494418062787
4367,0.14459772139057686,-0.1956806639775417,0.14863159758337538,-0.1500480992763015,0.19203618476560408,0.17338981749312227,0.1809263702490086,-0.18508047723939963
4368,0.1445403958307045,-0.19413668313861399,0.14902390318259112,-0.14954735246945264,0.1904421766959922,0.17280404030654117,0.18087925898983861,-0.18465035931448062
4369,0.14336300664432644,-0.19340644655030612,0.14749883012204051,-0.14958185428800103,0.18971610537277822,0.17214495815866024,0.1798054155931106,-0.18424544080122268
4370,0.14221419202602276,-0.1934453410845365,0.1475445238819293,-0.14875327623244922,0.19097632905794806,0.17181137847458988,0.18028491056683293,-0.18367585135875955
4371,0.14388660831878433,-0.1946394586469289,0.14814361220189765,-0.14804925575511646,0.19001906664037657,0.1719754895037704,0.17997024689054497,-0.18473119690520678
4372,0.14331987995353648,-0.19531819581132365,0.1482431792340162,-0.14872502086732725,0.1916848015973035,0.172712399995401,0.18135952513297351,-0.1847573159796372
4373,0.14154019402903356,-0.1938771757706251,0.1469782888242163,-0.1472630045120649,0.18929114641851963,0.17142404994903432,0.17953474571059622,-0.18310184707935612
4374,0.14321691418752266,-0.19460631332102044,0.1472284162622882,-0.14837378398025908,0.19060567963206154,0.17254804642303975,0.1801740318636639,-0.18437997993198482
4375,0.14217977901381973,-0.19380539694289176,0.14651647779821825,-0.14681917600932773,0.1876190342188244,0.1712081779518804,0.1784714408608935,-0.18283694416049107
4376,0.1432943627000596,-0.19477069885181844,0.14798666136866973,-0.14778986705423083,0.18939608598436605,0.17191351542549535,0.18008846528841088,-0.18439404711389612
4377,0.1424689902603662,-0.19505986719453175,0.1467130930909346,-0.14822021864951965,0.19062453040250743,0.17143431807172532,0.1798124156394006,-0.18429358275111618
4378,0.14250606989196166,-0.19550330704045318,0.14837978023388426,-0.14909484785720836,0.19033643065728612,0.17282356240422794,0.18085083900556037,-0.1848105559785749
4379,0.14291994931394625,-0.1954714366704939,0.14786833220964601,-0.14824772864398342,0.19058799448833175,0.17275655786684863,0.18075431493368752,-0.18473700036984772
4380,0.14283491719422897,-0.19533715671059979,0.14769332169089028,-0.14921923502394577,0.19132826280111234,0.17228351309727463,0.180604612684302,-0.1845749833946162
4381,0.14343209777905608,-0.1941084156248354,0.14754139598991398,-0.14925294499057196,0.19054891913815816,0.17294534047253984,0.179904806529815,-0.18409199926261502
4382,0.14255672893591606,-0.1956707692363756,0.14754242461117806,-0.14825831891456667,0.18990740354264324,0.17214618480769084,0.18004912688906116,-0.1844085774973783
4383,0.14401406254266053,-0.19569022662524063,0.14843057219434688,-0.14883137439295682,0.1903661312918305,0.17304488227098483,0.18048345419866485,-0.18442670879323927
4384,0.14367680579351622,-0.19419774861433403,0.14846484237319776,-0.14847503139817841,0.19167296521407026,0.17262788075142116,0.18069085047050754,-0.18448689764590037
4385,0.1433622645815852,-0.19602687827283025,0.14981059335465438,-0.15092896383045346,0.19140913209191582,0.1746568082275768,0.18229022413757615,-0.18659015839539336
4386,0.14308668286001003,-0.19484898899954017,0.14702699595065158,-0.14834000587981216,0.1902624852052027,0.17167368995323348,0.17953442991636048,-0.18417049414023323
4387,0.1432059090603221,-0.19458893366177696,0.14774859693009612,-0.148772779290048,0.19014092426350832,0.1723890538946708,0.18092144473910665,-0.1845282983200699
4388,0.14277195226318967,-0.19621672425021677,0.14791612835185863,-0.14844897202970125,0.19001336261944646,0.1726963207420946,0.18028788218486996,-0.1850244189400771
4389,0.14415251681124244,-0.19426783901355504,0.1479321678480887,-0.1486099944210116,0.19148129965259514,0.17228802904587862,0.18055326804877964,-0.1845962848358118
4390,0.14437039189134862,-0.19515942915271586,0.14822843542409264,-0.14850182800657388,0.1909034411863494,0.1731128534870956,0.18050970801853067,-0.18469110703113187
4391,0.14301631416320715,-0.1950956932447347,0.14818235675355174,-0.14915417077349943,0.18943853724422685,0.17273203079629854,0.1801664236460795,-0.184250434227399
4392,0.14493100157805672,-0.19472090739550865,0.1480028787841733,-0.1491741514698267,0.1909083228260749,0.17249714385234177,0.1806839213999864,-0.18466531681106552
4393,0.14528268077085688,-0.19602848334115525,0.1493029359841154,-0.150056256754751,0.19160908326067339,0.1733009237683674,0.18131194607210704,-0.18561343453445656
4394,0.1437897476126155,-0.19706849171021262,0.14855747922245113,-0.14965168381828384,0.19226103263379682,0.17305151670321783,0.18065799277178968,-0.18469553849560183
4395,0.1432478210827629,-0.19488213002736451,0.1479485231086352,-0.1494262203322738,0.1916532082529866,0.17242113558379393,0.18060439098067368,-0.18469764809100084
4396,0.14288676853731636,-0.1934354822820395,0.1474642098656533,-0.1485143556533594,0.1918621910096167,0.17259686267236135,0.17985325890014336,-0.18453319953101935
4397,0.14401416138818526,-0.19625894639268546,0.14797603043664775,-0.14839200211898065,0.19049777346685204,0.17301846241392044,0.18050074728630286,-0.18492590941351417
4398,0.14437968764780074,-0.1955667075814401,0.14873287642713234,-0.14979767965395094,0.1908270528755294,0.17409003315558078,0.18106209311065177,-0.1851703620179609
4399,0.14253665178592118,-0.19652769621330812,0.14733789140579726,-0.14754354252613128,0.19071791651845837,0.1721362532280662,0.18030943126915802,-0.18419723445350236
4400,0.14294979580679462,-0.19574985854999713,0.14782888612295836,-0.14853212031173355,0.19091660738945682,0.17244002005704417,0.18093049084211948,-0.18455645163515152
4401,0.14318112574813988,-0.19441272328760856,0.1480068128573693,-0.14898891194742508,0.19107080757775943,0.17214327400853896,0.17925217996235673,-0.18375650591998252
4402,0.14306111172078792,-0.19427095776062017,0.1473867615609434,-0.14824573766273258,0.1899073703700769,0.17217627738528776,0.18030457459705587,-0.1839624463686668
4403,0.14287976167761574,-0.1956471826271357,0.14742194702512199,-0.14820518107786462,0.1911065473887878,0.17273923338870384,0.1802685464421504,-0.18462079767584905
4404,0.14493935120486112,-0.19549247354454688,0.14971976472042647,-0.15114773130251613,0.1910326921875158,0.17429071447884836,0.18211333158262047,-0.18594086207642735
4405,0.1419263486393537,-0.1948153249365084,0.14657873564500426,-0.14700970309019776,0.1914575833534647,0.17110174329554897,0.17899425560595014,-0.18375631032157635
4406,0.14475500335143685,-0.19722343049414112,0.14899034351204646,-0.14997138866236046,0.190901265515579,0.17414225524688187,0.18150780011710851,-0.18607541137523023
4407,0.14192086009259142,-0.19569609954244988,0.1473325860804453,-0.1480715465668467,0.1902940764107702,0.17145307385233322,0.18039513208161295,-0.18413704967250433
4408,0.14370213390471184,-0.19414731112566497,0.14822893504324877,-0.14936928814564016,0.18935571985510694,0.17300168303814545,0.18029545116206877,-0.1839477694847087
4409,0.14411074390155781,-0.19540522917308245,0.14853254295539883,-0.14965633460914454,0.19126438783993868,0.17331990600540154,0.18064406754289053,-0.18482118348024024
4410,0.14259574121456497,-0.19637821427520868,0.14883949408951727,-0.1488497835941971,0.1915115364864329,0.1727307808845776,0.18109412384614249,-0.1852301498292894
4411,0.14214201645786137,-0.19558950998820634,0.14655731464050745,-0.14785360444535925,0.19029762483294002,0.170349681342534,0.17919501343103042,-0.18356223136627942
4412,0.14486899418746982,-0.19537377368946873,0.14898605131713266,-0.14953373404379505,0.18946461635757028,0.1734733502800083,0.18082379687291242,-0.18522870397581814
4413,0.14384324995576972,-0.19531941323218854,0.14809220614406532,-0.14767910662152525,0.18949071651814955,0.17299289370871118,0.1799739941390943,-0.18453198700199794
4414,0.14538864621642053,-0.19437789705298017,0.14978098570288403,-0.15042594011445298,0.18998864791940953,0.1738412417038342,0.18138785229580565,-0.18492917356018856
4415,0.143200247194882,-0.19624879221238564,0.14744019556422186,-0.14864405185011972,0.19069564442306325,0.17237127929660734,0.17983276051979344,-0.1840009229650453
4416,0.1454681130571436,-0.19719578826963383,0.14978132487242027,-0.15166745836548728,0.19158934802032115,0.17434748813087633,0.1821039197397085,-0.18577437143341108
4417,0.14294046066744068,-0.19420601543587857,0.14762574340410292,-0.14860164339265985,0.1911579443573195,0.17283519054471433,0.1804664948441143,-0.18474515263278374
4418,0.14333544816737165,-0.19511204811902488,0.14889934850681144,-0.14941736990177837,0.19066520441099769,0.17401124521168104,0.18058729279893404,-0.1855832040221122
4419,0.14405361300321937,-0.19569795578409016,0.14882793992757842,-0.14912221972366888,0.1911475084337381,0.17344138780017945,0.18152619311591978,-0.1852796005942195
4420,0.14280450687641777,-0.19571458194750468,0.14800335825520708,-0.14878082464134024,0.19078941603864272,0.17268470434986744,0.17993982895150218,-0.18437432785741226
4421,0.14405028126320307,-0.19619545291249732,0.14869949792334786,-0.14855320671996186,0.19187640592840707,0.17298919781543873,0.18111526165825495,-0.18463251301602965
4422,0.14380259187360372,-0.19683282514034245,0.14883592949579216,-0.14855123697854675,0.19145061143077824,0.17323330068800338,0.18183625067310555,-0.18512668055970824
4423,0.14382732132695186,-0.19689888504684827,0.1485132565565924,-0.14964527442396425,0.19150310516099975,0.173229029095342,0.18090753619555489,-0.18512190184191396
4424,0.14283821066191932,-0.19456815595518312,0.14761517227178225,-0.14808518497940454,0.19030816573973222,0.171503425702574,0.18039477927779,-0.18372007783061342
4425,0.14325597606184146,-0.1950401985394747,0.1481520106624188,-0.1486616427670131,0.19313574809993142,0.17238021252154034,0.1807522131687913,-0.18448686027652303
4426,0.14288950149568,-0.19369608161939117,0.14712045511358518,-0.14737878170306426,0.18867839087152094,0.1712148498016509,0.179230917869149,-0.18349953190416804
4427,0.14489353595185261,-0.1964793447323641,0.14927621223017473,-0.1495063900751245,0.19153062579644636,0.1737168175230145,0.18166424785228502,-0.1853866731501032
4428,0.14276917467370315,-0.19407379589000517,0.1471687956314552,-0.14870826096918982,0.19225028824012474,0.1723301035558424,0.1801015070136189,-0.18363921965866767
4429,0.14402878460307053,-0.1952492502279318,0.14830604264418396,-0.14969388625418373,0.19240729848665186,0.17275286845238538,0.18092498186798492,-0.18493842129296062
4430,0.1432530796391256,-0.19435438919951672,0.1475548710611343,-0.1489016749324479,0.19069441886414545,0.1721940678966361,0.1797519610301964,-0.18437338741394446
4431,0.14285465388534035,-0.19546956664069778,0.14771858300607335,-0.14894558158464632,0.19148126908538357,0.17216961476096476,0.18047719260232128,-0.18448119331780904
4432,0.14233434748530577,-0.1956509687984785,0.14788643807454221,-0.14949402077807641,0.19105723499812421,0.17280810445816908,0.18027978438800715,-0.184406717614352
4433,0.1425610400741699,-0.19493555000533477,0.14750521358805257,-0.14792454948543704,0.19182322642254893,0.17227818171859247,0.18034313078605965,-0.18382508077734386
4434,0.14433206063679574,-0.19553521575867566,0.14901095751529825,-0.15039892503642538,0.19113225165098513,0.17335196208779136,0.18110442866765303,-0.1852541548475192
4435,0.1442662040139868,-0.19653558404693827,0.14917215437578268,-0.1504263951086731,0.19145592824693822,0.174120134964656,0.18186883833067907,-0.18558639541170574
4436,0.1423117033517819,-0.19340070505852555,0.14674086741963852,-0.1483103116030377,0.18973666133008,0.17170993647235874,0.17937920303205201,-0.18322051648521034
4437,0.14254413433242638,-0.19552498739334956,0.14823748379349172,-0.14889454097644378,0.1897121021743063,0.17339325823630158,0.18081017809272001,-0.18511488903524828
4438,0.14443796709189627,-0.19520564119345118,0.1485468446851313,-0.14884566319608603,0.1898653273902059,0.17311631517903792,0.18035071736500527,-0.18464158470797917
4439,0.14358558729157447,-0.19542056585923936,0.14734339359481546,-0.14864809076171676,0.1922828352754958,0.17255084988657463,0.18033037509401123,-0.18434475080047302
4440,0.14336373967814864,-0.1960086865314546,0.1483348855852688,-0.148572420623879,0.19170979984924472,0.17280423689085145,0.18051121512181179,-0.18456317012939438
4441,0.1434231835952404,-0.19540056217985285,0.1483922297967097,-0.14931272517000518,0.19089746511629088,0.17355464462346565,0.18089648473956757,-0.1848742863843566
4442,0.14278286562306106,-0.19448069097410128,0.1470488246020852,-0.14879059821684443,0.19044486153850915,0.17189670798789194,0.17965332763015118,-0.18412657875245858
4443,0.1443698794346878,-0.1938165932315605,0.14862051918110178,-0.14915139193039206,0.1904552887532419,0.17337090517515716,0.18068189901546164,-0.18475463737840253
4444,0.14322746302226122,-0.19390646102801637,0.14753291739662233,-0.14832126802565035,0.1924158915959456,0.17204099711060913,0.18033465503528842,-0.18455204677320827
4445,0.14230959346491778,-0.1958310458941603,0.14729431717112063,-0.1494616701013441,0.19082089047775386,0.17235245844963792,0.18034250832289545,-0.18476859486009026
4446,0.14335103420364095,-0.19308304039802573,0.14790823492663793,-0.14813173596752283,0.19099812362593577,0.17211084662259252,0.1796215726191841,-0.1839800248270302
4447,0.14340904454217357,-0.19485460896182788,0.14765850562480531,-0.14884899617813613,0.1905704383791397,0.17194299456845688,0.18049944640379179,-0.1839640338600605
4448,0.14317088291999644,-0.19548980271985517,0.14778853730867114,-0.14789669882086376,0.19069308337719043,0.17229922208874823,0.18015670348432622,-0.18392944582693108
4449,0.14313595232183898,-0.1949458968077215,0.14731838499678632,-0.14832231632286139,0.1910195975779724,0.17156052881397627,0.17988785704130503,-0.184214866864844
4450,0.14345006979379962,-0.19417710529645185,0.14827970926336584,-0.14951787782906464,0.18935371122230366,0.1724505872226939,0.1799942003815783,-0.18403162360361608
4451,0.14320851667293344,-0.19453094396630208,0.14850251008700968,-0.14974700426218404,0.19140011168424764,0.172456989247696,0.18012918928737656,-0.1841379798029167
4452,0.14346877591783494,-0.19445156793351642,0.1475443536249003,-0.14928357805654066,0.18788746515699173,0.17171434644518974,0.17905088667446137,-0.1831914836841589
4453,0.14358539838327658,-0.19510125591886907,0.14776890763355108,-0.14877071548720205,0.18942987157437505,0.17235697001213554,0.18087530447521027,-0.1841637717023367
4454,0.14231590887004802,-0.19464630888401008,0.14744444080259297,-0.14829045612846997,0.19257105037328934,0.17144935572761646,0.18011319820554478,-0.1840229041183721
4455,0.1436568669745586,-0.19501990677489975,0.14786626923184887,-0.14906849414070447,0.19168574819533662,0.17306795193147664,0.18053975754450433,-0.18488253886082268
4456,0.1430391845032302,-0.19416652286596972,0.14822844574173802,-0.14887456858354492,0.19098114087412452,0.17256470073679991,0.18037196602471386,-0.18450378980004095
4457,0.14459786832265165,-0.1952838808680392,0.1486431194051248,-0.149110363109267,0.1894058634891233,0.1723742788091368,0.1802934972989764,-0.18455473513653847
4458,0.1417650087016941,-0.19388602136516525,0.14740736473273683,-0.1472023676058288,0.19067117370249928,0.17197111688103303,0.18013051394572557,-0.18371337205149119
4459,0.14383899967599242,-0.19621781883191794,0.14906409530131343,-0.14864202021097672,0.19195707719734673,0.1735526715397245,0.1810909575037059,-0.18533844410975167
4460,0.14396085763281752,-0.19570150061973246,0.1480812716128728,-0.14841000679438382,0.1920361520990497,0.17270474443606573,0.18087352532744658,-0.1845330616410088
4461,0.14250515007728173,-0.19529196994744583,0.1482288465874922,-0.14955500766792815,0.1923120529859319,0.1729114822943809,0.18063199604340469,-0.1849576907261513
4462,0.143110766765798,-0.19509935305824533,0.14780024022486782,-0.14796633918872312,0.18943795904641836,0.17251573737309045,0.18005575128713935,-0.18427791146977485
4463,0.1447585448062651,-0.19576815908780215,0.14902317593451464,-0.1499450025321825,0.1914870366093337,0.17370672989337854,0.18166524651664262,-0.18576944322447428
4464,0.1429405503297934,-0.1938733184244484,0.14723451393807396,-0.14821357572997745,0.18938480949909667,0.17146661710550073,0.180280941643239,-0.18374811646257272
4465,0.14269330639313801,-0.19475180946071616,0.14723925609703706,-0.14839845039772198,0.1883965285471107,0.17225994973341197,0.1807439212361104,-0.18411302990012507
4466,0.14321232056446997,-0.19550558085088265,0.1481039930456713,-0.14885277513859627,0.191723525937746,0.17324795536723517,0.18114129795351896,-0.18493579870141363
4467,0.14303011520565717,-0.1946800766217117,0.1484309542808545,-0.14941441096413838,0.19196065322795325,0.17342734765165402,0.1812344284117793,-0.18457814874111006
4468,0.14242386506882443,-0.19504012253788197,0.1469763306147451,-0.14806374198247835,0.1902146875995669,0.17161380921616107,0.1796614712729871,-0.18373609782440634
4469,0.1435433522136819,-0.19534585443693184,0.1480530863948411,-0.15008426681496947,0.1889266684494557,0.1726625146466622,0.18045353311093368,-0.18455992818120245
4470,0.1412355202095008,-0.19590417197306206,0.14658417912623878,-0.14865562701712476,0.1892213484630561,0.1718767322383164,0.17915229406512204,-0.18422230332116457
4471,0.14337136144716983,-0.19575070028051672,0.14756522080664947,-0.1488785282708389,0.19025373631814133,0.17218581499701568,0.18062379272704843,-0.1844085477724529
4472,0.14282227962658098,-0.19531546139355072,0.14809917680309403,-0.1473564182422995,0.1908935920861096,0.17275671635114853,0.1811822090595061,-0.18453143087943105
4473,0.14253061049284033,-0.19513872258489787,0.1472026326541755,-0.1489138029401937,0.19053542456269654,0.17233521927679857,0.1802786566051085,-0.1845848567036557
4474,0.14252305949908742,-0.19482286983215874,0.146562440402544,-0.14760733173637175,0.1909420371027651,0.1720940241444554,0.1797757814145925,-0.1837167955109493
4475,0.1436497389658239,-0.1945317902134252,0.14803210844930184,-0.14812498467925592,0.19005264202010155,0.1729899973506168,0.18016074764620318,-0.1844961183629281
4476,0.1422858987807707,-0.19528642845050395,0.14679849678289755,-0.14798597663936142,0.1903908208012812,0.17133745403231662,0.17933334658177563,-0.18348446292453144
4477,0.14484453583155052,-0.19648015569082053,0.14913539818855667,-0.14918711255484898,0.19068302919634048,0.17337424320541758,0.1816101406210873,-0.18564959105154227
4478,0.14329419140856636,-0.1969304211487416,0.14799737383930306,-0.14869042636952895,0.19160286486832642,0.17231181880089957,0.18063253299033025,-0.18436816040334902
4479,0.14248938542766448,-0.19473471512195617,0.14802189105344507,-0.1493257434128797,0.19160249861331818,0.17186816639892025,0.17983802028883294,-0.18441647467017838
4480,0.14518841060880344,-0.1963649695677386,0.15029463814529093,-0.14976066432393179,0.1909305222923489,0.17377623201787035,0.18224098295670227,-0.18594500853709267
4481,0.14254378304865506,-0.19467351233176458,0.14740466577673292,-0.1484073368061142,0.19071797729652418,0.17193717797009253,0.17931618912459366,-0.18307081655053004
4482,0.14327713684742233,-0.19450010221029485,0.1474336553938643,-0.14823468223812375,0.18966686401038316,0.17217261086232005,0.18044830306441084,-0.18419284855550375
4483,0.1425994525250167,-0.19413124978036297,0.1471461714029461,-0.1487132881885777,0.19192868409399153,0.17202859558626857,0.17967978377259894,-0.18366831465059658
4484,0.1437124223971473,-0.19539588775440905,0.1472918999425699,-0.1490300977092721,0.19052553652357876,0.17227529833225746,0.179758679029561,-0.18455476094647333
4485,0.14381890598278196,-0.19553413356140634,0.14914323107781413,-0.14904786569771364,0.19182243336646462,0.1737517427687406,0.18178107088356663,-0.18521801461363638
4486,0.14210899181667466,-0.1936487199133266,0.1459318096851223,-0.14616308353709573,0.19052628500722643,0.17089711077541525,0.17898585058855676,-0.1831173602786456
4487,0.1428356779284665,-0.19597204114426683,0.14865053254984092,-0.14856439211554656,0.1892515478446542,0.17300636506856176,0.18087560461933766,-0.18474773837750114
4488,0.14419772835482966,-0.19558630101725932,0.14884397592561666,-0.14944924409279986,0.1906113609249659,0.17351472271544854,0.18072825861514166,-0.1848086679315518
4489,0.14372750126553724,-0.1959622789730288,0.148731112998575,-0.1501516614465346,0.1901917692476642,0.17307125310579333,0.18098836521287373,-0.18528088845678556
4490,0.14341641151780976,-0.19456623002472,0.14791470712358046,-0.14883546136874942,0.19090076873838194,0.17237748961594188,0.1804401133707727,-0.1845354492519708
4491,0.1447253099317665,-0.1970859399325125,0.14894957970149064,-0.15024225819971065,0.1921713711523766,0.1734437711421932,0.18182439471468176,-0.18556882873350344
4492,0.14265257925218383,-0.195121708396997,0.14707498036636135,-0.1479471156335202,0.19036528660291235,0.1713401450848919,0.1790679960958792,-0.18331969916006582
4493,0.14350345115045351,-0.19484448894151507,0.14700830034292192,-0.1486775181786557,0.18969868961128813,0.17207024219488992,0.18003210660720376,-0.18475083994566976
4494,0.14331239042953986,-0.1950096668386214,0.14824952821749582,-0.14913044957689917,0.19051115334212315,0.17259875601446412,0.1800147549863144,-0.18466272196886435
4495,0.14200115818537629,-0.19505888964966162,0.14667386738224789,-0.1477909304431062,0.1911184459036652,0.17142213397980854,0.17983642566603555,-0.18362893224165724
4496,0.14387541635940007,-0.19570514411466874,0.14825856720572192,-0.14939842193233235,0.1906414773986007,0.17261485460354237,0.18030836842919695,-0.18462406388392258
4497,0.14389364323402973,-0.1948590801034545,0.148421771616573,-0.1488980478897874,0.1900328762822461,0.17293855206244185,0.18034143207772874,-0.18466102948901622
4498,0.1440873244983317,-0.19539222768850278,0.14778271872686768,-0.14818607110214105,0.19137996277264246,0.17299145231652419,0.18055382033980386,-0.18474691011071526
4499,0.14408482676933404,-0.19442584359824747,0.1485079033669387,-0.14919397704775103,0.1892696609004401,0.17236697828725805,0.18066283942689387,-0.18394467766954278
4500,0.1427954663171394,-0.19524506911231312,0.14722664128654034,-0.14837313548197056,0.19021851921976515,0.17200762951464416,0.18009346196946893,-0.1839934592649518
4501,0.14265314021236503,-0.19499092718677516,0.14787800414295835,-0.1492940447637298,0.19074435614321972,0.17252858017920458,0.18078156169882295,-0.18421896296133458
4502,0.14451970917304566,-0.1961151582341674,0.14933500664212315,-0.15049055487711266,0.1922374475294849,0.17419855578666427,0.18126111709373652,-0.18588164336733648
4503,0.1420848723523094,-0.19598019080430382,0.14741741317064605,-0.14762151275204055,0.1890186566053647,0.17200116218230052,0.18046384911395374,-0.18358012242563826
4504,0.14355155111317458,-0.19662326195620947,0.14906653505352446,-0.15040180103362316,0.1915051684995267,0.1735254698630859,0.18164667491425132,-0.18513079121747997
4505,0.1434004553235837,-0.19531994490008278,0.14745098557719644,-0.14842852009759733,0.19020827796843662,0.17235420162570228,0.17994541060437394,-0.18460851471506304
4506,0.14500499201780018,-0.1962337795357649,0.14918511330518164,-0.15089512894594923,0.19281853323819886,0.17408893274634765,0.18215433626831895,-0.18615679666558543
4507,0.14213896131527604,-0.19490486647422775,0.1473335512830211,-0.14889866462209772,0.18982391073509394,0.17222613195805644,0.1803824071782146,-0.18406593531677495
4508,0.1434676075000926,-0.1948091244490732,0.14738510881676145,-0.1486641722138477,0.18985266857675692,0.1717675843597987,0.17968884503666419,-0.18409385044921553
4509,0.14465041460464156,-0.1956609910451416,0.14866408631141267,-0.1489787406371873,0.18980447580121274,0.17232673025023768,0.1802184221780933,-0.1845152760883105
4510,0.1454128284722006,-0.1960723021183642,0.14971120899972898,-0.1499703987639334,0.1910721202208186,0.17377668095241292,0.18171200604953364,-0.18562122746989168
4511,0.14312526078541032,-0.19452913355682544,0.147730528990776,-0.14753681908976776,0.1888709252737558,0.17187396913544054,0.17979652171091848,-0.18353134410092192
4512,0.14376549463598384,-0.19453398823146845,0.14815575961865277,-0.14920726700682166,0.19049776870614007,0.1721253964016712,0.17995207144721723,-0.1845009535957558
4513,0.1423947712145436,-0.19269217783088544,0.1464375355703895,-0.14758759791723078,0.18917324334200172,0.17097222933414966,0.1789039823280106,-0.18313436607572392
4514,0.1445226368829877,-0.1968153268090936,0.1488294173379685,-0.14962039178829106,0.19246068691627646,0.17307933315100463,0.1809211068343367,-0.1852126392713888
4515,0.1439519304811638,-0.19538457074676358,0.14784061691933986,-0.14947275558614087,0.19019298732808912,0.17264968821396448,0.18052163519020098,-0.18453865087268764
4516,0.14401358764909591,-0.19580296718592638,0.14901302358165153,-0.15052729761402509,0.19096132264248053,0.17347632286361253,0.18042858473883863,-0.18562085504926307
4517,0.14283543952068056,-0.19417809945824382,0.14807671725727162,-0.1484699850846089,0.19099323631331228,0.17245372525818747,0.1801066780817073,-0.18442713705602615
4518,0.1432390172528817,-0.19441736261066006,0.14699831980811906,-0.14800985475992492,0.18958162209878185,0.17254620351111497,0.17931686410565356,-0.18335852507905245
4519,0.14211000462296336,-0.19348634487709143,0.14709661397552343,-0.14915941146101294,0.1918300900940895,0.17146709239378463,0.17929184542163737,-0.1838500942022176
4520,0.14406561688249522,-0.19595153651709646,0.1483197633449088,-0.14958704622565777,0.19123977756187208,0.17322737333064078,0.18159837655647096,-0.18521304050439488
4521,0.1435885677318777,-0.1954451186573019,0.1481596403697714,-0.14982091887840443,0.1916706778005929,0.17279010970216682,0.1809923940689708,-0.1846163063037517
4522,0.14269879004063832,-0.19620469752069286,0.14760286667649836,-0.14845462633312878,0.1908427814635481,0.17155523619904606,0.17945394761523922,-0.18373532407962756
4523,0.1430050013948561,-0.19508065031692132,0.14753005658307689,-0.1481589600242723,0.19154801775275634,0.17206886446120886,0.17998423077461914,-0.1842119673516696
4524,0.14443559617668417,-0.19571831521042785,0.14799356560043003,-0.14896194617024178,0.19173221820171496,0.17274330385748574,0.18020100555981375,-0.18436139323069314
4525,0.14267847303940434,-0.19426611982464545,0.14752806554017958,-0.14806142483072654,0.18951473106010855,0.1715803279741715,0.1799739192232221,-0.18411929347117084
4526,0.14363403545867462,-0.19466043155335636,0.14792432030037164,-0.1490558972311453,0.18946296563943013,0.17208073164504106,0.17952842389589882,-0.18458435930176897
4527,0.1418011759641677,-0.19480543945114823,0.14708614935056208,-0.14699344746973228,0.18964955390934493,0.17158619850280074,0.1795476378880438,-0.1833323937918351
4528,0.14270891169185637,-0.19569657826075867,0.14725441861780447,-0.14711400195208346,0.1914729988666055,0.17263612408034237,0.18035102225939662,-0.18451525269197752
4529,0.14374529512080847,-0.19609744476374824,0.14927592232559708,-0.1492094981605882,0.19104824066401294,0.1732701720741721,0.18104435218983628,-0.1852856410740075
4530,0.14071112819955678,-0.19471538648273434,0.14718714796247795,-0.14808192452760263,0.1913152941740453,0.17196235825411096,0.17985410076995076,-0.18398923997489128
4531,0.14435354669313985,-0.19426000714752975,0.14811534497599432,-0.1481870773271115,0.19245965022519565,0.17242609182473775,0.1810876052504504,-0.18428170609319075
4532,0.14299861843157138,-0.195749201422547,0.14766156251158286,-0.14735138501337275,0.1912383456477137,0.17162880020736684,0.18005796872945717,-0.1841707367518475
4533,0.1437810346736227,-0.19599480077069023,0.1488422006372134,-0.1495924191576875,0.19115296667877849,0.17337810907454987,0.18180311208248198,-0.18526755133651163
4534,0.14388185469424442,-0.1946994548685284,0.1478480669135951,-0.14909902599273753,0.19060530311677032,0.17248239498095644,0.1803848900627777,-0.1843631267928327
4535,0.14311629924031793,-0.195615621796799,0.14839310555920598,-0.14955566815335247,0.1908771400568253,0.17273717957781887,0.18044324146429236,-0.18524575767675078
4536,0.14576663413632898,-0.19540114082638582,0.14964322485705892,-0.1516274338606015,0.19142040788656403,0.17377883988647588,0.18185717227415824,-0.18469954110456901
4537,0.1419657136383709,-0.1952289351495599,0.14693568437335452,-0.1483801446385669,0.19043216800423063,0.17199371023705545,0.17982513958920499,-0.18407345446471884
4538,0.1425076590208226,-0.1940808943006303,0.14741063878919183,-0.14805618863772402,0.18907064718223593,0.17205217059370498,0.18019630862069008,-0.18417103252770023
4539,0.14029310919927568,-0.1936699079216842,0.14557458952092409,-0.14705692766948614,0.1891797346525612,0.17101549500939348,0.17863358766935183,-0.1825146648469621
4540,0.14454158015662877,-0.19676262116971932,0.14963060276564172,-0.15033823724650747,0.1907704511474275,0.17417868531347155,0.18143490800514273,-0.1854362345250695
4541,0.14358366126222674,-0.1951058507539543,0.14883606961982804,-0.14863386165329365,0.19069423784956396,0.172968481551129,0.18124928817518463,-0.18492738565349304
4542,0.1424737034815099,-0.19538479800707675,0.1473833231303876,-0.14659282856774325,0.18882804787678636,0.17186940784309818,0.17960143480662996,-0.18354826992067796
4543,0.14308840297804057,-0.19473581132185155,0.148023672512683,-0.14918269140336732,0.1908797276061426,0.17291820219374487,0.18117127823071041,-0.1848109532561118
4544,0.14371727511019308,-0.19524216311847892,0.14867423064062524,-0.14931522177883144,0.19168837342973022,0.1734188297139804,0.18198030323982917,-0.18548992935264685
4545,0.14113667814886158,-0.19376126107798108,0.14670854415746865,-0.14740294409247826,0.19149103684711624,0.17175827100722174,0.1798239054642812,-0.18374405586630663
4546,0.1420373340864179,-0.19563796328136882,0.14669661664645509,-0.14798458284636945,0.19143431390010668,0.17223833817649029,0.18017003890514155,-0.1844394944061091
4547,0.14305902720595445,-0.19454653297344277,0.14732912294600345,-0.14713664057142262,0.19052772937584433,0.172011638078944,0.1791760782588504,-0.18382419443453998
4548,0.1438958432746498,-0.19629085349922562,0.14836221833058488,-0.1484381485509834,0.1918516904632668,0.17235533043907494,0.18057507823504682,-0.1850936573988312
4549,0.1434220771243145,-0.19488538752535242,0.14815798645914904,-0.14934310547363389,0.19062844502674986,0.1729973425975115,0.1803540774470157,-0.1844802932217239
4550,0.1433330801133099,-0.1948071227656248,0.14717195885682344,-0.14849830512611692,0.19135551103458825,0.1718518992911874,0.17952268942097324,-0.1840743526279098
4551,0.14338583725251214,-0.19492280564849923,0.14767328846915115,-0.14888448039513671,0.1902670640097233,0.17259533503622765,0.17966270461925393,-0.1840078600532708
4552,0.14377979810682257,-0.1957197396955309,0.14757180508171566,-0.1493914797712557,0.1904162928051717,0.17235296101912323,0.1806773735507208,-0.18432900949854977
4553,0.14421945883271134,-0.1977354901779263,0.1485174625793464,-0.15039885026334654,0.19204231551803486,0.1726750751001657,0.18143202383501122,-0.1854984217496464
4554,0.14288760720953586,-0.196035577819873,0.14850731843433898,-0.14901286743137632,0.19207710228691038,0.17235956839216018,0.1807879497964465,-0.1847240452905457
4555,0.1434721706809526,-0.1947119507255973,0.14723768158755213,-0.14860916785300246,0.18982831436027792,0.17203311876600758,0.17944850385965883,-0.18396079906375193
4556,0.14322413653705743,-0.19522450470037675,0.14758401025676268,-0.14888499174904696,0.18941449086717263,0.1716548224188849,0.17963688646865902,-0.18426578587167905
4557,0.14370083229305256,-0.19564686017062696,0.14755363780969996,-0.14860717500186846,0.1910954366234203,0.17250969709302214,0.180618424733537,-0.1848287231070612
4558,0.14404856233324323,-0.19404700896623978,0.14844855286098788,-0.14989473198330808,0.1914483249999958,0.1727694299346462,0.18092943192087976,-0.184749396888931
4559,0.14227778519485354,-0.19458334604681962,0.14697655814933452,-0.14771667777747205,0.19111338087129412,0.17166715132443416,0.18048399798706594,-0.18450196503542082
4560,0.14323428508235644,-0.19557407409009406,0.1486251690916847,-0.14894954348395983,0.19134696599499879,0.17387215100017578,0.18146278257696113,-0.18537474071236898
4561,0.14402836637482813,-0.19520396347550012,0.14768471793132765,-0.14812196569681846,0.18960455877221893,0.17204051262956965,0.17952353508999383,-0.18381479624562683
4562,0.1435235865605699,-0.195367451053753,0.14774597350785904,-0.14869825878509743,0.19200295750409507,0.17266986162025177,0.18018391862957298,-0.18454015238434646
4563,0.1442557403235553,-0.1939550182850574,0.14783958678094877,-0.14965329033339614,0.18818319466805017,0.1722850561726105,0.17991518227575765,-0.18380145712279422
4564,0.14262002025824386,-0.19516483777727703,0.1479418291816473,-0.1484079990586809,0.19116391140684716,0.17194764450586023,0.1802774215614198,-0.1843948235441842
4565,0.1414239047224161,-0.194477907491205,0.14726096810200565,-0.14885613572629786,0.1893976630811812,0.1723366767869963,0.18024933282691116,-0.1846726567676577
4566,0.14466289393406048,-0.19594107036117106,0.14785171079965073,-0.14883356770624315,0.1905744577524313,0.17202558723208078,0.1803545098466904,-0.18453712654162596
4567,0.14396323411588752,-0.19542206981638824,0.14870072050866118,-0.1494414363054781,0.19214908697597635,0.17372663915900607,0.18175406603827582,-0.1862320721447657
4568,0.14393816035628068,-0.19661759756664826,0.1490748923318368,-0.15041093568963726,0.1920022558707327,0.1738926309083381,0.18147135440393855,-0.18501318583433793
4569,0.14352300072698745,-0.19550657627983442,0.14829776121732566,-0.14864195065644772,0.19116956753194608,0.17254244378243352,0.18026802935526137,-0.18444023928680842
4570,0.14272393710238282,-0.1952468848328703,0.14784572631184772,-0.14798604867684473,0.19004085340455965,0.17217731522716465,0.18019304047375378,-0.1847837468227443
4571,0.14268630078834701,-0.1939359777086407,0.14788218700651415,-0.14889403920992372,0.19011136131741202,0.17208482317107435,0.18058380353430864,-0.18458456209852503
4572,0.14360401050763602,-0.19561833198448864,0.1482598654254079,-0.14946506130598747,0.18982375754242722,0.17348828551205542,0.18105505626145602,-0.18468119806249703
4573,0.14286798375129248,-0.1947351182926647,0.14762240717222003,-0.14849278786338713,0.19056556625153767,0.1721378744703654,0.1801183067560941,-0.18447004112249693
4574,0.14313722223281636,-0.19429813209866806,0.14680880247841263,-0.14770682694762569,0.19066773210143967,0.17243932369970788,0.1803832221810982,-0.18431622297304284
4575,0.14260894976994706,-0.19653908722852712,0.1482680355678369,-0.1489672738788275,0.1912468901420056,0.17344658158077064,0.18087003441238308,-0.18519985541882272
4576,0.14543948834039447,-0.19579155030966683,0.15001772393898585,-0.15046350441059844,0.1903416066877137,0.17417048923653886,0.1816818088699028,-0.18599709974570286
4577,0.14214971942948287,-0.1948297406601422,0.14707862100762406,-0.14697066624777844,0.1908127810177276,0.1712347168033821,0.17879684264396367,-0.18356866280869993
4578,0.14291538837552079,-0.19542800570724664,0.14809441126143566,-0.14888795402495714,0.19008063764786706,0.17260945982018494,0.18025989729258263,-0.1848670802482855
4579,0.1422708203249722,-0.19576276198870113,0.14703854760080157,-0.1477701107083631,0.1909528762352318,0.1716056490845168,0.17981368628218847,-0.18404223044299917
4580,0.1436954471688741,-0.19497124023061,0.1485199845788795,-0.14901583220621856,0.19312896828608342,0.17319887808475906,0.18133480614509898,-0.18478623726278567
4581,0.1421035835596916,-0.19453683060262492,0.1475934754145259,-0.14893621333534768,0.18997091782083492,0.17209550881939434,0.18012319599723103,-0.1839407549549545
4582,0.14303322548585745,-0.19417883608091085,0.14771566338110373,-0.14899062580243744,0.18936978087085551,0.17257190829139993,0.18045153968398012,-0.18432126871027388
4583,0.14436699386654475,-0.1960686968123968,0.14872180656972928,-0.14891972668045303,0.19133451303207233,0.1730311398099011,0.1813896191793042,-0.18524885931586527
4584,0.14315318055722617,-0.19509036335805668,0.14807609080029424,-0.14857013465440558,0.19105791449084653,0.1723417312377136,0.1806618876040256,-0.18427345821281327
4585,0.14234888814147467,-0.19315301795051215,0.14718945347965054,-0.14737221101724618,0.19094146966597159,0.17150702333720844,0.17950002508534058,-0.18323498326643767
4586,0.1425491220294908,-0.19504814270585338,0.1473161479570514,-0.1486034271711857,0.19118883925059013,0.1720563187333556,0.18011189284867882,-0.18375014443624757
4587,0.1422974551050335,-0.1943612441429651,0.14690862263382842,-0.1476657384095638,0.19170614108509126,0.17219424307977868,0.1800186647777983,-0.1836398670334101
4588,0.1412857538271078,-0.19340404484824542,0.1464905093843185,-0.14740611631005376,0.19063016716232,0.17108146335116736,0.17959787011562156,-0.18373342447140426
4589,0.14350582496604544,-0.19566550820375905,0.14875823929258952,-0.14984451012888914,0.1907478002342687,0.1736133617317616,0.18191597912755228,-0.18547995372593223
4590,0.14240695593090327,-0.19438264659017163,0.14708311548360795,-0.14781161569838885,0.18934209983685954,0.17202843063492068,0.17994092697012212,-0.18344013533141304
4591,0.14365683648495156,-0.19372570132408629,0.1475012222864374,-0.14906532289930527,0.1889812767110394,0.17160833995738892,0.1793903639200255,-0.18343768872880115
4592,0.14280136617766348,-0.19463099761756858,0.1483650239765578,-0.1496800435994535,0.19096284130153365,0.17234990868990158,0.1800217306595055,-0.18436562698383888
4593,0.14341137948740273,-0.1955643538341902,0.14784533545330172,-0.14880857646693466,0.18875398651832018,0.1726760558558911,0.18067148937395944,-0.18506041441779125
4594,0.14483952714735365,-0.195908295244938,0.14891711684781345,-0.1500340792737087,0.19130420540696594,0.17362366662910556,0.1809821300897947,-0.18564769856858232
4595,0.14137356787539335,-0.1947932355317484,0.14632034015133424,-0.14630124306984063,0.19037432474085164,0.17146037753309176,0.17924097943414893,-0.18347238361341026
4596,0.14046820306194974,-0.19626438047731798,0.1469732886370126,-0.1480347509196457,0.1909489441642117,0.17266797655144994,0.18075618970561008,-0.1847354821725893
4597,0.14308282300126843,-0.194803912578888,0.14665139484114909,-0.14684853341790047,0.19043402125514275,0.17156281320407207,0.17973973886778008,-0.1841656180643645
4598,0.14457726328817583,-0.19720649248845215,0.14864397278420638,-0.14980894779101825,0.19234844940346685,0.1734603024981147,0.18155041297173413,-0.1858435241198927
4599,0.14220262285746946,-0.19535188874645706,0.14706481325366083,-0.1475692443742263,0.19095530624107143,0.17145918003943422,0.17948874025570039,-0.1834698262481462
4600,0.14379721647431007,-0.1963319783757569,0.14848419278557531,-0.14919996028052618,0.19050019391176073,0.1730891286139998,0.18122171100552392,-0.1849736640833535
4601,0.14411427261840487,-0.1959213888056175,0.1489070032734965,-0.15064220997568248,0.1927072540533852,0.17349437508664253,0.18189903949322178,-0.18537838347152316
4602,0.14468437431770173,-0.19489859499119938,0.14845951405777869,-0.14870089082995822,0.1919652712111539,0.17356705304930162,0.1811815213146167,-0.18500682164185786
4603,0.14238883993027998,-0.1963074101489269,0.14782362339645067,-0.1493669817153757,0.19102422261404137,0.17289589570014474,0.18148049535895272,-0.18472431027765454
4604,0.1436415842868048,-0.1956871765113599,0.14821563141123717,-0.14950207281484146,0.1928206338569564,0.17370919049366354,0.18138076255037033,-0.18496862311909987
4605,0.1419836426010159,-0.19432231523089163,0.14701852754938952,-0.14785735791256008,0.19087970004968247,0.17200550063102582,0.180052453232904,-0.18431906940791898
4606,0.1442432245305997,-0.19610444726195453,0.149500332002788,-0.15010505793795395,0.19284333002173815,0.17311931960385538,0.18124227601163626,-0.18482116095070877
4607,0.14386698020072852,-0.19454902628552415,0.1477394826044457,-0.14853111397258018,0.19001971163957643,0.17224002647932846,0.18039767527412978,-0.1844427759695752
4608,0.14223395698222938,-0.1947673268263012,0.1472771715530944,-0.14835803960518043,0.19041304438991175,0.17222795982051767,0.18031937954684502,-0.18439091155910853
4609,0.1428133709101602,-0.19598433424255066,0.149621858668916,-0.14971496365721562,0.19037678351444104,0.17328339117186636,0.1813307722100476,-0.1855701439757895
4610,0.1441712618478203,-0.19586130616963027,0.14871071615303375,-0.15007330102888553,0.19303986265653547,0.17334571974513402,0.1813433488254989,-0.1853035121417951
4611,0.14254079323607868,-0.19562785175877348,0.14684411253002924,-0.14713225042454464,0.18962586027792935,0.17175622712478522,0.18033781643372132,-0.18375923011657067
4612,0.1432048075665829,-0.19478162787815545,0.14734489651978205,-0.14717541816522559,0.19156062793249634,0.17197836233635097,0.18017242524043375,-0.18409223344363035
4613,0.14305803049320745,-0.19554614454267216,0.148101336881908,-0.14889963767777284,0.19240345162034717,0.17292690767235272,0.18052966403693815,-0.18524210096876276
4614,0.1444481776834201,-0.19359143860441946,0.1481197972395765,-0.148481137782221,0.19006354855413313,0.17234916347111814,0.17975239317147992,-0.18405990899070657
4615,0.14350746316341872,-0.19388275371432037,0.14756454145187983,-0.14823739849513246,0.1909921564771689,0.17219106633018005,0.1797285013405085,-0.18360994504824185
4616,0.1436869987297586,-0.19543864605974723,0.1481719952250177,-0.14932854026160483,0.1906181193199872,0.17352153029234982,0.1808911255296456,-0.18477856095301853
4617,0.14277464435545723,-0.1954552200648905,0.1464625135831229,-0.1472537539730133,0.19039669975539675,0.17175158091618856,0.18015779275547586,-0.18371055924877822
4618,0.142173029518238,-0.1938860214617135,0.1471308868151585,-0.14791054447815213,0.18902731696054706,0.17197447652217265,0.17990429661615276,-0.18388401812913915
4619,0.14373221395368163,-0.19419728209048895,0.1482432284731488,-0.1484191046327268,0.190894361943658,0.1723951747707295,0.180898689597915,-0.1841041256896181
4620,0.1444593560390287,-0.19562912024793433,0.14887097478717373,-0.14990765466738804,0.1913076782255903,0.17289514196621975,0.18055600208058925,-0.18518063568577367
4621,0.14309137879178116,-0.1950518074683721,0.1477211367838119,-0.1485053768544064,0.19227888367123466,0.17241524009345077,0.18020890275507098,-0.18429091168677264
4622,0.14302271755393092,-0.19455388275328214,0.14782367430995494,-0.14936350801523693,0.18940219186423168,0.17201321334939038,0.1794451359308941,-0.1839404878835444
4623,0.1416909778766161,-0.19443873545347565,0.14731672523086303,-0.14796669339850355,0.1898526902352123,0.17234846249807872,0.1803128043183448,-0.18365008801059998
4624,0.1439366064095474,-0.19558149241905484,0.148189152277141,-0.14820392642419203,0.19127563746262966,0.17307476078795217,0.18106880816939078,-0.18517554306903136
4625,0.14363599888544423,-0.19537578872629527,0.14914292047508065,-0.1501069496662914,0.1907392646043372,0.1739217265710917,0.18104486831295985,-0.1853644509444901
4626,0.1442724440161535,-0.1942489418270144,0.1487404315110788,-0.14905600808635436,0.1893861333183014,0.17269276172048165,0.1808453951049385,-0.18386444285628203
4627,0.14293445762861576,-0.19519431806238274,0.14796347971597495,-0.14861044851313332,0.18816501256943613,0.1719587643161843,0.17978282716154104,-0.18449533152117162
4628,0.14168417326926827,-0.19503680925501843,0.14647925876657186,-0.14862420144487143,0.19087963558504975,0.17112795699974936,0.1790184815220865,-0.18427147322877863
4629,0.14236916117063828,-0.19454736844527773,0.1475605486262396,-0.14858928072189406,0.1889286129835169,0.17162416758751603,0.1793309047345813,-0.18372833332591176
4630,0.14431982074413188,-0.19539807736544754,0.14810627340516172,-0.14921669018541284,0.19223412607299395,0.17334609579729332,0.18100518800185858,-0.18501147394290182
4631,0.142551933973688,-0.19435637042907486,0.14711695500562455,-0.1483369329248582,0.19075936638458876,0.17200606673068033,0.17945136486679708,-0.1841851370348023
4632,0.1430556625497681,-0.19449576248556238,0.14796755366488082,-0.14896296589162908,0.19168244250263317,0.17195970986188008,0.1802196934211997,-0.18402332634421883
4633,0.14267924344267213,-0.19320905008744432,0.1474451029060532,-0.148056431895688,0.19079407291704029,0.17209698936989512,0.1797936401206473,-0.18391706322370643
4634,0.1444354290905493,-0.1957830559881009,0.14926115695454134,-0.15011254271968694,0.19149169939433497,0.17336177835119634,0.181208087091678,-0.18560570696421316
4635,0.14403475275181082,-0.19528555434776626,0.14843714603879435,-0.1481313668505867,0.1915401781490609,0.1728127769988277,0.18126983039224656,-0.1851876120922145
4636,0.14334263631817626,-0.19598978164829756,0.14843792647796364,-0.14957056655952555,0.1910938880759002,0.17296459857788274,0.18063515400006863,-0.18512814686069137
4637,0.14375594373850986,-0.19544337281911633,0.1485945724939489,-0.14829320750911673,0.18968758219769388,0.1733947562804704,0.18062709840866648,-0.1844450559466517
4638,0.14255780303402127,-0.19407417511461383,0.1467990405872974,-0.14755659375097727,0.18913333461824744,0.1713031181079924,0.17922655190009504,-0.18302728598971835
4639,0.14389270957332329,-0.19689096973388787,0.14924422809377952,-0.14897380911427838,0.1900814712813052,0.173965349513832,0.1819398440209111,-0.18578640407575667
4640,0.14528937286823704,-0.19551832820622017,0.1500658987489988,-0.15140087731714333,0.19084064362278577,0.1737815733233102,0.18166780392532017,-0.18529354211387855
4641,0.14466708093162975,-0.1962581183176963,0.1486838727094715,-0.15001929028002445,0.1914919255882332,0.17400930492023303,0.18146245403327527,-0.18540834124291067
4642,0.14277940210432521,-0.1965689207206958,0.14682665511870271,-0.1480021753240202,0.19170261268788719,0.17182767878098198,0.18025991991113532,-0.18388608448744295
4643,0.1438370387640656,-0.1953542560093877,0.14800409046619986,-0.1495765477225786,0.1916513513290508,0.1726772516270506,0.18130372765294608,-0.18531055033142615
4644,0.14354519103447685,-0.1943435591185954,0.14805900424216928,-0.14870692946206285,0.19127766343255073,0.17264044758629374,0.18045692717359219,-0.18436518019856118
4645,0.1409266976770858,-0.19404868715679816,0.14561363248086678,-0.147102177974089,0.19090968825580795,0.17060389132982992,0.178204321377867,-0.18275134419372888
4646,0.1423751886672546,-0.19532491599126847,0.1473834648404345,-0.14794562850158272,0.1919966599934134,0.17195069638466534,0.18053698428603457,-0.18434368142789068
4647,0.1428912793403633,-0.19585257655642777,0.14791202467260525,-0.14911733090326237,0.1906288503614131,0.17285219878653718,0.18009074194648664,-0.18471308452209897
4648,0.14253333831552772,-0.1947018755096581,0.14778206417358108,-0.1470863084596765,0.18965944750489538,0.17189789682336867,0.17978736792552708,-0.1843130591642086
4649,0.1423948541318759,-0.19411098863529194,0.14689367486682034,-0.14789238318310705,0.1904150595328019,0.17122527321457737,0.17989005654759047,-0.1831292417967894
4650,0.1440561136737324,-0.19562814910470122,0.1488598300156468,-0.14980615471161587,0.19100594147242572,0.17322330286704452,0.1810937768723214,-0.18524665331262474
4651,0.14347086963281772,-0.19608830379831105,0.1484341589889555,-0.14930524809108137,0.19051205732138907,0.1723592509737406,0.1809526897395842,-0.18497218978277696
4652,0.1436142025781636,-0.19589238825479935,0.1485968045263048,-0.14907152144395333,0.1913498664661827,0.17257894641432206,0.18094443423359438,-0.18496932649948078
4653,0.1434118270331008,-0.19501973105549997,0.1484625612253405,-0.14950285224492244,0.1900712588709192,0.17247786595468537,0.17998251839355534,-0.18402748079619455
4654,0.14368314039187227,-0.19580315535310935,0.14883485035834118,-0.1486152999179474,0.1917708402605272,0.17291136857256123,0.1809349931368597,-0.18483424184462005
4655,0.14433582699774994,-0.193926849170487,0.1480681444055613,-0.14885431453681644,0.19084713891791658,0.1724726785013735,0.18031558903470835,-0.18430593232085551
4656,0.14364262177796172,-0.19677514978289293,0.14854646533044466,-0.1492216196347394,0.1923294050325777,0.17352489333292836,0.1814859974578364,-0.18547127599279
4657,0.14227470232564993,-0.1939008786418047,0.1469496962962475,-0.14885491499344616,0.19085271527534242,0.17202283484029146,0.17950793303201662,-0.18411179885498546
4658,0.1437425110452775,-0.1942331396782566,0.14885296463087003,-0.1497520817473019,0.19122237197114397,0.17297417885220598,0.1803476387350569,-0.18454245658020824
4659,0.14419711897249926,-0.19475169720940524,0.14868083736768237,-0.150331890794873,0.19011901003494375,0.17324361965897628,0.1812687455414263,-0.18505109889912075
4660,0.1426105593406269,-0.19479167357458074,0.14643095184344324,-0.14830344126582726,0.19236228083446916,0.17244527972398155,0.1801374665619325,-0.18386514319187672
4661,0.14279504002780227,-0.19436004318900704,0.1465569384128161,-0.1478854698071428,0.19101925856477264,0.17159866818874703,0.17948586907779845,-0.1834452211714963
4662,0.14303576815785385,-0.19708817746239246,0.14841345348774798,-0.14891522648032204,0.19278657455602977,0.17335392382870912,0.18171062079863345,-0.1857312736952779
4663,0.14241000318096805,-0.19396889660474154,0.14767767853225877,-0.14824467581755915,0.1915261349238513,0.1720318624073588,0.17945826733407894,-0.18416409019270466
4664,0.14468934880354167,-0.1970617560327896,0.14939061780266968,-0.1495700044540272,0.19276536714049458,0.17433954973911292,0.18143133135128012,-0.18575598372870014
4665,0.1429360926086937,-0.19494524670659588,0.147647493639742,-0.14854088448113154,0.19081223846334622,0.17203660389486375,0.17986524951232263,-0.18363949403431293
4666,0.14340371754868922,-0.19478897295227632,0.14796554385756686,-0.15033079974452337,0.1896770475568259,0.17271373647230842,0.17998008584075095,-0.18462570490422595
4667,0.14416564376416008,-0.1948157421257911,0.14774595408404131,-0.14890423152904148,0.19103533696123484,0.17256377519461857,0.1807031118994822,-0.18397664439859673
4668,0.14349679803816548,-0.19577550776609928,0.14878947792431724,-0.1495500716553994,0.19031750877470507,0.1737554187107526,0.18171399756777942,-0.18559185300461425
4669,0.1442942979357986,-0.19531429763405417,0.14849062101502167,-0.149144829360811,0.1896236504818587,0.17309389287929314,0.180820469857884,-0.1852837301113948
4670,0.142717323628869,-0.19443987749308536,0.14712556682795985,-0.1485550607567698,0.18983650697269247,0.17216467692626972,0.17948522981889667,-0.183827656479542
4671,0.14382104636888984,-0.19725510736796506,0.14866185330160403,-0.14919894727316402,0.19150716314812533,0.1733896031323378,0.18110167581042683,-0.1860240370155916
4672,0.1451543323263239,-0.19681179310008978,0.14926849446883558,-0.14966469880669078,0.19282777141629728,0.17372754449461614,0.18217106822401988,-0.18607142039458716
4673,0.14228807067883217,-0.19526783406226358,0.1480744618010275,-0.14919480700769214,0.19018736193788124,0.17246817956672397,0.18095375791839602,-0.1846962099134424
4674,0.14330616902000948,-0.1955074688822162,0.14815768843139004,-0.1491099173552869,0.19063740018741654,0.17270985383604104,0.180112942514207,-0.1844270810797624
4675,0.14381675077407752,-0.1957708452608288,0.14771157732130216,-0.14876230227590048,0.19056974488814415,0.17247315717941356,0.18013533696759734,-0.18425637044043167
4676,0.14320248637415686,-0.19470056287339393,0.14864944815773015,-0.1498543822056274,0.18942339654809914,0.1728805421573196,0.18072409568254547,-0.18419074431017676
4677,0.14260768250625264,-0.1946578058484119,0.14781441554432043,-0.14746633481371355,0.1902890991149288,0.17175469605519583,0.17983472603845693,-0.1845511196119921
4678,0.14316748596793386,-0.1948561778248396,0.14757478425728046,-0.14831686805620725,0.19120431042782132,0.1722504976133613,0.18027047556276007,-0.18462228200436573
4679,0.14420714540625545,-0.1946104017692561,0.14863690602719612,-0.1493496804910794,0.19043988476943732,0.17340497258033566,0.18084494087766914,-0.1847649306749786
4680,0.14315858267590548,-0.19465403144054205,0.147709886765978,-0.14843772639051664,0.19035161740583742,0.1720715937882594,0.17946903488164487,-0.1839954753878567
4681,0.14315622657420554,-0.19456710814140424,0.14829208802706784,-0.14934264042502182,0.18900691703692868,0.17232062062973277,0.18002278740837427,-0.18411514836232054
4682,0.1433232744542284,-0.19289984601787624,0.1478600889494927,-0.14727636906887143,0.19011125301846662,0.1714405858092823,0.17945304633049827,-0.18372594529087105
4683,0.14405264252685665,-0.19523999767864159,0.1474673535449396,-0.1486677954967111,0.19133605085305652,0.17188864254407904,0.1802113147513297,-0.1840412922192597
4684,0.1432853530937503,-0.1958800061990391,0.14886566281358887,-0.14888045642696907,0.19107202055165018,0.1737444655885891,0.18095698122434234,-0.18519445059373751
4685,0.1436084645431362,-0.19493256777523335,0.14828037833699517,-0.14966281628412964,0.18859019122640555,0.17262645126799092,0.1804931121506146,-0.18415355881573622
4686,0.14392367022980956,-0.19583810133232132,0.14767953407399625,-0.14793697242759699,0.18977536998540284,0.1724418235557557,0.1799912184889497,-0.18390432866147188
4687,0.14195895331740369,-0.1964049969453173,0.14781407699583654,-0.14814146909172995,0.18985940233650753,0.17267060107524151,0.17996554505027854,-0.1841572886225742
4688,0.14421792653435264,-0.1959956157318884,0.14867289130535355,-0.14948987314941747,0.19080661007358887,0.17338613614235063,0.18067270730675744,-0.1849175036961025
4689,0.14313498430609414,-0.19543695366275823,0.14763781559206376,-0.14768453292394532,0.19178389982609584,0.17279539736036612,0.18014554677816405,-0.18428354115465942
4690,0.14406804810728632,-0.19575459421784108,0.14827708224261735,-0.15009151114918,0.18988184031862224,0.17313682434247987,0.1806029127107079,-0.18513224175455292
4691,0.1444620486227381,-0.19636382138865355,0.1489532252095123,-0.14978270924759762,0.19111077275499422,0.17406368793492386,0.18102658071860636,-0.18557464981063512
4692,0.14403992676485156,-0.19539244865336677,0.14811074522663967,-0.14865383741093358,0.1912003142655863,0.17260168913687207,0.18035478771032026,-0.18429335016065077
4693,0.14382275074595793,-0.19625271025694616,0.14865481891744314,-0.14897280226026802,0.18989337727846195,0.17321837363487336,0.18047895637558176,-0.1844244790320022
4694,0.14338005874929946,-0.19523639466740061,0.14795842101359194,-0.14885485870253073,0.18946065164414158,0.17254041567115563,0.18040478208351882,-0.18399567320455365
4695,0.14306999917403018,-0.19564400281213987,0.14736585079730774,-0.1479780277256346,0.19227688018905412,0.17332750652003412,0.18071472820364004,-0.18464257049374674
4696,0.1428691669631882,-0.19497267278627478,0.14779543964809724,-0.14867154043863634,0.19037447707624627,0.17241613956696203,0.18002150096882974,-0.1840627755813129
4697,0.14316844763727596,-0.1933570351341757,0.14729860640725695,-0.1479941734235826,0.1913176690429273,0.17262738657190282,0.180207130982511,-0.18484302367285746
4698,0.14264392290487884,-0.19591504718735667,0.1483944027285945,-0.14835353860630063,0.1921834162971055,0.173514267822216,0.18160735600122532,-0.1856117120049024
4699,0.14193485449702078,-0.1923803653240863,0.14724380336271692,-0.14702882348962074,0.19044450586384803,0.1717182519215565,0.17915089757310135,-0.18296864365642596
4700,0.1414397406815811,-0.19465629706039994,0.14686223891086558,-0.14800909351364322,0.19023673680169273,0.17126263811487855,0.17956064113388154,-0.18351446093088591
4701,0.14382760387819726,-0.19483499933021217,0.1477418152757103,-0.14815102009033734,0.19045971063634462,0.17228242585029463,0.1805241732374272,-0.18466083039261755
4702,0.14326510400347003,-0.19393685536379482,0.14837643002637088,-0.15017468627789587,0.1914736507683376,0.17267212805979923,0.1804199692822091,-0.18400987091754029
4703,0.14204440800521112,-0.19437061316629275,0.14767337438828232,-0.14715385686689475,0.19223219378595335,0.1722417466186217,0.18078431378026355,-0.18369798339489268
4704,0.14415405812297974,-0.19526268476478928,0.14863457276109976,-0.14875293965449057,0.19122950730022228,0.17283297632662542,0.1806038799745757,-0.18530539638434773
4705,0.14175815078899456,-0.19461369044493843,0.14647591926257197,-0.14753911671333753,0.19104490368155042,0.17110877533667307,0.17921571648675264,-0.18360265732685557
4706,0.1426147270552299,-0.19455910800985243,0.14832019952878067,-0.1491236370659613,0.18943109858051632,0.17253651962593758,0.1808953771111552,-0.1845690738865555
4707,0.1433846165580807,-0.19490564442167588,0.14764578455001354,-0.14848711114795857,0.190493838582299,0.1720315726950023,0.17949132142249707,-0.18367206673590905
4708,0.14351181447299627,-0.1940571423575266,0.14740892824925086,-0.14899665940554138,0.18877446247550306,0.17243230809738405,0.17996083979902297,-0.18421080237742515
4709,0.14218567393903628,-0.19413430502678605,0.1477269738036677,-0.14757847227955032,0.18977155940215526,0.17234484029848832,0.17965581741786096,-0.1836123006342372
4710,0.14189850515492491,-0.19340773118067262,0.1464791750317563,-0.14802221357813972,0.1901837738479907,0.1708680660007376,0.17969986779525798,-0.18336285460416973
4711,0.14473831331465747,-0.1954670184518207,0.14951225832653248,-0.14957529136366401,0.1915530568366561,0.17392948014707957,0.18172262719966734,-0.18537352555588058
4712,0.14270733360003432,-0.19627990594692643,0.14751701693477998,-0.14872095002872715,0.18981050726220533,0.17216526791665007,0.18017887159593304,-0.18463883551532073
4713,0.1412331716353515,-0.19460758785518092,0.1477329786582482,-0.14860665728597455,0.1914300720864241,0.17161519487615487,0.17970218391835596,-0.18334172318839337
4714,0.1426384746768436,-0.19681866202820383,0.14797255981169977,-0.14962871707201733,0.18958838794110489,0.1727523780060808,0.18055731101224204,-0.18555650643296748
4715,0.14252687272352182,-0.19500061519747666,0.14739710446547002,-0.14776929089779525,0.18999908413023625,0.17196110242638848,0.1806223565387238,-0.18411432577127965
4716,0.14379454506129155,-0.19579554485399192,0.14830582309411416,-0.14989829429142298,0.19008447180694377,0.1724202521904808,0.18000690515651924,-0.18404733317561447
4717,0.1424937577585092,-0.19442054524450156,0.14761581170365126,-0.14875975110116968,0.190140830529386,0.17211317907257467,0.1797602423058875,-0.18469666810983676
4718,0.1425199942858196,-0.19568867409795757,0.14701103341126356,-0.14783904914310217,0.18991040249520583,0.17190133920598735,0.1796803410003124,-0.1841934092515676
4719,0.1424218787680637,-0.19439032684532723,0.14829188448146535,-0.14905379537418906,0.19116841144146984,0.17307481654110693,0.1803998958948571,-0.18459382210150727
4720,0.14215026118354365,-0.1953350261796641,0.14763885255349693,-0.1479088904586369,0.18931557035816574,0.1728758327029073,0.18043860405924872,-0.18424655946087592
4721,0.14359070560420148,-0.1950182495227706,0.14741783000009712,-0.14811355370414128,0.19006864475134594,0.17180788784595427,0.18047430350586102,-0.18389591208306327
4722,0.14381234034047155,-0.19600752698689108,0.14925988605256996,-0.15036774170775508,0.19105785334620057,0.1729701325782302,0.18150152548010304,-0.18519026396980928
4723,0.14307155520678283,-0.19504091569649104,0.1475815186276143,-0.14774883637755765,0.19065743509097247,0.17253826067896763,0.18062152051342711,-0.18458191552625186
4724,0.14561208817261892,-0.19626932565477725,0.14965163745440035,-0.15010039080633605,0.1906047945363001,0.17406267932764424,0.18176148655299593,-0.18568139533180222
4725,0.1440290233972502,-0.19597757043763012,0.14897940060970746,-0.148915094447524,0.1919760119596457,0.17341562949699507,0.1810118537545154,-0.18556256394247894
4726,0.1432731690455483,-0.1947208754560438,0.14764592022306344,-0.14943700339930946,0.1905366419967413,0.17194790668753754,0.18006991417976187,-0.18382194187993872
4727,0.14415915395871112,-0.19459471345418952,0.14765175544967982,-0.14918568942430552,0.19078915454258802,0.1723095534072757,0.18006507210498768,-0.18412578405658178
4728,0.14289300127369162,-0.1948879238688141,0.14844537537375324,-0.1481529752831273,0.18968519334669665,0.17263077656741446,0.18006270263012145,-0.1847190414685218
4729,0.14518148841320092,-0.19626456736993045,0.14808786940423285,-0.14971888769161287,0.1934647123276804,0.172925373110677,0.1803084125969274,-0.18455677800046258
4730,0.14243386624327828,-0.19680668689801264,0.1477308826173973,-0.14838233068390713,0.19272807840281792,0.17247722348994488,0.1811994587211051,-0.18469525562251754
4731,0.14404454017761292,-0.19500844874624848,0.14787915671002688,-0.14888254698457862,0.19108089026506742,0.17279876483848317,0.1806389276873998,-0.18451364029955597
4732,0.14202896902040701,-0.19339495485683333,0.14743859630159184,-0.14863819397800423,0.18961367675060406,0.17075063002607702,0.17947223794155748,-0.18338995346864773
4733,0.14366642660126264,-0.1953938443778455,0.14737171723286285,-0.14910899774389835,0.18826654995948403,0.1719189149284179,0.17949484349900652,-0.1833999692138556
4734,0.14425015531625576,-0.19581929356676062,0.14858980431756827,-0.15013565829626038,0.19206643860072423,0.1728991824520281,0.18067811597633132,-0.184962942665494
4735,0.14222729097910006,-0.1946704066650062,0.14656848362944921,-0.1486707618281487,0.18974355531934084,0.17157939065966862,0.17961603961345224,-0.18369149757154296
4736,0.14390747210232674,-0.19536086742274492,0.1484375859349496,-0.1486931779115889,0.19080144842167496,0.1729579215102776,0.1810364695169565,-0.18478864848973245
4737,0.14388643292493264,-0.19674538500963099,0.14829210875640175,-0.14902500315168474,0.19086022971490416,0.17306536879751624,0.18160083339751243,-0.18536258277708612
4738,0.14204259581817438,-0.19540114151519014,0.14706569729417923,-0.14820881322185706,0.19134590222098835,0.17214218535598863,0.17996617735771678,-0.18414658917840726
4739,0.14289318996165906,-0.19521674782102186,0.14849593232059694,-0.1490809740361102,0.19067231659953227,0.17252222365307393,0.18004737971794738,-0.18455505001619013
4740,0.1437286886862768,-0.1957917883115774,0.148668600397201,-0.1496238085997471,0.191309727827821,0.17295510875071035,0.18103672302009094,-0.1848787710272467
4741,0.14314968556455798,-0.19510571742756538,0.14802688298673183,-0.14958481037932378,0.1915157910436934,0.17285043952858387,0.18043991616118688,-0.1849361341216211
4742,0.1431317332820675,-0.19398349527374156,0.14817438959477472,-0.14872407827793188,0.1908909576252337,0.17261387721456517,0.18069667326117153,-0.18390453367037474
4743,0.14338190459826974,-0.19481920065950545,0.14886963234672404,-0.1498544376274316,0.19139556028300242,0.17297044977356446,0.18116997658779188,-0.1848191980653485
4744,0.1440543570902795,-0.1964207967560728,0.14836376996591466,-0.1493246131179203,0.19136073666557624,0.1727389930491539,0.18037535799619103,-0.1846702572958616
4745,0.14251191274500155,-0.19564145364230456,0.14689701091995772,-0.1475360291365916,0.18984581032536016,0.17215650921895653,0.17984959611602858,-0.18394395095593422
4746,0.14292348160732854,-0.19528599193525908,0.1478826274668254,-0.14837410277408747,0.19224402867128018,0.17241340809235273,0.1809526756234385,-0.18474124681345166
4747,0.14215699052746575,-0.19364132755971036,0.14629354454028892,-0.1474165141879804,0.18969227062900265,0.17076800519236782,0.1788657632915271,-0.18283840848926905
4748,0.14511644071852045,-0.1949285509293787,0.14912653923230432,-0.15010132679705399,0.18928801009844576,0.1733503545484656,0.1809897765979793,-0.18492606802956013
4749,0.14372701132238094,-0.19598971153477895,0.14814176349347527,-0.14895219273633764,0.19244904968799179,0.17272995263031402,0.18113361139311376,-0.18533580700136237
4750,0.14360748619070876,-0.19679971021632764,0.1490834597790179,-0.14991138175918836,0.1908060881065605,0.17396065913481693,0.1815035601751296,-0.1855202377914972
4751,0.1434358599101271,-0.19399211871888858,0.14718035328796714,-0.14862570832164929,0.19144836085579134,0.17142070455698222,0.1796558630947482,-0.18350390660505797
4752,0.14272959168130228,-0.19478967081483095,0.1469669622840603,-0.14759066772327417,0.19075743546766483,0.17241908134964443,0.180520838095017,-0.18406541930612513
4753,0.14221655901364574,-0.1950432722112363,0.14638323918461732,-0.147421644493685,0.189370161371486,0.17106780639088054,0.17902535019452048,-0.18270497203349603
4754,0.14429136557829936,-0.1952425161551618,0.14789947160541736,-0.14826497240364864,0.18957961512340699,0.17159473258200872,0.17944330132064745,-0.18422913195677068
4755,0.14337381362739254,-0.19440374046605027,0.14833211916783753,-0.14936452573974132,0.18871159595687179,0.1727405868698209,0.1799981680198102,-0.18453285910659378
4756,0.14295613308312735,-0.19587958233934122,0.1474908797676255,-0.14757213994547977,0.19180933552395313,0.17221884870559448,0.18031632666830638,-0.18465515614093495
4757,0.14369998611216167,-0.19577698670891577,0.14740224849767697,-0.14878317070151778,0.1895677052265686,0.17224969907825768,0.17960378713893516,-0.18484732068908807
4758,0.14253437295337915,-0.1955420629726079,0.1464912359967701,-0.1466456121876277,0.1894104385190948,0.17139472979790193,0.17906014668509357,-0.18377883690793725
4759,0.14283668814668474,-0.19441374247740423,0.14712687617310904,-0.14741896257395873,0.19000716916429194,0.17115782670675786,0.1794629204807162,-0.18360987645075633
4760,0.1429556064915081,-0.19478459052573113,0.14814175591137246,-0.14894800921673948,0.190641004923937,0.17253533679346475,0.181080027698511,-0.1847929011679269
4761,0.14341200970940474,-0.19611084195825768,0.14869844286818737,-0.1491708258585014,0.19047469688473287,0.17324262914289237,0.18049930315177978,-0.18438773825489094
4762,0.14287890114254134,-0.19688988586216943,0.14801800530459525,-0.14932808675478174,0.19315072614356296,0.1728520306023123,0.1814904510007712,-0.18466079467228202
4763,0.14306245694710595,-0.1951615790959869,0.1475186514203018,-0.14906262650656213,0.19013045967248773,0.17223213926035622,0.1800076554307119,-0.1844938968496139
4764,0.1422432248218472,-0.19313980966964828,0.14681533266604904,-0.14770214385600836,0.18907620977139444,0.17112801494037447,0.17862619971170982,-0.1830508470281782
4765,0.14337895788856514,-0.19426836068131006,0.1474945067474861,-0.1480707318528845,0.19146894202964979,0.17170309457445962,0.17969154660865114,-0.18374061866663904
4766,0.14424718613191576,-0.19397888119801168,0.14837120940254978,-0.14944850861941344,0.19087814666943495,0.1724831610603956,0.1804698186210305,-0.18385910199337535
4767,0.14466968540686181,-0.1961017887855829,0.149745468262265,-0.15068228330124608,0.19203568819089586,0.17370814010253266,0.18188148236365775,-0.1855001864548371
4768,0.1429521768668818,-0.19518034815617308,0.14713909186190435,-0.1477619951265298,0.19147555443374462,0.17245685703753094,0.18024610700843516,-0.18420680742940118
4769,0.1448259557357274,-0.1965852000987097,0.14897886775701377,-0.1506011571533732,0.19283893517527828,0.17376920365246648,0.1817195344121138,-0.1852188262920263
4770,0.1449875676115689,-0.19601263125882595,0.14893548350610783,-0.14980170402956872,0.19008298989427852,0.17387578925101352,0.18156769932144853,-0.18563075428813297
4771,0.14229581390062945,-0.19563675571970332,0.14699562323563092,-0.14784043127735294,0.19129937437683825,0.1722499542920586,0.1803072988822438,-0.18411567351676875
4772,0.14291384408965194,-0.19354963011152512,0.14758947193181424,-0.14854307484216414,0.19116393783858715,0.17194291671052933,0.17984857088487916,-0.1840723124832323
4773,0.14378821678922526,-0.1943328261380748,0.14794463903425537,-0.14828852731660638,0.19107422826008558,0.17244778944635986,0.18000823256515866,-0.18449406536330282
4774,0.1421891931791462,-0.19307605559878566,0.14709534727069612,-0.14807352675936003,0.1908448049554787,0.17187645969847123,0.1792688357559731,-0.18355188461198502
4775,0.1440232499555806,-0.1943040741286047,0.14744802743481497,-0.14846578461636187,0.1903933647649271,0.1721593635206638,0.18049153782180524,-0.18422659243711004
4776,0.14373251613999213,-0.19590942472532386,0.14864233844593244,-0.14875480418527254,0.1916052086774475,0.1728479663881218,0.18102521861569876,-0.18513199205229405
4777,0.142953585530979,-0.19586902804332407,0.14785862567983382,-0.14812997960717075,0.19275391755727456,0.17311469463920284,0.18054514741011782,-0.18507523783158752
4778,0.14448047285563753,-0.1953715553342175,0.14775167887940913,-0.14908744752945954,0.19264080212051082,0.17277479560408182,0.18076670693631833,-0.18474032593084636
4779,0.14416472886415013,-0.1945308863100192,0.1482671830750557,-0.15011612667635674,0.19064110666554074,0.17336561177347937,0.1800096625457158,-0.18523475615101798
4780,0.14533786489215517,-0.19512089384957398,0.14811414655637822,-0.1502465485989597,0.19064953168500365,0.17272289983382988,0.1808742137420172,-0.18480932342869033
4781,0.14432773126513526,-0.19635291258484106,0.14866294214920847,-0.1500250152608776,0.19094635692726783,0.17368523227128663,0.18186069284003004,-0.18558762760809952
4782,0.14317825475927856,-0.19426777584279378,0.14764087102031376,-0.14879003607975674,0.1901502547344739,0.17234384483031778,0.1804685397733733,-0.1838872707775623
4783,0.1447819954782472,-0.1954179920285843,0.14817339929802056,-0.14938954331405818,0.19252265895651066,0.17311832028111068,0.18107564121879627,-0.1849428884483508
4784,0.14425933232050642,-0.19538699320436248,0.1487589727707568,-0.14763573466897684,0.19108455944705333,0.1729787225855812,0.1808817139968072,-0.18479367279101014
4785,0.14211760923644084,-0.19593963419691698,0.1475966918370419,-0.14858618338393928,0.19138386743657734,0.1723938092695976,0.18038405653294187,-0.1847350686742338
4786,0.1439650260046294,-0.19556701087269313,0.149605498264069,-0.15035449113249058,0.19166869404938378,0.17395337926593135,0.18118959294834272,-0.18511833004410005
4787,0.1434215404451636,-0.19294474978256648,0.14769036610564565,-0.14885660208556895,0.18834433212151336,0.17180802668157463,0.17964050092725242,-0.1837650860080759
4788,0.14223132666014723,-0.1955150870013143,0.1478175985311538,-0.14823285249355997,0.18915435343912318,0.1728911859137113,0.18076560307444076,-0.18429248434504006
4789,0.14394809609059708,-0.1955048258771267,0.14863047944472174,-0.14905534681217372,0.1904509313130519,0.17342328044328228,0.1809638601778797,-0.18554661658009483
4790,0.143452634583687,-0.19484596702596935,0.14876046409590418,-0.14931301442908348,0.19210677998297604,0.17333892366319067,0.18089601091944688,-0.18458539028844118
4791,0.1461354641392019,-0.19645757182261447,0.14957996930787723,-0.15168381598162828,0.19188844396856636,0.17453182498642883,0.18216932026392127,-0.1862262590194763
4792,0.1438317260469634,-0.19441297348820338,0.14843152681390098,-0.1487146478999903,0.1887781825209008,0.1733344318915651,0.18062069219404284,-0.18478878510321842
4793,0.14411378961990914,-0.19527207879900937,0.14823658006742269,-0.1502880094097408,0.19069002619313055,0.17315340686331226,0.18093857417603712,-0.18510885749353112
4794,0.1431722078399206,-0.1956372151630949,0.14714506578255773,-0.14728692395348061,0.19104708663495684,0.17205469851743135,0.18037064822195292,-0.18390021051681088
4795,0.14272763658948523,-0.19536529004064848,0.1487494985153059,-0.1482683495256341,0.1919875974131484,0.17308986649153488,0.1807189998775598,-0.18513142948036063
4796,0.14242399071732822,-0.1954752126251089,0.14779570055687094,-0.14892985422793714,0.1911934321788457,0.17287745641981658,0.18089824816464706,-0.18456418011255996
4797,0.1428113109770941,-0.19565698687597693,0.14627232691054576,-0.14696547556027867,0.19034467942958952,0.17164068867407617,0.1795192193177682,-0.18371711228086413
4798,0.14224226560672854,-0.19492303770412867,0.14789113128052345,-0.1488549746575658,0.19139319536880475,0.17222140199143265,0.1805783533180372,-0.18421188110811235
4799,0.14140132115732498,-0.1935167671862322,0.1478699688341971,-0.14845104089364178,0.18875584377852472,0.1719463455767343,0.1794306227147854,-0.1842727567390616
4800,0.14401043137567834,-0.1949663764491283,0.14849648116192535,-0.14831007070979754,0.19156833276402085,0.17297347891888534,0.1808057699120959,-0.18470424933368623
4801,0.1431436394058121,-0.1937581406717063,0.14796597756131857,-0.14964078928545146,0.1901195791996748,0.1724668552750063,0.1800264749021812,-0.1840628130549744
4802,0.1432443330855932,-0.1948521250424596,0.14748609687662229,-0.1473877957601371,0.18927312434551247,0.17144211987495295,0.17958598391610334,-0.18408079978742986
4803,0.14266145434464364,-0.1959297261053914,0.14751434246206044,-0.1489263292024281,0.19091658198381173,0.1719882497975024,0.1806447990645442,-0.1847307920448697
4804,0.1436801049857527,-0.19619884789837888,0.1487525903501101,-0.14950545505285698,0.19124060859338446,0.1729723335044741,0.18089203655316222,-0.1846679712357331
4805,0.14373911699430722,-0.19657361239252785,0.14772281310544239,-0.14837536759270806,0.19178807221516886,0.17272047253875605,0.1809506062049542,-0.18523745606598357
4806,0.14328509234797532,-0.19554484197271216,0.147170333501593,-0.14854014145190594,0.19078758552713762,0.1723172023489745,0.18089395541930584,-0.18490347885191327
4807,0.14369543225923745,-0.19625546160838664,0.14887772712726918,-0.1495369454118928,0.19254601075850908,0.17315522543335737,0.18182383258007367,-0.1851675002195561
4808,0.14219449739779813,-0.19569383014051936,0.14785984645388947,-0.14906667731935658,0.19066916255646138,0.1726160644209491,0.18083317117375153,-0.1845827267816704
4809,0.14440470377056427,-0.19646914474221336,0.148344657166565,-0.1495018195293903,0.18962734790806499,0.17289564876331814,0.18134492031337424,-0.18524095325892653
4810,0.1439015090580581,-0.19634901633957258,0.14868379220304312,-0.14996337317853226,0.1925367670062218,0.17359663918106058,0.18096283633520946,-0.1853612417172467
4811,0.14396711260184966,-0.19457572204427065,0.14757951110991482,-0.149613441875949,0.19122375539070938,0.17175359642465224,0.17926214823845396,-0.18417659892359775
4812,0.14240838092854508,-0.1953393961834735,0.14690735971783808,-0.1480168435107628,0.1913078707030215,0.17202793853596318,0.17967522048184897,-0.18374371214278215
4813,0.1425874919677376,-0.1951417965189411,0.14703442334648778,-0.14900765107023728,0.19149477987888053,0.17243819054739778,0.18008062410490622,-0.18391536646599288
4814,0.1438947389957448,-0.19553434272066092,0.14767236394271968,-0.1486900535734908,0.1901859791342006,0.1715867760778602,0.18067109218312372,-0.18402406776365293
4815,0.14421819289976506,-0.1955510026972292,0.148480912594482,-0.14915328310101197,0.19207314623629157,0.17359055785975075,0.18088284564617818,-0.18512448199057596
4816,0.14312793823989045,-0.19506093564856578,0.14751134011319972,-0.14783972829609052,0.18930441963196382,0.172107712590569,0.1802592997695961,-0.1839943243816482
4817,0.14350916905800878,-0.1968309658490438,0.14821577508289205,-0.14852110511030822,0.19012789244149064,0.1724142315554894,0.18112332756555566,-0.18509699278497702
4818,0.14186410867515029,-0.19460040985744292,0.146970154197474,-0.14708234670510983,0.1895271970733751,0.1718904082105798,0.1793587527561799,-0.1834765946827845
4819,0.1433677214627329,-0.19481881058911532,0.14853856581714422,-0.14880661750785962,0.19058051284668082,0.1728873692546512,0.18071881711142584,-0.18466943933449442
4820,0.14190084254269214,-0.194708459489905,0.14581997043553252,-0.14691873640494546,0.18997281797447846,0.17030152506654503,0.17830663620490883,-0.18269285158981746
4821,0.14479046031233023,-0.1981405150711368,0.15079806143393454,-0.1499875350032071,0.1920901004073664,0.17455406855864405,0.1819263013902974,-0.1863876555596052
4822,0.14476839340564746,-0.1946836721802584,0.14901444992760812,-0.15008192327743883,0.1903258106310898,0.17372215047542391,0.18105269318394804,-0.18495729076126816
4823,0.14400720996665478,-0.1961787617568083,0.1484433543292329,-0.14924031108811078,0.19146580262762875,0.17300879848667958,0.18154344823121105,-0.18571516923971157
4824,0.1429457903529826,-0.1940348980959038,0.14712161134553464,-0.14722014636931702,0.1896005160252703,0.1719051071676138,0.17972842481257123,-0.18419486471709892
4825,0.14226032488165646,-0.1946625930591324,0.1474648001795926,-0.14775826128900876,0.19075743789554586,0.17243753223874403,0.18057260423696767,-0.1840614638640634
4826,0.14400179858831907,-0.1953744882275566,0.14829115925916497,-0.14853840977635985,0.19023536664912036,0.17322399616138984,0.1811039674264623,-0.18532377451697535
4827,0.146064156433783,-0.1949966963383753,0.14937848892064653,-0.15026844090897162,0.18872291698254479,0.17346502198853056,0.1813943343878908,-0.185461447973056
4828,0.1428031357831957,-0.19481271541564232,0.1469816644778894,-0.1475412567894188,0.1904693865713852,0.17115022163748492,0.17976007785821083,-0.18301294532426785
4829,0.14150037315232125,-0.19545547779590952,0.14726386575622655,-0.14808075683068816,0.18972640816935044,0.17194905894964635,0.17959329958101233,-0.18335392930989614
4830,0.14271242945848492,-0.1945359949326969,0.14836360635715282,-0.14823150930953652,0.19081447022007608,0.1725835763759387,0.18033679028271643,-0.18399581830044304
4831,0.14518977759209048,-0.19543138819928585,0.1497177877159626,-0.14988972616417065,0.19085313016212013,0.17421947745486716,0.18167586734098615,-0.18541401112584555
4832,0.14463564671241141,-0.19491456810078914,0.14961658855506316,-0.15045429843510566,0.19035316917385514,0.1740858323422976,0.18146412917209012,-0.1852760861303319
4833,0.14368814620586412,-0.19638696952743231,0.1494086013396352,-0.1508998481276539,0.19266229693159223,0.17378105035461028,0.18142143046481923,-0.18580519922095295
4834,0.14131919937514387,-0.1953121626126706,0.14726208957630335,-0.14819891795657736,0.19054960541485727,0.17251004191714767,0.18051741143089597,-0.18458725776485013
4835,0.14258794093873028,-0.19527045550668623,0.1474099069371799,-0.14854522655412264,0.1916905146761574,0.17256040377305812,0.17969364940614593,-0.18429409032090532
4836,0.1431510631315568,-0.19417047188157333,0.14682531086341288,-0.1481492242420143,0.18946066795690886,0.17192916394735858,0.17951612765585198,-0.18395015754708163
4837,0.14493883892399315,-0.1963425409000221,0.14844436451399545,-0.14896755609876375,0.1913935021178819,0.17277864968402162,0.1804450740808147,-0.18513459998766463
4838,0.14329016450208776,-0.19591039185923573,0.1482026289380284,-0.14951231262245582,0.19067860902483447,0.1725560112070677,0.18118928493186193,-0.1847853175990915
4839,0.1419813606285858,-0.1938344475551009,0.14620434678607677,-0.14765199469543872,0.18973744231375317,0.17115685747105497,0.17876793297961283,-0.18308946924285358
4840,0.14284431365497377,-0.19484941099369626,0.1482363465254644,-0.14826008603813295,0.19189290823266092,0.1724614040577938,0.18122569593814436,-0.18538256225565214
4841,0.14301433275263561,-0.1952173520797406,0.14784463719166616,-0.14849996924897585,0.19211290024471878,0.17279660943158304,0.18077204455923773,-0.18464588741763463
4842,0.14273493698216394,-0.19521908441061123,0.14782998629990804,-0.14724157845729652,0.1917650110742121,0.17243884224069025,0.18130539190084805,-0.18455973736118572
4843,0.1435955488261843,-0.19486098756422457,0.14843973644547484,-0.150485553057786,0.19005445285228112,0.17272322923146127,0.18032045204778363,-0.1846355599034241
4844,0.14292695139532838,-0.19477429776870198,0.147746662497171,-0.1488660462628019,0.18993989269895367,0.17154332564685554,0.17971950174702567,-0.18377345152357383
4845,0.14453750070137875,-0.19569788773041094,0.14859593050961964,-0.1488413805367276,0.19150586800879207,0.17366713442778617,0.18148342706472095,-0.18540108396258426
4846,0.1435491605161715,-0.19485721680188328,0.14857754459880726,-0.1487148639676259,0.1908628151486506,0.17253580107839342,0.1807607056521059,-0.18474327752352257
4847,0.1429943306014678,-0.1950861708430915,0.14752730904093245,-0.14922515805069136,0.1896431478657599,0.1724408346818422,0.18010074053533162,-0.18393080684591154
4848,0.1428450404356422,-0.19362902687348338,0.1469483188071752,-0.14796887745831802,0.19125820160392257,0.17214042387861753,0.18025702499970372,-0.18401582855614457
4849,0.1429829609900512,-0.19530388117260675,0.14799452422195294,-0.1486379810163724,0.19120260764676633,0.17293541966543222,0.1805905912251583,-0.18533924314765746
4850,0.14338217977764062,-0.1941317598923429,0.14780519750631524,-0.148383654421919,0.19139813976764045,0.17221406076199025,0.17973460444066663,-0.18406783836132742
4851,0.14371948193896705,-0.19524471644449673,0.14815479046134056,-0.148174659516487,0.19165605686423762,0.17263578144043357,0.18055986184499115,-0.1846354552640182
4852,0.14289936352336163,-0.19528262914282216,0.14822424039373647,-0.14907063135369553,0.19069189232388176,0.1723909122553751,0.18097818371902777,-0.18498014278484684
4853,0.14399075482722035,-0.1962946837867777,0.1483838398965238,-0.1489595359838095,0.191880661728924,0.17316167988044642,0.1810892112485738,-0.1850089701439394
4854,0.14377412742927453,-0.19601203585727475,0.14863955538568932,-0.14988252458637968,0.19029888013846447,0.17314238077252522,0.18142903351008216,-0.18518773290466556
4855,0.14277308163263708,-0.19400193827973686,0.14707798286457202,-0.14752243654394137,0.18903434019045254,0.1710038509225808,0.17904478600975407,-0.18321943327454743
4856,0.14398767000238893,-0.19500255723626714,0.1483506458945614,-0.14951464880427892,0.1918039559029162,0.17266802196629263,0.18172255494850717,-0.1851230351211676
4857,0.14202171894745982,-0.19533570065701641,0.14654644025095756,-0.14808261827962388,0.19072886173082193,0.17178704235252934,0.17953810845940085,-0.18438475430876058
4858,0.14292423314556205,-0.19439105129378012,0.14708736088549515,-0.1488300839937677,0.19010489354461824,0.17183360473560108,0.17951305554611993,-0.18371566177763696
4859,0.14310950912028766,-0.1961089593037444,0.14879067359205464,-0.14944881645988417,0.19142067227695833,0.1738484487545887,0.1813552192115377,-0.1849606949534253
4860,0.1429640131880091,-0.195213740919096,0.1481774647710295,-0.14855404124851873,0.19298258682243277,0.17277387665736735,0.1803239985092508,-0.18432662705351793
4861,0.1427962834566163,-0.19594835448225706,0.14703601040706737,-0.14852790112069753,0.1917130708548233,0.17185856344176442,0.1801156599345226,-0.18430756947886817
4862,0.14349324884645848,-0.19393164390601567,0.1479269658297034,-0.1483099139432184,0.18943786534675114,0.1719026410324774,0.17989455639021715,-0.18362040400348692
4863,0.1431405065009071,-0.19586171963980012,0.14878514717427446,-0.14867053608025116,0.19179888325486422,0.17358071365451302,0.1809047090934488,-0.18554873056890425
4864,0.1421788644535417,-0.19504744731303383,0.1470278777968091,-0.14755280452302666,0.19071524728805533,0.17193836214711367,0.18039031729263477,-0.18430137781482
4865,0.143726443478026,-0.19641437422873753,0.14914623962304183,-0.1490238538497793,0.1921918203587504,0.17337963553464003,0.1812359017438753,-0.18490589425674275
4866,0.1432509483319887,-0.19553963658541948,0.14858710626252755,-0.14936287822045582,0.19015396923344025,0.17279756577390126,0.1802716268097496,-0.184507419778281
4867,0.1464298777155253,-0.19632029381738533,0.14957453065836834,-0.15051608407486397,0.19188966085297873,0.17377829588537705,0.18156684944911824,-0.1851164237185076
4868,0.1428875828787265,-0.19664283555226614,0.14826339925159507,-0.14833575267479557,0.19016645024501988,0.17233725380537732,0.18070594293565986,-0.18507126113680608
4869,0.1444889953222924,-0.19522166920730152,0.14908651087244554,-0.14965535042504524,0.19225154921553358,0.17374329023413085,0.18151613537034533,-0.18552245390555577
4870,0.14214894770832207,-0.19351886329664603,0.14754850974905495,-0.14729411122071673,0.19113277031055687,0.17125674589115922,0.17978225031558512,-0.18344878323783465
4871,0.14280154866828831,-0.19517246586324197,0.14743115137630547,-0.1484380321570199,0.1899426148588922,0.17208358800736787,0.1798822288752501,-0.18420024580539573
4872,0.143984781119669,-0.19644576975868788,0.14830018478035079,-0.14866689639458316,0.1930747910449522,0.1735482751292582,0.1811276870033358,-0.18539167606138052
4873,0.14350702306923518,-0.19578945692057412,0.1486883815882098,-0.14928240667923806,0.19128490934315967,0.17316785170477672,0.1814560584944245,-0.18543110315089817
4874,0.1440505415526902,-0.1969240545051761,0.14959103607394109,-0.15029735558360163,0.1913321323726602,0.17351838904196995,0.18134943911770804,-0.1854315523645343
4875,0.14417424025283107,-0.19598790526196377,0.1485216843910963,-0.14981390074477097,0.19148104967434676,0.17350996770814586,0.18182173519282144,-0.18558186752623984
4876,0.14254552110819926,-0.19567811875351296,0.1476339685538108,-0.14953820632077414,0.19123354567864806,0.17248305120795498,0.18022500107701792,-0.1849756561890566
4877,0.14284421588363105,-0.19489044488098436,0.14767779304773604,-0.1488891873066633,0.19105288970360235,0.17238567171327046,0.18076218550256254,-0.18436692022995835
4878,0.14506258409598038,-0.19467030525426912,0.14898802787194462,-0.15045111593483135,0.19066255043283212,0.17307412467476815,0.18079342028731704,-0.18414570494854993
4879,0.14424043852842033,-0.19462706071254757,0.14862344060944763,-0.14953272852404886,0.19044823614224618,0.1734592504856733,0.180418503400779,-0.18459377952588057
4880,0.14344114853700649,-0.1956638209969838,0.14807549685223403,-0.1478821198161374,0.19054357815217854,0.17281360812991117,0.18091619438402012,-0.1851294023377575
4881,0.1427713131809258,-0.1954312076092389,0.14818082120214005,-0.14871412273461343,0.19227018220602302,0.17247314592752666,0.18058274341825828,-0.18449182552686894
4882,0.14331997678053196,-0.19534540741954579,0.14743361386144796,-0.1481289751013379,0.19115957079081597,0.1722469208016539,0.18034745753269163,-0.18390240966634191
4883,0.14229993797349624,-0.19292757847562175,0.14655823899390494,-0.14670103389993328,0.1901820346872204,0.17111545717022686,0.17913417980182073,-0.1834026368623288
4884,0.14340936812347146,-0.1951455989041045,0.1478033237224446,-0.14854683049636214,0.18943943337059013,0.17208023889398255,0.1796800506729254,-0.18443060492199276
4885,0.14150834031863727,-0.1938908122571092,0.1454607386238349,-0.14758507318669764,0.1895950138827144,0.17102248887817512,0.17903537668358593,-0.1833249240158002
4886,0.14279897400854222,-0.19378087436746136,0.14864787024036372,-0.14993897380275292,0.19189274493320227,0.17279782964195106,0.17983658391626584,-0.1841234074589867
4887,0.14349599907399926,-0.19588085554355783,0.14761361789585878,-0.14834831110615368,0.19272185259505628,0.17257659136544437,0.1809569922193243,-0.1844609239593045
4888,0.14456254129234805,-0.19610325437834683,0.14926044053475954,-0.14933588062428185,0.19107286375724622,0.17362686632911484,0.18155054974474022,-0.18601910258053553
4889,0.14249065809522402,-0.19514973003874703,0.14668548801297293,-0.14765545992235785,0.19078697929530475,0.17200049055338637,0.18035501301247925,-0.18420212155177143
4890,0.14332856884679582,-0.1942031701532991,0.14867748245261356,-0.1491114032593841,0.19011228577938696,0.17228425377089107,0.1800106717815445,-0.1840513906142218
4891,0.1433005332989904,-0.19613336844319829,0.1481503674157164,-0.14834930714907393,0.19191179340351333,0.17297437118359352,0.18079536166502821,-0.18473638280795338
4892,0.14446064008798667,-0.19361518663392913,0.14839741148798685,-0.1490533527642881,0.19043014067862982,0.17267980916285666,0.17948334100133082,-0.18405558056059834
4893,0.14294516347618183,-0.1954545059209285,0.14729780570846343,-0.14855367281662338,0.18994876821756757,0.1719970524078467,0.17949658637027982,-0.18448785291830214
4894,0.14348906413621246,-0.1957982291115598,0.14733492852258004,-0.14909317927677937,0.19082440965466457,0.17279199057873854,0.18097741946253237,-0.18425568027835282
4895,0.14319897311702154,-0.19520194626986273,0.14803260852844333,-0.1492318956558001,0.19076011070281332,0.17298220460886551,0.18096588944797462,-0.18458068578234813
4896,0.14291921685399364,-0.19429629462200404,0.14778871012349706,-0.14846538289066707,0.18757735147557866,0.17208280388154462,0.18004678185491446,-0.18368653334873017
4897,0.14296311068418358,-0.19333314764202608,0.14740235783901667,-0.1473947674466498,0.18922716858419322,0.171449634382794,0.1791607513338657,-0.1836255547150741
4898,0.14299816182934943,-0.19599423043169995,0.14805208639367443,-0.14855855246467273,0.1913045502740484,0.1719321842889433,0.1805948899753362,-0.18422765582920578
4899,0.14428017021819228,-0.19573240914389248,0.14864441695018354,-0.15072255928883477,0.19252596496536475,0.17370997782392272,0.18178222423728302,-0.1850551731865362
4900,0.1434348538228997,-0.19548213501812522,0.14787385085077245,-0.14908670405306063,0.19076360484517307,0.17304515080784708,0.18035231997709042,-0.1845121107716051
4901,0.1422602100104124,-0.19605604909006222,0.1478238206327931,-0.14802171167022812,0.1889260220800732,0.1721726478238906,0.1807923792961465,-0.1837728513922136
4902,0.14474044917690562,-0.1961481669793109,0.14845905851671357,-0.149541282167076,0.19121415326209992,0.17324463302884416,0.18101853210592567,-0.18503619454090822
4903,0.1436811091925761,-0.19536554422116464,0.14767716152904273,-0.14914633885259063,0.19117967186832655,0.17201836548695995,0.18018939510395668,-0.18375720350625344
4904,0.14208243471193752,-0.1952136143386841,0.14765712120898816,-0.1486157056416156,0.19039119651703296,0.17199733558438338,0.18046595118505884,-0.18408560845264443
4905,0.14249085778824314,-0.19600709278405895,0.1474086971774479,-0.14784590277041154,0.19022738738723646,0.17229272293966666,0.1808977505347868,-0.18480614629798994
4906,0.14487248461544677,-0.195333223040276,0.1483295250834836,-0.14846528362127073,0.19118516753820267,0.17298805718848403,0.18115106902900838,-0.1849073280114821
4907,0.1439500433328418,-0.1953543609593949,0.14886264892768158,-0.14961651749317045,0.19178411106550772,0.1727019309460387,0.18085509016676493,-0.18464664603550127
4908,0.1418329112353936,-0.19520214387117574,0.14645945639380875,-0.1475682359802191,0.1904934493681703,0.17092066986512344,0.1795553253029264,-0.1840489030661626
4909,0.14334174132830627,-0.19597177373224356,0.14812926217989617,-0.14834811080358695,0.18953552331720794,0.172798011818384,0.18047650598734938,-0.18486523612311898
4910,0.1429676744873633,-0.19390823960204703,0.147960214071451,-0.14926335955539052,0.19120697280077573,0.17243869614287505,0.18001600495326087,-0.18425561243196314
4911,0.14322466703070194,-0.19566110908332526,0.14827361319224958,-0.14856903748133643,0.19267888339336797,0.17258487791123886,0.18109712303290057,-0.18475892100415972
4912,0.14320452936927042,-0.19558811681977392,0.14771707906071702,-0.1486684941893488,0.1894947648181777,0.1721134087231285,0.1802452665812071,-0.1841854961310011
4913,0.14275408406906512,-0.1961566383027476,0.1478513362359648,-0.14906406554422813,0.1894856352461324,0.1721154328855882,0.1807498888485844,-0.18441189932354
4914,0.1444595908619066,-0.19459790371039898,0.14906582648408775,-0.14955695612362108,0.19137679295946827,0.1729661463521511,0.1816935420903245,-0.18527851188455283
4915,0.14106063864175727,-0.195019288395756,0.14584344268175226,-0.14703771616508984,0.1911109429882692,0.1712694399182903,0.17972985494250351,-0.1834964265428724
4916,0.14202929770425116,-0.1955813297550941,0.147354110226026,-0.14828806909486372,0.19115294885067585,0.17172501640797075,0.17992437160698163,-0.1838636941898332
4917,0.14387052182342872,-0.19526228874000526,0.14816846817348014,-0.14907222802279224,0.19099030053813731,0.1731346833947992,0.1807411330476408,-0.18506842900055298
4918,0.1424912639979866,-0.19549113198537704,0.1469028198632935,-0.14656365763277676,0.18997893947888841,0.17114237915359623,0.1794848495219583,-0.18329689794137255
4919,0.14410205705890172,-0.19466998813680056,0.14805920367596942,-0.14892103553085076,0.1902113723074147,0.17218951342353933,0.18096368727605433,-0.18402797065918167
4920,0.1449274736571152,-0.1954944901330054,0.1490113794908597,-0.15025520974255374,0.19138814350255065,0.1737850613357983,0.18128027663645385,-0.18497935196860976
4921,0.14270171477888832,-0.1949396090502827,0.14779898548334205,-0.1489384116406371,0.19042874358615777,0.17217477688171576,0.18002852862212385,-0.18464479410234788
4922,0.1432590403096767,-0.19598297073019047,0.14814831528189956,-0.1475935255196057,0.19060613726927234,0.17201981239877948,0.1803012126293044,-0.18445463304534682
4923,0.1442577039664011,-0.1953907906937031,0.14880111476441243,-0.1492283532270218,0.19186324338742067,0.1734678805811135,0.18212589698069132,-0.18547781620332102
4924,0.14328437585970624,-0.1949093346864844,0.14820969692048913,-0.14872817648802805,0.19070782916030327,0.17225918109553431,0.18022618903076712,-0.18431432466008846
4925,0.1418102158768889,-0.1933094752146935,0.14583901628396745,-0.1463604624327366,0.1883589006437499,0.1709051480543773,0.17909261141690253,-0.18306646489628
4926,0.14357297081150863,-0.1948659935099938,0.14786901727554227,-0.14904242337853227,0.19086824471723082,0.17281120580675774,0.18031222598637586,-0.18459329697219057
4927,0.14321912097786982,-0.19585636325138753,0.14826702455919213,-0.14848563658197406,0.1916243369157791,0.17354007961386905,0.18060005196685813,-0.18485802192648118
4928,0.14331399374113502,-0.19629266818177207,0.14799196025408956,-0.1493279023416359,0.19033673307227794,0.17269849714179794,0.1805245203491507,-0.18475422632558267
4929,0.1443337652610861,-0.19464664787577082,0.1485414272222328,-0.14915172471654806,0.19216941013327002,0.1726355259979976,0.18086040113087165,-0.18496040106663006
4930,0.14381240962475297,-0.19589982498720676,0.1475370496427585,-0.1472784502552484,0.18882510460029253,0.17207119378610616,0.18005926959791604,-0.18379037933560943
4931,0.14468522328392316,-0.19512166998127936,0.1485826982378306,-0.14929888170712854,0.19082798608936935,0.1725746633360007,0.1803308840249347,-0.18482518109399854
4932,0.1432400999056432,-0.19440453262421079,0.14737030132883222,-0.14723536931224787,0.19091308320321138,0.17174783355230389,0.1798082356227453,-0.18359604104918648
4933,0.1432653390003707,-0.19522632187274255,0.14851845558022797,-0.1493131864927466,0.19056567388680917,0.17253343041111646,0.18043207031368255,-0.1840230448438829
4934,0.14419847094203406,-0.19526028044610352,0.14913097174787251,-0.1496989071459916,0.1918596401130355,0.17334722511045314,0.18138359791359981,-0.1859889082085256
4935,0.14554487868175814,-0.19611078281680258,0.14954618119159402,-0.15040254978063158,0.19160051046804558,0.17459867947122332,0.182304230138922,-0.18623515168595187
4936,0.14357734234336728,-0.19467235188093704,0.14785085166634365,-0.14918799747422598,0.19128848720860575,0.172720846364066,0.18069362543212014,-0.18421197656921637
4937,0.14308466298813177,-0.19547705609800092,0.1471973499830526,-0.14828685150187998,0.19016335673021698,0.17256971765003867,0.17972015640059,-0.18404950260171726
4938,0.14480495308006086,-0.1955573244955066,0.1492604621950864,-0.14985925442509404,0.19069686167726418,0.173025281536344,0.18176227296234918,-0.1849150034693511
4939,0.1445773639021694,-0.1973084087931864,0.14928713454193418,-0.15008988218290042,0.19178303763156954,0.1740678485720091,0.181561686521307,-0.1855140817997681
4940,0.14267831925146043,-0.19349809156443823,0.14642611706970196,-0.14772215295286725,0.19017586604178283,0.17151417022185791,0.17914184497039995,-0.1835143108916642
4941,0.14474126875886778,-0.19553092608194217,0.1483143016574514,-0.1485327226376978,0.19019779322364677,0.173264115295217,0.18008495182636017,-0.18481910597594609
4942,0.14252417746744772,-0.19546930711433452,0.14853198880505517,-0.1498495666196482,0.19118546909622017,0.17264571621814434,0.1807598608507811,-0.18473030104639143
4943,0.14292839981510438,-0.19394342081894678,0.1478421127694583,-0.14910488737718533,0.1896214253819403,0.1727951888281337,0.18076352604141144,-0.18468517969138126
4944,0.14342186810915084,-0.19675068259114448,0.1477535611281504,-0.14904542800618745,0.1917312460631609,0.17266379318325742,0.18042024002882884,-0.18461246100758072
4945,0.1423307619548181,-0.19536421569669782,0.14709357694703604,-0.14758421727098023,0.19072646911170202,0.17190922860357488,0.1798851711236473,-0.18450810442995563
4946,0.14331843707240646,-0.19639880100539386,0.1487281451979072,-0.14916333900159925,0.1916146251716058,0.17317875638061125,0.1810591981666827,-0.18508491748550654
4947,0.14376490435091852,-0.1952695283049884,0.14741508286785027,-0.1480696686541905,0.19123742054221562,0.17207666143672823,0.1802140236422976,-0.18426071919992262
4948,0.1431435675120151,-0.19485773073031235,0.14780666875459614,-0.14804383495639412,0.19027434866483847,0.17239566809092113,0.17991330876011266,-0.18395779373042112
4949,0.14334134037525445,-0.19535741664828365,0.14862039184388776,-0.15030711898661225,0.1910740652372746,0.1730490107646207,0.18105990396715785,-0.18553044071227323
4950,0.14382264873065628,-0.19445966901658707,0.1484392866963461,-0.14845823200036262,0.18957627134184457,0.17235684340698842,0.18000200088167304,-0.18435018516798277
4951,0.14346211864136793,-0.1954218191102,0.14841157382231332,-0.14981755147340162,0.1907207363043297,0.17321244589230894,0.1807784178068995,-0.18508628752308048
4952,0.14347218250258595,-0.19434687752504629,0.1479099147213939,-0.1486253773533744,0.1894777689607347,0.17212106950368705,0.17972547729926516,-0.18374165944621168
4953,0.14227737457706394,-0.19410489017671728,0.14812023115804904,-0.14823196460078594,0.19133084603231082,0.1721709635042285,0.1801238270267615,-0.18410683444372686
4954,0.14375308314436397,-0.19639504698424673,0.14825318787466157,-0.14920666944210073,0.19104057075503997,0.1732208216639871,0.18136265062020485,-0.1850431134957838
4955,0.14199549309882611,-0.19390454864846748,0.1467603619907493,-0.14854301491879982,0.19016203523338365,0.1713274669947156,0.1794732111564613,-0.18332838391440032
4956,0.14330704764456573,-0.19529826563622088,0.14805682713936327,-0.14851711086230898,0.19051765260220188,0.17259925301702533,0.18087270019918064,-0.18511987277859449
4957,0.14514269830997903,-0.19689787134129674,0.14836557256497696,-0.1497966081416532,0.1910037574103515,0.1733435136030365,0.18127079206465133,-0.18534339487476517
4958,0.14450196117665443,-0.1955828302752014,0.14884477654091416,-0.15047540669794537,0.1910871101411414,0.1734496621365987,0.1809746813686334,-0.18504458343179683
4959,0.14361400484845702,-0.19518827203057773,0.14881226443066628,-0.15016550431279663,0.19206563354290493,0.1733216455937981,0.18121146363020313,-0.1852086472967369
4960,0.14431310829385258,-0.19479595070598796,0.14897520440452333,-0.14894027419302477,0.19062238882228563,0.17276507388938306,0.1811182919393948,-0.18514916213916857
4961,0.14306546182635785,-0.19264259549141877,0.14678189022948754,-0.14725821057196942,0.18932682289738406,0.17108045791275026,0.17854981274925533,-0.18302033638760476
4962,0.14370201925470702,-0.1944117921574501,0.14822956224935932,-0.1500634504224826,0.1900454488752112,0.17304058426020952,0.1805722258723838,-0.18440221224838343
4963,0.1424576593507059,-0.1953000545530714,0.14833154473109839,-0.14970212814009112,0.1904988794993656,0.17245711344575998,0.18108831223435934,-0.18481121563885122
4964,0.1429688079254709,-0.19467506416937858,0.14664912324882753,-0.14778541705252712,0.19028687259679344,0.17162770527138488,0.17892469228591001,-0.18369616964096203
4965,0.14286713570461093,-0.19491320371737475,0.1473430353692625,-0.14702405022975748,0.1923076502514466,0.1722018739068984,0.18003062364785735,-0.18395144599672816
4966,0.14346980220979175,-0.19469156706843688,0.14777978793876237,-0.14806371266951918,0.1902936327830697,0.17263907761465913,0.17978796971800085,-0.18433754569441238
4967,0.1427015370609553,-0.19457722588252138,0.14746423888836366,-0.1484803880527686,0.1903504436994606,0.17210914200316374,0.180569989382713,-0.18407673495164514
4968,0.14392364954055278,-0.1950593936593965,0.14853067110761728,-0.1488524482724177,0.18874902233198612,0.17332845512210962,0.1816349055054364,-0.18476973166877203
4969,0.14353550310599242,-0.19496754191417753,0.14750112672653282,-0.1489482744389127,0.1901940047260973,0.1726074855363818,0.1804767827280286,-0.1843696828291506
4970,0.14467881339416147,-0.19417213321417878,0.14940985092968867,-0.150304634929651,0.18947266215775677,0.17323859277822073,0.18056384877404544,-0.1845401973839675
4971,0.14404858985754235,-0.19550863812472435,0.14861521181666035,-0.14907345772381753,0.19135550388937406,0.17237002110323396,0.18073743064861075,-0.1847195274864477
4972,0.14361501250684258,-0.19551151641762407,0.14868311910443774,-0.14978792058756701,0.19161538864198221,0.17316580395234907,0.1808717552544774,-0.18539718961499652
4973,0.14344601064338414,-0.19395040059011562,0.14864205473228154,-0.14824447924565895,0.18949943875655104,0.17224951304056946,0.18004245552878698,-0.18452097784002894
4974,0.14494047386167655,-0.19694800471809473,0.14878330378970656,-0.15075531572623185,0.19200294784946426,0.17383824071416673,0.18175338736961386,-0.18576082866615692
4975,0.14397625549449924,-0.19422658354668523,0.14719410566742805,-0.14770955991609425,0.19069792146251582,0.17136486390665814,0.17927468228918583,-0.18337755582748058
4976,0.14466085237463133,-0.1967920400648853,0.14906543321581747,-0.15048901127334216,0.19304508046511978,0.1739388597841661,0.1816741944246861,-0.18610089231723154
4977,0.14360649643258555,-0.1954504608475926,0.14804473210330565,-0.14934598984831843,0.19047109770466683,0.1726744920809093,0.18015428925857807,-0.18473689324002263
4978,0.1430991465197536,-0.19552224093657944,0.14813825207521805,-0.14883908124239312,0.1937754398430204,0.17259889565515932,0.18081977614115569,-0.18503715903061196
4979,0.1455044088714886,-0.19580605457642425,0.14905268989061252,-0.1498961227168239,0.19091458410719048,0.17316711224478995,0.18102344529178038,-0.18550445481313882
4980,0.14515413807304525,-0.19676421352654042,0.14965505974738316,-0.1508165651967373,0.1916666032663684,0.17381916666884217,0.18179249594858887,-0.18593446654178947
4981,0.14447297540643608,-0.19577275549701428,0.1481530296658742,-0.14858097985002708,0.19200236118222716,0.17313464158371386,0.18085709136584102,-0.1847134653250633
4982,0.14395232823971393,-0.19610038320693202,0.14844163350499023,-0.14865463399392237,0.1916410367045818,0.17236647323073423,0.1803924870503732,-0.18459038273565423
4983,0.14468785342073315,-0.19589954888389832,0.14906958664926082,-0.1494884625106832,0.19112991223356934,0.1734409867465676,0.18102028850492513,-0.18518886539640436
4984,0.14266876576094076,-0.19500171426513022,0.14745874137441126,-0.1491793727654617,0.1904187146373613,0.17253782494754694,0.1802731744824455,-0.18462516531541315
4985,0.14309607044238265,-0.19536817925857367,0.14753177764857034,-0.1475147114321328,0.19011585902511977,0.17185510998677003,0.1798758887193979,-0.18407127598235928
4986,0.1429162753945607,-0.19565369317480313,0.14819943541030187,-0.1486186243144583,0.19139330208178196,0.17252045273052574,0.1804263578722569,-0.1843268961774481
4987,0.14122400455574263,-0.1959203906775949,0.14756110718031815,-0.1489629437584262,0.1910320251907712,0.17209894511438517,0.17979438847933718,-0.18397954221006912
4988,0.14315563614709073,-0.19448425951037784,0.14728685681450657,-0.14867185650669343,0.18973003609542982,0.171808056005557,0.17995950465938002,-0.18403663243996315
4989,0.14439299627032245,-0.1947967028049335,0.14908995292886634,-0.14949870893025782,0.1897750338394178,0.17330727492415904,0.18094974240994283,-0.18508408512420627
4990,0.14359609888048847,-0.1952270831206404,0.14803996877882492,-0.14868676664704167,0.1919992431071283,0.17251585403121888,0.18058643017798867,-0.18435952791010662
4991,0.1424605785459162,-0.1949305885386369,0.14762417852901621,-0.14853642761810212,0.18870575075598559,0.17180186404646497,0.1802057603229437,-0.18401051906457014
4992,0.14437698763459125,-0.19478223626002378,0.14830327564539914,-0.14916565968486278,0.18989780730488956,0.17233157552214864,0.1798389005681071,-0.18372564171490963
4993,0.1432373137398072,-0.19527455852035783,0.14885901305517538,-0.1494212186755166,0.19057263720101328,0.17307895733647907,0.18110565421014196,-0.18465986123102046
4994,0.14262149630457258,-0.19380186165859403,0.14740634537108477,-0.14738557786856582,0.1896456403302113,0.171815574882565,0.17982872714748088,-0.1838004731036659
4995,0.14325040687825663,-0.19548715082245252,0.1482353585389996,-0.1486114797631527,0.1904492707669707,0.17227004827322318,0.1807403623075072,-0.18456343331257324
4996,0.14451230604536566,-0.19555239610634984,0.1486672757860579,-0.1501886495492966,0.19103999824206014,0.17345396337162036,0.1812623138934054,-0.18587984843742053
4997,0.14284476980061975,-0.19472740226085672,0.14849868878409417,-0.14912660758190235,0.19216661629672893,0.173214360419481,0.18073513021311602,-0.1851148859143822
4998,0.14281454813159541,-0.19478567835661434,0.1481122308044464,-0.14952331774687197,0.18987676990128968,0.17275282068166803,0.1807624745664222,-0.18497908023196868
4999,0.14480006828006825,-0.1953406766362324,0.1479905105437843,-0.14981413742604952,0.18982637621378184,0.17263896608695628,0.18026989060151982,-0.18464727480139997
5000,0.14314281048110855,-0.19568423710002678,0.14775746011842725,-0.14903785825244836,0.1909409626595293,0.17259765618139872,0.18063205585759368,-0.18478319702450716
