player,Elo,Elo_matches,Elo_wins,Elo_losses,FIRST_ELO_MATCH_DATE,LAST_ELO_MATCH_DATE,Elo_rank
Steffi Graf,2201.567307006429,1003,893,110,1981-12-09,1999-08-02,1
Margaret Court,2200.4047533809157,693,629,64,1968-01-02,1977-02-22,2
Chris Evert,2156.901501309597,1479,1330,149,1969-01-20,1989-10-01,3
Justine Henin,2152.530312324362,563,459,104,1999-04-17,2011-01-17,4
Aryna Sabalenka,2090.8376559371727,550,405,145,2017-02-11,2026-05-05,5
Lindsay Davenport,2072.833841944323,919,733,186,1991-08-19,2008-08-25,6
Ashleigh Barty,2039.6084065410757,280,206,74,2012-01-09,2022-01-17,7
Elena Rybakina,2024.1344590301185,426,307,119,2017-10-16,2026-05-05,8
Manuela Maleeva Fragniere,1986.95657801508,680,489,191,1982-04-26,1994-02-08,9
Olga Morozova,1986.47371748411,463,345,118,1968-01-01,1980-07-14,10
Na Li,1986.1706490136653,525,362,163,1999-02-23,2014-06-23,11
Monica Seles,1985.0279715560096,719,597,122,1988-03-07,2003-05-26,12
Jennifer Capriati,1977.494698389433,592,420,172,1989-09-14,2004-11-01,13
Greer Stevens,1973.0149992855495,236,146,90,1973-07-09,1980-12-01,14
Martina Navratilova,1968.0481352792938,1718,1484,234,1972-03-06,2005-06-13,15
Evonne Goolagong,1954.6985631868608,962,788,174,1968-01-19,1985-05-06,16
Jessica Pegula,1954.1327475900885,426,289,137,2012-03-05,2026-05-05,17
Iga Swiatek,1953.176901661932,435,347,88,2018-02-10,2026-05-05,18
Billie Jean King,1952.5035804393244,905,733,172,1968-01-02,1984-07-25,19
Kerry Reid,1950.4828960333166,841,604,237,1968-01-08,1985-04-08,20
Coco Gauff,1947.893925604287,380,270,110,2019-03-18,2026-05-05,21
Kim Clijsters,1944.73503813579,611,485,126,1999-05-10,2021-10-06,22
Jana Novotna,1936.1146505998597,737,529,208,1986-03-31,1999-10-04,23
Elina Svitolina,1936.0702116801415,684,451,233,2012-04-21,2026-05-05,24
Elena Dementieva,1934.6662213341162,745,500,245,1997-10-27,2010-10-25,25
Gabriela Sabatini,1934.268642294059,814,627,187,1984-07-09,1996-10-14,26
Mary Pierce,1924.920262345195,708,480,228,1989-04-03,2006-10-23,27
Ann Jones,1916.9429497158271,343,270,73,1968-03-04,1983-05-30,28
Andrea Jaeger,1912.3554242906507,387,286,101,1979-07-16,1987-04-20,29
Karolina Muchova,1910.0332324345168,253,169,84,2017-09-18,2026-05-05,30
Julie Heldman,1908.7193165950764,570,397,173,1968-03-04,1975-08-27,31
Bonnie Gadusek,1905.764108674042,284,191,93,1980-05-11,1987-09-01,32
Serena Williams,1905.2988436615765,1003,849,154,1997-10-27,2022-08-29,33
Nancy Richey,1893.361643702754,432,328,104,1968-03-04,1978-08-28,34
Amanda Anisimova,1887.9069904438516,265,167,98,2017-03-20,2026-03-17,35
Tracy Austin,1880.429671596395,473,378,95,1973-08-30,1994-06-13,36
Mirra Andreeva,1876.7916308696524,167,117,50,2022-10-03,2026-05-05,37
Kazuko Sawamatsu,1874.1519712675374,317,209,108,1968-01-01,1975-11-24,38
Bettina Bunge,1873.8287441453226,511,318,193,1978-08-28,1989-11-06,39
Marta Kostyuk,1864.5247285385985,266,152,114,2018-01-15,2026-04-21,40
Simona Halep,1863.4385507590257,666,467,199,2010-02-04,2025-02-03,41
Martina Hingis,1859.8295237909595,667,534,133,1994-10-03,2015-04-18,42
Mary Joe Fernandez,1858.6512567355437,630,430,200,1984-09-17,2000-10-14,43
Belinda Bencic,1858.6203178199085,515,322,193,2012-10-15,2026-05-05,44
Tatiana Golovin,1855.0200593996776,220,137,83,2003-03-05,2008-05-05,45
Helga Schultze,1853.5391272887332,132,103,29,1968-04-29,1978-10-09,46
Amelie Mauresmo,1851.7302319019996,678,488,190,1995-05-29,2009-08-31,47
Helga Masthoff,1850.7631438895253,529,411,118,1968-01-26,1980-08-04,48
Qinwen Zheng,1849.4546951663292,211,136,75,2021-07-19,2026-05-05,49
Natasha Chmyreva,1840.1471986357,102,62,40,1972-02-20,1979-08-06,50
Maria Sharapova,1836.2286822115027,771,605,166,2002-03-06,2020-01-20,51
Hana Mandlikova,1834.6258248178053,759,559,200,1977-05-09,1990-06-25,52
Nathalie Tauziat,1830.3322503709487,904,559,345,1984-05-28,2001-10-30,53
Sorana Cirstea,1824.3567365938277,725,375,350,2006-08-07,2026-05-05,54
Barbara Potter,1821.053539879294,515,315,200,1978-01-16,1989-10-30,55
Marketa Vondrousova,1819.9296911399533,287,180,107,2016-04-25,2026-01-12,56
Madison Keys,1818.506398483336,572,362,210,2009-04-06,2026-05-05,57
Marina Kroschina,1818.085279256372,126,74,52,1969-08-10,1981-07-13,58
Naomi Osaka,1815.2845319937135,359,233,126,2014-07-28,2026-05-05,59
Julie Halard Decugis,1814.7316583621566,580,353,227,1987-05-25,2000-11-13,60
Anke Huber,1813.552059220361,631,418,213,1989-10-16,2001-10-30,61
Dinara Safina,1811.2770144596661,464,302,162,2002-04-08,2011-05-02,62
Victoria Mboko,1807.6032465313488,64,44,20,2022-08-22,2026-05-17,63
Dominique Monami,1807.3772667344638,388,225,163,1991-02-11,2000-10-09,64
Meredith Mcgrath,1805.3942315947627,175,91,84,1988-10-31,1998-02-23,65
Judith Wiesner,1805.2186931250171,525,331,194,1983-07-17,1997-10-06,66
Anastasia Myskina,1802.4219101813217,395,252,143,1999-06-07,2007-05-28,67
Flavia Pennetta,1800.0343078694382,713,439,274,2002-02-17,2015-10-25,68
Linda Noskova,1795.6200796018052,182,109,73,2022-05-23,2026-05-05,69
Mona Guerrant,1795.2551474737456,256,134,122,1969-01-13,1980-12-15,70
Karen Krantzcke,1792.0774668549307,454,284,170,1968-01-01,1977-04-04,71
Marion Bartoli,1786.0649492382179,660,397,263,2001-05-28,2013-08-12,72
Jasmine Paolini,1782.3999570759333,328,183,145,2017-07-24,2026-05-05,73
Mary Ann Eisel,1781.8154171654114,266,171,95,1968-01-02,1976-12-13,74
Patricia Walkden,1780.404907124079,333,224,109,1967-12-25,1975-11-24,75
Linda Tuero,1778.8561841898154,257,179,78,1968-04-01,1979-08-06,76
Joyce Williams,1777.9845395971076,282,190,92,1968-01-26,1979-07-09,77
Kathy Jordan,1776.876464085551,422,259,163,1977-01-31,1990-08-27,78
Conchita Martinez,1774.8281720514385,1017,719,298,1988-05-16,2005-10-24,79
Anne Smith,1772.3445507323631,394,221,173,1977-03-20,1991-08-26,80
Elise Mertens,1767.9852102616449,519,316,203,2016-06-06,2026-05-05,81
Peaches Bartkowicz,1766.7884421943197,185,129,56,1968-04-01,1974-03-18,82
Anastasia Potapova,1766.1424441852441,288,160,128,2017-07-03,2026-05-05,83
Barbora Krejcikova,1763.0327768325358,265,164,101,2014-09-08,2026-05-05,84
Leila Meskhi,1753.8009006735829,323,198,125,1987-02-23,1996-10-28,85
Danielle Collins,1752.085327818795,300,180,120,2014-08-25,2025-08-25,86
Lesley Turner,1748.8560195301147,223,147,76,1968-01-02,1978-06-26,87
Anna Kalinskaya,1748.3980032732634,245,127,118,2016-10-17,2026-05-05,88
Winnie Shaw,1748.081566964675,452,302,150,1967-12-25,1979-07-09,89
Linky Boshoff,1747.8616082251742,239,138,101,1971-03-29,1977-12-12,90
Johanna Konta,1747.7888668232954,319,195,124,2011-06-06,2021-08-16,91
Annette Van Zyl,1747.7120779391214,156,110,46,1967-12-25,1977-12-12,92
Chanda Rubin,1747.0636013373733,581,349,232,1990-08-27,2006-10-30,93
Barbara Paulus,1745.3672349187834,384,237,147,1986-07-14,1998-08-31,94
Caroline Wozniacki,1743.960569014978,910,632,278,2005-04-20,2024-08-26,95
Alisa Kleybanova,1742.8146046286502,202,110,92,2004-03-10,2014-06-23,96
Jill Cooper,1740.741654929699,193,108,85,1968-03-18,1973-11-12,97
Sandrine Testud,1738.6481637495815,556,316,240,1990-05-28,2004-08-15,98
Judy Tegart,1737.7087179632535,422,284,138,1968-01-01,1981-08-17,99
Ivanna Madruga,1737.4451031811448,238,141,97,1975-11-10,1986-07-14,100
Karolina Pliskova,1733.0808328244639,679,431,248,2007-05-07,2026-05-05,101
Agnieszka Radwanska,1732.9073354287525,790,543,247,2006-04-26,2018-09-17,102
Lesley Hunt,1731.91843469866,565,316,249,1968-01-02,1979-05-14,103
Stephanie Rehe,1730.6543115061318,238,139,99,1981-09-12,1993-03-01,104
Helen Gourlay,1728.8957089495925,517,308,209,1968-01-08,1980-12-08,105
Brigette Cuypers,1728.5745889407897,226,116,110,1971-12-20,1984-04-23,106
Diana Shnaider,1724.8099713135312,167,99,68,2023-01-16,2026-05-05,107
Anett Kontaveit,1724.7868151743282,371,225,146,2011-02-05,2023-07-03,108
Lucie Safarova,1723.6399407150773,645,366,279,2005-01-03,2018-09-10,109
Dominika Cibulkova,1721.971784192985,662,387,275,2005-07-09,2019-05-27,110
Amanda Coetzer,1721.8984394386189,839,520,319,1988-07-18,2004-03-01,111
Zina Garrison,1721.021133843253,873,597,276,1980-02-25,1996-11-11,112
Ons Jabeur,1718.1060184531862,396,240,156,2011-05-02,2025-06-30,113
Victoria Azarenka,1718.0791517853843,852,596,256,2005-04-20,2025-08-25,114
Lisa Mcshea,1717.8311589915202,115,77,38,1993-01-04,2003-03-03,115
Kiki Bertens,1717.3194468638799,407,234,173,2011-02-04,2021-07-24,116
Julia Goerges,1716.7618962315566,575,317,258,2007-02-26,2020-09-28,117
Natalia Zvereva,1716.4498871696767,678,427,251,1986-07-20,2002-06-24,118
Maria Kirilenko,1716.0021751536044,518,287,231,2002-09-23,2014-09-29,119
Ana Ivanovic,1714.9834234308548,655,434,221,2004-05-17,2016-08-29,120
Angelique Kerber,1713.7167651920897,780,488,292,2006-10-30,2024-07-29,121
Jamie Hampton,1711.4486108129258,84,42,42,2010-08-02,2013-12-30,122
Kathy May,1710.4355112113033,206,117,89,1971-09-20,1990-08-06,123
Marise Kruger,1708.7784562358293,139,69,70,1972-12-26,1979-11-26,124
Petra Kvitova,1707.6032670531154,813,544,269,2007-07-30,2025-08-25,125
Caroline Stoll,1706.3120064253267,164,87,77,1976-08-21,1981-02-09,126
Kristien Shaw,1706.15441230066,263,119,144,1968-08-19,1978-09-18,127
Carling Bassett Seguso,1706.013189671713,271,162,109,1982-07-19,1992-04-06,128
Paola Suarez,1705.739962764292,419,234,185,1993-10-25,2007-02-19,129
Francoise Durr,1705.3569274274614,638,382,256,1968-03-04,1981-07-20,130
Jelena Ostapenko,1703.2412126322693,529,305,224,2013-04-17,2026-05-05,131
Alycia Moulton,1702.3104251647458,281,147,134,1978-01-16,1988-03-14,132
Emma Navarro,1702.0839528547292,184,106,78,2019-04-01,2026-05-17,133
Sylvia Hanika,1698.4060506544365,669,424,245,1976-01-05,1990-08-27,134
Stephanie Defina,1697.628881399754,135,88,47,1967-12-25,1971-09-01,135
Leylah Fernandez,1697.4652506909208,282,160,122,2018-09-10,2026-05-17,136
Hailey Baptiste,1697.1708220172566,117,56,61,2019-07-29,2026-05-05,137
Eliza Pande,1696.027560563148,62,41,21,1968-03-25,1980-06-09,138
Naoko Sawamatsu,1695.9930669142539,331,191,140,1988-12-04,1998-09-21,139
Paula Badosa,1694.8682521759329,285,172,113,2015-03-23,2026-04-21,140
Nell Truman,1694.5437797818618,218,110,108,1967-12-25,1972-06-26,141
Kerry Harris,1694.0760705398527,293,140,153,1968-01-08,1974-12-21,142
Nadia Petrova,1693.0794132999245,722,446,276,1998-07-13,2014-03-31,143
Marie Bouzkova,1692.914870974002,287,154,133,2015-02-23,2026-05-17,144
Jennifer Brady,1692.4082256249708,148,73,75,2016-02-15,2026-03-30,145
Lesley Charles,1692.0389016682943,345,199,146,1970-04-13,1981-07-27,146
Vlasta Kodesova,1691.216096756059,124,76,48,1968-02-19,1974-05-25,147
Ines Gorrochategui,1691.121540858917,199,112,87,1990-11-26,1999-08-30,148
Maria Bueno,1690.6057499550518,113,72,41,1968-05-27,1977-10-17,149
Anna Kournikova,1690.271804195605,310,186,124,1995-09-18,2003-04-07,150
Fabiola Zuluaga,1688.6869743057398,249,143,106,1994-03-21,2005-08-29,151
Corinne Molesworth,1688.6424174888261,419,229,190,1968-03-18,1979-07-16,152
Emma Raducanu,1688.5723940927116,165,92,73,2021-06-07,2026-05-17,153
Jaqueline Cristian,1687.9183375751495,181,92,89,2017-07-17,2026-05-17,154
Laura Arraya,1687.8429814937278,491,282,209,1981-03-23,1993-09-21,155
Maria Jose Martinez Sanchez,1687.1343522535926,216,112,104,2001-01-15,2013-02-25,156
Irina Spirlea,1686.9043516102117,368,214,154,1991-07-08,2000-06-26,157
Nicole Bradtke,1686.352586694296,367,195,172,1985-05-13,1997-01-13,158
Veronika Kudermetova,1686.1892927085435,348,194,154,2014-02-08,2025-10-13,159
Ekaterina Alexandrova,1685.4238018175713,430,243,187,2016-04-04,2026-05-17,160
Raffaella Reggi Concato,1685.2558281459746,465,280,185,1980-05-07,1992-07-28,161
Sabine Appelmans,1685.1950942222627,527,309,218,1987-07-06,2001-01-15,162
Camila Giorgi,1685.1350296018422,412,218,194,2011-06-20,2024-03-18,163
Nicole Arendt,1685.123417334703,142,67,75,1986-08-18,2000-01-03,164
Janice Townsend,1684.722812172,115,66,49,1968-04-08,1971-07-05,165
Fiorella Bonicelli,1682.3181094370154,255,151,104,1968-11-04,1986-07-20,166
Katerina Maleeva,1682.0971930574294,540,345,195,1984-07-15,1996-10-14,167
Yayuk Basuki,1681.790309535397,337,192,145,1985-10-06,2000-11-11,168
Patty Fendick,1680.8243559369284,365,201,164,1982-10-11,1995-08-14,169
Garbine Muguruza,1679.6683411970162,498,315,183,2012-03-19,2023-01-30,170
Sabine Hack,1679.4180681647442,321,186,135,1985-09-23,1997-01-13,171
Taylor Townsend,1679.2307511753663,152,69,83,2013-03-04,2026-05-05,172
Kate Makarova,1679.0827404846914,487,257,230,2007-08-06,2019-02-18,173
Carla Suarez Navarro,1676.1377487874934,620,359,261,2008-02-11,2021-11-01,174
Gail Sherriff,1675.980061914414,514,355,159,1968-01-02,1982-05-24,175
Renee Richards,1675.560153486122,216,128,88,1976-08-21,1982-04-26,176
Gigi Fernandez,1674.819087475079,452,232,220,1982-08-07,1997-08-25,177
Julie Anthony,1674.7689408642611,182,89,93,1969-04-16,1979-10-01,178
Virginia Wade,1673.575202147444,1278,921,357,1967-12-25,1985-11-25,179
Katarina Srebotnik,1673.4533352056083,460,243,217,1999-04-05,2010-08-16,180
Agnes Szavay,1672.7190218804792,217,123,94,2005-02-14,2012-08-27,181
Betty Ann Grubb,1671.967101273758,246,132,114,1968-01-29,1981-09-01,182
Iva Jovic,1671.8621265877591,60,36,24,2024-08-26,2026-05-17,183
Maria Sakkari,1671.7430831135339,485,268,217,2012-02-01,2026-05-17,184
Magdalena Maleeva,1671.7360765148237,681,403,278,1989-07-17,2005-10-17,185
Janice Metcalf,1671.4009945645769,112,69,43,1970-04-20,1977-01-31,186
Ann Li,1670.5447411573803,161,85,76,2020-01-06,2026-05-17,187
Svetlana Kuznetsova,1670.1972642418918,942,611,331,2001-05-21,2021-06-28,188
Katie Boulter,1669.4360914847998,204,108,96,2017-07-03,2026-05-05,189
Lori Mcneil,1668.2329837701166,662,384,278,1980-08-11,1999-03-18,190
Janet Young,1668.1879776074059,168,82,86,1968-01-02,1977-01-03,191
Clara Tauson,1667.693359450944,189,104,85,2018-04-18,2026-05-17,192
Ann Kiyomura Hayashi,1667.5702087903717,404,192,212,1968-04-29,1984-08-28,193
Silvia Farina Elia,1666.9846793729073,710,389,321,1989-05-01,2005-10-24,194
Arantxa Sanchez Vicario,1666.074049223517,1059,764,295,1986-05-05,2002-11-02,195
Virginia Ruzici,1663.7253838214601,774,484,290,1972-09-25,1987-10-12,196
Petra Delhees Jauch,1663.2477056026366,185,88,97,1975-07-07,1985-05-27,197
Christine Truman,1663.15183332611,153,100,53,1968-04-08,1975-05-12,198
Katja Ebbinghaus,1662.970881080413,340,192,148,1968-02-26,1982-05-17,199
Liudmila Samsonova,1662.6346863221368,286,158,128,2019-05-27,2026-05-17,200
Mccartney Kessler,1661.4352039248436,91,48,43,2024-01-01,2026-05-17,201
Catherine Cartan Bellis,1660.176695882815,76,40,36,2014-08-25,2020-09-28,202
Katerina Siniakova,1659.3917320138908,468,225,243,2013-03-18,2026-05-17,203
Peyton Stearns,1659.2641628938677,137,68,69,2022-08-22,2026-05-17,204
Tory Ann Fretz,1657.9156620750598,209,105,104,1968-03-11,1981-09-12,205
Virginie Razzano,1656.3271646159224,428,207,221,1999-05-24,2016-08-29,206
Marianne Werdel Witmeyer,1656.0365971808737,383,181,202,1983-01-22,1997-02-17,207
Elisabetta Cocciaretto,1655.105621997306,181,87,94,2019-05-13,2026-05-05,208
Sonay Kartal,1654.9964998705639,59,32,27,2022-06-06,2026-03-04,209
Kristy Pigeon,1652.9438772150202,210,113,97,1968-02-16,1974-10-07,210
Helen Kelesi,1652.0754198889422,398,227,171,1985-03-04,1994-08-29,211
Pascale Paradis Mangon,1651.4407372031899,299,140,159,1980-07-05,1993-10-11,212
Elena Bovina,1650.7069888111682,240,130,110,2000-05-29,2011-09-12,213
Dianne Van Rensburg,1650.5834990842718,174,82,92,1986-02-10,1995-01-02,214
Linda Mottram,1650.039774524496,161,102,59,1971-04-12,1979-05-06,215
Sue Mappin,1649.7756009953257,218,115,103,1968-04-22,1978-07-31,216
Dianne Fromholtz,1649.701839151632,793,501,292,1971-03-07,1990-01-15,217
Mirjana Lucic,1649.450337052117,313,146,167,1996-04-22,2018-01-15,218
Lea Plchova,1649.4213542546117,88,61,27,1977-05-09,1985-11-11,219
Maryna Godwin,1647.7133488196102,107,62,45,1968-01-01,1973-07-09,220
Lina Krasnoroutskaya,1646.8946031514204,136,65,71,1999-09-20,2005-01-03,221
Laura Siegemund,1646.8105807934328,303,148,155,2010-07-05,2026-05-05,222
Valerie Ziegenfuss,1645.5862312987508,493,250,243,1968-02-20,1979-03-28,223
Victoria Rogers,1645.586186767425,65,40,25,1968-02-16,1969-01-12,224
Claudia Kohde Kilsch,1643.9627996062118,655,415,240,1977-07-04,1992-10-05,225
Laura Rossouw,1643.900467306725,258,126,132,1967-12-25,1974-08-12,226
Heide Orth,1643.718356135888,125,66,59,1968-01-26,1976-06-28,227
Janet Newberry,1643.3654260237067,435,241,194,1968-01-29,1980-10-06,228
Helena Sukova,1642.688012990404,938,627,311,1981-03-30,1998-06-22,229
Jie Zheng,1641.5814086745017,437,234,203,2002-03-05,2015-01-19,230
Elena Makarova,1641.1120249379906,153,74,79,1990-10-01,1999-06-07,231
Camila Osorio,1641.0290519314578,206,112,94,2016-02-05,2026-05-18,232
Magda Linette,1640.107109580058,474,232,242,2011-02-02,2026-05-05,233
Tsvetana Pironkova,1639.866030365935,434,192,242,2003-04-23,2021-08-30,234
Wendy Turnbull,1639.4440543954847,955,610,345,1968-12-07,1989-06-26,235
Denise Carter,1639.3804798294836,122,65,57,1968-03-25,1974-09-30,236
Eva Lys,1638.985609206275,87,44,43,2022-04-18,2026-05-05,237
Amy Frazier,1638.9395998114508,725,417,308,1987-08-24,2006-08-28,238
Petra Russegger,1638.6701305558809,30,25,5,2001-03-05,2002-01-28,239
Elena Vesnina,1638.4903084962893,528,264,264,2004-11-01,2021-07-24,240
Mary Carillo,1638.3607033489545,109,56,53,1974-08-19,1982-04-15,241
Neige Dias,1637.505384714253,165,83,82,1981-03-23,1989-07-17,242
Elna Reinach,1637.4855913995004,334,158,176,1984-04-23,1995-08-28,243
Mariana Simionescu,1637.1506659586717,171,82,89,1972-03-06,1980-10-20,244
Olga Danilovic,1637.1268235516225,109,58,51,2018-02-07,2026-02-01,245
Stephanie Rottier,1636.978018170338,125,60,65,1990-10-15,1996-04-15,246
Brenda Kirk,1636.9414069400577,233,113,120,1968-01-01,1977-12-01,247
Patty Schnyder,1636.589888586311,888,526,362,1995-10-02,2018-08-27,248
Yulia Putintseva,1636.5491953010774,555,285,270,2010-10-18,2026-05-05,249
Elena Likhovtseva,1636.3761414083021,718,368,350,1993-04-26,2008-03-24,250
Kelly Henry,1636.3382569355656,46,30,16,1977-07-31,1982-09-27,251
Alexandra Eala,1635.9595757706354,70,31,39,2021-08-02,2026-05-17,252
Florencia Labat,1635.9556732491576,406,209,197,1986-12-01,2000-09-19,253
Magui Serna,1635.6943042789617,388,192,196,1996-10-21,2005-03-23,254
Carrie Meyer,1635.5775647977339,199,92,107,1972-08-14,1980-12-15,255
Anna Smashnova,1634.936552795782,525,280,245,1991-09-23,2007-06-25,256
Bianca Andreescu,1634.42763934797,196,118,78,2017-02-09,2026-05-05,257
Donna Vekic,1634.3971520351556,491,251,240,2012-02-02,2026-04-06,258
Mima Jausovec,1634.3677919984607,604,351,253,1972-09-25,1988-08-01,259
Christina Sandberg,1634.1392807363422,232,136,96,1968-02-19,1976-06-21,260
Anastasija Sevastova,1634.1057973906966,408,224,184,2005-04-27,2025-10-27,261
Sally Moore,1633.924242520182,53,31,22,1971-09-20,1976-09-01,262
Daria Kasatkina,1633.4765083289728,544,318,226,2014-10-13,2026-05-17,263
Anastasia Pavlyuchenkova,1633.0921479592523,773,435,338,2006-10-09,2026-04-21,264
Anne White,1632.644816203864,234,110,124,1978-11-06,1990-02-12,265
Etsuko Inoue,1632.3394326121554,270,125,145,1980-11-12,1990-06-25,266
Caroline Garcia,1631.5162884257268,630,352,278,2011-01-17,2025-08-25,267
Brenda Schultz Mccarthy,1630.5128607864415,541,310,231,1986-09-29,2008-02-25,268
Gisela Dulko,1630.401933165909,393,206,187,2000-04-30,2012-03-19,269
Elena Subirats,1630.2123880545594,71,43,28,1968-01-08,1973-05-03,270
Terry Phelps,1630.15326146737,361,189,172,1982-07-19,1990-08-27,271
Barbara Hawcroft,1629.8737718119137,118,64,54,1968-01-19,1973-12-26,272
Natalia Medvedeva,1629.3035150777987,226,113,113,1987-06-22,1999-04-22,273
Esme Emmanuel,1629.2542962272737,160,74,86,1968-02-16,1972-09-27,274
Brigitte Simon Glinel,1629.046192554669,97,54,43,1975-03-10,1983-05-23,275
Lindsay Morse,1628.0928402369811,83,45,38,1972-09-18,1981-09-14,276
Eva Szabo,1627.722902146872,101,49,52,1968-03-18,1977-05-09,277
Kimberly Po Messerli,1627.6858407399448,252,119,133,1989-04-10,2000-06-12,278
Kate Gompert,1627.164289917511,164,85,79,1980-04-30,1990-07-16,279
Mary Struthers,1627.0655501182619,224,110,114,1968-04-25,1979-03-28,280
Timea Bacsinszky,1626.799283735844,342,183,159,2004-05-17,2019-09-16,281
Iris Riedel Kuhn,1626.2737196735136,232,119,113,1972-03-23,1982-07-05,282
Pam Shriver,1626.1340870486,947,661,286,1978-01-02,1997-02-17,283
Jeanne Evert,1626.0494726320817,240,138,102,1971-05-28,1978-11-20,284
Monica Puig,1625.9981653512377,306,161,145,2008-02-02,2022-04-28,285
Nina Bohm,1625.504443257247,126,56,70,1974-07-08,1981-08-24,286
Trudy Groenman,1625.219378310267,76,40,36,1968-07-23,1973-07-16,287
Nicole Vaidisova,1625.0814075578494,251,166,85,2004-03-01,2015-10-12,288
Karen Susman,1624.6243046033767,40,23,17,1969-05-15,1980-08-26,289
Betty Stove,1624.2998147538253,765,445,320,1969-01-11,1983-06-13,290
Kerry Anne Guse,1623.6385498822485,87,38,49,1987-12-28,2000-01-17,291
Irina Camelia Begu,1622.990728295475,493,250,243,2009-07-06,2026-04-21,292
Casey Dellacqua,1622.9778968884684,207,94,113,2002-03-04,2015-10-05,293
Barbara Schett,1622.4453218584315,518,276,242,1991-07-15,2005-01-17,294
Shelby Rogers,1622.3169387147423,268,125,143,2010-08-30,2024-08-26,295
Mariaan De Swardt,1622.110099211995,168,79,89,1988-03-14,2001-03-21,296
Isabel Cueto,1621.5429176433286,231,130,101,1984-05-14,1992-04-28,297
Andrea Petkovic,1621.2069361580884,527,290,237,2006-10-30,2022-08-29,298
Cynthia Doerner,1620.37238600329,320,154,166,1968-01-08,1980-06-30,299
Ai Sugiyama,1619.9888793953419,809,426,383,1992-02-04,2009-09-28,300
Mariana Perez Roldan,1619.8794962518682,64,35,29,1986-05-26,1991-09-16,301
Anhelina Kalinina,1619.3731419053024,195,97,98,2015-09-28,2026-05-18,302
Renee Reid,1618.6756875785125,49,33,16,1996-03-03,1998-04-13,303
Lisa Bonder Kreiss,1618.663092330822,286,150,136,1981-02-02,1991-08-26,304
Catarina Lindqvist Ryan,1618.5415830733107,473,271,202,1979-12-02,1992-08-31,305
Esme De Villiers,1618.0407176412268,50,35,15,1996-03-03,2000-05-17,306
Su Wei Hsieh,1617.2583078880289,351,166,185,2001-09-24,2023-05-22,307
Iroda Tulyaganova,1616.6504571222267,200,108,92,1996-02-22,2008-04-26,308
Karina Habsudova,1616.361889623196,372,189,183,1990-10-01,2001-08-27,309
Florenta Mihai,1615.9968792285817,221,116,105,1974-04-15,1983-05-30,310
Karin Knapp,1614.988200447471,224,105,119,2006-05-22,2017-01-16,311
Marita Redondo,1614.6280536468335,270,148,122,1969-07-09,1981-02-23,312
Caty Mcnally,1614.5624840131138,112,50,62,2019-03-04,2026-05-05,313
Yamile Cordova,1614.4615233180707,14,14,0,1994-04-12,1999-02-25,314
Patti Hogan,1613.6077431119224,475,286,189,1968-02-20,1979-06-18,315
Kathy Kuykendall,1612.8663280681437,166,70,96,1970-04-20,1978-08-28,316
Ashlyn Krueger,1612.193223934204,118,51,67,2021-08-30,2026-04-21,317
Janette Husarova,1611.7640002562114,200,85,115,1993-10-11,2005-01-03,318
Veronica Burton,1611.6068819811098,291,153,138,1968-04-01,1980-04-14,319
Dayana Yastremska,1611.5559968837322,287,141,146,2016-04-18,2026-05-05,320
Mira Radu,1610.9896510848562,20,16,4,1998-03-02,1998-04-13,321
Duk Hee Lee,1610.7096965877445,163,69,94,1972-11-21,1983-08-30,322
Regina Rajchrtova,1610.5197876656837,132,65,67,1987-05-25,1992-06-22,323
Elena Gabriela Ruse,1610.4301966582123,134,57,77,2016-07-11,2026-05-05,324
Barbara Rittner,1610.0206074499067,445,220,225,1990-04-30,2004-07-19,325
Laurie Fleming,1609.751632819445,101,47,54,1970-01-05,1979-08-01,326
Wendy Overton,1609.579974647892,269,120,149,1968-08-29,1978-09-18,327
Sue Saliba,1609.430943526842,142,75,67,1976-04-26,1982-11-29,328
Emma Laine,1608.262808939116,101,55,46,2001-05-15,2014-04-19,329
Maya Joint,1608.1648284070004,69,36,33,2024-08-26,2026-05-17,330
Daja Bedanova,1607.7259452740377,138,65,73,1999-11-08,2005-04-04,331
Jan Lehane,1607.6505849755379,36,21,15,1969-10-02,1977-12-12,332
Michelle Tyler,1607.6131049085122,205,111,94,1972-05-29,1983-05-30,333
Diane Parry,1607.297672654788,125,61,64,2019-05-27,2026-05-17,334
Marina Chuvirina,1607.229370654141,65,37,28,1968-02-05,1975-08-17,335
Kaia Kanepi,1607.1060518736235,535,288,247,2000-03-28,2023-08-28,336
Alona Bondarenko,1606.5543658846443,320,167,153,2002-04-24,2011-10-17,337
Gretchen Magers,1606.4332073686082,280,152,128,1982-08-31,1992-08-24,338
Rebeka Masarova,1606.2992384337172,80,36,44,2016-07-11,2026-05-05,339
Linda Ferrando,1605.4467131063973,191,88,103,1985-07-14,1995-01-16,340
Maja Matevzic,1605.3901794269111,106,53,53,2000-05-19,2005-08-08,341
Melissa Beadman,1605.214935079171,35,23,12,1996-03-03,1998-04-13,342
Zeynep Sonmez,1604.9226758801967,63,31,32,2023-04-11,2026-05-05,343
Shuai Peng,1604.9174264181495,577,313,264,2001-04-09,2020-02-10,344
Sara Sorribes Tormo,1604.130295038829,298,147,151,2015-02-16,2026-02-01,345
Larissa Schaerer,1603.562501345124,71,45,26,1991-07-18,2004-04-24,346
Tereza Valentova,1603.5381468970063,27,15,12,2025-05-26,2026-05-05,347
Lena Sandin,1603.2202337056597,120,65,55,1979-02-19,1983-10-17,348
Petra Cetkovska,1602.8551899885827,156,73,83,2007-08-27,2016-03-21,349
Elena Granaturovna,1602.1946252934642,54,28,26,1970-02-02,1979-04-05,350
Jeanne Duvall,1602.015717175708,128,54,74,1977-03-28,1981-09-21,351
Myriam Casanova,1601.8845947682717,73,37,36,2001-07-21,2005-07-09,352
Magdalena Rybarikova,1601.8663819729802,411,196,215,2005-07-09,2019-07-01,353
Keiko Nagatomi,1601.5753951185682,22,17,5,1994-09-20,1999-06-07,354
Shi Ting Wang,1601.4762507308412,280,162,118,1988-04-18,1999-08-30,355
Nathalie Dechy,1600.7782021671658,580,303,277,1995-05-22,2009-06-22,356
Sarah Pitkowski Malcor,1600.5799639836237,233,110,123,1993-05-03,2001-06-25,357
Claudia Casabianca,1600.431608250234,56,29,27,1975-11-10,1981-06-22,358
Shirley Bloomer,1599.6968598348128,138,84,54,1968-04-08,1979-10-01,359
Patricia Coleman,1599.612370297562,127,71,56,1969-02-10,1978-12-18,360
Eugenie Bouchard,1599.4858676940346,317,167,150,2011-04-16,2025-07-27,361
Kveta Peschke,1599.351242055463,220,98,122,1993-04-27,2007-05-28,362
Kathleen Harter,1598.845339063252,240,124,116,1968-01-02,1978-10-30,363
Kim Jones,1598.7153203861003,163,60,103,1978-05-14,1987-03-23,364
Xin Yu Wang,1597.7836662843738,225,102,123,2018-01-15,2026-05-17,365
Sofia Arvidsson,1597.4312694491875,328,149,179,2000-05-16,2015-07-13,366
Ginger Helgeson,1597.4108133921936,187,93,94,1989-07-31,1998-06-22,367
Sofia Kenin,1597.2236831564542,328,175,153,2015-08-31,2026-05-05,368
Tine Zwaan,1596.1946115603414,107,51,56,1968-01-26,1979-06-05,369
Qiang Wang,1595.9317396887147,282,148,134,2012-04-21,2024-09-25,370
Rita Agassi,1595.5500035335094,54,32,22,1974-09-17,1982-06-21,371
Tami Whitlinger Jones,1595.4400405586623,239,105,134,1986-08-26,1997-08-25,372
Zenda Liess,1594.772943210405,117,52,65,1974-03-11,1980-11-10,373
Anne Hobbs,1594.61102716338,364,184,180,1976-03-08,1989-07-24,374
Antonia Ruzic,1594.1108892073482,44,21,23,2023-04-10,2026-05-05,375
Tamarine Tanasugarn,1593.7323534166187,615,322,293,1993-04-12,2015-02-09,376
Sybille Bammer,1593.6996328239659,287,142,145,2000-07-10,2011-07-11,377
Lois Boisson,1593.4940736288236,25,15,10,2025-02-24,2026-05-17,378
Yone Kamio,1593.288768442583,94,43,51,1991-04-08,1996-09-16,379
Alison Mcmillan,1593.2208131085492,64,31,33,1969-12-29,1979-11-26,380
Yue Yuan,1593.1772825701294,122,57,65,2018-10-08,2026-03-30,381
Ann Grossman,1593.1408688853421,373,188,185,1987-09-01,1998-05-25,382
Eugenia Birioukova,1593.1103139312295,74,39,35,1970-02-16,1991-07-15,383
Magdalena Frech,1592.825099629907,226,91,135,2014-04-07,2026-05-17,384
Debbie Graham,1592.7874589094326,175,84,91,1987-07-27,1996-10-21,385
Clara Burel,1592.6952295037495,118,55,63,2019-01-14,2024-11-15,386
Hana Strachonova,1592.614842670414,138,66,72,1977-02-06,1983-11-14,387
Andrea Koch Benvenuto,1592.4450221297225,48,30,18,2003-03-03,2016-02-06,388
Tanya Harford,1592.3617067772407,129,52,77,1974-11-18,1982-08-31,389
Aliaksandra Sasnovich,1591.7450088999158,356,174,182,2012-04-21,2026-04-13,390
Anne Miller,1591.5235259560677,82,29,53,1993-11-08,2000-08-14,391
Bianca Botto,1591.16284037699,20,16,4,2009-04-23,2017-07-20,392
Zarina Diyas,1591.1157883814792,253,118,135,2009-07-13,2026-01-19,393
Amelie Hacks,1591.0591321549364,26,15,11,1968-02-26,1977-08-04,394
Daria Saville,1590.9213612214526,324,162,162,2010-10-18,2025-05-26,395
Cathy Caverzasio,1590.6886538966942,90,46,44,1988-04-26,1991-09-16,396
Virginia Ruano Pascual,1590.6629360866802,439,200,239,1990-07-16,2010-05-10,397
Ilana Kloss,1590.5953636712409,298,143,155,1970-11-16,1983-06-27,398
Anna Chakvetadze,1590.5669712505066,326,189,137,2004-08-02,2012-09-10,399
Rosalyn Fairbank,1590.5530826320203,656,343,313,1978-05-29,1995-10-30,400
Edda Buding,1590.2247147961143,63,36,27,1967-12-28,1974-02-25,401
Jessica Bouzas Maneiro,1590.1492481287464,94,45,49,2023-01-02,2026-05-18,402
Rebecca Peterson,1590.088790300036,191,88,103,2012-07-16,2023-08-28,403
Petra Mandula,1590.0677927887825,165,80,85,1995-04-18,2005-05-23,404
Alice Tym,1590.0268323281452,106,64,42,1968-01-01,1971-03-25,405
Yoon Jeong Cho,1589.7650371182194,117,53,64,1997-11-17,2007-08-27,406
Vera Zvonareva,1589.537831080453,738,470,268,2000-10-21,2026-05-18,407
Tine Scheuer Larsen,1589.401203103949,195,89,106,1981-11-09,1995-05-13,408
Galina Baksheeva,1589.29694414917,63,35,28,1968-01-26,1975-08-17,409
Peggy Michel,1589.2438310472505,151,70,81,1968-03-11,1977-08-31,410
Nour Abbes,1589.0014063375015,15,13,2,2011-05-02,2013-04-20,411
Amanda Grahame,1588.9857979825454,62,38,24,1996-03-03,2003-01-06,412
Lesia Tsurenko,1588.1606354202465,397,190,207,2009-09-21,2024-11-15,413
Susan Sloane Lundy,1587.8181124116256,190,95,95,1985-08-27,1992-09-22,414
Akiko Morigami,1587.8131671953824,234,115,119,1996-09-28,2009-10-12,415
Natalia Baudone,1587.6563201147399,97,39,58,1990-07-09,1996-08-26,416
Mary Hamm,1587.5771535253969,110,51,59,1969-09-01,1981-07-20,417
Shaun Stafford,1587.4020048797083,222,90,132,1987-09-01,1996-05-27,418
Alena Palmeova West,1587.3401706190925,171,93,78,1968-02-19,1981-08-24,419
Nicole Jagerman,1587.0251803495191,187,83,104,1986-07-07,1995-03-17,420
Anna Bondar,1586.7772678810143,150,66,84,2016-02-04,2026-05-18,421
Diane Morrison,1586.4456279946335,86,41,45,1973-09-17,1981-09-01,422
Dragana Zaric,1586.2120101915393,28,19,9,1995-05-08,2005-04-23,423
Eva Krejcova,1586.1163921022971,26,18,8,1993-07-13,1998-03-02,424
Kristine Kunce,1586.0882219155617,127,60,67,1988-01-04,1998-06-08,425
Alison Riske Amritraj,1585.9987638916084,392,188,204,2010-04-12,2023-07-03,426
Lisa Raymond,1585.9041622500636,608,330,278,1989-08-28,2007-02-19,427
Faye Urban,1585.8583804703992,68,38,30,1968-01-22,1970-05-20,428
Ayumi Morita,1585.4025502012355,235,100,135,2005-10-03,2015-04-18,429
Elly Appel,1585.122993470488,178,83,95,1972-03-14,1982-05-24,430
Ksenia Pervak,1584.625274989799,120,56,64,2009-02-09,2014-09-08,431
Wing Yau Venise Chan,1584.445025995599,17,13,4,2006-04-20,2013-02-09,432
Anna Foldenyi Dicker,1584.2965149559511,46,25,21,1991-04-22,2000-05-29,433
Elina Avanesyan,1584.2895956166765,105,51,54,2022-04-04,2026-02-01,434
Lindsey Beaven,1584.2227450199216,302,148,154,1968-04-01,1978-07-03,435
Helena Anliot,1583.652469332932,143,70,73,1973-03-22,1980-08-27,436
Roberta Vinci,1583.1299184469121,619,322,297,2001-08-27,2018-05-14,437
Sue Barker,1582.8654428717612,654,407,247,1970-11-02,1984-11-19,438
Nirupama Vaidyanathan,1582.3920222744007,33,21,12,1992-05-05,2001-04-13,439
Liliana Giussani,1582.3250634599833,55,31,24,1979-08-01,1983-05-23,440
Yvonne Meusburger,1582.3011530489725,162,69,93,2004-04-26,2015-01-19,441
Pam Teeguarden,1581.5805219531508,551,249,302,1968-01-29,1985-05-27,442
Viviana Gonzalez,1581.5696756459713,74,34,40,1973-11-18,1980-07-22,443
Meike Babel,1581.226831796185,158,71,87,1991-04-29,2000-10-23,444
Cristina Bucsa,1581.1216366895205,138,53,85,2021-04-05,2026-05-17,445
Anthea Stewart,1580.8777689282595,122,57,65,1975-05-26,1982-06-14,446
Kaja Juvan,1580.8341939242835,121,59,62,2017-04-21,2026-02-23,447
Marijke Jansen,1580.3903556328116,188,104,84,1968-01-29,1980-05-22,448
Varvara Gracheva,1580.3807342869575,203,85,118,2019-07-15,2026-03-17,449
Jelena Jankovic,1580.3796437777867,918,573,345,2001-03-08,2017-08-28,450
Florencia Rossi,1580.221979659672,9,9,0,2016-02-01,2018-06-23,451
Rene Uys,1579.852313633152,103,49,54,1979-11-26,1985-09-09,452
Mana Endo,1579.7253744233165,164,81,83,1991-01-29,1998-04-13,453
Shuai Zhang,1579.6957287713078,525,234,291,2006-09-25,2026-05-17,454
Iva Majoli,1579.6839505295989,481,276,205,1992-04-13,2004-04-12,455
Linda Wild,1579.4431847475923,279,134,145,1972-08-01,2000-04-10,456
Corina Morariu,1579.3771723932334,193,92,101,1995-02-27,2003-09-08,457
Laura Dupont,1579.1648142963588,494,238,256,1968-04-15,1983-08-30,458
Dally Randriantefy,1577.954249673324,118,49,69,1992-07-28,2006-01-16,459
Chanelle Scheepers,1577.7836424220236,210,96,114,2002-04-10,2015-04-06,460
Paula Cabezas,1577.7217566116096,41,26,15,1991-07-18,1998-04-18,461
Larisa Savchenko,1577.4820979443227,523,267,256,1983-07-17,1999-06-21,462
Naoko Kijimuta,1577.47409296147,94,37,57,1989-01-31,1998-09-21,463
Sara Bejlek,1577.4491607189668,35,17,18,2022-08-29,2026-05-17,464
Lita Liem,1577.3103265443935,168,69,99,1968-01-08,1980-05-19,465
Alicia Molik,1576.736062602237,379,196,183,1996-03-03,2011-01-17,466
Ajla Tomljanovic,1576.689062781616,430,197,233,2009-03-09,2026-05-18,467
Miriam Oremans,1576.306783045956,387,182,205,1990-08-27,2003-04-26,468
Marcella Mesker,1576.2621869996478,257,112,145,1978-02-13,1988-07-25,469
Marie Gaiane Mikaelian,1576.170585522937,113,53,60,2000-11-04,2010-04-30,470
Melissa Gurney,1576.1554326001237,128,66,62,1984-03-19,1989-04-24,471
Marian Jade Capadocia,1575.8516400941455,13,11,2,2012-01-31,2020-02-08,472
Coco Vandeweghe,1575.8189252407176,302,146,156,2006-07-31,2023-02-27,473
Barbora Strycova,1575.6012361997123,606,300,306,2002-07-20,2023-08-28,474
Michelle Depalmer,1575.2491498816253,16,11,5,1979-11-26,1980-06-04,475
Judith Dibar,1575.215001501877,74,36,38,1968-01-19,1974-06-24,476
Sania Mirza,1575.1047689486509,256,134,122,2003-02-03,2012-05-21,477
Margarita Gasparyan,1575.1012135576957,109,50,59,2012-10-15,2024-10-28,478
Anna Lena Groenefeld,1575.0925017038476,256,120,136,2003-04-28,2011-05-16,479
Maria Teresa Riedl,1574.7521931742651,32,19,13,1968-04-22,1970-05-20,480
Miroslava Kozeluhova,1574.520979250702,73,34,39,1969-02-24,1978-10-09,481
Daniela Olivera,1574.515149033113,46,29,17,1997-05-13,2002-04-27,482
Milagros Sequera,1574.0196066404976,112,55,57,1998-04-13,2008-08-11,483
Nina Voydat,1573.765523174438,22,15,7,1980-06-16,1981-08-11,484
Trudi Musgrave,1573.7590140861153,49,29,20,1996-01-15,2006-09-11,485
Jane Taylor,1573.7282509618904,40,23,17,1989-01-16,1997-04-22,486
Catherine Tanvier,1573.6528944008753,360,175,185,1980-07-05,1993-10-18,487
Denisa Chladkova,1573.4423841752516,300,131,169,1995-05-08,2005-08-29,488
Vania King,1573.3950667094778,291,129,162,2005-08-29,2018-09-17,489
Barbara Schwartz,1573.316583300131,101,43,58,1996-02-26,2006-07-15,490
Elena Baltacha,1573.1869627412311,149,67,82,2001-06-18,2013-06-24,491
Jil Teichmann,1573.1204812146375,204,98,106,2016-05-16,2026-05-18,492
Tathiana Garbin,1572.9852399699084,382,172,210,1998-04-20,2011-01-17,493
Anne Gaelle Sidot,1572.2950960808923,215,90,125,1996-02-13,2002-05-27,494
Yuliia Starodubtseva,1572.2835658694446,57,25,32,2024-01-15,2026-05-18,495
Li Li,1572.2816198160026,14,11,3,1995-04-20,1998-02-21,496
Lilian Drescher,1571.8343553343898,141,68,73,1980-03-19,1987-09-28,497
Li Qiao Yu,1571.71579040136,21,13,8,1980-10-13,1983-07-17,498
Rui Jing Wong,1571.7032035625089,15,12,3,1997-03-11,2004-04-23,499
Radomira Zrubakova,1571.4904571816803,345,186,159,1987-05-04,1997-08-25,500
Kristen Van Elden,1570.8184430371623,51,32,19,1999-02-27,2003-03-03,501
Julia Riera,1570.3769191575375,36,21,15,2023-04-11,2026-03-30,502
Lin Zhu,1570.3606811353268,216,94,122,2014-09-08,2026-01-05,503
Jennifer Saret,1570.34894214363,21,15,6,1990-07-21,2001-04-13,504
Daniele Bouteleux,1570.3244702898717,68,35,33,1968-01-16,1980-07-05,505
Sabrina Goles,1570.2494008045655,260,133,127,1981-11-09,1990-09-10,506
Uzma Khan,1569.8704602719697,10,9,1,1997-03-13,1999-02-26,507
Liz Gordon,1569.815107732227,25,16,9,1974-01-07,1982-06-21,508
Emilie Burrer,1569.4019456113776,49,25,24,1968-02-20,1969-08-28,509
Annabel Croft,1568.9790316452609,191,92,99,1980-06-02,1988-02-01,510
Marcie Louie,1568.7081488233043,252,104,148,1968-03-25,1982-10-11,511
Lucie Hradecka,1568.627591883932,217,93,124,2006-07-24,2021-01-06,512
Joana Cortez,1568.5859310454932,38,22,16,1998-04-18,2003-07-19,513
Ting Li,1568.5126086628582,34,21,13,1996-02-22,2006-09-25,514
Anna Dmitrieva,1568.355129382689,29,18,11,1968-01-01,1972-09-25,515
Kimberly Birrell,1568.18914067291,105,46,59,2016-01-11,2026-04-21,516
Belinda Cordwell,1568.1540228430001,179,84,95,1980-01-27,1991-09-23,517
Monique Salfati,1568.0841593306977,83,45,38,1968-01-16,1976-05-24,518
Francoise Abanda,1567.7924379441517,40,17,23,2014-07-28,2021-11-01,519
Viktorija Golubic,1567.6784989767766,265,117,148,2013-07-15,2026-05-05,520
Jane Plackett,1567.6668852600103,76,41,35,1971-11-08,1982-07-26,521
Maricris Gentz,1567.6204542479836,10,9,1,1994-05-02,2000-04-30,522
Rebecca Sramkova,1567.372358940921,109,54,55,2017-01-16,2026-03-04,523
Solana Sierra,1567.1865979528989,38,19,19,2022-04-13,2026-05-05,524
Anna Karolina Schmiedlova,1567.117578856266,304,130,174,2013-04-08,2024-09-09,525
Chris Matison,1566.9693429446288,127,53,74,1968-01-08,1981-11-16,526
Lea Pericoli,1566.9576623389569,115,63,52,1968-03-01,1976-04-12,527
Petra Martic,1566.872182759185,443,221,222,2007-03-19,2025-06-30,528
Marjorie Blackwood,1566.2352385815632,104,40,64,1974-06-03,1985-08-05,529
Patricia Hy Boulais,1566.234329496717,346,161,185,1981-11-02,1998-06-22,530
Wendy White,1565.9602586633237,354,164,190,1978-08-28,1992-02-17,531
Marilyn Pryde,1565.934393603531,118,57,61,1968-01-08,1974-01-01,532
Kildine Chevalier,1565.7107463749721,22,15,7,1996-09-28,2003-03-03,533
Nikola Bartunkova,1565.637145161502,20,11,9,2022-04-18,2026-05-05,534
Eleonora Molinaro,1565.5731985292286,16,12,4,2015-02-07,2020-02-08,535
Christiane Jolissaint,1565.5239430451538,255,111,144,1977-02-11,1988-06-20,536
Kirsten Flipkens,1565.1407339260331,452,213,239,2003-02-10,2022-06-27,537
Laura Samson,1565.102240807419,14,10,4,2024-07-22,2026-04-21,538
Shirley Fry,1565.0069312701337,7,7,0,1968-05-27,1968-08-05,539
Denisa Allertova,1564.9001274594566,89,42,47,2014-10-13,2019-10-14,540
Mervana Jugic Salkic,1564.7101946232922,48,27,21,1997-05-05,2013-02-11,541
Halle Cioffi,1564.6603577046649,185,88,97,1985-07-08,1993-10-05,542
Pam Casale,1564.516203730982,323,175,148,1980-06-09,1990-04-16,543
Sabine Lisicki,1564.383959941149,395,215,180,2006-05-08,2023-06-26,544
Donna Ganz,1564.3107608955816,97,42,55,1970-04-20,1980-11-10,545
Elizara Yaneva,1564.069920677989,9,8,1,2025-09-15,2025-09-22,546
Breana Stampfli,1564.050873036788,14,11,3,2010-04-24,2019-04-19,547
Yola Ramirez,1564.041379204313,20,13,7,1968-03-17,1972-03-27,548
Maiko Inoue,1563.8430292405542,20,14,6,1996-09-28,1999-09-06,549
Danica Krstajic,1563.837746980346,9,8,1,2006-04-19,2011-05-07,550
Amy Jonsson,1563.7334156178147,44,24,20,1985-10-06,1995-05-13,551
Janice Tjen,1563.4956183806287,34,17,17,2020-03-04,2026-05-18,552
Julia Vakulenko,1563.1894105760327,127,51,76,2001-04-30,2009-07-06,553
Sandra Cecchini,1562.9366026088464,540,312,228,1981-04-27,1998-07-27,554
Linda Lewis,1562.9358289183576,42,25,17,1969-05-05,1985-08-12,555
Suzan Lamens,1562.8489802330014,79,38,41,2022-04-04,2026-02-01,556
Camille Pin,1562.8128903828188,142,54,88,2001-02-12,2009-08-31,557
Clarisa Fernandez,1562.5067536129686,94,46,48,2001-02-19,2008-01-14,558
Maria Dolores Campana,1562.4977646797481,30,20,10,1992-04-21,1999-04-15,559
Mara Santangelo,1562.4468712588969,172,75,97,2003-03-31,2009-06-15,560
Maria Fernandez,1562.386259819723,11,7,4,1977-03-28,1980-06-16,561
Yang Jin Chung,1562.3530327941478,9,8,1,1998-02-17,2002-03-08,562
Anne Minter,1561.9838409135327,466,236,230,1979-12-24,1993-03-29,563
Maria Alejandra Quezada,1561.800692735224,8,7,1,1993-04-19,1997-05-01,564
Susan Mascarin,1561.4219690227487,259,115,144,1979-05-28,1988-09-19,565
Anneliese Rose,1561.3234405873566,40,25,15,1996-05-06,2019-04-20,566
Jill Davis,1561.239938056923,43,20,23,1979-12-10,1983-08-30,567
Elizabeth Vlotman,1561.1865409447316,89,42,47,1970-12-14,1979-11-26,568
Elizabeth Little,1561.0133083327758,40,19,21,1976-10-09,1981-09-01,569
Christina Singer,1560.9549525936238,142,56,86,1986-09-15,1997-02-17,570
Bernarda Pera,1560.7912660233699,226,99,127,2017-09-18,2025-08-07,571
Natasha Piskackova,1560.5959914971447,25,15,10,1981-03-29,1982-07-26,572
Regina Marsikova,1560.485552708343,475,277,198,1974-06-03,1989-07-17,573
Jeong Soon Lee,1560.3259469873906,11,8,3,1984-07-09,1986-07-20,574
Stephanie Tolleson,1560.3240245212285,60,25,35,1970-11-09,1979-02-12,575
Viktoria Hruncakova,1560.0619229167537,149,69,80,2017-08-28,2025-04-10,576
Lina Stanciute,1559.935068680773,45,25,20,2000-04-01,2015-04-18,577
Barbara Hallquist,1559.9334805451915,171,75,96,1973-09-17,1983-09-26,578
Rosie Reyes,1559.8700868436663,82,42,40,1968-01-16,1976-08-09,579
Bojana Jovanovski,1559.824094020682,235,101,134,2010-02-22,2018-09-24,580
Valentina Castro,1559.498799285385,28,18,10,1998-04-18,2006-04-22,581
Diane Desfor,1559.333761120679,180,78,102,1974-07-08,1982-08-31,582
Mareze Joubert,1559.006234166304,45,26,19,1994-04-04,2000-03-04,583
Soo Ok Kim,1558.706535374336,18,11,7,1980-05-19,1986-07-20,584
Amanda Hopmans,1558.5757562101246,73,31,42,1998-04-18,2003-04-25,585
Joannette Kruger,1558.3733505064667,324,152,172,1992-07-20,2003-05-26,586
Vera Dushevina,1557.9002913373708,316,143,173,2002-05-06,2014-04-07,587
Bermet Duvanaeva,1557.7610544728104,15,11,4,2010-02-03,2013-02-09,588
Daniela Marzano,1557.7353649634053,122,47,75,1968-03-04,1980-07-07,589
Karolina Sprem,1557.6604478572267,206,97,109,2002-04-29,2011-01-17,590
Yafan Wang,1557.606689869808,167,75,92,2014-09-15,2025-10-27,591
Ashley Harkleroad,1557.5715023491712,132,53,79,2001-03-21,2010-07-26,592
Nuria Llagostera Vives,1557.5647095370298,200,83,117,2000-01-03,2011-09-19,593
Meghann Shaughnessy,1557.282213077493,469,236,233,1996-05-06,2009-10-19,594
Cecilia Ampuero,1557.1926631255983,13,10,3,1991-07-19,1995-03-30,595
Yoannis Montesino,1557.1279871990253,33,21,12,1994-04-11,2000-04-29,596
Helga Lutten,1556.8818189955707,58,31,27,1980-03-10,1983-07-18,597
Barbara Rossi,1556.8607910985043,55,24,31,1980-05-05,1983-05-23,598
Caroline Dolehide,1556.8175351356078,124,49,75,2017-07-31,2026-03-30,599
Evgenia Linetskaya,1556.7595000790054,44,21,23,2004-08-30,2008-01-14,600
Anna Blinkova,1556.728319574277,253,104,149,2016-04-25,2026-04-21,601
Nathalie Fuchs,1556.7119675603778,220,108,112,1970-07-13,1980-08-27,602
Kora Schediwy,1556.706507851327,150,70,80,1968-01-26,1980-08-20,603
Julia Apostoli,1556.6902639018729,19,12,7,1981-04-06,1990-10-08,604
Aravane Rezai,1556.6268773228724,230,111,119,2005-05-23,2013-05-27,605
Kimiko Date Krumm,1556.5463532339397,457,260,197,1989-04-17,2017-09-11,606
Paula Cristina Goncalves,1556.416419225785,25,15,10,2013-02-06,2016-08-01,607
Nathalie Herreman,1556.2108248083823,257,103,154,1982-11-15,1995-05-29,608
Janine Tremelling,1556.098888306699,101,40,61,1982-11-22,1990-06-11,609
Regina Kulikova,1556.0470099446063,25,11,14,2008-07-21,2011-07-11,610
Phyllis Blackwell,1555.9487025814342,53,27,26,1975-03-17,1983-10-10,611
Monica Poveda,1555.8592726618547,25,17,8,1996-05-07,2003-04-26,612
Gina Niland,1555.2931150221257,36,22,14,1989-10-01,1999-04-30,613
Robin Lloyd,1554.9161922614414,130,69,61,1968-01-26,1973-02-19,614
Ana Bogdan,1554.854716667995,206,89,117,2014-07-07,2026-02-01,615
Michelle Larcher De Brito,1554.7271838736428,101,46,55,2007-03-19,2017-02-11,616
Laura Granville,1554.5284284331954,193,85,108,1998-08-31,2010-03-01,617
Daniela Alvarez,1554.1961756420772,21,14,7,1998-04-27,2002-05-18,618
Veronica Cepede Royg,1554.1796764515523,118,61,57,2006-04-17,2021-07-24,619
Beti Sekulovski,1554.1788840706347,28,18,10,1999-02-27,2003-03-03,620
Melisa Miranda Otarola,1554.178190237759,10,8,2,2007-04-18,2009-04-25,621
Beatriz Araujo,1554.1412855669946,51,24,27,1968-11-04,1976-11-19,622
Petra Marcinko,1553.8997914477395,30,16,14,2022-04-11,2026-05-18,623
Joelle Schad,1553.8792951753317,32,21,11,1990-07-21,2001-04-26,624
Desislava Topalova,1553.7424655622485,22,14,8,1997-04-23,2004-07-10,625
Alison Van Uytvanck,1553.6715511870607,291,134,157,2011-05-16,2024-07-22,626
Emilie Loit,1553.5039357338583,343,164,179,1997-05-26,2009-05-25,627
Aleksandra Wozniak,1553.3860486205404,273,134,139,2004-04-19,2017-09-11,628
Yanina Wickmayer,1553.2572231979236,475,247,228,2007-04-21,2025-06-30,629
Beatriz Haddad Maia,1553.1539265817396,315,167,148,2013-02-25,2026-05-05,630
Nicole Sewell,1553.0912826580243,49,26,23,1998-03-02,2003-03-03,631
Ruxandra Dragomir Ilie,1552.97028182665,396,207,189,1991-07-21,2004-03-24,632
Iveta Benesova,1552.9487604527815,413,181,232,2002-04-15,2014-05-26,633
Lavinia Tananta,1552.8596307921714,25,15,10,2006-09-11,2017-07-22,634
Yvonne Vermaak,1552.8127969038894,524,262,262,1973-11-19,1988-02-08,635
Amanda Brown,1552.7957260932649,117,58,59,1980-04-07,1986-06-30,636
Birgitta Lindstrom,1552.4996909200497,53,26,27,1968-01-26,1985-09-09,637
Judith Principe,1552.3140185048724,9,7,2,1981-07-20,1981-07-27,638
Carole Graebner,1552.1980639027256,68,31,37,1967-12-25,1975-01-06,639
Wiltrud Probst,1552.1657493462178,279,118,161,1986-05-12,1998-05-25,640
Elena Pampoulova,1551.9692986995278,166,63,103,1988-12-04,2001-02-19,641
Luksika Kumkhum,1551.7228868998764,76,33,43,2012-09-17,2023-04-15,642
Jo Durie,1551.5777540538163,627,331,296,1975-05-26,1995-06-26,643
Lucia Bassi,1551.455361790323,47,20,27,1968-04-08,1975-05-26,644
Montserrat Gonzalez,1551.2793047656273,39,21,18,2011-02-02,2019-02-09,645
Alex Cowie,1551.17557231229,103,39,64,1968-03-04,1972-07-17,646
Ling Zhang,1550.926623414126,52,30,22,2007-04-16,2018-10-08,647
Barbara Mulej,1550.888554760898,42,21,21,1991-04-22,1998-04-16,648
Helen Park,1550.8227166693903,40,23,17,1980-06-23,1984-10-08,649
Maria Eugenia Vento,1550.756691197788,5,4,1,1998-01-04,1998-01-04,650
Miho Saeki,1550.5012858841267,104,43,61,1995-04-10,2005-02-01,651
Sara Gomer,1550.47766753986,258,114,144,1980-04-07,1992-08-31,652
Meilen Tu,1550.4461739941426,266,103,163,1994-08-29,2008-03-10,653
Daria Snigur,1550.4344590937815,23,10,13,2022-06-06,2026-04-21,654
Ludmila Richterova,1550.382110558259,95,40,55,1994-02-07,1998-08-31,655
Cecilia Costa Melgar,1550.3369650131667,10,8,2,2010-02-04,2013-02-07,656
Angeles Montolio,1550.2288897153132,181,86,95,1994-03-21,2002-08-26,657
Jodi Appelbaum,1550.1580454593302,38,21,17,1974-07-08,1981-09-01,658
Rayni Fox,1550.1143082714418,90,32,58,1971-01-18,1981-07-27,659
Angelika Kanellopoulou,1549.871632481851,188,83,105,1981-11-09,1991-07-26,660
Lilli Tagger,1549.851884417132,14,8,6,2025-10-27,2026-05-05,661
Paula Ormaechea,1549.851555885299,93,44,49,2010-02-06,2023-04-03,662
Florencia Molinero,1549.7485354092007,15,10,5,2011-01-03,2014-04-07,663
Claudia Porwik,1549.5163605902133,261,116,145,1986-02-10,1996-06-24,664
Kathy Horvath,1549.4491158837443,354,196,158,1979-08-28,1989-04-17,665
Julie Harrington,1549.2857167615969,138,57,81,1979-02-05,1984-08-28,666
Alexia Dechaume Balleret,1549.221341900625,313,131,182,1986-05-26,2000-01-17,667
Judy Alvarez,1549.1588993682383,22,11,11,1969-01-13,1972-09-12,668
Debbie Spence Nasim,1548.8824872207767,117,55,62,1983-09-26,1989-02-27,669
Ka Po Tong,1548.6308132202662,32,18,14,1997-03-11,2006-04-21,670
Ikumi Yamazaki,1548.6175929721035,5,5,0,2025-08-04,2025-08-04,671
Kate Warne Holland,1548.5915524219483,22,14,8,1999-02-27,1999-09-06,672
Ayu Fani Damayanti,1548.585408260321,27,14,13,2004-09-13,2013-02-09,673
Jane Preyer,1548.4495145388105,83,36,47,1976-06-29,1983-06-20,674
Alisa Oktiabreva,1548.4002203588093,5,5,0,2025-08-04,2025-08-04,675
Kathy Rinaldi Stunkel,1548.1662134063877,499,284,215,1980-05-19,1996-08-26,676
Ruta Gerulaitis,1548.0970791534035,133,58,75,1974-08-19,1981-09-01,677
Bethanie Mattek Sands,1547.9426807222487,312,134,178,2001-04-09,2023-01-30,678
Clare Harrison,1547.8363868807678,72,34,38,1974-08-12,1981-05-11,679
Ludmila Makarova,1547.754253487495,10,6,4,1980-07-14,1982-07-26,680
Karin Palme,1547.672833367217,29,18,11,1994-04-11,2003-04-24,681
Emily Fanning,1547.5006983513317,7,6,1,2013-02-05,2020-02-06,682
Jelena Dokic,1547.2930626777436,402,225,177,1998-07-25,2012-04-02,683
Talia Gibson,1547.2194059524584,28,11,17,2023-01-09,2026-05-17,684
Caroline Kuhlman,1547.0042856761643,115,49,66,1983-08-30,1995-02-06,685
Gaye Mcmanus,1546.951234664886,8,6,2,1996-02-22,1997-03-15,686
Sofia Prazeres,1546.8824845934637,33,17,16,1990-07-16,1998-04-17,687
Carmen Ibarra,1546.7193537814583,7,5,2,1969-11-17,1973-05-21,688
Marcy Okeefe,1546.3915909945138,23,12,11,1968-03-25,1976-09-01,689
Klaudija Bubelyte,1546.3809122339094,5,5,0,2023-04-10,2023-04-15,690
Anna Yeremeyeva,1546.3684574673382,32,16,16,1968-02-19,1973-02-26,691
Margaret Tesch,1546.3484987024322,24,14,10,1969-11-17,1972-12-18,692
Elena Brioukhovets,1546.2904326948428,113,47,66,1989-10-09,1997-02-17,693
Lucciana Perez Alarcon,1546.2369452146704,5,5,0,2023-04-11,2023-04-15,694
Maria Virginia Francesca,1546.2361500917955,13,9,4,1993-04-19,1995-04-13,695
Kathy Walker,1546.2140665920676,26,14,12,1972-01-04,1975-06-30,696
Tiiu Kivi,1546.1146671045717,51,26,25,1968-02-05,1975-08-17,697
Robin White,1546.0205816889165,308,146,162,1981-04-29,1994-08-01,698
Paola Iovino,1545.788493332872,5,5,0,2003-04-24,2004-04-24,699
Xiyu Wang,1545.698178461529,157,68,89,2017-10-09,2025-10-27,700
Anna Movsisyan,1545.6111713201733,17,12,5,2008-04-22,2012-04-20,701
Amina Rakhim,1545.535213237541,7,6,1,2004-04-20,2008-02-02,702
Catherine Mothes Jobkel,1545.5125081888837,54,22,32,1988-05-23,1996-05-27,703
Jamea Jackson,1545.4725078855597,86,35,51,2003-03-19,2008-08-25,704
Sheryl Tebbutt,1545.4460328611688,15,10,5,1975-01-20,1980-01-27,705
Marina Novak,1545.3432161462954,15,10,5,2006-04-26,2010-05-01,706
Luiza Biktyakova,1545.3370585318983,5,5,0,2000-04-25,2000-04-30,707
Daniela Hantuchova,1545.2979103585524,866,488,378,1999-10-18,2017-02-27,708
Carla Tiene,1544.87567444143,31,18,13,1999-04-17,2006-02-27,709
Mananchaya Sawangkaew,1544.8586093435429,17,9,8,2019-02-06,2026-01-19,710
Eva Dyrberg,1544.8237838237499,51,26,25,1997-05-05,2008-01-30,711
Elizabeth Minter,1544.7958826487095,135,57,78,1981-01-12,1989-06-12,712
Dijana Stojic,1544.7813705260053,14,10,4,2003-04-28,2009-02-06,713
Martina Sucha,1544.71306325528,227,99,128,1999-04-19,2007-06-25,714
Oleksandra Oliynykova,1544.7023610721305,15,8,7,2026-01-19,2026-05-17,715
Isabel Fernandez De Soto,1544.6023680982164,227,108,119,1969-03-03,1979-02-26,716
Emilie Francati,1544.5884521889614,7,6,1,2016-04-13,2017-04-22,717
Jeong Soon Yang,1544.4873899984054,18,10,8,1970-11-02,1976-08-22,718
Charlotte Aagaard,1544.4391532530622,13,9,4,1996-03-26,2001-04-23,719
Heidi Eisterlehner,1544.3254246525673,246,115,131,1969-02-27,1984-10-08,720
Andrea Lazaro Garcia,1544.320441622249,10,7,3,2021-05-24,2025-09-22,721
Alycia Parks,1544.1146727077307,120,47,73,2021-04-12,2026-05-18,722
Elsa Oriain,1544.113853624859,14,9,5,2002-03-04,2003-04-24,723
Shinobu Asagoe,1544.0781113312798,266,132,134,1996-09-28,2006-08-28,724
Charmaine Shi Yi Seah,1543.9648641092388,9,7,2,2016-04-11,2018-02-10,725
Carrie Cunningham,1543.7583997721838,129,54,75,1988-04-18,1994-08-29,726
Yoshiko Sasano,1543.48941157496,26,15,11,1996-09-28,1999-09-06,727
Ayami Takase,1543.4533657621982,39,22,17,1996-09-28,2002-09-09,728
Belinda Thompson,1543.3867264617184,185,90,95,1972-07-17,1982-04-26,729
Madalina Gojnea,1543.3615006087089,14,9,5,2006-04-18,2011-07-11,730
Sandra Olsen,1543.3416582819,5,5,0,1995-05-08,1996-03-30,731
Kate Brasher,1543.184928639419,143,77,66,1976-10-25,1985-07-21,732
Lulu Sun,1543.03353893441,66,27,39,2022-05-16,2026-03-30,733
Surina De Beer,1543.0130130606271,28,17,11,1997-09-08,2007-04-20,734
Henrieta Nagyova,1542.8425243953232,387,213,174,1995-07-22,2006-03-06,735
Karine Quentrec,1542.7927904830708,131,56,75,1988-04-25,1994-10-31,736
Ludmila Cervanova,1542.7496287452818,176,76,100,1998-07-13,2006-02-20,737
Polona Hercog,1542.7465906843695,393,174,219,2007-04-21,2026-05-18,738
Francesca Segarelli,1542.7453742832413,19,12,7,2005-04-21,2018-06-22,739
Dianne Evers,1542.6890788204328,99,38,61,1974-04-22,1980-12-08,740
Laura Lapi,1542.6306394964051,86,37,49,1987-05-04,1994-07-05,741
Vivian Segnini,1542.5341252919627,6,5,1,2009-02-04,2012-02-03,742
Bryanne Stewart,1542.4379921728105,57,28,29,1996-03-03,2003-01-06,743
Kerrie Cartwright,1542.124081529044,19,12,7,2009-02-05,2019-04-20,744
Storm Hunter,1542.0165840951106,67,25,42,2014-01-06,2026-03-04,745
Joan Wilshere,1541.9794808781764,32,15,17,1969-04-14,1974-01-07,746
Anita Van Deventer,1541.972355526123,29,14,15,1967-12-25,1969-09-11,747
Anastasia Kulikova,1541.9348115514283,7,6,1,2020-02-04,2025-06-23,748
Els Callens,1541.8990028756962,226,92,134,1991-06-24,2005-10-24,749
Carina Witthoeft,1541.7752585904864,118,49,69,2012-07-16,2018-10-15,750
Jessica Fernandez,1541.7528504490635,28,16,12,1995-04-11,2004-03-01,751
Karolina Karlsson,1541.6616508030108,21,13,8,1985-07-14,1987-07-06,752
Rene Simpson,1541.5512155334145,145,54,91,1988-08-15,1998-01-19,753
Svetlana Cherneva,1541.4045152493893,79,32,47,1982-07-26,1992-02-17,754
Stefanie Tan,1541.3990919211828,22,13,9,2008-01-30,2018-02-10,755
Abigail Tere Apisah,1541.3506959261917,13,9,4,2015-04-17,2019-02-08,756
Carmen Perea Alcala,1541.0115728641445,136,61,75,1972-03-27,1983-07-17,757
Alize Cornet,1540.8526777602026,763,384,379,2005-05-23,2025-05-18,758
Angelique Widjaja,1540.7083483761664,104,52,52,2001-07-21,2006-09-25,759
Emanuela Zardo,1540.5641878021245,164,79,85,1987-05-18,1996-04-24,760
Veronika Birioukova,1540.5370469670634,5,4,1,1974-03-18,1974-04-15,761
Mari Toro,1540.412436866117,26,15,11,1997-04-28,2002-04-25,762
Monica Niculescu,1540.4018842576684,415,192,223,2004-04-29,2021-06-28,763
Kate Latham,1540.3181677602172,424,213,211,1969-09-30,1985-09-23,764
Jazmin Ortenzi,1540.293717557955,11,7,4,2022-04-15,2026-03-30,765
Maria Francesca Bentivoglio,1540.277436586289,17,7,10,1993-05-03,1994-05-23,766
Renata Tomanova,1540.1996660759005,463,241,222,1970-02-26,1986-09-15,767
Ivanna Israilova,1540.1773834074359,17,10,7,2002-03-04,2005-04-19,768
Shelly Walpole,1540.1619438381492,27,14,13,1981-04-14,1984-07-02,769
Francesca Schiavone,1540.1151939378092,856,465,391,1999-05-03,2018-07-16,770
Gloria Pizzichini,1539.9483098893925,77,31,46,1992-04-28,2002-07-08,771
Michelle Jaggard Lai,1539.813107344506,174,66,108,1985-07-14,1994-11-14,772
Isabelle Villiger,1539.7526480100148,60,26,34,1972-04-10,1983-07-04,773
Nicole Pratt,1539.679576469786,402,172,230,1990-01-15,2008-01-14,774
Leigh Anne Thompson,1539.606147707844,114,43,71,1981-07-13,1986-08-26,775
Judy Chaloner,1539.3650773356896,177,80,97,1971-12-07,1981-11-09,776
Lourdes Dominguez Lino,1539.343719707787,296,131,165,2000-05-22,2016-05-23,777
Isabela Petrov,1539.2439727002784,6,5,1,1991-07-18,1992-04-25,778
Allison Bradshaw,1539.1261397510254,15,7,8,2000-08-22,2002-07-29,779
Natasha Reva,1539.109877981164,18,9,9,1981-07-13,1985-02-05,780
Marianna Brummer,1539.1075670216735,46,18,28,1967-12-25,1976-11-22,781
Maria Sanchez Lorenzo,1539.0908267965317,312,128,184,1994-04-18,2006-08-28,782
Jackie Fayter,1539.024175458041,297,135,162,1968-07-08,1979-07-02,783
Mirielle Dittmann,1538.9892260435413,43,24,19,1996-03-03,2002-09-09,784
Andre Lukosiute,1538.916727182555,4,4,0,2022-04-12,2022-04-15,785
Jing Qian Yi,1538.6972109373971,71,35,36,1993-05-04,2001-09-24,786
Tzipi Obziler,1538.6921887124633,123,57,66,1995-04-18,2009-04-25,787
Janet Lee,1538.6270249288273,120,51,69,1993-08-30,2005-09-26,788
Anna Gerasimou,1538.2737672511093,26,14,12,2004-04-23,2010-05-01,789
Miroslava Holubova,1538.0427531974422,54,23,31,1968-07-22,1977-03-03,790
Belkis Rodriguez,1537.9546816278648,20,12,8,1991-07-19,1996-05-10,791
Tina Pisnik,1537.9455763586825,232,108,124,1998-04-14,2005-04-23,792
Panna Udvardy,1537.938610044262,63,25,38,2018-02-19,2026-05-18,793
Judith Szorenyi,1537.8426450547697,70,30,40,1968-08-15,1980-07-07,794
Laurence Courtois,1537.6926170112145,177,82,95,1993-05-03,2001-05-14,795
Shahar Peer,1537.6892017864614,517,296,221,2004-02-16,2016-02-06,796
Gwyn Thomas,1537.6849427635036,11,7,4,1969-07-05,1969-08-11,797
Joanne Russell,1537.625436768491,411,208,203,1970-11-09,1987-09-01,798
Kyoko Nagatsuka,1537.4437947688857,104,42,62,1992-02-04,1997-02-17,799
Marilyn Aschner,1537.3630295022479,94,43,51,1968-02-26,1972-08-28,800
Tinatin Kavlashvili,1537.350410560524,7,5,2,2003-04-21,2005-04-30,801
Bianka Lamade,1537.2222369887872,51,22,29,2000-05-06,2003-02-17,802
Larikah Russell,1536.9341640709004,22,14,8,2000-05-09,2014-02-05,803
Bettina Fulco,1536.8238595020298,300,144,156,1985-07-08,1997-04-07,804
Viviana Rivero,1536.73516595978,6,5,1,1999-02-26,2001-05-18,805
Jessica Lehnhoff,1536.717339695206,8,6,2,2007-04-16,2008-04-26,806
Cathy Drury,1536.6536301293017,113,56,57,1975-05-26,1983-09-19,807
Fanny Stollar,1536.5447668077054,35,17,18,2016-02-04,2024-07-15,808
Michelle Torres,1536.4788294754896,204,93,111,1982-04-19,1989-05-29,809
Akiko Kijimuta,1536.4780559212882,165,63,102,1983-10-10,1993-05-17,810
Megan Moulton Levy,1536.4449470690026,8,6,2,2003-04-23,2004-04-24,811
Stefania Cicognani,1536.4345546204609,27,15,12,1980-04-27,1982-07-26,812
Ana Gaspar,1536.4023410638863,6,5,1,1996-04-23,1997-05-10,813
Tiantsoa Sarah Rakotomanga Rajaonah,1536.31728577529,21,12,9,2025-02-24,2026-04-13,814
Mareen Louie Harper,1536.3102844538298,432,187,245,1974-05-06,1994-08-08,815
Mallory Burdette,1536.1938138662217,23,9,14,2012-07-09,2013-09-09,816
Dana Gilbert,1536.1830294179495,141,61,80,1977-04-11,1983-10-17,817
Andrea Gamiz,1536.1528118343379,37,21,16,2011-05-16,2020-02-08,818
Napaporn Tongsalee,1536.1124741684066,30,16,14,2000-04-25,2007-04-21,819
Sloane Stephens,1536.0470979670667,551,302,249,2010-03-08,2026-04-13,820
Irina Yarikova,1535.9446493821918,4,4,0,1997-03-11,1997-03-14,821
Yusleydis Smith Dias,1535.538830849369,6,5,1,2017-07-19,2018-06-23,822
Karin Ptaszek,1535.5155662956245,25,13,12,1988-12-04,1996-03-30,823
Ilana Berger,1535.4519744878055,28,13,15,1986-07-20,1992-02-03,824
Kamilla Rakhimova,1535.3954269458707,134,52,82,2019-07-22,2026-05-05,825
Claire Curran,1535.3677944078613,6,5,1,1995-05-08,1996-03-28,826
Claudia Pasquale,1535.2840016296952,48,20,28,1979-04-30,1983-09-19,827
Tatiana Perebiynis,1535.2664109009615,123,44,79,1999-04-19,2009-06-22,828
Sandra Cacic,1535.2159475020792,153,57,96,1991-04-08,2003-03-05,829
Lea Boskovic,1535.202743575051,17,10,7,2018-02-07,2025-09-22,830
Anna Zaporozhanova,1535.141719981881,11,7,4,1996-03-28,2000-06-12,831
Estrella Cabeza Candela,1535.1334406993255,56,26,30,2007-02-19,2015-02-16,832
Aniko Kapros,1534.872547264694,79,36,43,2000-04-17,2010-02-05,833
Daniela Moise,1534.7402361201562,7,5,2,1985-09-23,1986-07-20,834
Elizabeth Jones,1534.7029508865064,50,28,22,1980-04-07,1984-07-02,835
Patricia Tarabini,1534.607998039535,231,107,124,1986-05-26,1995-05-29,836
Louise Gonnerman,1534.570423798603,41,22,19,1968-05-27,1972-08-21,837
Saisai Zheng,1534.5510705547306,234,97,137,2011-09-19,2025-01-13,838
Elzbieta Slesicka,1534.5485453771375,5,4,1,1974-05-13,1974-05-13,839
Anca Barna,1534.5386549276975,179,70,109,1994-09-19,2005-05-02,840
Ingrid Bentzer,1534.5358392830256,190,82,108,1968-01-29,1983-11-21,841
Patricia Wartusch,1534.4935036331158,115,47,68,1996-07-15,2004-11-24,842
Fang Li,1534.4615318100393,171,78,93,1990-07-21,2001-03-21,843
Marilyn Tesch,1534.446881196267,68,27,41,1968-01-19,1977-12-05,844
Sarah Borwell,1534.413047597318,19,11,8,2003-03-03,2006-06-26,845
Maria Alejandra Claure,1534.1416257877077,6,5,1,1996-05-07,1997-05-15,846
Himeno Sakatsume,1534.1245980584397,14,7,7,2022-08-22,2026-04-10,847
Mary Lou Piatek,1533.8750297016568,364,156,208,1978-01-30,1993-02-22,848
Leslie Allen,1533.7636239422675,217,89,128,1977-12-05,1987-04-13,849
Renata Sasak,1533.5993515883881,59,26,33,1979-04-30,1985-07-15,850
Mariana Duque Marino,1533.5306096693762,173,73,100,2005-04-21,2018-07-16,851
Monique Javer,1533.425308817864,181,70,111,1986-07-14,1996-10-07,852
Petra Kamstra,1533.3274059751607,56,21,35,1990-07-09,1996-07-15,853
Lucia Gongora,1533.280737553791,31,17,14,1968-03-17,1971-04-05,854
Lauren Davis,1533.2550207487009,327,143,184,2011-01-17,2025-03-31,855
Aoi Ito,1533.2395202459904,16,7,9,2024-10-14,2025-08-07,856
Vicki Lancaster Kerr,1533.2307597413424,92,40,52,1968-01-02,1980-01-07,857
Olga Votavova,1533.1993176683181,16,9,7,1985-04-22,1988-05-16,858
Olga Kalyuzhnaya,1533.089445192677,15,9,6,2002-01-28,2003-02-17,859
Kathrin Keil,1533.0831497027332,100,45,55,1980-10-06,1989-08-14,860
Barbara Green,1533.0625365517215,9,6,3,1969-05-05,1970-05-04,861
Katarina Studenikova,1533.0166512758146,159,66,93,1993-02-01,1999-06-21,862
Marie Pinterova,1532.9590299497245,296,142,154,1968-02-19,1985-09-23,863
Emiliana Arango,1532.9026161889167,90,40,50,2016-02-03,2026-05-18,864
Sabina Simmonds,1532.8160223769685,250,121,129,1974-11-18,1988-07-11,865
Yamile Fors Guerra,1532.8025838056387,49,29,20,1997-05-12,2010-02-06,866
Lydia Zinkevich,1532.7531405895093,20,9,11,1972-02-07,1976-03-01,867
Orawan Wongkamalasai,1532.7309648250232,24,14,10,1998-09-07,1999-09-06,868
Jane Stratton,1532.62247950601,133,62,71,1971-08-16,1981-06-01,869
Nadejda Ostrovskaya,1532.5971590471227,37,17,20,2000-05-01,2004-10-11,870
Asja Tankic,1532.581548019418,10,7,3,1998-05-05,2000-04-01,871
Romina Oprandi,1532.3584312992025,145,57,88,2005-07-18,2016-04-11,872
Greta Arn,1532.2769283161565,160,64,96,2000-04-17,2019-09-09,873
Alexandra Guzman,1532.2602326033025,21,13,8,1993-04-20,2001-04-26,874
Lucia Bronzetti,1532.0642010453353,169,74,95,2021-07-12,2026-05-05,875
Jana Nejedly,1532.0528013807977,179,68,111,1993-07-26,2003-04-26,876
Xochitl Escobedo,1532.0398091308437,13,7,6,1986-12-01,1993-04-24,877
Julia Boserup,1532.0282865002266,26,12,14,2011-06-06,2017-08-28,878
Patricia Ku Flores,1531.98268553596,18,11,7,2010-04-20,2014-04-12,879
Linda Gates,1531.9390323290727,20,9,11,1980-04-30,1986-03-24,880
Carla Rodriguez,1531.7883994161618,14,8,6,1995-04-11,1999-02-27,881
Melisa Morales,1531.7689206016466,19,12,7,2008-04-24,2023-04-14,882
Andrea Strnadova,1531.5684318765223,138,65,73,1989-10-09,1994-09-26,883
Charlene Murphy,1531.5054187441326,11,6,5,1978-01-30,1982-05-03,884
Catalina Castano,1531.5038400179287,243,116,127,1996-04-26,2014-02-07,885
Ani Amiraghyan,1531.3447324151455,15,9,6,2010-04-28,2015-04-17,886
Gabriela Dinu,1531.3176471318257,96,51,45,1980-03-10,1988-04-26,887
Lenka Cenkova,1531.2427971886366,17,8,9,1994-05-10,1997-07-14,888
Natacha Randriantefy,1530.9336645743608,9,6,3,1992-07-28,1998-04-16,889
Natalia Egorova,1530.8687771490713,51,22,29,1985-10-06,1996-05-14,890
Vesna Dolonc,1530.7210785062427,65,24,41,2007-10-01,2014-09-08,891
Annika Beck,1530.6623657162465,206,91,115,2012-04-09,2017-08-28,892
Marlene Weingartner,1530.6507582961767,220,84,136,1995-07-10,2005-07-11,893
Nancy Yeargin,1530.4531654489504,123,46,77,1972-07-10,1984-06-25,894
Jana Sedlackova,1530.3822732243277,6,4,2,1976-05-17,1976-06-14,895
Katalin Borka,1530.3657304727965,69,33,36,1969-05-19,1976-06-28,896
Tereza Martincova,1530.3538309739624,173,70,103,2013-06-10,2026-05-18,897
Zi Jun Yang,1530.2832754809465,9,6,3,2008-01-30,2010-02-05,898
Marina Stakusic,1530.2070670810235,30,14,16,2022-08-22,2026-03-04,899
Larissa Carvalho,1530.147290234224,5,4,1,2004-04-21,2005-04-23,900
Elena Tatarkova,1530.0965998498828,94,38,56,1994-04-19,2004-08-02,901
Dalma Galfi,1530.024417459614,94,37,57,2016-02-03,2026-05-05,902
Nefisa Berberovic,1530.000325245043,9,6,3,2018-04-21,2023-04-15,903
Marina Erakovic,1529.9975417401274,262,122,140,2004-04-21,2017-09-11,904
Dominika Salkova,1529.9432862073147,14,8,6,2022-07-25,2026-04-13,905
Bunyawi Thamchaiwat,1529.914937947891,3,3,0,2016-02-03,2016-02-05,906
Deborah Gaviria,1529.8829155603175,11,7,4,1994-04-11,1996-05-12,907
Claire Liu,1529.759105659671,101,40,61,2017-07-31,2026-02-23,908
Bernice Carr,1529.571490765309,14,7,7,1968-04-01,1972-03-27,909
Mihaela Buzarnescu,1529.5082405525438,133,62,71,2012-02-02,2025-07-14,910
Taylah Preston,1529.4779802288974,15,6,9,2022-06-06,2026-01-19,911
Nikoleta Kipritidou,1529.4551307391355,3,3,0,2003-04-29,2003-05-03,912
Gabriela Paz,1529.4223997325817,5,4,1,2012-01-30,2012-02-04,913
Marcela Ivon Rodezno Hernandez,1529.389912765138,13,8,5,2000-05-09,2003-04-26,914
Annette Coe,1529.291887595124,145,63,82,1971-11-08,1980-02-12,915
Estefania Balda Alvarez,1529.2504885168164,7,5,2,2003-04-23,2004-04-22,916
Jana Kandarr,1529.2384217558658,189,68,121,1994-07-26,2003-02-17,917
Katarzyna Kawa,1529.2190825960834,52,24,28,2019-07-22,2026-04-10,918
Michaela Washington,1529.1379110601363,23,9,14,1982-06-14,1985-06-24,919
Gala Leon Garcia,1529.1245976765074,259,117,142,1995-09-11,2004-06-21,920
Fernanda Contreras Gomez,1529.0888248648341,22,11,11,2018-06-22,2024-02-26,921
Katarzyna Nowak,1528.681939999216,96,35,61,1988-12-04,1996-09-10,922
Julia Abe,1528.6384600622425,18,8,10,1998-04-13,2000-05-29,923
Cecilia Martinez,1528.5449877571211,291,125,166,1968-02-16,1976-12-13,924
Helena Besovic,1528.5415212618602,3,3,0,2001-05-14,2001-05-17,925
Kadija Richards,1528.5393444799533,14,9,5,1996-05-10,2003-04-26,926
Heather Watson,1528.5364629817448,377,167,210,2010-03-22,2026-02-23,927
Anastasia Zakharova,1528.5111357536464,50,18,32,2021-07-19,2026-05-05,928
Tessa Johanna Brockmann,1528.4203301813236,5,4,1,2025-08-04,2025-08-04,929
Ana Konjuh,1528.3979646419489,180,92,88,2013-02-07,2025-05-19,930
Laura Robson,1528.3332804887427,108,43,65,2008-10-20,2017-07-03,931
Silvija Talaja,1528.3115813285592,292,137,155,1993-05-13,2005-08-08,932
Cecilia Dahlman,1528.2581250051182,109,43,66,1985-07-21,1993-07-21,933
Luisa Elfride Lopez,1528.228918718798,33,18,15,1997-05-12,2004-04-23,934
Cathy Maso,1528.1762476133845,6,4,2,1978-07-10,1980-07-07,935
Elizabetta Lazzeri,1528.161038536847,19,11,8,1980-05-07,1982-07-26,936
Rafeket Binyamini,1528.1122810429758,11,6,5,1981-11-09,1984-07-15,937
Da Jung Hong,1528.0457482694349,3,3,0,2003-04-21,2003-04-24,938
Hila Rosen,1527.9745251858294,29,16,13,1994-04-18,2000-06-12,939
Irina Kuzmina,1527.8854888557526,18,11,7,2003-04-29,2011-02-05,940
Melissa Mazzotta,1527.8673900928982,15,8,7,1989-11-06,1998-02-16,941
Ana Clara Duarte,1527.7900697855164,7,5,2,2010-02-03,2011-02-04,942
S Baccar,1527.7721213993643,3,3,0,2001-05-14,2001-05-18,943
Marinne Giraud,1527.622160736391,7,5,2,2007-04-23,2008-04-26,944
Jodie Burrage,1527.621981635153,47,19,28,2021-01-06,2025-06-30,945
Satoko Kurioka,1527.535501343313,20,11,9,1996-09-28,1999-09-06,946
Danka Kovinic,1527.5315487895373,218,92,126,2011-05-04,2026-05-18,947
Dina Dajani,1527.5103342164855,5,4,1,2000-04-25,2000-04-29,948
Melisa Arevalo,1527.4938919442584,28,16,12,2001-03-05,2003-03-03,949
Daniela Trigo,1527.4648076306667,15,9,6,2006-04-17,2009-04-25,950
Kristie Boogert,1527.4512653908691,265,117,148,1991-07-22,2003-05-05,951
Veronika Podrez,1527.3687414268622,5,3,2,2025-08-04,2026-04-13,952
Nina Munch Soegaard,1527.2687668657613,3,3,0,2006-04-26,2006-04-29,953
Maileen Nuudi,1527.1987065041428,11,7,4,2017-02-11,2023-04-14,954
Pixie Lamm,1527.1697993837981,31,16,15,1968-04-25,1970-09-14,955
Marilyn Pride,1527.1382496416809,5,4,1,1968-12-26,1972-01-03,956
Monique Adamczak,1527.1354835150057,50,25,25,1998-03-02,2010-04-12,957
Renata Zarazua,1527.088579685271,98,36,62,2016-02-06,2026-03-30,958
Revonne Du Toit,1527.0085763057245,20,11,9,1980-11-24,1981-06-01,959
Elena Juricich,1526.9142579164857,11,7,4,1994-04-16,1998-04-17,960
Madeline Sanchez,1526.786123710222,11,7,4,1990-07-21,2001-04-26,961
Terry Holladay,1526.7420319115565,390,189,201,1970-11-09,1987-07-13,962
Katherine Ip,1526.6664940185015,7,5,2,2011-01-31,2013-02-09,963
Francesca Guardigli,1526.4780447626533,5,4,1,1997-05-05,1997-05-09,964
Karin Kschwendt,1526.4537554501164,212,91,121,1986-07-20,2000-06-12,965
Lynne Nette,1526.436084382506,9,5,4,1968-01-19,1971-01-25,966
Yolande Leacock,1526.2441417217433,7,5,2,2012-04-17,2019-04-18,967
Salome Devidze,1526.1691708452809,15,9,6,2000-03-28,2004-05-01,968
Isabelle Demongeot,1526.1498870657745,281,121,160,1984-05-28,1996-06-10,969
Klara Koukalova,1526.1063453145096,570,278,292,2001-05-14,2016-04-04,970
Kyung Yee Chae,1526.040673788205,22,12,10,1997-03-01,2001-04-13,971
Lynn Epstein,1526.0274650835206,29,14,15,1973-04-09,1980-11-10,972
Alexandra Dulgheru,1526.0251089168985,195,87,108,2009-05-18,2021-08-02,973
Greet Minnen,1525.943964072324,133,53,80,2019-01-07,2026-04-10,974
Sandra Wasserman,1525.9354610747907,183,84,99,1985-10-06,1994-04-25,975
Heidrun Scholze,1525.935097264151,4,3,1,1972-06-19,1972-07-17,976
Petra Schwarz,1525.8159910539632,137,54,83,1987-11-30,1997-07-28,977
Egle Petrauskaite,1525.7303682374716,3,3,0,2001-05-15,2003-04-28,978
Nannette Duxin,1525.70025787111,5,4,1,1997-05-12,1997-05-17,979
Sherry Acker,1525.6839119577967,162,62,100,1979-01-29,1984-07-30,980
Anabel Medina Garrigues,1525.6340506861013,605,317,288,2000-05-22,2014-05-05,981
Roberta Mccallum,1525.616361161349,67,24,43,1978-05-14,1982-06-14,982
Susan Hagey,1525.6102735487088,61,30,31,1970-11-09,1986-07-28,983
Mashona Washington,1525.5570591601636,120,42,78,1994-07-26,2010-04-12,984
Petra Huber,1525.5555298204965,150,65,85,1982-07-19,1989-05-01,985
Cecilia Hincapie,1525.5028664603844,7,4,3,1993-04-19,1994-07-18,986
Mal Sim Park,1525.3624990979981,7,4,3,1988-12-04,1990-07-21,987
Vicki Beggs,1525.361944709397,66,36,30,1971-02-01,1986-07-07,988
Li Ling Chen,1525.2476014135912,34,13,21,1989-10-01,1997-03-15,989
Miroslava Vavrinec,1525.209604516795,61,24,37,1999-05-24,2001-10-15,990
Tina Vukasovic,1525.150931979048,3,3,0,1992-04-15,1993-05-13,991
Sara Errani,1525.1327366781152,719,400,319,2006-02-20,2025-05-06,992
Renee Reinhard,1525.1181839778817,4,3,1,2008-01-30,2008-02-02,993
Carolina De Los Santos,1524.9917631440298,7,5,2,2011-05-17,2014-04-10,994
Thisuri Molligoda,1524.9322242850276,7,5,2,2012-01-30,2017-07-20,995
Ksenia Palkina,1524.8871395237563,15,8,7,2007-10-01,2018-02-09,996
Hu Na,1524.8637263253725,158,63,95,1980-10-13,1991-02-25,997
Claudia Castro,1524.8264561093135,7,5,2,1998-04-27,1998-05-03,998
Anna Ivan,1524.697307343721,53,22,31,1984-08-04,1990-06-25,999
Yulia Berberian,1524.6886278809259,10,6,4,1970-07-06,1972-08-09,1000
Marie Elise Casares,1524.6825439470426,9,6,3,2008-04-24,2016-02-06,1001
Ryoko Takemura,1524.6731001737296,16,9,7,1996-09-28,2003-03-03,1002
Nicole Gibbs,1524.6388597655687,95,35,60,2012-07-09,2020-01-06,1003
Michele Wagner,1524.6095620528076,5,4,1,1995-05-09,1995-05-13,1004
Anastasia Gasanova,1524.5611056957873,26,11,15,2021-01-06,2025-07-21,1005
Beverly Bowes,1524.3180688394668,191,70,121,1983-02-28,1994-03-11,1006
Judith Lain,1524.0853012075243,4,3,1,1981-08-17,1981-08-17,1007
Arantxa Parra Santonja,1524.0456091998697,191,71,120,2003-02-10,2013-10-14,1008
Edith Winkens,1523.9918030112099,64,29,35,1968-02-26,1981-12-09,1009
Francesca Curmi,1523.8978629624598,9,6,3,2023-04-10,2025-08-04,1010
Sharon Walsh Pete,1523.8897918756404,681,327,354,1968-03-25,1988-06-20,1011
Anastasiya Prenko,1523.7631869163438,21,12,9,2008-01-30,2015-04-17,1012
Cecille Calmette,1523.7399803199132,4,2,2,1985-05-27,1986-05-26,1013
Vicki Jensen,1523.7055304237547,10,6,4,1970-10-29,1974-05-04,1014
Ann Henricksson,1523.6991999715708,358,145,213,1980-04-07,1994-08-01,1015
Francesca Lubiani,1523.6636697341194,82,29,53,1994-04-25,2000-07-10,1016
Sachie Umehara,1523.6140598572604,31,18,13,1996-09-28,1999-09-06,1017
Francisca Jorge,1523.5976940190722,21,12,9,2018-02-07,2025-06-23,1018
Gretchen Vosters,1523.546218829597,15,8,7,1968-07-14,1972-08-14,1019
Tatjana Jecmenica,1523.52066013979,36,14,22,1993-10-18,1998-04-14,1020
Silvana Campos,1523.5146934509276,17,9,8,1981-03-23,1985-03-18,1021
Janet Hopps,1523.4741790070877,9,5,4,1969-07-28,1975-01-06,1022
Margalita Chakhnashvili,1523.4500195675046,43,24,19,1998-05-05,2013-02-08,1023
Maria Eugenia Guzman,1523.4335821492762,125,60,65,1968-05-06,1974-03-11,1024
Pauline Elliott,1523.432802179897,48,22,26,1972-01-10,1980-01-27,1025
Kristyna Pliskova,1523.4312133989647,230,91,139,2007-05-07,2021-09-27,1026
Maria Vento Kabchi,1523.4141804536848,287,118,169,1990-07-21,2006-09-11,1027
Harriet Dart,1523.3634753368763,129,48,81,2015-06-22,2026-04-10,1028
Helen Amos,1523.327356260671,101,41,60,1968-01-08,1973-01-22,1029
Bruna Colosio,1523.3168965064908,8,5,3,2001-04-24,2004-07-10,1030
Lourdes Lopez,1523.3158191752846,4,3,1,2001-04-23,2001-04-26,1031
Rita Grande,1523.2944497655624,405,177,228,1991-04-30,2005-08-29,1032
Karen Schimper,1523.2665999809144,68,24,44,1987-02-23,1990-04-02,1033
Michaella Krajicek,1523.0410797965108,208,99,109,2003-06-16,2017-02-11,1034
Lamia Hameurlaine,1523.022857817048,7,5,2,1997-05-05,1998-05-08,1035
Emerson Jones,1522.974113948617,10,4,6,2025-01-06,2026-04-10,1036
Helen Davis,1522.9731926793886,5,4,1,1981-03-19,1983-11-14,1037
Marketa Wallenfels,1522.9536492731165,12,6,6,1972-08-28,1980-07-24,1038
Madison Brengle,1522.9447167655,245,93,152,2007-01-15,2023-08-28,1039
Dinah Pfizenmaier,1522.908003400087,35,14,21,2012-05-28,2015-05-25,1040
Patricia Maria Tig,1522.8899820053275,93,41,52,2015-07-13,2025-07-14,1041
Melanie Ann Clayton,1522.6039455830785,10,6,4,1999-02-27,2000-03-04,1042
Betina Jozami,1522.5230390763793,9,5,4,2008-02-18,2009-02-16,1043
Agnes Gee,1522.2784658655657,6,4,2,1991-07-24,1993-05-15,1044
Magdalena Boado,1522.1188327711798,2,2,0,2014-04-10,2014-04-12,1045
Leyla Musalem,1522.0733912532974,15,8,7,1968-04-15,1978-11-27,1046
Kurumi Nara,1522.0305990647569,217,93,124,2009-10-12,2021-06-07,1047
Jenifer Widjaja,1522.0205857798708,10,6,4,2005-04-20,2007-04-21,1048
Karen Deed,1521.964002146023,5,3,2,1986-06-30,1988-01-11,1049
Debbie Morgan,1521.936747035942,17,8,9,1976-10-25,1981-02-27,1050
Andrea Temesvari,1521.9014745839315,393,199,194,1981-04-06,1997-04-22,1051
J Hough,1521.8751250568127,7,4,3,1981-03-06,1981-04-21,1052
Amira Samara,1521.8571128277179,7,5,2,1997-05-13,1999-02-26,1053
Samantha Reeves,1521.8428576819476,89,30,59,1998-01-05,2004-08-09,1054
Melissa Mendieta,1521.7221915216421,17,10,7,1998-04-27,2001-05-19,1055
Eva Rozsavolgyi,1521.715374874715,34,18,16,1978-04-05,1984-07-15,1056
Lara Van Rooyen,1521.7079330131378,10,6,4,1998-09-07,1998-09-07,1057
Ilona Jarkova,1521.6356974339276,10,6,4,1998-05-05,2001-05-18,1058
Wynne Prakusya,1521.6241324713696,111,50,61,1996-10-07,2005-10-03,1059
Suzana Gesteira,1521.61779099274,100,50,50,1968-04-08,1975-01-13,1060
Andrea Hlavackova,1521.6011329337964,101,37,64,2005-05-09,2018-06-25,1061
Sally Chapman,1521.4785539224881,26,13,13,1976-01-12,1980-02-03,1062
Hiromi Abe,1521.4539470762568,4,3,1,2025-06-16,2025-06-16,1063
Stephanie Johnson,1521.4066779174893,19,5,14,1970-07-27,1974-09-23,1064
Pam Richmond,1521.3583086840279,44,19,25,1968-03-11,1975-01-20,1065
Claudia Hernandez Salas,1521.3034288149267,26,12,14,1982-04-28,1990-07-21,1066
Mariana Correa,1521.2983077634044,4,3,1,2002-02-18,2010-04-23,1067
Stephanie Savides,1521.2065079047863,9,5,4,1980-04-30,1988-04-18,1068
Svetlana Komleva,1521.1516151107323,10,6,4,1991-09-23,2005-04-28,1069
Theiviya Selvarajoo,1521.019188584702,17,10,7,2013-02-04,2018-02-09,1070
Tara Snyder,1521.0054636008247,112,45,67,1995-04-10,2004-06-21,1071
Stephanie Fess,1520.9726675864565,4,3,1,1980-06-16,1980-06-16,1072
Roberta Beltrame,1520.9656203502993,26,15,11,1968-03-11,1969-09-22,1073
Marcela Zacarias,1520.908220151331,30,16,14,2012-04-16,2024-04-12,1074
Eun Sook Han,1520.8951013515152,4,3,1,1984-07-09,1984-07-15,1075
Nathalie Guerree Spitzer,1520.8478851615937,52,20,32,1988-05-23,1992-07-06,1076
Maria Fernanda Alves,1520.8124258898263,66,38,28,2002-01-28,2016-08-01,1077
Jenny Belobrajdic,1520.8057835977334,16,9,7,1999-02-27,2002-03-04,1078
Melissa Middleton,1520.7449798574878,10,5,5,1999-03-18,2002-03-06,1079
Beverly Mould,1520.7424253950535,79,32,47,1980-06-30,1985-09-23,1080
Adriana Perez,1520.7176871527388,16,9,7,2011-05-16,2017-02-11,1081
Tina Lyman,1520.6973238060689,24,12,12,1968-07-01,1970-09-28,1082
Marcella Barochova,1520.6120560200193,5,3,2,1970-03-09,1970-03-16,1083
Yvonne Doyle,1520.5549710964501,27,16,11,1999-04-26,2008-01-31,1084
Maria Chakarova,1520.5357054190665,8,5,3,1968-05-21,1970-07-06,1085
Helen Crook,1520.5075841097607,16,9,7,1998-03-02,2003-03-03,1086
Chern Yi Chiew,1520.4824244249758,6,4,2,1991-07-18,1995-03-11,1087
Elly Hakami,1520.448835202611,97,42,55,1986-07-21,1995-03-17,1088
Astra Sharma,1520.3864233046063,75,30,45,2019-01-14,2025-07-21,1089
Lorena Aviles,1520.3468923139153,4,3,1,2007-04-18,2008-04-26,1090
Neyssa Etienne,1520.3321636912287,8,5,3,1998-04-27,2000-09-19,1091
Alise Vaidere,1520.2921318892368,8,5,3,2005-04-28,2007-04-26,1092
Monica Matias,1520.2798960708349,6,4,2,2011-05-17,2017-07-22,1093
Maika Jae Tanpoco,1520.278902055012,2,2,0,2012-01-31,2012-02-04,1094
Anna Nefedova,1520.2369665156577,10,6,4,2001-03-05,2001-03-05,1095
Michelle Weiss,1520.2361720087304,9,5,4,1980-06-09,1980-11-10,1096
Sue Blackwood,1520.1950273547832,8,5,3,1968-12-26,1969-01-30,1097
Samia Medjahdi,1520.1179782311094,11,7,4,2003-04-30,2011-05-06,1098
Maria Teresa Torro Flor,1520.0721676589608,84,32,52,2009-04-06,2016-07-11,1099
Glenda Swan,1520.0227372221832,12,6,6,1968-04-01,1972-03-27,1100
Lidia Encheva,1520.004540175678,4,3,1,2025-09-15,2025-09-15,1101
Christine Schulz,1519.9896658266898,2,2,0,1980-08-05,1982-08-03,1102
Kimiyo Yagahara,1519.9778241766985,22,11,11,1969-08-28,1977-06-13,1103
Patricija Paukstyte,1519.9330461314862,2,2,0,2023-04-13,2023-04-15,1104
Tereza Hladikova,1519.9313898238374,5,3,2,2008-07-14,2009-07-20,1105
Marcela Skuherska,1519.9237589430027,112,51,61,1979-12-02,1986-05-26,1106
Jin A Lee,1519.9064677356548,10,6,4,2007-04-17,2010-02-05,1107
Kaysie Smashey,1519.882833220778,10,6,4,2003-03-03,2003-03-03,1108
Cristina Diaz Adrover,1519.8492173872003,6,4,2,2025-08-04,2025-09-22,1109
Anouska Van Exel,1519.8265847985326,11,6,5,2001-03-05,2004-04-19,1110
June Ferestein,1519.8058939060609,9,5,4,1982-07-26,1983-07-11,1111
Kaitlin Quevedo,1519.742652072213,7,4,3,2026-01-05,2026-04-21,1112
Ana Valeria Rolon,1519.71225631668,2,2,0,1997-05-13,1997-05-17,1113
Gabriela Niculescu,1519.71225631668,2,2,0,2004-04-26,2005-04-27,1113
Mariam Rahim,1519.6871771809906,2,2,0,1999-02-24,1999-02-25,1115
Abigail Guthrie,1519.658261188026,2,2,0,2013-02-08,2013-02-09,1116
Yung Jan Chan,1519.6493067429433,143,53,90,2005-08-29,2015-02-09,1117
Emma Hayman,1519.6012179355507,4,3,1,2013-02-06,2014-02-07,1118
Caroline Ann Basu,1519.5456450311542,17,9,8,2002-01-28,2003-03-03,1119
Diletta Cherubini,1519.522515616804,8,5,3,2023-05-08,2025-06-23,1120
Bobby Riggs,1519.4884349155946,2,1,1,1973-05-13,1973-09-20,1121
Branislava Ivanovic,1519.4872307991366,9,5,4,1992-04-13,1996-04-24,1122
Yuka Tanaka,1519.4634190561492,10,6,4,1994-09-20,1996-09-28,1123
Prerna Bhambri,1519.4405091109886,6,4,2,2012-01-30,2016-02-06,1124
Dabin Kim,1519.3877501083684,4,3,1,2022-04-16,2023-04-15,1125
Christina Papadaki,1519.2720232372428,84,34,50,1989-09-11,1999-08-30,1126
Paula Marama,1519.2667599872477,2,2,0,2005-04-22,2005-04-23,1127
Clare Wood,1519.2612063690142,196,69,127,1985-06-24,1997-06-23,1128
Marina Giral Lores,1519.257115210973,4,3,1,2008-04-23,2011-05-19,1129
Sofia Melikishvili,1519.2238611818666,4,3,1,2004-04-26,2004-05-01,1130
Kathy Blake,1519.2188010793427,34,12,22,1970-01-12,1974-09-09,1131
Polina Iatcenko,1519.178194742464,6,4,2,2025-06-16,2025-10-27,1132
Elizabeth Fenton,1519.16920548224,4,3,1,1968-02-12,1968-08-28,1133
Anastasiya Tursunova,1519.067950832151,4,3,1,2017-07-20,2017-07-21,1134
Nicole Thyssen,1519.037933098767,4,3,1,2007-04-19,2009-02-06,1135
Maria De Los Angeles Ycaza,1519.0289243385946,4,3,1,1992-04-21,1996-05-11,1136
Irawati Iskandar,1518.9965070295116,4,3,1,1999-02-25,2000-04-29,1137
Tatsiana Uvarova,1518.9827268381139,4,3,1,2004-04-19,2004-07-10,1138
Tari Ann Toro,1518.9570926306744,4,3,1,1995-03-30,2000-05-11,1139
Lucila Becerra,1518.9014671082775,8,5,3,1987-07-26,1997-04-29,1140
Sandy Stap,1518.8990679740853,58,25,33,1971-08-02,1979-03-28,1141
Goda Kuliesyte,1518.8957745963237,2,2,0,1999-04-29,1999-04-30,1142
Ingrid Sommerauer,1518.8850019214537,9,5,4,1980-07-21,1982-02-15,1143
Jill Cottrell,1518.8176875506015,14,7,7,1973-04-16,1979-07-16,1144
Manon Leonard,1518.7553113909894,4,3,1,2025-02-24,2025-02-24,1145
Thi Tam Hao Tran,1518.7028319633073,8,5,3,2013-02-04,2014-02-07,1146
Shelly Bereznyak,1518.6837422300532,2,2,0,2020-02-06,2020-02-07,1147
Lucia Romanov,1518.6817109676404,136,55,81,1979-04-30,1984-09-24,1148
Jarmila Gajdosova,1518.6544596611063,254,110,144,2003-04-14,2016-01-18,1149
Watsachol Sawasdee,1518.6502325314739,2,2,0,2020-02-07,2020-02-08,1150
Yuan Wen,1518.6113492317932,2,2,0,1997-03-11,1997-03-13,1151
Lorena Rodriguez Di Laura,1518.6025724584852,2,2,0,1999-02-24,1999-02-26,1152
Lucie Ahl,1518.5947088785883,39,17,22,1996-03-03,2003-06-23,1153
Ilona Kurzova,1518.5827693193098,5,3,2,1970-03-09,1970-03-16,1154
Cornelia Dries,1518.5656268784614,46,19,27,1977-07-04,1983-06-20,1155
Khim Iglupas,1518.5510748016652,8,5,3,2016-04-11,2018-02-09,1156
Seden Ozlu,1518.5431499122428,2,2,0,1996-03-28,1998-05-08,1157
Melody Falco,1518.5313984382262,6,4,2,1998-05-03,2003-03-03,1158
Punnin Kovapitukted,1518.5150407572278,2,2,0,2023-04-13,2023-04-15,1159
Margarida Rodriguez,1518.4707166129672,4,3,1,1978-10-09,1978-10-09,1160
Aleksandra Krunic,1518.4690398820999,225,98,127,2011-02-05,2025-07-14,1161
Janie Freeman,1518.4322479019613,7,4,3,1968-09-16,1969-04-21,1162
Chris Oneil,1518.3209470184238,236,114,122,1971-12-27,1983-11-21,1163
Emma Murphy,1518.3083602798924,4,3,1,2007-04-23,2007-04-26,1164
Jule Niemeier,1518.2968109145656,98,39,59,2019-05-20,2025-07-14,1165
Judith Warringa,1518.2786173491502,6,4,2,1982-07-22,1984-10-08,1166
Magda Mihalache,1518.2497195691592,7,4,3,2002-04-24,2005-04-25,1167
Ninfa Marra,1518.147328649013,19,11,8,1991-07-19,1995-04-13,1168
Gabriela Calderon,1518.126277972014,2,2,0,1996-05-11,1996-05-12,1169
Laura Olave,1518.1156207580789,12,7,5,1990-07-21,1993-07-19,1170
Julia Avdeeva,1518.113889358499,5,3,2,2024-05-27,2025-08-04,1171
Melanie Stokke,1517.8529854202166,4,3,1,2014-02-06,2015-04-17,1172
Kristie Ahn,1517.818755205551,45,16,29,2008-08-25,2021-06-28,1173
Rita Pichardo,1517.7542408175416,6,4,2,1991-07-19,1992-04-24,1174
Lucy Gordon,1517.7533443414095,33,16,17,1980-06-16,1983-06-27,1175
Lamia Essaadi,1517.5908873197754,4,3,1,2008-04-22,2008-04-28,1176
Natalie Cahana,1517.497642854584,2,2,0,1996-03-25,1996-03-27,1177
Michaela Pazderova,1517.4563011489415,41,20,21,1981-03-29,1987-05-18,1178
Betsy Nagelsen,1517.4390100095454,639,294,345,1972-06-26,1994-02-21,1179
Angelica Gavaldon,1517.4344129389333,205,87,118,1988-08-01,2000-01-17,1180
Johanna Larsson,1517.4341778971575,383,184,199,2005-04-20,2020-02-08,1181
Christine Marais,1517.400372747273,8,4,4,1971-01-03,1974-12-22,1182
Tagifano Soonalole,1517.3566835949598,23,12,11,1995-03-08,2001-09-10,1183
Nermien Abaza,1517.3003500890286,2,2,0,2001-05-16,2001-05-18,1184
Il Soon Kim,1517.2914152370445,21,9,12,1987-07-26,1995-01-02,1185
Carol Young Suh Lee,1517.274059043482,4,3,1,2017-07-21,2019-02-08,1186
Hx Izabella Tan,1517.2415267272763,4,3,1,2020-02-05,2020-02-08,1187
Kyeong Mi Choi,1517.2180021872705,4,2,2,1977-06-13,1978-11-27,1188
Camila Romero,1517.1470090181256,9,5,4,2016-02-03,2018-07-21,1189
Erbe,1517.1253139562293,4,2,2,1968-07-08,1976-07-05,1190
Nina Potocnik,1517.1092997389908,3,2,1,2018-02-08,2022-11-12,1191
Kirsi Lampinen,1517.107900460345,6,4,2,1998-05-05,2000-05-15,1192
Anouk Koevermans,1517.0868592527263,7,4,3,2025-02-24,2025-08-04,1193
Cherry Panton,1517.0654111847814,28,13,15,1969-04-21,1973-06-11,1194
Sandra Kellemberger,1517.063007445621,8,5,3,1992-04-21,1994-04-12,1195
Laura Giussani,1517.0374038371583,3,2,1,1978-10-30,1978-10-30,1196
Inna Volkovich,1516.9522638380192,8,5,3,2012-01-30,2014-02-07,1197
Mary Sawyer,1516.9362292930955,58,24,34,1973-12-10,1981-01-12,1198
Sonya Jeyaseelan,1516.9343786962881,120,45,75,1991-08-05,2003-10-20,1199
Galina Voskoboeva,1516.887626806044,206,78,128,2004-01-12,2017-02-11,1200
Janice Tindle,1516.8679326808262,29,13,16,1970-04-20,1973-08-21,1201
Cristina Tessi,1516.8611790300133,62,25,37,1988-11-28,1992-06-22,1202
Sofie Albinus,1516.8606970074325,17,9,8,1989-12-11,1997-05-09,1203
Ana Jovanovic,1516.8566006475066,5,3,2,2005-04-20,2011-02-05,1204
Sasha Hanna,1516.8293965009755,18,10,8,1992-04-22,1997-05-18,1205
Anchisa Chanta,1516.8099806692496,4,3,1,2020-02-04,2023-04-12,1206
Belinda Lockwood,1516.796534817757,8,5,3,1981-02-27,1982-04-26,1207
Samira Takourabet,1516.7958728061467,4,3,1,1997-05-08,1998-05-08,1208
Jenny Walker,1516.7108832341164,110,47,63,1972-01-04,1983-01-03,1209
Mariya Koryttseva,1516.6948524320067,100,41,59,2005-10-03,2011-09-19,1210
Madina Rakhim,1516.669763701985,4,3,1,2004-04-20,2008-02-02,1211
Azra Resic,1516.6338702507308,4,3,1,2000-03-28,2000-03-31,1212
Margaret Hunt,1516.5877007197737,6,3,3,1971-04-05,1972-10-20,1213
Sally Holdsworth,1516.5673896615053,112,44,68,1968-03-25,1972-06-12,1214
Nam Sook Kim,1516.535228482896,6,4,2,1977-06-13,1979-04-30,1215
Brenda Dart,1516.4754070548504,4,2,2,1971-12-27,1972-12-26,1216
Ni Zhong,1516.4066766267304,10,5,5,1984-07-15,1987-07-26,1217
Katharina Lehnert,1516.3642782643524,12,7,5,2015-04-17,2018-02-08,1218
Helen Laupa,1516.3193360118937,6,4,2,1996-03-26,1998-05-08,1219
Marina Petrovic,1516.304911565142,10,6,4,2000-03-30,2001-03-05,1220
Tamitha Nguyen,1516.2788388491824,6,4,2,2011-01-31,2012-02-04,1221
Gail Biggs,1516.2783547710196,43,21,22,1996-01-15,1998-03-02,1222
Judy Rich,1516.223119729686,9,5,4,1978-07-17,1982-04-26,1223
Svenja Weidemann,1516.193352108715,13,7,6,2001-03-05,2002-03-04,1224
Marie Christine Calleja,1516.1043754042662,125,46,79,1980-03-19,1989-03-20,1225
Elizaveta Kulichkova,1516.041765536509,45,17,28,2014-07-14,2017-07-24,1226
Anna Lena Friedsam,1515.859335830781,153,66,87,2013-12-30,2025-06-23,1227
Kym Ruddell,1515.8368627484074,106,44,62,1974-12-02,1980-12-08,1228
Yvona Brzakova,1515.7984009473355,63,23,40,1974-04-22,1985-09-23,1229
Luciana Tella,1515.6608036257896,23,12,11,1986-12-08,1996-04-27,1230
Anne Mcalpine,1515.627496911045,5,3,2,1968-04-01,1969-04-01,1231
Erika Villalobos Morsink,1515.5562952713094,8,5,3,1999-02-23,2001-05-19,1232
Carmen Fernandez,1515.4770184294775,3,2,1,1968-11-11,1968-11-11,1233
Liudmila Nikoyan,1515.4755472909058,12,7,5,2001-05-14,2010-04-30,1234
Aldila Sutjiadi,1515.4737619577395,24,14,10,2013-02-05,2022-04-16,1235
Jing Jing Chen,1515.4690534626802,7,4,3,1995-09-25,1996-10-14,1236
Julieta Pareja,1515.4643057611324,7,4,3,2025-03-31,2026-03-30,1237
Pauline Parmentier,1515.4527849710037,329,127,202,2005-05-23,2020-09-28,1238
Amy Bowtell,1515.4359929729692,20,11,9,2009-04-21,2015-02-07,1239
Patricia Reese,1515.421388467439,119,44,75,1968-03-18,1975-07-07,1240
Helena Olsson,1515.4149059886108,7,4,3,1982-07-12,1985-09-23,1241
Dieblin,1515.4142125185376,3,2,1,1980-07-19,1980-07-19,1242
Rutuja Bhosale,1515.382124577765,20,11,9,2012-01-30,2023-04-15,1243
Petra Begerow,1515.3798552814872,100,34,66,1992-05-11,1999-07-12,1244
Cindy Watson,1515.314462027676,60,29,31,1996-03-03,2005-01-17,1245
Liz Smylie,1515.298626526201,366,168,198,1980-01-07,1994-10-31,1246
Annelise Muller,1515.2905469426676,6,3,3,1979-11-26,1981-11-25,1247
Zaiga Yansone,1515.271109653179,40,16,24,1968-08-12,1973-02-26,1248
Isabelle Vernhes,1515.189424113432,9,4,5,1981-04-21,1984-05-28,1249
Eugenia Silantieva,1515.1551842614651,8,5,3,1998-02-16,1999-02-26,1250
Sook Ja Im,1515.155013910916,4,2,2,1989-10-01,1990-07-21,1251
Sandra Birch,1515.135564092617,9,4,5,1989-07-24,1991-08-26,1252
Karen Gulley,1515.0740124935621,56,27,29,1977-12-19,1981-11-30,1253
Judith Salome,1515.0728084606885,65,25,40,1968-01-08,1973-07-16,1254
Clervie Ngounoue,1515.0428768067527,12,5,7,2023-08-28,2025-08-25,1255
Carina Karlsson,1514.9973268228905,118,45,73,1981-04-27,1987-09-21,1256
Paulina Peisachov,1514.9638210074743,116,55,61,1968-10-05,1980-05-19,1257
Fatima El Allami,1514.961265055519,25,12,13,2007-05-14,2013-04-22,1258
Lele Forood,1514.961150740751,160,60,100,1971-01-18,1984-09-24,1259
Trang Huynh Phuong Dai,1514.9026358034528,5,3,2,2013-02-04,2013-02-09,1260
Ana Vrljic,1514.8951536449501,13,6,7,2005-09-19,2016-05-30,1261
Andrea Gonzalez,1514.879081586646,3,2,1,1981-09-12,1981-09-12,1262
Maria Teresa Nasuelli,1514.8589723644677,167,71,96,1968-03-11,1980-07-28,1263
Agnes Bukta,1514.8499073921416,3,2,1,2013-07-08,2017-02-11,1264
Catherine Suire,1514.8151864887866,213,82,131,1980-03-24,1993-08-16,1265
Marjorie Gengler,1514.7835221903445,44,20,24,1968-01-29,1976-11-22,1266
Ana Lucia Migliarini De Leon,1514.6550282140138,32,17,15,2001-04-24,2012-04-19,1267
Catalina Cristea,1514.6180126258855,163,60,103,1992-09-25,2000-09-23,1268
Melinda Czink,1514.553050803407,252,109,143,2002-01-28,2013-06-10,1269
Jasmina Tinjic,1514.51021332372,13,7,6,2011-05-04,2015-02-07,1270
Dominique Schaefer,1514.508210484307,7,4,3,2016-02-03,2017-07-22,1271
Magdalena Grzybowska,1514.5050614254915,137,55,82,1995-04-17,2002-11-04,1272
Karoline Borgersen,1514.478138001976,21,12,9,1995-05-10,2006-04-29,1273
Xinyu Jiang,1514.4693136831713,5,3,2,2023-04-11,2023-10-16,1274
Mi Yoo,1514.3389565227014,9,5,4,2006-04-20,2014-02-05,1275
Hideko Goto,1514.3080663268724,33,15,18,1972-10-24,1974-05-13,1276
Prarthana G Thombare,1514.27877740749,8,5,3,2014-02-04,2017-06-05,1277
Beatrice Chrystman,1514.2637965880176,5,3,2,1971-01-18,1972-03-22,1278
Lara Arruabarrena,1514.2152554304616,223,99,124,2011-04-04,2021-08-02,1279
Greta Delport,1514.2134031802138,33,13,20,1967-12-25,1973-01-01,1280
Valerie Tetreault,1514.1976755844448,15,6,9,2006-10-30,2010-09-13,1281
Susan Rollinson,1514.1506871922493,79,34,45,1979-06-18,1983-05-23,1282
Tamara Korpatsch,1514.0554788742193,113,44,69,2017-02-20,2026-05-05,1283
Ginny Purdy,1514.0389344103833,62,26,36,1983-02-07,1987-10-25,1284
Marina Lazarovska,1514.0065753241415,16,9,7,1996-03-26,2001-04-26,1285
Darlene Hard,1513.9303289088157,18,7,11,1968-09-16,1971-01-14,1286
Michelle Jackson Nobrega,1513.9233625626175,14,5,9,1991-03-04,1994-10-31,1287
Heike Rusch,1513.9099348677528,7,3,4,1993-04-26,1994-05-09,1288
Barrie Bulmore,1513.804327277586,7,4,3,1980-04-30,1982-05-03,1289
Nina Bland,1513.7882151431413,31,15,16,1978-05-22,1982-05-03,1290
Iwona Kuczynska,1513.6136792001032,81,29,52,1980-05-19,1989-10-16,1291
Lana Popadic,1513.602590024246,3,2,1,2004-02-23,2004-02-23,1292
Alejandra Granillo,1513.5685459341305,7,4,3,2009-04-24,2010-04-24,1293
Carol Gfroerer,1513.4296595869052,5,3,2,1968-01-22,1970-01-21,1294
Chia Jung Chuang,1513.422019399766,37,19,18,2001-04-09,2017-06-05,1295
Nancy Neviaser,1513.3941905611105,20,9,11,1981-03-23,1982-08-31,1296
Liana Gabriela Ungur,1513.3810024302231,15,7,8,2002-04-24,2010-07-12,1297
Sandra Waechtershauser,1513.3548236250842,2,1,1,1995-05-15,1995-05-15,1298
Brenda Remilton,1513.3102125491605,88,40,48,1980-01-01,1985-07-01,1299
Yeon Sook Kim,1513.2688272671746,8,4,4,1991-07-19,1993-07-20,1300
Urszula Radwanska,1513.2417041431418,257,111,146,2006-04-26,2025-02-24,1301
Cornelia Grunes,1513.2403285141484,9,5,4,1997-09-08,1997-09-08,1302
Alyssa Cohen,1513.173756041143,9,5,4,2001-03-05,2001-03-05,1303
Linda Fruhvirtova,1513.1735355819726,91,39,52,2020-08-10,2026-04-13,1304
Niekle Scheepers,1513.1394771929934,4,2,2,1977-12-01,1979-11-26,1305
Sylvie Gardette,1513.1118901091916,13,7,6,1980-03-19,1981-07-13,1306
Linda Niemantsverdriet,1513.0668056505413,9,4,5,1993-04-12,1994-04-25,1307
Xin Yi Li,1513.0542552452218,9,4,5,1985-10-06,1988-03-14,1308
Polina Kudermetova,1513.0259817624021,53,21,32,2023-01-16,2026-03-30,1309
Lorna Woodroffe,1513.0223683990612,31,14,17,1993-06-07,2001-06-25,1310
Nicole Rencken,1513.003438232722,9,5,4,2000-03-04,2004-04-24,1311
Katja Kovac,1512.8594716028874,7,4,3,1998-03-02,1998-04-13,1312
Benita Senn,1512.829418509083,7,4,3,1968-07-22,1969-08-03,1313
Joanna Garland,1512.7784635608016,8,4,4,2025-05-26,2025-10-27,1314
Sachie Ishizu,1512.764007318606,5,2,3,2010-10-11,2013-12-30,1315
Eva Jimenez Sanz,1512.7537781169015,4,2,2,1993-10-25,1994-02-28,1316
Lena Jacobs,1512.6978523257592,4,2,2,1980-11-24,1981-11-25,1317
Maria Paola Zavagli,1512.6384180665693,4,2,2,1998-07-13,1999-07-12,1318
Simona Becherini,1512.6104806238031,7,4,3,1980-05-07,1980-08-28,1319
Elise Burgin,1512.5948714858148,298,132,166,1980-08-26,1993-07-26,1320
Elisabeth Randier,1512.567558810203,3,2,1,1980-07-05,1980-07-05,1321
Austin,1512.54381660202,3,2,1,1970-05-04,1970-05-04,1322
Mia Pohankova,1512.477821806179,3,2,1,2025-10-27,2025-10-27,1323
Kajsa Rinaldo Persson,1512.4532410276274,5,3,2,2022-04-15,2023-11-10,1324
Natalya Borodina,1512.450321308473,3,2,1,1977-07-18,1982-10-18,1325
Fiona Ferro,1512.446791289991,124,52,72,2014-05-26,2026-05-18,1326
Mariela Mendez,1512.3445359812192,3,2,1,1985-07-21,1985-07-21,1327
Andrea Van Den Hurk,1512.3128748121308,8,4,4,2003-03-03,2003-03-03,1328
Florence Martin,1512.2939653563146,3,2,1,1981-05-11,1981-05-11,1329
Connie Capozzi,1512.2860350480178,21,9,12,1968-07-01,1970-09-02,1330
Joni Urban,1512.242970425518,5,3,2,1981-07-13,1981-07-20,1331
Yu An Chen,1512.2261463596606,11,6,5,1998-09-07,1999-09-06,1332
Maria Timofeeva,1512.2136516422338,24,11,13,2023-07-17,2026-04-13,1333
Stephanie Cohen Aloro,1512.2066510506313,124,44,80,2000-05-29,2011-02-07,1334
J Cox,1512.1968359246384,4,2,2,1978-07-17,1979-07-16,1335
Marie Jose Llorca,1512.136279965416,8,4,4,1986-07-20,1988-04-25,1336
Sally Jones,1512.120670323082,1,1,0,1973-08-20,1973-08-20,1337
Suheil Lizana,1512.0880755214368,1,1,0,2001-05-19,2001-05-19,1338
Gabriela Cortes Flores,1512.0818897720378,1,1,0,2019-04-20,2019-04-20,1339
Catalina Pella,1512.0516544045747,17,9,8,2016-02-06,2019-02-09,1340
Vera Lapko,1511.9952889378892,52,22,30,2016-04-04,2021-09-27,1341
Vanessa Henke,1511.9879334864731,14,5,9,2000-11-04,2006-04-10,1342
Federica Bonsignori,1511.9392033882968,189,76,113,1984-04-23,1995-05-08,1343
Petra Langrova,1511.9146375569876,201,82,119,1988-09-19,1998-04-13,1344
Victoria Corrales,1511.91109026437,3,2,1,1982-05-03,1982-05-03,1345
Maika Ozaki,1511.8215502732921,11,6,5,2003-03-03,2003-09-29,1346
Ellen Walliser,1511.821025635779,3,2,1,1985-09-23,1985-09-23,1347
Adriana Pereira,1511.8143307438538,9,5,4,2006-04-17,2008-02-02,1348
Anne Shilcock,1511.7876375354433,3,2,1,1969-04-01,1969-04-01,1349
Daniela Maibaum,1511.7855672305177,7,4,3,1980-07-24,1981-08-03,1350
Lia Karatancheva,1511.7807034036505,8,5,3,2023-04-11,2026-03-30,1351
Aurandrea Narvaez,1511.7204963823363,14,8,6,1997-09-08,1998-09-07,1352
Shenay Perry,1511.7094144543933,101,39,62,2003-03-31,2010-09-13,1353
Jan Wilton,1511.7010716870896,35,15,20,1974-12-09,1977-12-19,1354
Beth Herr,1511.6770401741505,235,107,128,1981-01-19,1990-05-21,1355
Ju Yeon Choi,1511.6649447115751,6,3,3,1994-07-18,1998-07-25,1356
Pia Tamayo,1511.6478766316334,4,2,2,1981-07-07,1982-07-19,1357
Helene Auensen,1511.6169103955788,9,5,4,2007-04-19,2009-04-25,1358
Deborah Jevans,1511.5921125411783,126,58,68,1975-04-14,1983-06-27,1359
Graciela Moran,1511.560889342899,29,13,16,1968-11-04,1972-11-27,1360
Galia Angelova,1511.5083339181788,5,3,2,1988-12-04,1990-07-21,1361
Karla Lehnoff,1511.4878406089788,3,2,1,1998-04-29,1998-05-02,1362
Nino Louarsabishvili,1511.446006018201,34,14,20,1994-02-28,1999-04-21,1363
Stephanie De Ville,1511.438905358779,26,9,17,1996-07-15,1997-07-28,1364
Barbara Harmer,1511.3962026833422,4,2,2,1980-11-24,1981-11-25,1365
Giselle Swart,1511.39578642543,20,11,9,2000-03-04,2003-03-03,1366
Carolyn Clarke,1511.3869452147935,3,2,1,1969-07-05,1969-07-05,1367
Lizaan Du Plessis,1511.3579563805652,7,4,3,2006-04-19,2009-04-25,1368
Selena Janicijevic,1511.3341946519051,18,9,9,2019-05-27,2026-03-30,1369
Suzanne Jarrell,1511.2483004772894,7,4,3,1981-07-20,1981-08-18,1370
Donna Rubin,1511.210576246012,20,9,11,1977-01-31,1984-08-04,1371
Paola Guerrero,1511.1933070637072,9,5,4,1999-04-14,2001-04-25,1372
Anne Aallonen,1511.1894074274692,17,8,9,1985-10-06,1990-07-21,1373
Wakana Sonobe,1511.1649345525736,5,2,3,2025-02-03,2025-10-20,1374
Elizabeth Allan,1511.1457609135175,4,2,2,1970-01-01,1972-01-04,1375
Chin Bee Khoo,1511.075834715932,29,14,15,1992-04-20,2010-02-05,1376
Maya Kidowaki,1511.0704698735126,90,34,56,1988-04-12,1994-02-14,1377
Anastasia Rodionova,1511.0417642999685,237,86,151,2000-06-12,2017-04-03,1378
Aurelija Miseviciute,1510.9992736259446,12,7,5,2005-04-27,2011-05-05,1379
Georgia Andreea Craciun,1510.9932058067939,3,2,1,2025-09-15,2025-09-15,1380
Man Ying Maggie Ng,1510.9572473738324,3,2,1,2016-04-11,2016-04-16,1381
Caijsa Wilda Hennemann,1510.953894137807,13,7,6,2022-04-11,2026-05-18,1382
Soon Ho Shin,1510.9214281032578,3,2,1,1983-07-17,1983-07-17,1383
Greta Stirton,1510.9156719403072,5,3,2,1974-06-03,1974-07-08,1384
Mathilde Johansson,1510.8640229060736,118,43,75,2005-05-23,2015-05-25,1385
Connie Jaster,1510.8360134260788,3,2,1,1968-05-06,1968-05-06,1386
Janet Lagasse,1510.8109492906137,3,2,1,1981-09-12,1981-09-12,1387
Ksenia Milevskaya,1510.8031138404124,3,2,1,2007-04-19,2007-07-30,1388
Olga Barabanschikova,1510.8030343497992,159,71,88,1996-04-23,2003-10-06,1389
Margarita Zavalia Bunge,1510.772001295263,4,2,2,1972-11-27,1973-11-18,1390
Eugenia Maia,1510.7621427805448,5,3,2,1996-04-25,1997-05-03,1391
Alina Tecsor,1510.756008861718,3,2,1,1997-04-22,1997-04-24,1392
Victoria Larriere,1510.7425217469602,4,2,2,2011-09-12,2012-05-28,1393
Magali Lamarre,1510.7137983560056,3,1,2,1997-05-26,1998-05-25,1394
Samantha Smith,1510.6687487965908,88,31,57,1989-06-26,2000-06-26,1395
Dalia Koriat,1510.6531485642597,5,3,2,1986-07-20,1987-07-26,1396
Sanden,1510.6323459272649,1,1,0,1981-07-20,1981-07-20,1397
Suchanun Viratprasert,1510.6097756000202,48,23,25,2001-03-05,2010-02-08,1398
Mia Radulovic,1510.5541740920805,1,1,0,2008-04-26,2008-04-26,1399
Julieanne Bou,1510.539747880774,3,2,1,2016-02-04,2016-02-06,1400
Yu Li Chiao,1510.5381996854353,3,2,1,1979-10-15,1979-10-22,1401
Elise Tamaela,1510.5292848287638,24,10,14,2002-06-17,2007-09-24,1402
Sidonia Wolfinger,1510.5016992676126,3,2,1,1998-05-07,2006-04-29,1403
Kristina Mladenovic,1510.4804579446172,467,222,245,2009-01-19,2024-11-25,1404
Viktoriya Tomova,1510.4013969444475,175,61,114,2014-02-07,2026-04-13,1405
Danielle Scott,1510.3974049295596,2,1,1,1993-08-09,1993-08-09,1406
Martina Capurro Taborda,1510.3830023736778,7,4,3,2016-08-01,2024-11-25,1407
Tatiana Panova,1510.3237130757836,336,138,198,1994-09-19,2006-05-08,1408
Kristina Barrois,1510.3185222264106,94,34,60,2006-05-01,2013-07-08,1409
Chin Wei Chan,1510.3166866569247,40,20,20,2002-03-05,2014-02-08,1410
Erin Routliffe,1510.3025010194353,7,4,3,2017-07-20,2023-05-22,1411
Ana Maria Zuleta,1510.2913580919037,3,2,1,2011-05-17,2011-05-21,1412
Marlene Zuleta,1510.28774368332,1,1,0,1992-04-23,1992-04-23,1413
Dragana Ilic,1510.2794684162,1,1,0,1997-05-07,1997-05-07,1414
Pavlina Rajzlova,1510.2531626509187,5,2,3,1993-07-12,1994-11-14,1415
Isaura Enrique Aguilar,1510.2443120496168,1,1,0,2010-02-06,2010-02-06,1416
Y Farid,1510.2417772380165,1,1,0,2001-05-15,2001-05-15,1417
Maria Elena Del Valle,1510.2376458161139,1,1,0,1998-04-30,1998-04-30,1418
Nana Smith,1510.2207673493774,182,67,115,1988-04-25,2000-04-28,1419
Sofia Costoulas,1510.216337420752,6,3,3,2024-04-12,2026-03-30,1420
Odeta Naujokaite,1510.2146189741586,9,5,4,1994-04-20,1996-03-30,1421
Shu Jing Yang,1510.1917813518564,3,2,1,2004-04-20,2004-04-24,1422
Karen Hausman,1510.1701536193323,3,2,1,1980-06-23,1980-06-23,1423
Anda Perianu,1510.145040099449,5,2,3,2006-01-09,2007-07-16,1424
Julia Lloyd,1510.1435911461385,41,18,23,1972-07-17,1980-04-14,1425
Sayaka Ishii,1510.1417703023174,4,2,2,2024-08-19,2025-03-18,1426
Paola Palencia,1510.1352638759947,1,1,0,1998-05-03,1998-05-03,1427
Odile De Roubin,1510.1218427270007,198,105,93,1968-02-09,1976-05-31,1428
Raluca Olaru,1510.0383872050134,100,40,60,2006-05-15,2014-07-07,1429
Adelina Lachinova,1510.0,1,1,0,2023-04-15,2023-04-15,1430
Carolina Molins,1510.0,1,1,0,1997-05-12,1997-05-12,1430
Ines Ibbou,1510.0,1,1,0,2015-04-17,2015-04-17,1430
Jasmina Kajtazovic,1510.0,1,1,0,2011-05-06,2011-05-06,1430
Jeom Re Park,1510.0,1,1,0,1986-07-20,1986-07-20,1430
L Kraal,1510.0,1,1,0,1975-04-28,1975-04-28,1430
Loredana Bujor,1510.0,1,1,0,1991-07-19,1991-07-19,1430
Maria Penkova,1510.0,1,1,0,2005-04-22,2005-04-22,1430
Maureen Okeefe,1510.0,1,1,0,1968-03-25,1968-03-25,1430
O King,1510.0,1,1,0,1971-05-31,1971-05-31,1430
Ofri Lankri,1510.0,1,1,0,2014-02-09,2014-02-09,1430
Paloma Goldsmith Weinreich,1510.0,1,1,0,2023-04-15,2023-04-15,1430
Sandrella Droubi,1510.0,1,1,0,1998-02-21,1998-02-21,1430
Sara Meghoufel,1510.0,1,1,0,2005-04-28,2005-04-28,1430
Sarah Sullivan,1510.0,1,1,0,1981-05-18,1981-05-18,1430
Suana Tucakovic,1509.9868128193195,1,1,0,2023-04-15,2023-04-15,1445
Tamachan Momkoonthod,1509.9830775639987,1,1,0,2020-02-07,2020-02-07,1446
Celia Anson Sanchez,1509.9709813346394,3,2,1,2025-06-16,2025-06-16,1447
Silvia Ramon Cortes,1509.9610555484162,14,5,9,1991-12-02,1996-04-29,1448
Ariana Rodriguez,1509.9398578165333,1,1,0,2014-04-12,2014-04-12,1449
Felicia Hutnick,1509.9313077856702,32,13,19,1977-06-26,1981-09-21,1450
Malgorzata Sieradzka,1509.9068874147017,2,1,1,1980-05-19,1980-05-19,1451
Katherine Sebov,1509.8973909581182,15,6,9,2017-02-09,2025-03-31,1452
Nantenaina Ramalalaharivololona,1509.8700586909977,3,2,1,2014-02-05,2014-02-08,1453
Naira Santrosian,1509.8318185276391,1,1,0,1998-05-08,1998-05-08,1454
Naomi Broady,1509.8248603649224,66,24,42,2009-06-08,2018-09-10,1455
Yasmin Kaya,1509.7765856174349,1,1,0,1995-05-10,1995-05-10,1456
Emiko Sakaguchi,1509.7600263254033,3,2,1,1983-10-17,1983-10-17,1457
Noemi Basiletti,1509.7592186334136,4,2,2,2025-08-04,2026-05-05,1458
Savini Jayasuriya,1509.751693562916,1,1,0,2018-02-07,2018-02-07,1459
Paulina Schippers,1509.750161271167,5,3,2,2007-04-19,2011-05-20,1460
Chen Chuan,1509.739375661641,1,1,0,1979-10-22,1979-10-22,1461
Germana Di Natale,1509.7374736597103,8,3,5,1998-07-27,2000-07-10,1462
Hagit Ohayon,1509.7205382437342,3,2,1,1989-10-01,1989-10-01,1463
Yus Syazlin Nabila Binti Yusri,1509.719671907414,1,1,0,2015-04-17,2015-04-17,1464
Elena Arabadji,1509.7135058264366,1,1,0,1998-05-06,1998-05-06,1465
Yenisleydis Calana Rodriguez,1509.7129081879177,1,1,0,2008-04-24,2008-04-24,1466
Andria Tsaggaridou,1509.71225631668,1,1,0,2014-02-08,2014-02-08,1467
S Mildner,1509.71225631668,3,2,1,1968-04-08,1968-04-08,1467
Siri Mittet,1509.71225631668,1,1,0,1992-04-14,1992-04-14,1467
Maja Mesanovic,1509.7120794434315,1,1,0,2001-05-16,2001-05-16,1470
Harisa Delic,1509.7043456406736,1,1,0,1997-05-08,1997-05-08,1471
Paola Cortez Vargas,1509.7002490269435,1,1,0,2019-04-18,2019-04-18,1472
Cayla Cross,1509.6968863066108,1,1,0,2014-04-12,2014-04-12,1473
Antonia Vergara Rivera,1509.6915598391893,1,1,0,2023-04-15,2023-04-15,1474
Renata Ljukovcan,1509.6828025530478,1,1,0,2000-03-29,2000-03-29,1475
Zara Wolseley,1509.681734357099,3,2,1,1997-05-06,1997-05-09,1476
S Matthews,1509.665444573749,3,2,1,1978-07-17,1978-07-17,1477
Shareen Rena Lai,1509.6501297789816,5,3,2,2001-04-09,2001-04-13,1478
Min Tang,1509.6413172594514,37,16,21,1988-12-04,1998-02-18,1479
Elena Savoldi,1509.625972636122,14,5,9,1992-04-28,1995-04-24,1480
Graciela Echevarria,1509.623312708141,1,1,0,1969-11-11,1969-11-11,1481
Mateja Kraljevic,1509.6231179351555,1,1,0,2009-04-25,2009-04-25,1482
Julie Kosten,1509.6070592149072,3,2,1,1980-06-09,1980-06-09,1483
Julie Willson,1509.5834953578028,7,4,3,1975-05-19,1979-07-16,1484
Ronni Reis,1509.5732307747594,81,29,52,1983-10-10,1990-03-16,1485
Adrienn Nagy,1509.5546171271715,1,1,0,2019-02-09,2019-02-09,1486
Alexandra Scholer,1509.5329368418506,3,2,1,1996-03-29,1997-05-10,1487
Pat Naud,1509.5243100786734,1,1,0,1968-05-20,1968-05-20,1488
Adriana Basaric,1509.5035587515272,5,3,2,1999-04-26,2003-04-30,1489
S Haig,1509.4884187324762,3,2,1,1980-02-03,1980-02-03,1490
Dianne Kenneth Matias,1509.4792044873122,1,1,0,2008-02-02,2008-02-02,1491
Etsuko Yamada,1509.4784163144386,5,3,2,1999-09-06,1999-09-06,1492
Stefania Sernaglia,1509.4724323034013,4,2,2,1984-07-15,1984-07-15,1493
Maria Jose Arechavaleta,1509.471043455462,3,2,1,2007-04-16,2007-04-21,1494
Natasha Fourouclas,1509.4705097201481,1,1,0,2014-04-19,2014-04-19,1495
Maria Eugenia Torres,1509.4696937060246,1,1,0,2007-04-20,2007-04-20,1496
Ya Ming Lin,1509.4556185513309,1,1,0,1999-02-25,1999-02-25,1497
Ayana Rengiil,1509.4547981287662,1,1,0,2016-04-14,2016-04-14,1498
Pirjo Ojala,1509.4545631679428,1,1,0,1978-08-16,1978-08-16,1499
Yee Hong Tan,1509.447539801895,1,1,0,1998-02-19,1998-02-19,1500
Rafaella Baquerizo,1509.440538890706,1,1,0,2016-02-05,2016-02-05,1501
Betty Smith,1509.4334742314811,1,1,0,1968-01-22,1968-01-22,1502
Anna Shchupak,1509.4323642432912,1,1,0,2000-04-29,2000-04-29,1503
Gabriela Porubin,1509.4320357622546,1,1,0,2014-02-08,2014-02-08,1504
Marianne Bakken,1509.4255789694062,1,1,0,1997-05-09,1997-05-09,1505
Wen Hsin Hsu,1509.4252296763307,1,1,0,2007-04-18,2007-04-18,1506
Olesya Artemeva,1509.4249887221547,1,1,0,1996-02-22,1996-02-22,1507
Beatriz Garcia Vidagany,1509.4236291789289,17,7,10,2010-04-05,2014-07-07,1508
Geraldine Leong,1509.4202479109708,1,1,0,2006-04-21,2006-04-21,1509
Diana Bukajeva,1509.40894902372,1,1,0,2007-04-27,2007-04-27,1510
Mariana Demichelli Vergara,1509.4051523037897,1,1,0,2010-04-22,2010-04-22,1511
Vanja Radunovic,1509.4025214695341,1,1,0,2007-04-27,2007-04-27,1512
Carlota Plantier Santos,1509.4016172358154,1,1,0,2005-04-29,2005-04-29,1513
Trina Slapeka,1509.3976202943466,3,2,1,2008-04-24,2008-04-26,1514
Caroline Rohde Moe,1509.3972091593657,3,2,1,2011-05-04,2015-04-17,1515
Mara Argyriou,1509.312158729061,5,3,2,2012-04-16,2012-04-21,1516
Anastasia Detiuc,1509.3093119068362,3,2,1,2014-02-06,2014-02-08,1517
Olga Lendlova,1509.3069531993187,18,9,9,1968-06-06,1970-09-21,1518
Miriam Dagostini,1509.2979512628622,16,8,8,1993-10-25,2000-04-28,1519
Marion De Witte,1509.2341257293804,18,8,10,1970-02-26,1982-07-19,1520
Joyce Portman,1509.2323327508468,47,17,30,1978-02-13,1982-04-19,1521
Lauren Deegan,1509.2081370217495,1,1,0,2015-02-07,2015-02-07,1522
Caroline Langsford,1509.1883764361944,2,1,1,1970-01-19,1970-01-19,1523
Jithmie Jayawickrema,1509.1752455472197,1,1,0,2008-02-01,2008-02-01,1524
Stephanie Mariel Petit,1509.17301868433,1,1,0,2018-02-10,2018-02-10,1525
Mrs C Bachich,1509.1673701606676,1,1,0,1975-05-26,1975-05-26,1526
Lui Li Shen,1509.1645941591032,12,6,6,1998-03-02,1998-04-13,1527
Li Yao Tang,1509.1549137536194,5,3,2,1994-02-14,1997-03-01,1528
Emilie Viqueira,1509.154121509286,16,8,8,1987-10-12,1996-04-26,1529
Nino Esebua,1509.1371363654653,1,1,0,2000-03-31,2000-03-31,1530
Valentina Starkova,1509.134916498875,1,1,0,2008-01-30,2008-01-30,1531
Alison Vaughan,1509.134857746237,1,1,0,1995-05-12,1995-05-12,1532
Jawairiah Noordin,1509.125870135605,10,5,5,2010-02-03,2016-04-16,1533
Aneta Kladivova,1509.0739039607313,3,2,1,2025-08-04,2025-08-04,1534
Elfia Nizarwan,1509.0595842767555,1,1,0,1977-06-13,1977-06-13,1535
Gabriela Ce,1508.9580386681848,24,12,12,2014-02-24,2025-08-04,1536
Melanie Muller,1508.9559383841267,7,3,4,1969-04-01,1971-04-05,1537
Paola Almeida,1508.936799619075,1,1,0,1997-05-17,1997-05-17,1538
D Espinal,1508.9337171755699,1,1,0,2001-04-27,2001-04-27,1539
Claudia Hidalgo,1508.9189246511514,3,2,1,2007-04-16,2007-04-21,1540
Yvonne Flynn,1508.9147084314911,1,1,0,1998-05-09,1998-05-09,1541
Zvezdana Urek,1508.9137159223021,1,1,0,1970-07-06,1970-07-06,1542
Sheau Shan Liew,1508.8928418246549,1,1,0,1997-03-15,1997-03-15,1543
Tiffini Huggins,1508.879966727007,1,1,0,1996-05-11,1996-05-11,1544
Joana Pedroso,1508.867879280917,14,7,7,1993-05-10,1997-05-05,1545
Emily Leonardi,1508.8627242968132,3,2,1,1990-07-21,1990-07-21,1546
Una Vakino,1508.825332691196,4,2,2,1971-03-29,1971-04-05,1547
Eva Vedder,1508.823529026841,11,5,6,2023-07-17,2025-07-14,1548
Eleonora Vegliante,1508.8077034573957,7,4,3,1990-07-21,1992-04-25,1549
Maria Fernanda Alvarez Teran,1508.794433120628,35,18,17,2003-04-23,2019-04-19,1550
Katalin Miskolczi,1508.7846830578844,2,1,1,1996-08-05,1996-08-05,1551
Denise Dy,1508.722596401804,9,5,4,2005-04-20,2008-02-02,1552
Raminta Mackeviciute,1508.7133992415374,1,1,0,1992-04-13,1992-04-13,1553
Dagmar Schafer,1508.7070482133186,2,1,1,1985-10-28,1985-10-28,1554
Beatrice Capra,1508.7062831258952,5,2,3,2010-08-30,2013-07-29,1555
Yael Segal,1508.6876869727625,27,10,17,1988-12-04,1993-07-26,1556
Lucia Fernandez,1508.6771687165929,18,9,9,1978-05-14,1980-11-10,1557
Myriam Cueva,1508.6612278329205,5,3,2,1999-04-14,2000-05-13,1558
Melanie Gloria,1508.658267273336,4,2,2,2004-11-01,2005-04-25,1559
Joanna Phang,1508.6523818614005,3,2,1,1999-02-23,1999-02-26,1560
C Grevers,1508.6500898262063,1,1,0,1971-12-27,1971-12-27,1561
Emmanuelle Duval,1508.6371272573333,1,1,0,1998-05-03,1998-05-03,1562
Na Lae Han,1508.635193655021,39,16,23,2014-02-06,2023-10-09,1563
Oceane Dodin,1508.6311663621366,129,49,80,2015-01-19,2026-02-01,1564
Chi Chi Scholl,1508.6281085237906,4,2,2,2012-06-11,2013-07-15,1565
Rikke Faurfelt,1508.6222888808986,1,1,0,2000-03-29,2000-03-29,1566
Robin Boss,1508.599849166757,2,1,1,1983-07-11,1983-07-11,1567
Hermine Sukiasyan,1508.5823254913364,1,1,0,2000-04-01,2000-04-01,1568
Geraldine Barniville,1508.5573231679743,23,8,15,1968-07-08,1977-07-04,1569
Stephanie Vogt,1508.5453312408852,23,12,11,2006-04-26,2016-08-08,1570
Domenica Gonzalez,1508.4818136149152,7,4,3,2010-04-22,2014-02-08,1571
Monica Ribero,1508.4014139355238,1,1,0,1998-04-30,1998-04-30,1572
P Frey,1508.3987982737788,5,3,2,1980-07-22,1980-08-28,1573
Judith Mercade,1508.3869033898109,4,2,2,1978-10-09,1980-08-04,1574
Anja Vanessa Peter,1508.383901158595,3,2,1,2005-04-19,2005-04-21,1575
Dianne Hollands,1508.339644062805,7,4,3,2007-04-16,2014-02-06,1576
Virginie Buisson,1508.3093879406647,2,1,1,1995-05-29,1995-05-29,1577
Zihaida Shantalova,1508.3036549805788,5,3,2,2000-04-25,2000-04-30,1578
Christina Zachariadou,1508.302930156933,39,19,20,1990-07-21,2004-04-24,1579
Natalia Volcova,1508.2778365062647,9,5,4,1998-05-05,2000-04-01,1580
Julie Walpole,1508.271970907469,3,2,1,1979-07-16,1979-07-16,1581
Sylvia Plischke,1508.2617762248403,148,58,90,1994-02-07,2001-07-09,1582
Stephanie Mayorkis,1508.2613501180267,3,2,1,1992-04-21,1993-10-25,1583
Paulina Sepulveda,1508.2596644483885,14,7,7,1984-07-15,1992-07-28,1584
Sue Tutt,1508.232934708779,16,7,9,1968-04-22,1970-06-22,1585
Simona Waltert,1508.1838491944213,32,12,20,2019-07-15,2026-05-18,1586
J Campbell,1508.124485601871,3,2,1,1977-05-23,1977-05-23,1587
Anika Seneviratne,1508.1194669084075,3,2,1,2018-02-06,2018-02-09,1588
G Hinterwirth,1508.1179576283917,3,2,1,1980-08-28,1980-08-28,1589
Ashley Kei Yim,1508.0641763706376,1,1,0,2016-04-15,2016-04-15,1590
Lexie Stevens,1508.0534254895067,1,1,0,2023-04-10,2023-04-10,1591
Line Ullring,1508.0234673564698,5,3,2,1997-05-05,1997-05-09,1592
Jorgelina Cravero,1508.0097514045458,31,15,16,2002-01-28,2010-04-24,1593
Stacey Martin,1507.9895503940782,94,37,57,1987-03-23,1993-07-26,1594
Ana Gasparyan,1507.9820146253553,7,4,3,2000-03-28,2001-05-18,1595
Dilyara Saidkhodjaeva,1507.9712034936783,7,4,3,2005-04-20,2008-09-29,1596
Kai Lin Zhang,1507.9643099056948,27,11,16,2014-09-08,2017-09-18,1597
Eva Sviglerova,1507.963650800997,105,42,63,1989-01-16,1994-04-25,1598
Debbie Eyre,1507.9542257356586,3,2,1,1973-08-20,1973-08-20,1599
Petra Krejsova,1507.8864090412364,2,1,1,2017-06-12,2017-06-12,1600
Daniela Ruiz,1507.8156354076816,3,2,1,2014-04-10,2014-04-12,1601
Olga Ivanova,1507.7974027694117,3,2,1,1995-04-19,1995-09-18,1602
Anastasia Abbagnato,1507.7967835672257,5,3,2,2025-08-04,2025-09-22,1603
Ivona Mihailova,1507.7898395698508,7,4,3,1995-05-08,1996-03-29,1604
Laura Bernal,1507.7396959142125,15,8,7,1996-04-26,2001-04-26,1605
Camila Vargas Gomez,1507.7373316039482,1,1,0,2014-04-09,2014-04-09,1606
Allison Hill,1507.7322098761308,5,3,2,1979-07-16,1981-07-06,1607
Herbrechter,1507.6757176414003,2,1,1,1980-07-19,1980-07-19,1608
M Collins,1507.6165931027542,5,3,2,1981-07-13,1982-07-12,1609
Tisha Boshoff,1507.5866180638197,2,1,1,1971-12-27,1971-12-27,1610
Maria Kull,1507.5862053125165,21,9,12,1969-02-03,1973-01-15,1611
Orly Bialistozky,1507.584302527477,14,6,8,1981-11-09,1984-07-15,1612
Eudice Wong Chong,1507.53557617918,16,9,7,2013-02-05,2025-10-27,1613
Susan Bandecchi,1507.5331878459972,11,5,6,2021-07-12,2025-08-04,1614
Sandra Walsham,1507.513818352446,42,19,23,1968-02-12,1973-01-02,1615
Magali Benitez,1507.5087974648725,8,4,4,1994-07-18,1995-07-22,1616
Polona Rebersak,1507.4620467865784,3,2,1,2006-04-18,2006-04-20,1617
Sinja Kraus,1507.390147632696,34,15,19,2020-02-06,2026-05-05,1618
Lorna Zietsman,1507.352085515895,4,2,2,1979-11-26,1981-11-25,1619
Claudia Borgiani,1507.326268182003,4,2,2,1984-07-15,1984-07-15,1620
Stefanovic,1507.3073552659469,2,1,1,1980-07-19,1980-07-19,1621
Selma Babic,1507.2798503780114,7,4,3,2004-04-27,2005-04-30,1622
Hanne Vandewinkel,1507.2466707640285,8,3,5,2024-04-12,2026-05-18,1623
Maria Elena Camerin,1507.1870391244224,250,98,152,2001-05-14,2013-06-24,1624
Marian Kremer,1507.1705873931944,4,2,2,1981-07-13,1981-07-20,1625
Eva Lundquist,1507.0340370957458,62,23,39,1968-03-01,1971-07-05,1626
Amani Khalifa,1507.017364001047,1,1,0,2003-04-30,2003-04-30,1627
Margaret Redfearn,1506.974804578699,15,7,8,1979-05-28,1983-05-30,1628
Lisa Pigato,1506.9315151067315,9,4,5,2021-05-17,2026-05-05,1629
Virginia Brown,1506.9095200474203,4,2,2,1968-10-03,1973-07-09,1630
Kimberley Cassar,1506.8595188714464,9,5,4,2007-04-26,2010-04-23,1631
Noelle Porter,1506.8303264479487,5,2,3,1984-09-17,1987-07-27,1632
Jenny Langstaff,1506.7912224886607,15,7,8,1978-04-24,1983-07-04,1633
Dana Guzman,1506.7719948637346,7,4,3,2018-06-21,2020-02-05,1634
Gabriella Da Silva Fick,1506.7605713070545,2,1,1,2021-02-13,2021-02-13,1635
Mi Ok Lee,1506.7474732194828,4,2,2,1973-04-30,1973-05-07,1636
Pam Baughman,1506.7236087591232,2,1,1,1980-04-30,1980-04-30,1637
Obrien,1506.7223824838766,6,3,3,1978-04-24,1982-08-02,1638
Susan Cowan,1506.69544962019,30,15,15,1997-03-01,2000-03-04,1639
Jan Wilson,1506.6781554821014,4,2,2,1974-11-25,1975-05-19,1640
Camille Benjamin,1506.6556366155653,404,179,225,1982-06-14,1994-06-13,1641
Maia Lumsden,1506.63437222081,2,1,1,2019-06-10,2019-06-10,1642
Martina Di Giuseppe,1506.6052698806561,9,4,5,2019-07-15,2021-10-25,1643
Kristina Brandi,1506.4595990701073,271,118,153,1995-01-02,2007-06-25,1644
Cara Black,1506.431758003539,273,118,155,1993-05-10,2008-08-11,1645
Amina Anshba,1506.3791442304453,4,2,2,2021-07-19,2023-10-16,1646
Margaret Dunn,1506.344455291153,2,1,1,1968-11-23,1968-11-23,1647
Nenni Delmestre,1506.341572949971,2,1,1,1978-11-27,1978-11-27,1648
Ruth Stenzel,1506.3148232430333,2,1,1,1973-07-02,1973-07-02,1649
Evans,1506.3080545202927,2,1,1,1978-01-31,1978-01-31,1650
Julia Glushko,1506.287878016796,75,29,46,2007-04-21,2019-04-22,1651
Jenny Walpole,1506.2859251161738,6,3,3,1979-05-21,1979-07-09,1652
Ilona Poljakova,1506.2599178950766,3,2,1,1999-04-26,1999-04-30,1653
Annemiek Blom,1506.2527190406865,4,2,2,1970-03-16,1970-03-24,1654
P Appleby,1506.1859020988059,2,1,1,1972-07-10,1972-07-10,1655
Sara Saito,1506.1850634850036,8,4,4,2024-10-14,2025-08-04,1656
Simona Isidori,1506.1498596866204,2,1,1,1989-04-25,1989-04-25,1657
Bianca Turati,1506.127387777616,2,1,1,2021-01-06,2021-01-06,1658
Carol Bowers,1506.11868296287,2,1,1,1980-04-30,1980-04-30,1659
Felicia Raschiatore,1506.1017831415356,60,28,32,1980-04-15,1984-10-08,1660
Eloisa Maria Compostizo De Andres,1506.0135664669326,2,1,1,2008-06-09,2008-06-09,1661
Saranga Sangakkara,1505.9966240315782,11,6,5,1992-05-04,1995-03-10,1662
Gwen Stirton,1505.9423894872475,11,5,6,1974-12-21,1975-06-09,1663
E Reinach,1505.9325180791939,2,1,1,1971-12-13,1971-12-13,1664
Romana Tedjakusuma,1505.8750493376554,53,21,32,1992-07-13,2006-04-22,1665
Erzsebet Szell,1505.873490167994,34,13,21,1968-07-25,1975-07-07,1666
Camey Timberlake,1505.8413494667395,2,1,1,1973-09-10,1973-09-10,1667
Maria Goloviznina,1505.8354728415816,9,4,5,2002-05-27,2004-10-11,1668
Melisa Ercan,1505.8333966823084,7,4,3,2025-06-16,2025-09-15,1669
Evangeline Olivarez,1505.8211052286097,2,1,1,1993-05-03,1993-05-04,1670
Alissa Velts,1505.8171480410886,20,10,10,1996-02-20,2002-03-08,1671
Ismet Duygu Aksit Oal,1505.7882608237476,34,15,19,1991-07-19,2001-05-17,1672
Natalie Scaramanga,1505.731194333043,2,1,1,1978-04-05,1978-04-05,1673
Biljana Trpeska,1505.7286745416704,9,5,4,1997-05-06,1998-05-09,1674
Mai Grage,1505.723504049022,12,6,6,2009-02-06,2014-02-08,1675
Albina Khabibulina,1505.7182507239017,7,4,3,2007-04-16,2010-02-04,1676
Stephanie Faulkner,1505.671460311292,7,3,4,1985-12-09,1988-01-11,1677
Robin Montgomery,1505.6435166539154,38,13,25,2020-08-31,2026-04-21,1678
Kerstin Haas,1505.6305283210181,2,1,1,1981-08-03,1981-08-03,1679
Emanuela Brusati,1505.6136728643937,2,1,1,1993-09-13,1993-09-13,1680
Paige Mary Hourigan,1505.5907119523386,10,5,5,2017-07-20,2022-04-15,1681
Ana Cornejo,1505.5886267117592,2,1,1,1968-11-11,1968-11-11,1682
Daniela Nosek,1505.5459528276144,9,4,5,1975-08-25,1977-08-04,1683
Teliana Pereira,1505.5353828335894,99,47,52,2007-04-19,2020-02-07,1684
Rene Mentz,1505.4916819053788,14,6,8,1983-04-18,1984-09-24,1685
Jin Young Choi,1505.482011478451,6,3,3,2000-04-25,2003-04-25,1686
Isabella Kruger,1505.4725364966282,4,2,2,2023-04-10,2023-04-14,1687
Jenny Ann Fetch,1505.4526558877606,38,19,19,1996-03-03,1998-04-13,1688
Susan Stone,1505.4470318067117,11,4,7,1972-08-15,1976-08-22,1689
Sofya Lansere,1505.4230715932783,8,4,4,2023-07-17,2025-09-22,1690
Y Fisher,1505.3950978616706,2,1,1,1972-05-15,1973-05-14,1691
Brie Rippner,1505.3785352391558,53,17,36,1995-08-28,2002-09-16,1692
Helene Holter,1505.3686600529595,16,8,8,1992-04-13,1998-05-09,1693
Ding Ding,1505.3516595607298,6,3,3,1996-03-03,1999-02-25,1694
Jessica Steck,1505.322728743256,10,4,6,1997-04-07,2002-09-16,1695
Nastassja Burnett,1505.286176850461,20,8,12,2012-07-09,2015-05-11,1696
Ekaterina Sysoeva,1505.2602206372692,8,4,4,1998-02-16,2002-07-08,1697
Sarah Taylor,1505.2336856374911,53,20,33,1972-01-19,2003-10-27,1698
Eva Fislova,1505.203019956364,15,5,10,2002-04-15,2003-10-27,1699
Barbara Hambridge,1505.1324429649324,12,5,7,1971-03-29,1979-06-18,1700
Julia Moriarty,1505.0779801647575,7,4,3,2010-04-21,2011-05-04,1701
Hsueh Li Hsu,1505.0637391959808,17,9,8,1996-02-20,1999-09-06,1702
S Milton,1505.0219249471359,2,1,1,1972-05-15,1972-05-15,1703
Yi Miao Zhou,1505.0177477830666,12,5,7,2008-02-04,2013-02-06,1704
Chayenne Ewijk,1505.016936127006,4,2,2,2010-02-03,2010-02-06,1705
Maja Chwalinska,1504.9826392647124,15,6,9,2022-06-27,2026-02-01,1706
Mandy Minella,1504.9641036887635,194,78,116,2001-04-25,2022-04-15,1707
Judy Erskine,1504.9548536805437,25,12,13,1975-05-26,1981-05-25,1708
Maria Eugenia Rojas,1504.9245362090337,12,6,6,1995-04-11,1998-04-18,1709
Riko Sawayanagi,1504.859389649039,2,1,1,2017-04-17,2017-04-17,1710
Evie Dominikovic,1504.827813370185,124,55,69,1996-03-03,2005-09-26,1711
Tina Hergold,1504.8007556950583,12,6,6,1999-02-27,2000-11-04,1712
Karmen Skulj,1504.7898483502925,10,4,6,1986-07-20,1988-12-04,1713
Joice Riana Sutedja,1504.7765751264506,5,2,3,1993-02-09,1993-10-05,1714
Lynn Robinson,1504.7710821254727,6,3,3,1976-04-19,1978-07-17,1715
Anna Siskova,1504.7376441449867,8,4,4,2023-07-17,2026-02-01,1716
Marillia Matte,1504.6944501884802,20,9,11,1976-01-26,1982-04-05,1717
V Fraayenhoven,1504.6047086636936,2,1,1,1971-07-12,1971-07-12,1718
Jenny Klitch,1504.5820337372998,127,48,79,1982-04-05,1988-08-01,1719
Ria Hollingworth,1504.5706923463647,4,1,3,1970-08-17,1974-07-15,1720
Mezger,1504.5151603069148,2,1,1,1980-07-24,1980-07-24,1721
Karen Black,1504.4717478509444,4,2,2,1997-05-10,1997-05-10,1722
Debbie Robb,1504.4665147105545,5,2,3,1982-07-05,1984-09-10,1723
Sarah Gronert,1504.4635050777108,4,2,2,2011-06-06,2012-06-11,1724
Yasmina Karimjanova,1504.459000958139,2,1,1,2018-02-06,2020-03-06,1725
Elvyn Barrable,1504.4010414184504,2,1,1,1981-11-25,1981-11-25,1726
Linda Gai Bayly,1504.3576582394248,6,3,3,1982-04-08,1982-04-26,1727
Tamira Paszek,1504.2962637866083,252,108,144,2005-04-23,2024-11-15,1728
Saori Obata,1504.2934356566072,140,56,84,1996-10-14,2006-03-06,1729
Olga Saez Larra,1504.2579714324265,2,1,1,2017-06-05,2017-06-05,1730
Nagi Hanatani,1504.248291590776,4,2,2,2021-08-23,2025-08-04,1731
Catherine Bonnet,1504.2455506765734,4,2,2,1988-07-18,1989-07-10,1732
Steffi Carruthers,1504.231695866574,10,5,5,2015-04-17,2018-02-10,1733
Rosamba Niciforovic,1504.2208151503796,3,1,2,1971-04-05,1974-11-18,1734
Habiba Ifrakh,1504.1950949033996,15,8,7,1995-05-10,2005-05-02,1735
Melissa Golfin,1504.1633442912305,29,15,14,1992-04-22,1999-02-25,1736
Maureen Drake,1504.1271270342334,146,50,96,1988-01-25,2005-05-02,1737
Sonia Davies,1504.1213373868065,19,9,10,1978-04-17,1981-08-10,1738
Meryl Brent,1504.114681623844,2,1,1,1970-02-09,1970-02-09,1739
Dundee Davis,1504.088771720666,4,2,2,1974-03-25,1975-10-13,1740
Marielle Rooimans,1504.0754990221483,2,1,1,1988-11-07,1988-11-07,1741
Laura Golarsa,1504.0429719940241,313,132,181,1985-04-29,1999-08-30,1742
Alberta Brianti,1504.0386840345695,145,52,93,2001-06-11,2015-04-20,1743
Beier Ko,1503.985565094071,6,3,3,2003-08-11,2007-04-21,1744
Erika Takao,1503.9802316652856,8,3,5,2006-06-19,2007-07-14,1745
Sahaja Yamalapalli,1503.9782214513564,2,1,1,2025-10-27,2025-10-27,1746
Caroline Franch,1503.9743624532414,16,7,9,1979-03-29,1981-05-25,1747
Christine Neuman,1503.9735859023235,2,1,1,1993-07-26,1993-07-26,1748
Viktoria Morvayova,1503.9714552588014,2,1,1,2025-10-27,2025-10-27,1749
Beth Norton,1503.9710396381752,164,67,97,1975-08-19,1986-02-10,1750
Eva Llarena,1503.963379572984,2,1,1,1971-01-18,1971-01-18,1751
Terri Oreilly,1503.9288079292808,2,1,1,1991-07-22,1991-07-22,1752
Nicky Kruger,1503.9132901628511,21,8,13,1971-04-05,1976-11-22,1753
Amanda Keen,1503.8485537491867,9,3,6,2003-06-16,2005-06-20,1754
Caroline Glaszmann,1503.8144509248514,2,1,1,1978-04-17,1978-04-17,1755
Nadin Ercegovic,1503.812059290729,79,33,46,1989-10-01,1996-04-29,1756
Paulette Verzin,1503.8020145767377,2,1,1,1972-09-18,1972-09-18,1757
Julie Pressley,1503.7631295354859,2,1,1,1978-02-13,1978-02-13,1758
Norma Marsh,1503.7571945985017,14,6,8,1968-12-30,1973-01-02,1759
Chisayo Ito,1503.7391898842366,10,5,5,1998-09-07,1999-09-06,1760
Ruta Deduraite,1503.729428893725,15,7,8,1994-04-18,2001-05-15,1761
Debbie Pescetelli,1503.6510720952635,2,1,1,1978-03-29,1978-03-29,1762
Megan Falcon,1503.6504784373458,2,1,1,2004-02-23,2004-02-23,1763
B L Mattes,1503.6019807970658,2,1,1,1968-05-27,1968-05-27,1764
Barbara Gerken,1503.584152147247,164,66,98,1981-09-01,1989-07-24,1765
Oksana Selekhmeteva,1503.4562138143858,27,10,17,2021-10-18,2026-05-05,1766
Vilmarie Castellvi,1503.452008434468,43,21,22,1995-03-28,2008-02-02,1767
Loibl,1503.4408693062117,2,1,1,1968-07-31,1968-07-31,1768
Ellyn Levin,1503.4379515316189,2,1,1,1973-07-16,1973-07-16,1769
Susan Korn,1503.4321395942175,2,1,1,1969-04-14,1969-04-14,1770
Susi Fortun Lohrmann,1503.4241674305026,6,3,3,1993-07-26,1994-08-01,1771
Elizabeth Oosthuizen,1503.4209849644917,3,1,2,1971-03-29,1971-04-05,1772
Zoe Hives,1503.4105086006157,8,3,5,2019-01-07,2023-01-02,1773
Janthe Cunningham,1503.3948354235933,8,4,4,1981-04-06,1982-07-19,1774
Annina Von Planta,1503.3846954854164,16,7,9,1976-06-14,1981-07-13,1775
Caroline Dhenin,1503.370668607458,10,3,7,1995-05-01,2001-07-16,1776
Jeanne Gobat,1503.366453372021,4,2,2,1980-07-24,1980-08-28,1777
Carson Branstine,1503.340992406677,4,1,3,2025-06-09,2025-07-27,1778
Athina Briegel,1503.3105222582035,8,4,4,1997-03-01,1997-03-01,1779
Rachel Viollet,1503.2989323176273,5,2,3,1995-04-03,2002-06-24,1780
Ying Zhang,1503.2868065839618,2,1,1,2016-08-01,2016-08-01,1781
Pimpisamai Kansuthi,1503.2608268177385,2,1,1,1994-04-11,1994-05-03,1782
Sandra Nacuk,1503.214531695924,52,18,34,1996-04-22,2001-07-09,1783
Maria Abramovic,1503.159075050714,2,1,1,2012-02-20,2012-02-20,1784
L Fennell,1503.1427907079287,2,1,1,1980-11-17,1980-11-17,1785
Liina Suurvarik,1503.1276322457509,16,8,8,1995-05-08,2000-03-29,1786
Kelly Williford,1503.1149707710674,8,4,4,2017-07-19,2019-04-20,1787
Gabriele Lutteken,1503.1118490213996,13,6,7,1969-07-07,1973-01-22,1788
Lanlana Tararudee,1503.1037980437807,10,4,6,2023-01-30,2026-03-04,1789
Fay Toyne,1503.0507611376247,137,73,64,1968-02-09,1975-07-07,1790
Shawn Foltz,1503.0285011992562,47,18,29,1983-07-31,1990-11-26,1791
Valerie Batut,1503.0083602972027,3,1,2,1990-05-21,1991-05-20,1792
Gail Elliott,1502.9789697598903,4,2,2,1972-05-06,1973-06-11,1793
Linda Geeves,1502.9742140607796,107,43,64,1970-04-13,1982-06-01,1794
Daria Lodikova,1502.9706025831738,6,3,3,2025-07-14,2025-09-22,1795
Samantha Stosur,1502.9448652339145,853,487,366,2001-03-05,2022-05-16,1796
Dana Bleicher,1502.8098679288305,2,1,1,1981-09-12,1981-09-12,1797
Elena Eliseenko,1502.8062401626537,25,10,15,1981-11-09,1985-10-06,1798
Pichaya Laosirichon,1502.8054024018988,4,2,2,2002-03-05,2002-03-08,1799
Michelle Strebel,1502.7675304052773,5,2,3,1987-11-30,1988-08-08,1800
Min Kyung Seol,1502.7381511906237,13,5,8,1981-11-09,1985-10-06,1801
Jenny Morris,1502.7357082429426,2,1,1,1976-08-22,1976-08-22,1802
Hieber,1502.7305234380003,2,1,1,1980-08-27,1980-08-27,1803
Jenny Hellier,1502.6900953824947,2,1,1,1969-10-05,1971-04-12,1804
Esmir Hoogendoorn,1502.674118751952,4,2,2,1992-05-04,1992-07-06,1805
Pat Stewart,1502.638897791292,35,19,16,1968-05-27,1975-08-18,1806
Jill Patterson,1502.6294748287162,2,1,1,1982-06-01,1982-06-01,1807
Tatiana Pieri,1502.604485533015,6,3,3,2025-05-19,2025-09-22,1808
Virginia Sadi,1502.580180260945,2,1,1,1999-02-25,2001-04-27,1809
Yuriko Miyazaki,1502.52716336345,15,6,9,2022-02-28,2025-02-24,1810
List,1502.5135128973645,2,1,1,1968-07-08,1969-01-20,1811
Claire De Gubernatis,1502.5097854049923,2,1,1,2010-04-26,2010-04-26,1812
Zinina,1502.4355925041436,2,1,1,1970-08-17,1970-08-17,1813
Anne Schaefer,1502.396265459515,2,1,1,2016-04-11,2016-04-11,1814
Laura Ioana Andrei,1502.371543291042,2,1,1,2019-05-20,2019-05-20,1815
Tami Jones,1502.3652943762315,2,1,1,1992-02-17,1992-02-17,1816
Brenda Jenkins,1502.3354261923516,5,2,3,1968-01-08,1969-12-29,1817
Eva Matejkova,1502.3321348622108,2,1,1,1969-02-24,1969-02-24,1818
Iva Budarova,1502.3211746693964,358,150,208,1977-07-11,1990-09-10,1819
Ellen Barry,1502.2476133186565,4,2,2,2006-04-20,2010-02-06,1820
N Bremmer,1502.240416262097,2,1,1,1973-02-19,1973-02-19,1821
Lina Bennani,1502.2255166027294,2,1,1,2010-04-23,2010-04-26,1822
Christina Lindstrom,1502.2235593586652,4,2,2,1968-05-21,1968-08-08,1823
Tanja Ostertag,1502.2062861274223,2,1,1,2006-10-30,2006-10-30,1824
Erzsebet Polgar,1502.197471382908,62,30,32,1968-03-25,1977-06-28,1825
Ekaterina Afinogenova,1502.187172519512,2,1,1,2007-05-21,2007-05-21,1826
Shan Shan Song,1502.1594178247942,2,1,1,2007-09-24,2007-09-24,1827
Susie Jaeger,1502.1407103648232,16,6,10,1979-07-16,1981-08-03,1828
Sabine Gerke,1502.1280314915878,3,1,2,1989-05-15,1991-02-05,1829
Darya Kustova,1502.0943776960748,19,8,11,2004-07-10,2012-02-04,1830
Manisha Malhotra,1502.094110879403,30,15,15,1995-03-08,2003-04-23,1831
Nadine Del Carmen,1502.0935681923504,4,2,2,2020-02-04,2020-02-08,1832
Celine Naef,1502.0011214104613,14,4,10,2023-06-12,2025-04-10,1833
Joanna Bauza,1501.9817001546294,12,6,6,1993-04-19,1998-05-03,1834
K Thompson,1501.9806044963748,4,2,2,1978-04-24,1978-07-17,1835
Chompoothip Jandakate,1501.979623813885,2,1,1,2020-02-04,2020-02-06,1836
Manisha Abeywardene,1501.9710910459928,2,1,1,2000-04-28,2000-04-29,1837
E De Panea,1501.961187427556,2,1,1,1975-04-14,1975-04-14,1838
Rayleen Henningson,1501.958612154935,2,1,1,1976-10-09,1976-10-09,1839
Polina Leykina,1501.945667450804,2,1,1,2016-07-11,2016-07-11,1840
Monthika Anuchan,1501.9331830384347,4,2,2,1999-02-23,1999-02-26,1841
V Ciugli,1501.9131647286993,2,1,1,1970-10-27,1970-10-27,1842
Eugenia Maniokova,1501.911101311544,85,29,56,1990-10-01,1995-09-18,1843
Na Ri Kim,1501.8831391191402,6,3,3,2010-02-06,2022-04-16,1844
Veronika Martinek,1501.833756553686,178,73,105,1988-04-26,1998-02-16,1845
A Layman,1501.8299982720046,2,1,1,1981-01-12,1981-01-12,1846
Elpis Alexandrou,1501.8218039033884,2,1,1,1999-04-19,1999-04-21,1847
Raluca Ciochina,1501.8160546924162,4,2,2,2000-05-15,2000-05-19,1848
Ines Heise,1501.8057792797063,6,3,3,1996-09-16,2001-03-05,1849
Rosie Casals,1501.7980859767654,952,607,345,1968-01-02,1991-02-11,1850
Chris Cerato,1501.7944184319972,12,5,7,1972-01-04,1975-06-02,1851
Dianne Berkinshaw,1501.7913378739117,13,6,7,1971-01-25,1976-11-29,1852
K Truter,1501.7805579171118,4,2,2,1970-12-14,1971-12-27,1853
Ann Stephenson,1501.7699433802413,2,1,1,1993-07-26,1993-07-26,1854
Federica Fortuni,1501.7544391939016,7,2,5,1991-05-06,1996-05-06,1855
J Morton,1501.738599504721,2,1,1,1976-04-26,1981-05-18,1856
Helen Worland,1501.7262393218311,3,1,2,1971-12-27,1972-12-26,1857
Marilyn Joseph,1501.6738197968605,6,3,3,1968-01-29,1969-02-03,1858
Shiho Akita,1501.672237649996,2,1,1,2017-04-17,2017-04-17,1859
Margot Tiff,1501.660782291796,2,1,1,1975-01-20,1975-01-20,1860
Dawn Otto,1501.6530262010913,2,1,1,1981-07-27,1981-07-27,1861
Madlindl,1501.6519160301648,2,1,1,1976-07-05,1976-07-05,1862
Marissa Irvin,1501.6467043118248,117,37,80,1998-07-27,2005-08-29,1863
Diane Craig,1501.640892809034,2,1,1,1980-07-07,1980-07-07,1864
Ingrid Gonzalez,1501.5873176413356,36,17,19,1992-04-21,2001-05-19,1865
Mary Bryan,1501.578919741603,2,1,1,1974-07-08,1974-07-08,1866
Petra Keppeler,1501.5694872492659,58,25,33,1981-08-03,1986-09-15,1867
Young Ja Choi,1501.5494360859723,11,4,7,1995-04-18,2003-04-21,1868
Jane Odonoghue,1501.5268779209243,12,4,8,2002-06-24,2005-06-20,1869
Herz,1501.5217549553715,2,1,1,1980-07-19,1980-07-19,1870
Rana Epstein,1501.5041717237873,2,1,1,1974-02-25,1974-03-04,1871
Carmina Giraldo,1501.4684178020912,22,10,12,1992-04-23,2001-02-19,1872
Karen Nugent,1501.4494006871246,8,4,4,1993-05-12,1997-05-08,1873
T Taranova,1501.4400264896578,5,2,3,1969-02-03,1972-02-07,1874
Mihaela Moldovan,1501.4390399363576,4,2,2,2000-05-15,2000-05-19,1875
Sally Peers,1501.418715049828,7,2,5,2009-01-12,2011-01-17,1876
Andrea Meister,1501.4178845967672,29,13,16,1980-03-17,1982-07-26,1877
Glenda Tunmer,1501.4060070657229,5,2,3,1970-03-22,1972-03-27,1878
Andrea Berger,1501.382817386713,3,1,2,1987-02-23,1988-03-14,1879
Murray,1501.3555142790713,2,1,1,1975-04-21,1975-04-21,1880
Jeong Soon Yaung,1501.3548648737412,4,2,2,1973-01-02,1973-06-11,1881
Ellen Hodgdon,1501.349065677944,2,1,1,1968-06-16,1968-06-16,1882
Annica Cooper,1501.3352234367555,4,2,2,2001-03-05,2001-03-05,1883
Boeck,1501.3073601524468,2,1,1,1969-02-27,1969-02-27,1884
Rositsa Dencheva,1501.2988730448515,2,1,1,2025-09-22,2025-09-22,1885
H Sorenson,1501.2983688912473,2,1,1,1980-07-07,1980-07-07,1886
Lisa Maria Moser,1501.2829444515519,7,3,4,2013-07-15,2014-10-06,1887
Christiane Spinoza,1501.2667114634955,74,26,48,1967-12-28,1971-02-01,1888
S Pridham,1501.2320572222673,4,2,2,1976-04-26,1978-05-22,1889
Gabriela Beleni,1501.2215407640501,2,1,1,1993-05-13,1993-05-14,1890
Su Jen Lai,1501.2199725562616,2,1,1,1992-09-25,1992-09-25,1891
Janine Perkinson,1501.2055935390904,4,2,2,1980-01-27,1982-01-25,1892
Arantxa Rus,1501.1978949013792,291,109,182,2007-06-18,2025-07-14,1893
Marie Fourie,1501.1858467642958,2,1,1,1968-04-01,1968-04-01,1894
Sarah Imhof,1501.1788442935763,2,1,1,1980-04-14,1980-04-14,1895
Kim Labuschagne,1501.1715873482983,2,1,1,1987-10-12,1987-10-12,1896
Rossana De Los Rios,1501.1688900237123,214,85,129,1991-07-18,2010-08-02,1897
Nihoka Matsushima,1501.1667213675673,2,1,1,1980-11-12,1980-11-12,1898
Nicoletta Virgintino,1501.1656415602104,10,5,5,1981-03-29,1982-04-26,1899
Ingrid Esperanza Vargas Calvo,1501.165024525492,2,1,1,2009-04-24,2009-04-25,1900
Holly Danforth,1501.150081984615,2,1,1,1985-07-08,1985-07-08,1901
Monica Alvarez,1501.1464377940365,34,16,18,1973-06-04,1980-08-04,1902
Michelle Pang,1501.1347337339093,4,2,2,2010-02-03,2010-02-06,1903
Chandra Capozzi,1501.0927099314458,12,6,6,2004-04-21,2011-05-21,1904
Tamara Zidansek,1501.071425497901,183,84,99,2017-04-21,2026-04-10,1905
Anne Marie Jung,1501.0708451851792,2,1,1,1981-07-13,1981-07-13,1906
Adriana Gersi,1501.0427404341428,148,56,92,1996-09-16,2002-08-26,1907
Elaine Stepman,1501.0051214331959,2,1,1,1980-01-14,1980-01-14,1908
Donna Smith,1500.9985910864968,2,1,1,1972-07-10,1972-07-10,1909
Jane Chi,1500.9913673759147,35,14,21,1993-10-05,2000-10-28,1910
Elena Ruxandra Bertea,1500.9829840185755,4,2,2,2025-09-22,2026-02-01,1911
Ciakirova,1500.982902751257,2,1,1,1970-08-03,1970-08-03,1912
Anna Karin Svensson,1500.980194231484,8,4,4,1996-04-22,1997-04-25,1913
Tina Olsen,1500.9754931994835,2,1,1,1974-09-17,1974-09-17,1914
K Huldi,1500.9635944106867,2,1,1,1980-07-22,1980-07-22,1915
C Benzon,1500.950489845998,2,1,1,1980-07-22,1980-07-22,1916
Milusa Dosedelova,1500.9392285535723,2,1,1,1985-09-23,1985-09-23,1917
Jeanne Olsen,1500.9367536069885,2,1,1,1970-04-27,1970-04-27,1918
Anne Keothavong,1500.9223872183786,178,69,109,2001-04-24,2013-06-24,1919
Debbie Pruitt,1500.8990311651128,6,3,3,1968-03-04,1969-03-01,1920
Joszai,1500.8967593667899,2,1,1,1970-07-20,1970-07-20,1921
Nauhany Vitoria Leme Da Silva,1500.8654915511188,2,1,1,2025-09-08,2025-09-08,1922
Melissa Berry,1500.8624998614355,4,2,2,2003-03-03,2003-03-03,1923
Christina Horiatopoulos,1500.8499938772911,10,5,5,1999-02-27,2002-03-04,1924
Marcelle Voyame,1500.8391888137314,2,1,1,1978-10-30,1978-10-30,1925
Samantha Crawford,1500.8299363405067,25,8,17,2012-08-27,2017-01-16,1926
Oleksandra Korashvili,1500.8284988021671,2,1,1,2015-07-27,2015-07-27,1927
Frederica Piedade,1500.8250397676045,20,9,11,2001-03-05,2009-05-04,1928
Mynie Van Zyl,1500.8224268738636,10,3,7,1968-04-01,1974-11-18,1929
Shrivalli Rashmikaa Bhamidipaty,1500.8217695220487,2,1,1,2025-10-27,2025-10-27,1930
Jackie Pinto,1500.8107143392353,2,1,1,1980-11-17,1980-11-17,1931
Tricia Ann Greaves,1500.8015475779412,4,2,2,1999-02-23,1999-02-26,1932
Takhmina Burkhanova,1500.761548938186,4,2,2,2017-07-20,2017-07-21,1933
D Vechorek,1500.7535343881984,2,1,1,1971-08-09,1971-08-09,1934
Ani Mijacika,1500.7468064711852,7,3,4,2011-02-03,2016-05-30,1935
Giana Gutierrez,1500.7405771115448,4,2,2,1992-04-21,1993-04-23,1936
Seon Young Park,1500.7024841346702,2,1,1,1998-05-25,1998-05-25,1937
M Polli,1500.7022263080357,2,1,1,1968-05-06,1968-05-06,1938
Nami Urabe,1500.6827464091805,21,10,11,1997-05-10,1999-09-06,1939
Pfeiffer,1500.6780745905764,2,1,1,1970-08-24,1970-08-24,1940
M Robinson,1500.674325060953,9,4,5,1975-04-28,1977-05-23,1941
Dorothy Bogdanoff,1500.6711092388186,2,1,1,1973-09-17,1973-09-17,1942
Jana Simonova,1500.62913081443,2,1,1,1971-09-27,1975-08-18,1943
Teodora Tache,1500.6211544943371,2,1,1,1986-07-20,1986-07-20,1944
Roberta Alison,1500.6162683791997,7,3,4,1970-06-25,1972-07-03,1945
Estefania Craciun,1500.6104526100053,15,7,8,2003-04-23,2007-04-21,1946
Jennifer Obrien,1500.5987491840124,2,1,1,1989-10-01,1989-10-01,1947
Noma Noha Akugue,1500.5902098007557,15,7,8,2023-07-23,2026-04-13,1948
Yolimar Ogando,1500.5771233091027,10,5,5,2011-05-16,2014-04-11,1949
Edina Gallovits Hall,1500.5742281895318,136,53,83,2001-04-24,2015-06-29,1950
Maria Lourdes Carle,1500.5727189496781,47,18,29,2021-04-17,2026-03-30,1951
Erica Biro,1500.5718899636468,8,4,4,2003-03-03,2003-03-03,1952
Rosabel Moyen,1500.5609208366238,16,7,9,1992-04-13,1997-05-11,1953
N Christ,1500.5560918606993,2,1,1,1980-07-22,1980-07-22,1954
Natalia Gussoni,1500.5292577743387,15,6,9,2003-04-25,2006-05-01,1955
Cornish,1500.5105260509445,2,1,1,1968-02-26,1968-02-26,1956
Jean Sabatka,1500.4997406724262,2,1,1,1969-07-05,1969-07-05,1957
Rennae Stubbs,1500.4852241448395,107,34,73,1989-01-16,1998-06-22,1958
J Sim,1500.4678798985985,2,1,1,1976-04-26,1976-04-26,1959
Sofia Perez,1500.4470674827385,2,1,1,2018-07-20,2018-07-21,1960
Siham Soumeya Ben Nacer,1500.4398052253434,8,4,4,1998-05-07,2000-04-01,1961
Alice Tubello,1500.4364102739187,2,1,1,2025-08-04,2025-08-04,1962
Ping Sr Wang,1500.4197677463756,9,3,6,1981-11-09,1984-07-15,1963
Enid Kerr,1500.418113014125,3,1,2,1968-07-08,1969-07-07,1964
Shahrzad Banisaeid,1500.4164717800447,2,1,1,2018-02-07,2018-02-08,1965
Piia Suomalainen,1500.4031277492757,34,17,17,2002-04-11,2015-02-07,1966
Suzie Holm,1500.391346638305,2,1,1,1980-11-03,1980-11-03,1967
Julie Hanrahan,1500.3885238443575,13,5,8,1973-11-08,1975-12-26,1968
Luisa Stefani,1500.3882790852967,2,1,1,2015-07-27,2017-02-11,1969
Wendy Wasson,1500.3678120745894,2,1,1,1981-07-13,1981-07-13,1970
Estela Benavides,1500.350848569681,5,2,3,1972-10-16,1976-03-01,1971
Roberta Stark,1500.3451343306058,59,20,39,1973-04-16,1976-09-01,1972
Su Chen Lin,1500.3297081749668,2,1,1,2001-04-09,2001-04-13,1973
Ann Dielen,1500.3252410315247,4,2,2,1972-07-03,1974-04-22,1974
Krisna Summa,1500.31543915359,2,1,1,1991-07-21,1991-07-22,1975
Florentina Curpene,1500.30666452951,2,1,1,1986-07-20,1986-07-20,1976
Miriam Cruz,1500.29813631152,4,2,2,2004-04-20,2004-04-24,1977
Soumia Islami,1500.2914066782012,2,1,1,2008-04-23,2008-04-25,1978
Irina Shevchenko,1500.28774368332,2,1,1,1974-04-22,1979-04-30,1979
Oksana Yarikova,1500.2819847257074,2,1,1,1995-03-09,1995-03-11,1980
Komola Umarova,1500.2815807215682,2,1,1,2016-09-26,2017-07-20,1981
Iman Qureshi,1500.2799384847021,2,1,1,2013-02-08,2015-04-18,1982
Pat Wheeler,1500.2599679326033,12,5,7,1968-04-08,1976-10-25,1983
Helena Wimmer,1500.25558417782,6,2,4,1977-06-13,1978-11-27,1984
Maria Wolfbrandt,1500.2356786585303,5,2,3,1999-04-19,2002-08-05,1985
Alet Boonzaaier,1500.2277730407172,4,2,2,2004-04-27,2005-04-30,1986
Ashley Kratzer,1500.2245978758392,3,1,2,2017-08-28,2018-07-30,1987
Ching Wen Hsu,1500.2229976149724,4,2,2,2016-02-08,2018-02-09,1988
Nicki Robinson,1500.215034401439,4,2,2,1980-01-21,1980-02-03,1989
Mrs C Joy,1500.2096492172807,2,1,1,1968-05-27,1968-05-27,1990
Maryna Zanevska,1500.2082988462057,83,29,54,2013-07-08,2023-08-28,1991
Marianne Fornstedt,1500.1823608201435,3,1,2,1973-07-09,1974-07-08,1992
Cheryl Norquay,1500.1798926396161,8,3,5,1970-01-05,1971-12-27,1993
Sara Abaza,1500.1458191414656,2,1,1,1999-04-26,1999-04-30,1994
Glynis Oconnor,1500.1434211599992,2,1,1,1980-11-10,1980-11-10,1995
Janice Rapp,1500.1395825686068,4,2,2,1980-10-06,1980-11-24,1996
Jenny Burrows,1500.1384008460452,2,1,1,1972-01-04,1972-01-04,1997
Kirsten Mckeen,1500.113285223098,2,1,1,1980-06-23,1980-06-23,1998
Tanja Tuomi,1500.1108448032587,2,1,1,2013-04-19,2013-04-20,1999
Saara Orav,1500.0955733615776,2,1,1,2018-02-10,2019-02-08,2000
Wendy Gilchrist,1500.0845441478561,305,135,170,1968-01-19,1983-01-03,2001
Martha Downing,1500.083518568211,2,1,1,1974-05-06,1974-05-06,2002
Anne Duffy,1500.0765524081864,2,1,1,1972-05-06,1972-05-06,2003
Micheline Schneider,1500.0743964406001,2,1,1,1968-08-05,1968-08-05,2004
Getten,1500.067212672954,2,1,1,1980-07-05,1980-07-05,2005
Janine Schmahman,1500.061771676501,4,2,2,1972-04-02,1972-09-25,2006
Yan Sun,1500.057589830038,2,1,1,1987-07-26,1987-07-26,2007
Alexandria Liles,1500.0573278539262,2,1,1,2002-01-28,2002-01-28,2008
Irene George,1500.0502867590355,4,2,2,2004-04-20,2004-04-23,2009
Shaira Hope Rivera,1500.0494390461924,2,1,1,2020-02-07,2020-02-08,2010
Sharon Thompson,1500.0456324357522,2,1,1,1976-11-29,1976-11-29,2011
R Lamb,1500.0304787864106,2,1,1,1981-01-12,1981-01-12,2012
E Krot,1500.0249046731956,2,1,1,1976-06-14,1976-06-14,2013
Vanessa Menga,1500.0243242146666,34,15,19,1991-12-02,2002-01-28,2014
Barbara Simpson,1500.0084108036851,2,1,1,1970-10-29,1970-10-29,2015
Irma Lesser,1500.0082819270542,2,1,1,1968-01-01,1968-01-01,2016
Beryl Jenkins,1500.0080435541909,2,1,1,1968-01-19,1968-01-19,2017
M K Robinson,1500.0068930777102,2,1,1,1975-04-14,1975-05-05,2018
Alexandra Irina Anghel,1500.0,2,1,1,2025-09-15,2025-09-15,2019
Chris Corcoran,1500.0,2,1,1,1974-05-06,1974-05-06,2019
Doris Gildemeister,1500.0,2,1,1,1968-11-11,1968-11-11,2019
Jolene Roesler,1500.0,2,1,1,1969-07-28,1969-07-28,2019
Kay Hubbell,1500.0,2,1,1,1968-05-27,1968-05-27,2019
Pat Ocarroll,1500.0,2,1,1,1969-01-06,1969-01-06,2019
A Steiger,1499.9983167625503,2,1,1,1979-07-16,1979-07-16,2025
Tian Tian Sun,1499.9934605360465,95,35,60,2001-04-09,2009-02-07,2026
L Hobley,1499.988229555094,4,2,2,1976-04-26,1978-07-17,2027
A Baldwin,1499.98574010264,2,1,1,1981-03-06,1981-03-06,2028
Carol Bailey,1499.9813159086095,2,1,1,1977-01-17,1977-01-17,2029
Passuelo,1499.9766130712906,2,1,1,1980-05-07,1980-05-07,2030
Lindsay Standen,1499.9746677505739,2,1,1,1983-07-17,1983-07-17,2031
Clare Fong,1499.9744623716392,4,2,2,2011-01-31,2011-01-31,2032
Benyamini,1499.971914753873,2,1,1,1981-08-31,1981-08-31,2033
Mary Moore,1499.9688508991458,2,1,1,1968-05-27,1968-05-27,2034
Rakefet Binyamini,1499.9651039226758,2,1,1,1982-07-26,1982-07-26,2035
P Bland,1499.9620429456668,2,1,1,1979-07-16,1979-07-16,2036
Lina Gjorcheska,1499.9489566657635,4,2,2,2015-04-18,2017-06-05,2037
Yoon Ja Han,1499.9320054109235,1,0,1,1978-11-27,1978-11-27,2038
Bianca Kamper,1499.9194452656775,6,3,3,2001-03-05,2001-03-05,2039
Kate Turton,1499.9145281834976,8,3,5,1979-07-16,1981-08-17,2040
Susan Chapman,1499.8995845460388,4,2,2,1977-05-09,1977-05-23,2041
Agnes Zugasti,1499.8982820762624,4,1,3,1991-09-23,1992-06-08,2042
Annette Gerber,1499.8971350240315,2,1,1,1987-11-30,1987-11-30,2043
Toni Reed,1499.8865255137187,2,1,1,1980-04-30,1980-04-30,2044
Carolina Kuhl,1499.8849164106118,2,1,1,2025-08-04,2025-08-04,2045
Noelia Zeballos Melgar,1499.8839102823074,4,2,2,2023-04-11,2023-04-14,2046
Lydia Steinbach,1499.8807712685052,2,1,1,2003-11-03,2003-11-03,2047
Nicole Kriz,1499.867980443643,11,5,6,1999-02-27,2007-05-21,2048
Simon,1499.8657224905542,2,1,1,1969-08-04,1969-08-04,2049
Kathy Roziano,1499.8432051345667,2,1,1,1970-07-06,1970-07-06,2050
Jennifer Fenwick,1499.8337491380591,7,3,4,1976-10-09,1978-12-11,2051
Kathy Morton,1499.8177801320899,2,1,1,1973-06-25,1973-06-25,2052
Beatrise Zeltina,1499.8177339322067,2,1,1,2023-04-14,2023-04-15,2053
Martina Walsh,1499.8121776872713,1,0,1,1976-06-21,1976-06-21,2054
Fleur Broughton,1499.7997011813623,2,1,1,1998-04-13,1998-04-13,2055
Deniz Khazaniuk,1499.796483619612,6,3,3,2017-02-10,2018-09-17,2056
Ella Seidel,1499.794135878305,44,19,25,2023-07-23,2026-05-18,2057
Susan Parkhurst,1499.7895781628247,4,2,2,1968-01-22,1968-01-29,2058
S Harvey,1499.779380660971,2,1,1,1968-04-01,1968-04-01,2059
Anja Stankovic,1499.7775690671788,2,1,1,2025-09-22,2025-09-22,2060
J Farnish,1499.7756572545022,2,1,1,1981-04-13,1981-04-13,2061
Ksenia Efremova,1499.7717463967745,2,1,1,2025-02-24,2025-02-24,2062
Claudia Franke,1499.7537944669539,2,1,1,1982-05-17,1982-05-17,2063
A Niciforovic,1499.7532973203704,2,1,1,1972-03-27,1972-03-27,2064
Alla Kudryavtseva,1499.7526199148324,225,85,140,2005-08-08,2017-09-11,2065
Sandra Williams,1499.7511427564916,1,0,1,1972-12-05,1972-12-05,2066
Tilwith Di Girolami,1499.7509413961095,2,1,1,2025-08-04,2025-08-04,2067
Janet Campbell,1499.7482296001474,2,1,1,1976-11-29,1976-11-29,2068
Beatriz Maia,1499.7448365139708,2,1,1,2012-02-01,2012-02-02,2069
Patricia Bostrom,1499.7354208450533,164,63,101,1969-07-28,1979-07-02,2070
Katrina Lai,1499.7331408980501,4,2,2,2020-02-04,2020-02-08,2071
Maria Myers,1499.728330043173,2,1,1,1982-08-02,1982-08-02,2072
Mana Kawamura,1499.7256732929293,2,1,1,2025-06-16,2025-06-16,2073
Katerleen Szeman,1499.7234223663393,1,0,1,1973-12-26,1973-12-26,2074
S Wall,1499.712881135723,2,1,1,1979-07-16,1979-07-16,2075
B Wynronk,1499.71225631668,2,1,1,1973-07-16,1973-07-16,2076
Marilyn Bennett,1499.71225631668,2,1,1,1973-09-17,1973-09-17,2076
Mary Striebich,1499.71225631668,2,1,1,1968-07-14,1968-07-14,2076
Odette Jacob,1499.71225631668,2,1,1,1970-02-26,1970-02-26,2076
Yvonne Grimwade,1499.71225631668,2,1,1,1969-07-14,1969-07-14,2076
Susan Eagar,1499.7085387999684,1,0,1,1970-08-11,1970-08-11,2081
Biljana Dimovska,1499.703495698013,6,3,3,2000-03-04,2001-04-25,2082
P Fulza,1499.6990380698205,1,0,1,1975-01-13,1975-01-13,2083
Karin Lusnic,1499.6956526507988,2,1,1,1993-05-13,1993-05-15,2084
Isabella Escobar,1499.6936664316786,2,1,1,2010-04-21,2010-04-23,2085
Zsuzsanna Graczol,1499.6894907199903,1,0,1,1970-07-20,1970-07-20,2086
Edina Magyarossy,1499.6889428825525,1,0,1,1970-07-20,1970-07-20,2087
Aleksandra Ivanova,1499.6816423766381,25,11,14,1968-01-08,1974-02-04,2088
Cherry Armitage,1499.6801703296408,1,0,1,1971-12-01,1971-12-01,2089
Mary Von Tungeln,1499.6776770584988,2,1,1,1982-06-14,1982-06-14,2090
Ludmila Stavila,1499.6701954717298,2,1,1,2001-05-17,2001-05-18,2091
Courtenay Chapman,1499.67012636908,2,1,1,2001-03-05,2001-03-05,2092
Min Hwa Yu,1499.6674449725156,2,1,1,2009-02-07,2010-02-06,2093
Chris Breed,1499.6514718429244,2,1,1,1982-05-03,1982-05-03,2094
Brigitte Hoffmann,1499.640650149378,4,2,2,1968-03-11,1980-08-05,2095
Schweikert,1499.6268975524376,2,1,1,1969-02-27,1969-02-27,2096
Wyn Welsh,1499.6075277374093,1,0,1,1973-07-31,1973-07-31,2097
Nicola Salter,1499.6019257548066,3,1,2,1970-11-02,1971-11-08,2098
Deborah Brown,1499.5954271727055,2,1,1,1969-05-05,1969-05-05,2099
Yi Jing Zhao,1499.594226529067,2,1,1,2011-09-19,2011-09-19,2100
Jeong Myung Lee,1499.5904026770795,5,2,3,1987-07-26,1988-12-04,2101
Jeanne Arth,1499.5900358326478,1,0,1,1971-09-01,1971-09-01,2102
Maria Jose Olave,1499.5870875971589,2,1,1,1984-07-15,1984-07-15,2103
Katherine Westbury,1499.5866541265393,2,1,1,2018-02-07,2022-04-16,2104
Eva Lucido,1499.5735442473674,2,1,1,1982-07-19,1982-07-19,2105
Rosalyn Mccann,1499.5723452952254,2,1,1,1976-11-29,1976-11-29,2106
Rona Daniels,1499.5681082659055,4,2,2,1986-12-01,1986-12-08,2107
Lauren Breadmore,1499.56677078217,17,7,10,1999-02-27,2006-01-16,2108
V Hansson,1499.554052594334,2,1,1,1981-06-01,1981-06-01,2109
Aymet Uzcategui,1499.553583482956,16,8,8,2015-02-07,2020-02-08,2110
Eveline Vanhyfte,1499.543429054267,1,0,1,2005-04-23,2005-04-23,2111
Daniela Obando,1499.5415111611635,6,3,3,2016-02-04,2018-07-21,2112
Mrs G E Marshall,1499.5314522204137,2,1,1,1971-04-19,1971-04-19,2113
Gianfranca Devercelli,1499.51582350872,4,2,2,1994-04-11,1994-04-16,2114
Kirrily Sharpe,1499.5157069500317,24,9,15,1990-01-15,1996-03-03,2115
Olivia Lukaszewicz,1499.5054934358072,1,0,1,2004-01-19,2004-01-19,2116
Sabina Mediano Alvarez,1499.5036544988643,2,1,1,2002-01-28,2002-01-28,2117
T Cliff,1499.5016906484286,2,1,1,1979-07-16,1979-07-16,2118
Gisela Helmes,1499.5014705845044,2,1,1,1968-07-08,1968-07-08,2119
Dora Raguelova,1499.4954404101459,1,0,1,1975-08-05,1975-08-05,2120
Evelyne Terras,1499.4913926369975,66,28,38,1968-02-09,1977-05-16,2121
F A Rogers,1499.470384460044,1,0,1,1973-05-14,1973-05-14,2122
Liz Snyder,1499.4607566801353,2,1,1,1971-01-18,1971-01-18,2123
H Wilkins,1499.4493353190285,2,1,1,1981-07-13,1981-07-13,2124
Carmen Lopez Martinez,1499.4462380296852,2,1,1,2025-06-23,2025-06-23,2125
R Mclelland,1499.4452930345367,1,0,1,1969-12-29,1969-12-29,2126
Pam Kruger,1499.4421015119067,1,0,1,1974-11-18,1974-11-18,2127
Judy Clay,1499.4330062431854,2,1,1,1968-07-14,1968-07-14,2128
C Shu Mang,1499.4323527406864,2,1,1,1972-03-27,1972-03-27,2129
D Walker,1499.42872678006,2,1,1,1982-04-26,1982-04-26,2130
Ena Shibahara,1499.42620957726,22,8,14,2021-08-23,2025-10-27,2131
Sue Chancellor,1499.4214899965204,2,1,1,1979-05-28,1979-05-28,2132
Gabrielle Baker,1499.4021877021376,11,5,6,2002-03-04,2003-03-03,2133
Stacey Schefflin,1499.3992081206254,5,2,3,1991-01-14,1991-04-01,2134
Susan Anawalt,1499.3986853479946,4,2,2,1968-09-24,1974-05-06,2135
Stanislava Cozirscaia,1499.3982421722033,2,1,1,2006-04-26,2006-04-28,2136
Nicole Khirin,1499.3974385597385,4,2,2,2022-04-12,2022-04-15,2137
Selima Sfar,1499.3947814665303,113,45,68,1992-04-13,2010-04-26,2138
Jasmijn Gimbrere,1499.3783633562582,2,1,1,2025-08-04,2025-08-04,2139
Nellemieke Brouwer,1499.3699792897432,16,7,9,1972-03-20,1974-06-10,2140
C Watts,1499.369503554083,1,0,1,1972-02-01,1972-02-01,2141
Alice Lamport,1499.360690765544,2,1,1,2000-03-31,2000-04-01,2142
Anita Kurimay,1499.339109910154,6,3,3,1996-03-03,1996-03-03,2143
Maria Giorgia Farrugia Sacco,1499.3385222107788,2,1,1,2012-04-18,2012-04-19,2144
R Harvie,1499.3347598107714,2,1,1,1980-07-07,1980-07-07,2145
Maria Jose Portillo Ramirez,1499.3151669244667,2,1,1,2018-06-21,2019-02-09,2146
Chantal Van Gheluwe,1499.3123561900122,2,1,1,1970-02-26,1970-02-26,2147
Lucie Petruzelova,1499.306668968874,2,1,1,2025-09-15,2025-09-15,2148
Sara Quiroga,1499.3054119720996,4,2,2,2012-04-16,2012-04-21,2149
Susan Armstrong,1499.2899028166921,1,0,1,1971-12-01,1971-12-01,2150
Carol Heynen,1499.287606334641,4,2,2,1982-07-05,1982-08-02,2151
I Korsten,1499.2867423192088,1,0,1,1975-06-16,1975-06-16,2152
L Cronin,1499.2803809810196,2,1,1,1970-04-20,1970-04-20,2153
M Smith,1499.2730510871675,3,1,2,1972-12-05,1975-12-08,2154
Isabel Moure,1499.2713218275014,2,1,1,1978-10-09,1978-10-09,2155
P A Gent,1499.256505614439,2,1,1,1973-04-16,1973-04-16,2156
Ana Carmen Zamburek,1499.2540085227106,2,1,1,2019-04-18,2019-04-20,2157
Nurin Nabilah Roslan,1499.2341427675262,2,1,1,2016-04-12,2016-04-15,2158
Debbie Stewart,1499.2336293917642,43,20,23,1978-05-08,1982-02-15,2159
E Dufresne,1499.2218930913753,2,1,1,1974-05-28,1974-05-28,2160
D Verheijen,1499.2204730195863,2,1,1,1978-07-17,1978-07-17,2161
Leslie Butkiewicz,1499.213804879688,1,0,1,2005-04-23,2005-04-23,2162
Eun Hye Cho,1499.1934008795877,2,1,1,2007-04-17,2007-04-20,2163
Kathy Obrien,1499.1697326564872,23,10,13,1978-01-02,1983-10-17,2164
Leny Gan,1499.1630873067425,2,1,1,1968-05-06,1968-05-06,2165
Maria Gabriela Rivera Corado,1499.1626880932608,4,2,2,2022-04-14,2023-04-15,2166
Wilma Smit,1499.1570732795556,4,1,3,1974-11-18,1979-11-26,2167
Ekaterina Shulaeva,1499.154915701073,2,1,1,2007-08-13,2008-02-02,2168
Anne Fritz,1499.1519330602985,9,4,5,1977-04-11,1978-06-05,2169
Evghenia Ablovatchi,1499.1439192635876,8,4,4,1998-05-05,1999-04-30,2170
Lorna Wood,1499.1427564841315,1,0,1,1972-12-12,1972-12-12,2171
D Dunkin,1499.1373294251568,2,1,1,1974-07-08,1974-07-08,2172
Shieh Yen Leong,1499.1333113992303,2,1,1,1996-02-20,1996-02-23,2173
Maarit Nieminen,1499.128526677848,4,2,2,2002-04-09,2002-04-13,2174
Gabriela Duch,1499.1055036001487,2,1,1,2003-03-03,2003-03-03,2175
Martina Reinhardt,1499.0915134128127,7,3,4,1981-08-03,1985-09-23,2176
Hanna Chang,1499.0818977790188,2,1,1,2025-03-31,2025-03-31,2177
Lea Ghirardi,1499.0643406754427,69,23,46,1993-04-27,1999-05-24,2178
Iveta Daujotaite,1499.0542422824906,2,1,1,2016-04-13,2016-04-15,2179
Jill Toney,1499.0501057791093,2,1,1,1980-04-30,1980-04-30,2180
Vajda,1499.045919137712,2,1,1,1970-07-20,1970-07-20,2181
Natalia Vikhlyantseva,1499.0448705185545,96,38,58,2015-01-05,2022-07-25,2182
Paloma Collantes,1499.043430770329,2,1,1,1987-07-26,1987-07-26,2183
Roberta Smith,1499.0143460758845,1,0,1,1970-03-22,1970-03-22,2184
Serra Olgac,1498.998884672934,2,1,1,1998-05-07,1998-05-08,2185
Lea Degen,1498.9932721264547,1,0,1,1979-04-30,1979-04-30,2186
Kumarani Ranga Rao,1498.9905359378827,1,0,1,1971-05-03,1971-05-03,2187
Jan Brogan,1498.9835094110967,3,1,2,1974-05-06,1980-04-30,2188
A Bradley,1498.9794876702585,1,0,1,1979-07-16,1979-07-16,2189
Tanja Weigl,1498.9764066475057,3,1,2,1987-09-21,1988-07-25,2190
Laura Garrone,1498.974686724966,246,113,133,1984-05-21,1997-07-28,2191
Maria Martinez Vaquero,1498.970045689678,2,1,1,2025-06-16,2025-06-16,2192
Sue Solon,1498.9473324336452,1,0,1,1972-04-17,1972-04-17,2193
Johanna Chafin,1498.945194991972,2,1,1,1980-05-11,1980-05-11,2194
Hilary Merrick,1498.9252361310896,2,1,1,1969-07-14,1969-07-14,2195
Ingrid Jonge,1498.9133646590033,2,1,1,1978-10-09,1978-10-09,2196
Catalina Ramirez,1498.9075008124203,2,1,1,1992-04-21,1992-04-23,2197
Wanda Ferraz De Oliveira,1498.897910091528,2,1,1,1975-05-05,1975-10-20,2198
E Armstrong,1498.891055273012,8,3,5,1970-05-04,1978-07-10,2199
Kumiko Okamoto,1498.887782046106,73,24,49,1978-10-23,1992-02-04,2200
Rowena Niciforovic,1498.8862617272978,2,1,1,1972-01-03,1972-01-03,2201
A Coghlan,1498.874942582503,1,0,1,1970-07-06,1970-07-06,2202
C Stow,1498.8690258148229,1,0,1,1971-03-29,1971-03-29,2203
J Mcmurtrie,1498.863424286871,4,2,2,1979-07-09,1980-07-07,2204
Judy Langford,1498.847771546979,1,0,1,1971-12-01,1971-12-01,2205
C Espaiza,1498.8460561492,2,1,1,1981-06-01,1981-06-01,2206
J Coulter,1498.83832826434,1,0,1,1971-01-03,1971-01-03,2207
Yaroslava Shvedova,1498.8379762363438,341,154,187,2005-10-31,2021-08-30,2208
R Nieforova,1498.8309427780148,1,0,1,1971-01-03,1971-01-03,2209
Etta Harvey,1498.829143534176,2,1,1,1971-02-01,1971-02-01,2210
Cecily Mckillop,1498.8269328184224,2,1,1,1969-02-03,1969-02-03,2211
S Pullen,1498.7849073581674,2,1,1,1981-03-06,1981-03-06,2212
Nilupul Goonasekera,1498.7717090034537,2,1,1,2008-01-30,2008-01-31,2213
Sanda Mamic,1498.7599586875378,42,15,27,2004-04-26,2009-02-07,2214
Kirsten Dreyer,1498.7578383545936,9,4,5,1985-01-14,1992-02-24,2215
Martha Thornhill,1498.7492048607144,1,0,1,1972-04-17,1972-04-17,2216
D Hills,1498.7379471268216,2,1,1,1980-02-03,1980-02-03,2217
Francesca Todaro,1498.7313978128009,2,1,1,1982-07-26,1982-07-26,2218
S Richmond,1498.6941827183655,1,0,1,1981-04-16,1981-04-16,2219
Kim Griffiths,1498.677930289382,1,0,1,1981-04-16,1981-04-16,2220
Pei Jyue Lo,1498.6624391817961,2,1,1,1999-02-23,1999-02-26,2221
Terry Thomas,1498.6620334179875,2,1,1,1969-05-05,1969-05-05,2222
Diane Armao,1498.6469129109785,2,1,1,1972-04-02,1972-04-02,2223
Mayka Zima,1498.6376287457144,2,1,1,2016-04-14,2016-04-16,2224
Chelsey Gullickson,1498.6334078326681,1,0,1,2010-08-30,2010-08-30,2225
Wei Ping Lee,1498.624083084928,14,7,7,2004-04-20,2007-04-21,2226
Suzie Mair,1498.617141304358,7,3,4,1983-05-30,1987-06-11,2227
S Francis,1498.6097888765394,2,1,1,1978-07-17,1978-07-17,2228
Pam Nelson,1498.5758356386195,9,3,6,1991-02-25,1995-10-30,2229
A Brotherston,1498.5694801036998,2,1,1,1980-07-07,1980-07-07,2230
Ann Madden,1498.5498130807227,1,0,1,1970-03-22,1970-03-22,2231
E Debray,1498.5371407808111,1,0,1,1969-07-14,1969-07-14,2232
Margot Dittmeyer,1498.5351185405975,2,1,1,1968-07-31,1968-07-31,2233
Marinel Rudas,1498.5348314548717,4,2,2,2013-02-04,2013-02-09,2234
Martina Okalova,1498.5302227288723,2,1,1,2025-09-08,2025-09-08,2235
Jenny Waggot,1498.5279373447224,2,1,1,1972-03-27,1972-03-27,2236
Anna Lapushchenkova,1498.524639645852,23,7,16,2007-09-17,2010-08-02,2237
Isabelle Bojun,1498.5148227598938,1,0,1,1969-01-01,1969-01-01,2238
Sriningdiah Sutarniati,1498.50348381151,1,0,1,1977-06-13,1977-06-13,2239
Alice Lembeck,1498.4963266521017,2,1,1,1981-07-13,1981-07-13,2240
M Hollingworth,1498.4806820356762,1,0,1,1972-03-27,1972-03-27,2241
Hilda Zuleta Cabrera,1498.4567792456064,4,2,2,2011-05-16,2011-05-21,2242
Anne Chevalier,1498.4500997022872,37,16,21,1978-03-29,1980-08-04,2243
Schwarz,1498.4359713445376,1,0,1,1970-08-17,1970-08-17,2244
Nicole Ohn,1498.4221459735172,1,0,1,1970-05-11,1970-05-11,2245
Cilla Van Der Walt,1498.4212032765474,7,3,4,1977-12-01,1982-05-31,2246
Csilla Cserepy,1498.4209174602463,84,34,50,1981-11-09,1991-08-26,2247
Liliana Fernandez,1498.4121622073246,2,1,1,1984-07-15,1984-07-15,2248
Barbara Olszewska,1498.4052045875,2,1,1,1968-05-21,1968-05-23,2249
D Scott,1498.4016016591656,4,2,2,1977-05-02,1977-05-23,2250
Ana Candiotto,1498.397634490859,2,1,1,2025-09-08,2025-09-08,2251
Elisabeth Ciepka,1498.3954109068027,1,0,1,1970-05-11,1970-05-11,2252
Genevieve Greiwe,1498.3874871245166,19,9,10,1979-06-18,1982-06-28,2253
M Jeanneret,1498.3619527661756,4,2,2,1974-07-08,1980-08-28,2254
S Langdale,1498.3310388634632,2,1,1,1969-07-14,1969-07-14,2255
Gorana Matic,1498.3182655763185,6,3,3,1990-07-21,1992-05-04,2256
Inge Kubina,1498.3099980738375,9,3,6,1971-05-24,1980-05-22,2257
V Kuebel,1498.3077011038968,1,0,1,1977-01-05,1977-01-05,2258
Jacqueline Trail,1498.2994444930146,5,2,3,1997-08-25,1999-03-18,2259
K F Cooper,1498.2977204303272,1,0,1,1969-11-03,1969-11-03,2260
Svetlana Sinitsyna,1498.2972340882275,2,1,1,1995-03-09,1995-03-11,2261
Rebecca Llewellyn,1498.2700617790886,1,0,1,2005-06-20,2005-06-20,2262
Cathy Lorrains,1498.26070301926,1,0,1,1971-10-19,1971-10-19,2263
Barbara Downs,1498.25782305179,108,32,76,1968-03-25,1976-09-13,2264
Janice Kindle,1498.2284695299609,1,0,1,1971-08-12,1971-08-12,2265
Stephanie Tibbits,1498.221304851598,1,0,1,1993-11-01,1993-11-01,2266
Bernadette Burke,1498.197801354148,1,0,1,1970-07-06,1970-07-06,2267
Tashiko Takagi,1498.1974896126537,2,1,1,1985-07-08,1985-07-08,2268
Natalija Stevanovic,1498.1936434168194,12,4,8,2020-02-10,2024-04-15,2269
Celine Beigbeder,1498.1930429506504,29,11,18,2001-05-21,2003-05-26,2270
M De Villiers,1498.1914918857153,9,4,5,1975-04-28,1975-11-24,2271
Cathy Beene,1498.1762172220108,7,3,4,1976-08-21,1977-01-24,2272
Cheryl Mccann,1498.1738504482998,3,1,2,1969-11-26,1975-12-15,2273
May Emara,1498.1618907065954,2,1,1,1998-05-06,1998-05-09,2274
A Arnott,1498.1539547316784,3,1,2,1978-07-10,1979-07-09,2275
Y Komarova,1498.1473008926307,3,1,2,1973-01-15,1974-04-08,2276
Anete Bandere,1498.1461179643525,4,2,2,2002-04-09,2002-04-13,2277
Rena Abzhandadze,1498.1408308515454,3,1,2,1969-02-03,1969-12-29,2278
Sarah Van Emst,1498.1304034103782,2,1,1,2025-08-04,2025-08-04,2279
Lisa Fleming,1498.1278329394281,4,1,3,1973-06-25,1987-01-25,2280
Rasheeda Mcadoo,1498.0966714034018,2,1,1,2025-08-04,2025-08-04,2281
Maria Paz Orero,1498.0777880048377,4,2,2,2000-05-09,2000-05-12,2282
Denise Taylor,1498.0758792503002,24,11,13,1980-04-14,1981-08-03,2283
Noskova,1498.0727717466568,1,0,1,1972-05-08,1972-05-08,2284
Kathleen Cummings,1498.0677889458784,89,38,51,1980-06-23,1986-03-03,2285
Andrea Ritecz,1498.0654967282806,3,1,2,1984-07-15,1984-07-15,2286
Valeria Solovieva,1498.062905032483,9,3,6,2011-07-18,2016-08-01,2287
D Littleton,1498.0539724445111,2,1,1,1979-07-16,1979-07-16,2288
E Hofman,1498.0435621036934,1,0,1,1969-08-10,1969-08-10,2289
Hanna Katri Aalto,1498.0368451216775,19,10,9,1995-04-18,2000-05-19,2290
Ferny Angeles Paz,1498.0367889794497,4,2,2,2012-02-03,2017-07-22,2291
Ying Ying Duan,1498.0305914755397,96,39,57,2012-09-17,2020-01-06,2292
T Hughes,1498.0276905726296,1,0,1,1972-11-06,1972-11-06,2293
Jean Ceniza,1498.0155493241448,3,1,2,1993-10-25,1994-04-04,2294
Graciela Velez,1497.985373642725,6,3,3,1994-04-11,1999-04-14,2295
Barbara Brankovsky,1497.9778051827973,1,0,1,1972-08-15,1972-08-15,2296
Priska Madelyn Nugroho,1497.9670527821302,10,5,5,2020-03-03,2025-10-27,2297
Daniela Alejandra La Fuente Strassburger,1497.9641181434285,4,2,2,2018-07-18,2018-07-21,2298
M Kalberg,1497.9437954140005,1,0,1,1973-01-15,1973-01-15,2299
Yasmine Kabbaj,1497.9431699240245,5,2,3,2024-05-20,2026-05-18,2300
Lucia Rios De Almeida,1497.9401820298922,1,0,1,1976-06-14,1976-06-14,2301
Viktoria Kamenskaya,1497.939418737619,1,0,1,2017-04-24,2017-04-24,2302
S Hamilton,1497.888646989455,1,0,1,1970-07-06,1970-07-06,2303
Vojislava Lukic,1497.8858680066592,3,1,2,2007-04-18,2007-07-14,2304
Maria Mokh,1497.8758829508804,1,0,1,2008-10-27,2008-10-27,2305
Rosa Maria Togores Colom,1497.867808267999,1,0,1,1978-10-09,1978-10-09,2306
Regina Just,1497.8660219660476,4,2,2,1980-07-22,1981-07-13,2307
L De Crop,1497.8646910973962,1,0,1,1974-12-09,1974-12-09,2308
K Thatcher,1497.8534449008393,1,0,1,1980-11-17,1980-11-17,2309
Clelia Mazzoleni,1497.8490420600572,3,1,2,1972-08-28,1973-07-16,2310
Barbara Jordan,1497.8424626051035,177,70,107,1974-08-19,1985-10-07,2311
Paola Tampieri,1497.8341918314782,1,0,1,1992-05-04,1992-05-04,2312
Jing Ren,1497.8248336871045,3,1,2,2006-09-25,2006-10-02,2313
Darlene Rose,1497.823942319161,4,2,2,1972-06-26,1972-07-10,2314
Bunny Bruning,1497.8233246639086,130,51,79,1974-05-04,1981-04-29,2315
Svetlana Korzun,1497.818265817393,1,0,1,1973-02-26,1973-02-26,2316
Jane Jarosz,1497.8103753514724,5,2,3,1980-01-21,1980-05-26,2317
Ilse De Ruysscher,1497.8006619309022,3,1,2,1985-10-06,1989-07-17,2318
Eldina Fazlic,1497.7978327422318,4,2,2,1997-05-05,1997-05-09,2319
L Bell,1497.785691860358,1,0,1,1974-12-02,1974-12-02,2320
Ana Maria Bofill,1497.771820191562,1,0,1,1973-10-08,1973-10-08,2321
Jean Stedman,1497.7694141290488,2,1,1,1969-04-21,1969-04-21,2322
Anthea Rigby,1497.768321807704,4,1,3,1968-07-15,1969-04-28,2323
Anastasiya Komardina,1497.7664300018798,3,1,2,2015-10-12,2020-03-02,2324
Lorraine Coghlan,1497.7628233330067,3,1,2,1970-10-12,1971-06-21,2325
Kathy Grater,1497.7590157772572,1,0,1,1972-08-01,1972-08-01,2326
Ellen Berkman,1497.7571421960622,2,1,1,1980-07-21,1980-07-21,2327
Luidinant,1497.755067300073,2,1,1,1982-05-17,1982-05-17,2328
L Maxwell,1497.7486902103788,1,0,1,1971-05-31,1971-05-31,2329
Victoria Kan,1497.747092224968,1,0,1,2014-02-08,2014-02-08,2330
Gloria Santamaria,1497.746000515811,1,0,1,1973-10-08,1973-10-08,2331
Pei Chi Lee,1497.7250644425606,3,1,2,2016-02-08,2018-02-10,2332
S Thomson,1497.7246789857104,2,1,1,1982-04-26,1982-04-26,2333
Mittendorffer,1497.7224499290878,2,1,1,1982-04-05,1982-04-05,2334
Yushka,1497.7184802322297,2,1,1,1969-10-27,1969-10-27,2335
Satoyo Funaki,1497.7074362709204,1,0,1,1975-05-19,1975-05-19,2336
Karla Hall Gonzalez,1497.705379482373,6,3,3,1999-02-23,2000-05-13,2337
Hoffmeiner,1497.7022979335816,1,0,1,1974-05-29,1974-05-29,2338
E Scott,1497.6947169926805,1,0,1,1972-07-10,1972-07-10,2339
Irmler,1497.6880108480352,1,0,1,1971-05-24,1971-05-24,2340
Susan Leach,1497.6872511295062,6,3,3,1981-07-06,1983-05-30,2341
Dalila Jakupovic,1497.6705084433643,66,26,40,2014-02-06,2023-07-24,2342
Oceane Babel,1497.6651389517735,1,0,1,2021-05-31,2021-05-31,2343
Hana Fukarkova,1497.662608685268,18,8,10,1984-05-28,1988-09-19,2344
Nancy Feber,1497.6516497416494,75,27,48,1992-05-04,1997-06-23,2345
Helena Vildova,1497.6351719921106,1,0,1,1995-10-02,1995-10-02,2346
Ho Ching Wu,1497.6312498524303,11,5,6,2011-01-31,2023-10-09,2347
Louise Brough,1497.6275126932505,3,1,2,1970-09-21,1972-09-18,2348
Kateryna Baindl,1497.6002885869189,184,76,108,2013-07-22,2024-08-26,2349
Oxana Lyubtsova,1497.5760397851118,1,0,1,2009-02-09,2009-02-09,2350
Agnes Szatmari,1497.5745698327935,3,1,2,2008-03-03,2009-05-18,2351
Vicky Schofield,1497.553474381003,1,0,1,1970-10-20,1970-10-20,2352
Beatriz Villaverde,1497.532181157967,2,0,2,1973-11-18,1974-11-18,2353
Kristina Antoniychuk,1497.5260836878142,3,1,2,2007-09-24,2010-02-15,2354
Duson,1497.5052403141851,1,0,1,1971-07-05,1971-07-05,2355
Gina Diaz Ponce,1497.4884420043102,16,7,9,1971-01-04,1975-10-20,2356
Bryukhanchikova,1497.4699261313772,1,0,1,1972-02-20,1972-02-20,2357
Maria Tchakarova,1497.4655767167626,1,0,1,1969-08-10,1969-08-10,2358
E Schaffer,1497.4613583254356,1,0,1,1972-10-16,1972-10-16,2359
Judy Humphries,1497.4422080995678,2,1,1,1969-10-02,1969-10-02,2360
Ariana Marshall,1497.428129577936,4,2,2,2000-05-09,2000-05-13,2361
Ria Greeff,1497.4169723290884,3,1,2,1968-04-01,1970-03-22,2362
Kathy Barton,1497.4043554265504,1,0,1,1980-01-07,1980-01-07,2363
Kunstfeld,1497.3967318552566,5,2,3,1969-07-07,1970-08-17,2364
Helen Kelly,1497.3939682342836,1,0,1,1971-10-12,1971-10-12,2365
Realy,1497.3854822870321,1,0,1,1975-04-28,1975-04-28,2366
S Lonie,1497.3838801914033,1,0,1,1972-02-07,1972-02-07,2367
S Sivl,1497.372960544249,1,0,1,1974-07-15,1974-07-15,2368
Margaret Riley,1497.3696204030089,7,2,5,1974-10-07,1977-09-19,2369
Elizabeth Heffernan,1497.3323581712307,1,0,1,1969-07-07,1969-07-07,2370
Lisa Spain Short,1497.330762171171,66,24,42,1981-07-27,1986-07-14,2371
Alina Korneeva,1497.315062321575,12,5,7,2023-10-09,2026-05-05,2372
Isobel Ryan,1497.30610395907,1,0,1,1970-07-06,1970-07-06,2373
Estelle Van Tonder,1497.2998192744276,1,0,1,1970-03-22,1970-03-22,2374
P Pollard,1497.2962247311075,1,0,1,1972-05-15,1972-05-15,2375
Shahlio Ibadullaeva,1497.2909257358547,6,3,3,2000-04-25,2000-04-30,2376
Alice De Rochemont,1497.2805837336555,2,1,1,1969-06-30,1969-06-30,2377
Lauren Embree,1497.2459314156083,1,0,1,2009-05-25,2009-05-25,2378
Martine Burreau,1497.2446696545012,3,1,2,1978-03-29,1978-04-05,2379
Misleydis Diaz Gonzalez,1497.2386709476527,8,4,4,2009-04-21,2010-02-06,2380
Cagla Buyukakcay,1497.2386310636389,123,50,73,2005-05-16,2025-09-15,2381
Maeve Mcevoy,1497.2290783341366,1,0,1,1972-07-10,1972-07-10,2382
Jennifer Mundel,1497.2103711968184,191,82,109,1977-04-18,1990-11-05,2383
M Page Jones,1497.1919635913011,3,1,2,1972-07-10,1975-04-14,2384
Pam Jones,1497.1916362365255,1,0,1,1971-11-08,1971-11-08,2385
Nancy Gelner,1497.1877046390216,1,0,1,1968-10-03,1968-10-03,2386
Stephanie Martin,1497.172121672976,3,1,2,1991-08-05,1991-08-12,2387
Chris Thomas,1497.1572905090527,1,0,1,1977-06-06,1977-06-06,2388
Jenny Kincaid,1497.1542462082496,3,1,2,1971-08-16,1972-07-10,2389
Lorna Whitfield,1497.1194525823955,5,2,3,1976-04-26,1977-06-27,2390
Aileen Artus,1497.111418951996,1,0,1,1972-01-03,1972-01-03,2391
Julia Middendorf,1497.0909131592002,1,0,1,2021-04-19,2021-04-19,2392
Elena Bogdan,1497.088772335766,3,1,2,2013-07-15,2015-02-23,2393
Wiezorek,1497.0501854486372,1,0,1,1974-08-05,1974-08-05,2394
J Earl,1497.0479983086905,1,0,1,1972-02-22,1972-02-22,2395
Audra Cohen,1497.025632732553,3,1,2,2007-08-20,2007-08-27,2396
Dubravka Cupac,1497.023297767537,5,2,3,2002-03-04,2003-03-03,2397
Sissy Kelly,1497.0166477376342,1,0,1,1972-04-17,1972-04-17,2398
Madrie Le Roux,1497.015553231346,6,3,3,2013-04-20,2019-02-07,2399
Elizabeth Gibson,1497.0069017530607,17,8,9,1992-04-21,1997-05-17,2400
Li Lan Duan,1496.9715934182004,9,4,5,1980-10-13,1986-07-20,2401
Katerina Kroupova,1496.9558012741363,50,19,31,1992-05-18,1996-09-10,2402
Evagelia Roussi,1496.9505872413793,7,3,4,2000-05-16,2001-04-27,2403
Michele Gurdal,1496.9481351775137,275,110,165,1970-02-26,1981-05-25,2404
Jana Pospisilova,1496.9345496859994,74,31,43,1988-04-26,1994-05-10,2405
Florence Gauvain,1496.8847117998705,3,1,2,1988-09-19,1989-09-18,2406
Miriam Schnitzer,1496.8842854564598,18,5,13,1997-06-23,2001-07-23,2407
M Kyrke Smith,1496.8835661393823,1,0,1,1970-07-13,1970-07-13,2408
M Pratt,1496.8713196472866,4,2,2,1980-05-26,1980-05-26,2409
Mary Delay,1496.8594250918284,1,0,1,1974-01-07,1974-01-07,2410
Alexa Guarachi,1496.85399305292,5,2,3,2017-10-09,2019-02-09,2411
Madita Suer,1496.84928203045,15,7,8,2001-03-05,2003-03-03,2412
E Bryan,1496.8460602035284,1,0,1,1968-07-08,1968-07-08,2413
Daniela Schippers,1496.8415288810525,16,8,8,2010-04-19,2018-02-09,2414
Sachia Vickery,1496.8312029898068,95,38,57,2013-08-26,2024-09-09,2415
Ewa Zerdecka,1496.825830302522,6,3,3,1986-07-20,1988-12-04,2416
Elena Manevska,1496.8133026827727,2,1,1,1997-05-06,1999-04-30,2417
J Bailey,1496.8034035373003,1,0,1,1972-10-24,1972-10-24,2418
Liliana Guisiani,1496.7865840407183,1,0,1,1976-11-19,1976-11-19,2419
Merve Asimgil,1496.7810306687481,6,3,3,2001-05-14,2002-04-26,2420
Mirjam Bjorklund,1496.7711792903367,21,8,13,2017-07-24,2023-08-28,2421
Susan Prysor Jones,1496.7623689371533,5,1,4,1968-07-15,1974-07-15,2422
Melanie Oudin,1496.7495058771435,142,56,86,2008-03-10,2014-09-08,2423
N Prinsloo,1496.7441100515405,1,0,1,1969-04-01,1969-04-01,2424
Jennifer Thornton,1496.7431593002361,11,5,6,1985-10-06,1990-07-21,2425
Renee Khouri,1496.7301983025698,1,0,1,1969-08-26,1969-08-26,2426
Stela Penciu,1496.7167790167657,7,3,4,1994-04-19,1997-05-07,2427
I Cuypers,1496.7107135449924,3,1,2,1969-04-01,1970-03-22,2428
A Douglas,1496.694338628459,1,0,1,1979-07-09,1979-07-09,2429
Eileen Tell,1496.6941771809625,16,7,9,1982-06-14,1985-08-12,2430
A Mansson,1496.6768055669029,1,0,1,1978-01-31,1978-01-31,2431
Cynthia Campbell,1496.676775181877,3,1,2,1978-05-14,1982-07-19,2432
Alyssa Ahn,1496.6708805387536,1,0,1,2025-08-25,2025-08-25,2433
Laura Collins,1496.6439958408241,1,0,1,1969-01-01,1969-01-01,2434
Kraus,1496.6410722858907,1,0,1,1970-08-17,1970-08-17,2435
W Weir,1496.639705738469,1,0,1,1975-03-03,1975-03-03,2436
Alice Robbe,1496.627958775127,1,0,1,2024-04-15,2024-04-15,2437
Kristi Bastian,1496.6267090401668,1,0,1,1991-11-11,1991-11-11,2438
Carol Aucamp,1496.598371769144,8,2,6,1969-04-28,1973-09-10,2439
Shelley Solomon,1496.5887899382283,88,40,48,1981-07-13,1985-05-27,2440
Youliya Dimitrova,1496.5853599929583,8,4,4,1998-02-16,1999-02-26,2441
V Giugi,1496.5817055863026,1,0,1,1973-12-03,1973-12-03,2442
Lindquist,1496.5796989739063,3,1,2,1977-02-26,1977-03-03,2443
W Van Eeden,1496.5777129254554,1,0,1,1972-03-27,1972-03-27,2444
Sara Follen,1496.5739326910275,1,0,1,1973-07-09,1973-07-09,2445
Adrienn Hegedus,1496.563803315824,5,2,3,1998-03-02,2001-09-10,2446
J Ray,1496.562074830185,3,1,2,1973-05-14,1973-05-28,2447
Ann Mccloskey,1496.53516875546,1,0,1,1970-09-07,1970-09-07,2448
Angie Minissian,1496.5282628563778,1,0,1,1980-07-21,1980-07-21,2449
Lynn Koth,1496.5259897935796,1,0,1,1973-07-31,1973-07-31,2450
Witta,1496.5222816536536,1,0,1,1971-07-01,1971-07-01,2451
H Celaloglu,1496.5176431008717,1,0,1,1969-08-19,1969-08-19,2452
Katarina Frendelius,1496.5078678069733,1,0,1,1971-07-05,1971-07-05,2453
Gabriela Lastra,1496.5066236272355,1,0,1,2003-08-25,2003-08-25,2454
Flora Perfetti,1496.4967180935125,92,33,59,1992-05-04,1999-07-12,2455
C Morsi,1496.4868419697607,1,0,1,1976-03-01,1976-03-01,2456
Dimitriu,1496.471412071746,1,0,1,1974-11-18,1974-11-18,2457
Lark Walters,1496.4691775699923,1,0,1,1969-07-28,1969-07-28,2458
Asa Carlsson,1496.4639097308452,328,142,186,1992-04-20,2004-08-02,2459
Hennes,1496.460742075821,1,0,1,1977-07-04,1977-07-04,2460
Vogler,1496.4540878147702,1,0,1,1969-05-19,1969-05-19,2461
Cadence Brace,1496.4467605799414,3,1,2,2022-08-22,2026-02-23,2462
Marie Botha,1496.442613223483,1,0,1,1973-11-19,1973-11-19,2463
Amanda Fink,1496.4417744103164,1,0,1,2008-08-11,2008-08-11,2464
Christine Bell,1496.4414659636425,12,5,7,1967-12-25,1970-03-22,2465
Carolyn Liguori,1496.4215381220702,6,3,3,1968-06-04,1969-06-02,2466
Yuko Hosoki,1496.4147603999897,6,2,4,1995-09-12,1997-04-22,2467
Monika Waniek,1496.399256203643,3,1,2,1986-07-20,1986-07-20,2468
Misako Murakami,1496.3950419636187,1,0,1,1972-02-28,1972-02-28,2469
Suzanne Lundgren,1496.3854135161052,1,0,1,1973-07-23,1973-07-23,2470
Katharina Buche,1496.3849510649052,5,2,3,1992-02-10,1995-02-20,2471
Lena Dvotunik,1496.383957929596,1,0,1,1974-09-23,1974-09-23,2472
Mingge Xu,1496.3814853645868,4,1,3,2025-06-16,2025-06-30,2473
Maria Caceres,1496.3797216494804,1,0,1,1968-11-04,1968-11-04,2474
Mami Donoshiro,1496.3715582400425,1,0,1,1993-04-05,1993-04-05,2475
Rochling,1496.3571457059968,1,0,1,1969-08-12,1969-08-12,2476
Anne Sophie Bittighoffer,1496.3449389292064,1,0,1,1995-05-22,1995-05-22,2477
Sue Worsfield,1496.333067439373,1,0,1,1972-07-10,1972-07-10,2478
Pia Konig,1496.2996764222114,1,0,1,2018-02-09,2018-02-09,2479
Stacy Margolin,1496.2907151088737,189,82,107,1976-01-05,1985-07-23,2480
V Brown,1496.2906964250897,3,1,2,1978-07-10,1979-08-01,2481
Schuh,1496.288927763668,1,0,1,1970-08-24,1970-08-24,2482
R Jones,1496.2803580763323,1,0,1,1973-07-09,1973-07-09,2483
Manuela Zoni,1496.2666315933031,13,6,7,1976-04-05,1980-07-28,2484
Lynn Yin Tan,1496.25862889203,11,5,6,1996-02-20,1998-02-20,2485
Monica Giorgi,1496.258545477907,54,20,34,1968-04-08,1975-07-07,2486
Ema Burgic,1496.2486642932604,9,4,5,2010-02-03,2016-04-16,2487
Julia Lutrova,1496.241875661693,3,1,2,1995-09-18,1996-05-14,2488
Elvira Weisenberger,1496.2258700640932,78,31,47,1971-04-26,1978-04-17,2489
Katrina Adams,1496.2212941962318,169,55,114,1987-11-09,1998-02-23,2490
Ariana Arseneault,1496.217267327935,1,0,1,2025-07-27,2025-07-27,2491
Darija Jurak,1496.206703868806,3,1,2,2003-04-28,2004-07-19,2492
P Aubert,1496.205047603277,1,0,1,1968-08-25,1968-08-25,2493
Jade Lewis,1496.1887192082784,5,2,3,2017-01-02,2018-02-09,2494
Victoria Jimenez Kasintseva,1496.182596476414,27,9,18,2021-04-29,2026-04-21,2495
Lorna Agnew,1496.1751610182841,1,0,1,1969-07-07,1969-07-07,2496
Ekaterina Ivanova,1496.145798177139,26,10,16,2007-07-16,2011-10-17,2497
Alison Madden,1496.1399428523334,2,0,2,1969-12-29,1970-01-11,2498
A Mcpherson,1496.138099823183,1,0,1,1971-11-08,1971-11-08,2499
Frances Critchley,1496.1247045839173,1,0,1,1974-07-08,1974-07-08,2500
Carol Southmayd,1496.1217547957121,1,0,1,1969-03-18,1969-03-18,2501
Julie Gardiner,1496.1197663677046,1,0,1,1976-12-27,1976-12-27,2502
Alexandra Fusai,1496.1144498046992,237,90,147,1990-09-17,2002-06-24,2503
Irene Jozefowitz,1496.1128773046316,3,1,2,1969-02-14,1970-02-25,2504
Gioia Barbieri,1496.0912016087473,1,0,1,2014-04-21,2014-04-21,2505
Kaye Marfini Hand,1496.0877532991713,4,1,3,1990-10-23,1991-06-24,2506
S Mattin,1496.0867059198597,1,0,1,1970-03-31,1970-03-31,2507
Pat Rollinson,1496.0816994035006,3,1,2,1979-11-26,1979-11-26,2508
Kateryna Bondarenko,1496.0801791056128,348,148,200,2003-02-17,2024-08-19,2509
Jennifer Staley,1496.0741694631488,9,3,6,1968-06-10,1972-04-09,2510
Retha Human,1496.0617403557387,1,0,1,1981-11-25,1981-11-25,2511
L Ling,1496.0582812498144,1,0,1,1971-05-24,1971-05-24,2512
M Hendel,1496.0519502572643,1,0,1,1972-03-27,1972-03-27,2513
S Mccrae,1496.036364909366,2,1,1,1981-07-06,1981-07-06,2514
Kimiyo Yagawara,1496.0335426610886,5,2,3,1973-10-02,1974-10-07,2515
Janine Mauroy Toffier,1496.0274376712605,3,1,2,1968-04-22,1968-09-30,2516
Sharon Bender,1496.0161448139006,1,0,1,1980-11-24,1980-11-24,2517
Mika Stojsavljevic,1496.012095959858,3,1,2,2024-10-21,2026-04-10,2518
Andreea Prisacariu,1495.998349714453,8,3,5,2021-10-25,2025-09-22,2519
Noelia Serra Djamdjean,1495.988885747368,1,0,1,1996-05-21,1996-05-21,2520
Noelia Zeballos,1495.9328258329192,21,9,12,2012-01-30,2019-04-20,2521
Ariana Rahmanparast,1495.9327945271834,10,5,5,2014-04-09,2018-07-21,2522
Monica Weber,1495.9318317861723,1,0,1,1985-07-15,1985-07-15,2523
Astrid Wanja Brune Olsen,1495.9297658077214,4,2,2,2017-04-21,2018-04-20,2524
L Griffiths,1495.929316216872,3,1,2,1968-01-19,1969-01-01,2525
Nicole Stafford,1495.9241796849374,1,0,1,1980-05-26,1980-05-26,2526
Kylie Hunt,1495.9134020351207,18,9,9,1999-02-27,2000-03-04,2527
Zi Yan,1495.9045673910862,96,34,62,2002-09-09,2010-02-22,2528
Estelle Montgomery,1495.9042368595594,1,0,1,1979-11-26,1979-11-26,2529
Quinn Gleason,1495.8997068524736,1,0,1,2021-08-23,2021-08-23,2530
Leonie Kung,1495.8719664489868,16,7,9,2018-07-16,2025-03-31,2531
Joyce Laughton,1495.8538427901622,1,0,1,1981-04-29,1981-04-29,2532
Polina Monova,1495.8532129257871,1,0,1,2017-10-16,2017-10-16,2533
Kelly Liggan,1495.8530829094354,39,20,19,1999-04-27,2008-02-01,2534
Ani Gelats,1495.80492919774,1,0,1,1980-05-11,1980-05-11,2535
Katrina Bandere,1495.7886127599554,14,6,8,1999-04-19,2002-04-13,2536
Baerbel Kehl,1495.7654206875575,7,3,4,1980-03-10,1982-05-17,2537
Marcela De Grigorio,1495.7508026050634,1,0,1,1974-11-18,1974-11-18,2538
Maria Isabel Mosquera,1495.7487446477087,1,0,1,1969-03-11,1969-03-11,2539
Liv Hovde,1495.7455023421016,1,0,1,2024-03-06,2024-03-06,2540
Maria Ibarra,1495.7004189068618,1,0,1,1968-11-11,1968-11-11,2541
Melissa Brown,1495.6991090054153,46,17,29,1983-10-10,1988-08-01,2542
Ilona Kremen,1495.6884120740965,5,2,3,2013-02-06,2013-07-22,2543
Marilyn Headifen,1495.6743430970496,4,1,3,1969-06-09,1969-11-03,2544
L Hulton,1495.6684398851733,1,0,1,1973-07-09,1973-07-09,2545
Caroline Uebelhoer,1495.6603553030518,5,2,3,2025-06-23,2025-10-27,2546
Dale Mccloskey,1495.6402072225687,1,0,1,1970-09-07,1970-09-07,2547
Biljana Kostic,1495.6366113214374,2,0,2,1969-05-21,1970-05-20,2548
Ziegler,1495.6338664978498,1,0,1,1970-08-17,1970-08-17,2549
Nika Ozegovic,1495.6279485729358,13,4,9,2007-04-30,2008-07-21,2550
Weber,1495.6167378642026,1,0,1,1969-05-19,1969-05-19,2551
Becky Reese,1495.6112248753807,3,1,2,1969-03-18,1970-04-06,2552
J Turner,1495.6017728721004,4,1,3,1972-02-14,1972-06-05,2553
Carol Bentley,1495.6008568173197,3,1,2,1969-10-27,1970-07-06,2554
J Machand,1495.5668542111357,1,0,1,1978-06-05,1978-06-05,2555
S Zinkiewicz,1495.554657546715,1,0,1,1970-02-16,1970-02-16,2556
Ana Maria Donati,1495.5460563538147,1,0,1,1969-11-11,1969-11-11,2557
Kristina Schmiedlova,1495.5362217223742,1,0,1,2015-04-27,2015-04-27,2558
Rosalba Vido,1495.5360426689108,37,14,23,1969-05-05,1976-08-22,2559
Seiko Ichioka,1495.5330538229925,1,0,1,1993-02-09,1993-02-09,2560
Donna Kelly,1495.5237050447859,1,0,1,1980-11-17,1980-11-17,2561
Gwen Armstrong,1495.5177660327877,3,1,2,1969-10-14,1971-04-26,2562
G Geeves,1495.5072431353149,1,0,1,1975-05-05,1975-05-05,2563
Helen Retter,1495.5028643732362,3,1,2,1968-11-04,1969-07-14,2564
Ellen Schoengold,1495.4966455812648,1,0,1,1970-03-31,1970-03-31,2565
Mrs Ward,1495.4856647257106,1,0,1,1969-05-19,1969-05-19,2566
Leslie Koffi,1495.4830915610273,1,0,1,2003-07-28,2003-07-28,2567
Laura Viquez,1495.4806835905658,9,4,5,2002-05-14,2010-04-22,2568
Mullmann,1495.4801401778047,1,0,1,1976-01-05,1976-01-05,2569
Susan Moseley,1495.3941988178165,3,1,2,1969-05-05,1970-09-07,2570
Anita Platt,1495.3714693700617,1,0,1,1969-09-22,1969-09-22,2571
Iris Buntemeyer,1495.3487380539946,1,0,1,1970-01-21,1970-01-21,2572
L Miller,1495.343012686274,1,0,1,1980-11-17,1980-11-17,2573
Marion Foldina,1495.3412392413347,3,1,2,1975-08-25,1977-07-04,2574
L A Lesch,1495.3382607198178,1,0,1,1970-05-04,1970-05-04,2575
Elena Salvador Reja,1495.3380673813856,1,0,1,1997-05-19,1997-05-19,2576
Riya Bhatia,1495.3378798371898,3,1,2,2021-06-21,2022-04-16,2577
Julie Steven,1495.3206082647876,24,8,16,1992-08-31,1995-06-19,2578
M C Muntola,1495.3161477471015,1,0,1,1970-06-08,1970-06-08,2579
Mischkowski,1495.3105597005988,1,0,1,1969-05-19,1969-05-19,2580
Marjorie Love,1495.297212885405,22,9,13,1968-07-08,1981-05-25,2581
Donna Sattler,1495.2839164071856,1,0,1,1969-03-18,1969-03-18,2582
G A Opray,1495.2787124353854,1,0,1,1970-07-06,1970-07-06,2583
Nicole Boucher,1495.2771226214393,2,0,2,1972-08-15,1972-08-15,2584
Esme Laing,1495.2583241308644,6,2,4,1968-07-15,1972-07-17,2585
Aminita Van Der Hans,1495.255865416638,1,0,1,1969-03-11,1969-03-11,2586
Su Jeong Jang,1495.2419709849396,48,20,28,2013-09-16,2024-10-28,2587
M Caletz,1495.2315886929573,1,0,1,1970-01-11,1970-01-11,2588
Magdalena Kucerova,1495.2306164679605,1,0,1,2000-10-23,2000-10-23,2589
Simone Wolter,1495.225104253648,4,1,3,1979-04-30,1983-07-17,2590
Y Fischer,1495.2178868409787,1,0,1,1972-05-15,1972-05-15,2591
Katherine Hui,1495.205566291644,1,0,1,2024-02-26,2024-02-26,2592
Jutta Beymer,1495.192171855057,1,0,1,1970-05-04,1970-05-04,2593
Birgitte Hermansen,1495.1815584693124,8,3,5,1978-11-20,1979-06-04,2594
Helen Metzger,1495.181193170469,1,0,1,1974-01-07,1974-01-07,2595
J Angus,1495.1550435522959,3,1,2,1981-07-13,1981-08-03,2596
Starka,1495.1514696500647,1,0,1,1972-08-21,1972-08-21,2597
Dorien Wamelink,1495.1418235515487,1,0,1,1991-06-17,1991-06-17,2598
Eva Szorenyi,1495.1374728069047,5,2,3,1968-03-25,1968-04-08,2599
Ipek Soylu,1495.1331587851748,25,11,14,2014-02-07,2019-02-09,2600
Beverley Rae,1495.1327552484333,5,2,3,1968-01-19,1973-12-26,2601
E Visser,1495.1326460083596,1,0,1,1970-07-06,1970-07-06,2602
Niurka Sodupe,1495.1259940513155,27,9,18,1985-09-30,1990-04-09,2603
Dorothy Armstrong,1495.12201671521,2,0,2,1972-07-10,1973-07-09,2604
Jacqueline Cako,1495.1010413334006,3,1,2,2017-10-09,2018-07-23,2605
Yevheniia Savranska,1495.0899310492562,1,0,1,2009-04-13,2009-04-13,2606
Eva Fernandez Brugues,1495.0865481613507,3,1,2,2009-04-27,2009-05-04,2607
Victoria Duval,1495.0602595964444,20,6,14,2012-08-27,2018-09-10,2608
Ana Maria Ycaza,1495.0505888786602,8,3,5,1968-10-14,1972-04-09,2609
Carlene Peterson,1495.0472287033226,1,0,1,1970-09-07,1970-09-07,2610
Anna Purkova,1495.0398276854635,3,1,2,1968-07-04,1968-08-05,2611
Biondi,1495.0388815590807,1,0,1,1970-03-31,1970-03-31,2612
Eleana Yu,1495.0383271393168,1,0,1,2022-08-29,2022-08-29,2613
Christina Sotirova,1495.0379940776108,1,0,1,1975-05-05,1975-05-05,2614
Terry Metcalf,1495.0325291203026,1,0,1,1976-09-13,1976-09-13,2615
Anne Rockwell,1495.0319560550322,1,0,1,1972-09-18,1972-09-18,2616
Carolyn Ishii,1495.0243233240792,1,0,1,1970-05-04,1970-05-04,2617
Eri Murata,1495.0216944884762,4,1,3,1975-05-26,1978-07-17,2618
Denise Jordan,1495.018647177453,1,0,1,1980-06-09,1980-06-09,2619
Tatiana Lagoiskaya,1495.0139675877128,4,1,3,1972-09-25,1973-02-26,2620
Noha Mohsen,1495.007814553211,8,4,4,2001-05-14,2004-04-28,2621
Andrea Noszaly,1495.0047447158945,3,1,2,1989-10-01,1990-07-21,2622
Barbara Collet,1495.0038914102995,1,0,1,1992-05-25,1992-05-25,2623
Scaramanga,1495.001484215096,1,0,1,1969-07-14,1969-07-14,2624
Aina Rafolomanantsiatosika,1494.9758191602753,11,5,6,1997-05-11,2000-03-31,2625
Julie Harrison,1494.9700046979615,1,0,1,1978-07-03,1978-07-03,2626
E Blomberg,1494.9660318026447,1,0,1,1972-01-03,1972-01-03,2627
Desirae Krawczyk,1494.9621671497773,1,0,1,2021-04-05,2021-04-05,2628
Melissa Torres Sandoval,1494.9611181395762,30,12,18,1999-04-13,2009-03-02,2629
Samuelova,1494.9570416695149,1,0,1,1970-01-05,1970-01-05,2630
Anne Mall,1494.950913019157,21,7,14,1993-02-22,2008-02-01,2631
Heloise Burger,1494.9288712765579,3,0,3,1970-03-22,1971-03-29,2632
Julie Gervais,1494.9188821473385,1,0,1,2022-05-16,2022-05-16,2633
M Crawford,1494.9167473797388,1,0,1,1980-07-07,1980-07-07,2634
Xinxin Yao,1494.8856330304743,3,1,2,2024-09-25,2024-10-28,2635
Tatjana Malek,1494.8784704161665,1,0,1,2010-04-24,2010-04-24,2636
Susan Pendlebury,1494.8770179127755,5,2,3,1974-01-01,1976-04-26,2637
Veronica Kosch,1494.8636079403454,1,0,1,1973-08-16,1973-08-16,2638
Deborah Douglas,1494.8546337091677,3,1,2,1980-04-30,1981-04-29,2639
K B Smith,1494.8519106065353,1,0,1,1972-05-15,1972-05-15,2640
Petra Dizdar,1494.8499066639827,1,0,1,2003-04-28,2003-04-28,2641
Shandra Livingston,1494.837392566852,9,4,5,1981-07-27,1984-08-13,2642
Nikola Frankova,1494.8341154000689,1,0,1,2006-05-08,2006-05-08,2643
Natalia Garbellotto,1494.8279845028933,1,0,1,2003-04-25,2003-04-25,2644
Carol Eckert,1494.8265185881442,1,0,1,1969-01-27,1969-01-27,2645
M Ohara,1494.8098384740224,1,0,1,1975-04-28,1975-04-28,2646
Stacey Fung,1494.8063146618447,1,0,1,2023-09-18,2023-09-18,2647
Ye Ra Lee,1494.8062279730675,24,10,14,2005-04-20,2013-09-16,2648
Carolina Rodriguez,1494.8024980192633,1,0,1,1999-05-18,1999-05-18,2649
M J Smith,1494.7969060805287,1,0,1,1975-05-26,1975-05-26,2650
Talina Beiko,1494.796270472997,3,1,2,1995-04-17,1995-04-19,2651
Mrs A Peralta,1494.7921052826166,1,0,1,1970-06-01,1970-06-01,2652
Christine Hill,1494.791333020644,1,0,1,1971-07-13,1971-07-13,2653
Yoko Okada,1494.7889457539056,1,0,1,1974-10-07,1974-10-07,2654
Dalayna Hewitt,1494.7643375044436,1,0,1,2022-08-22,2022-08-22,2655
Carol Bertrand,1494.7562928924626,1,0,1,1981-08-17,1981-08-17,2656
J Lydall,1494.7518139634428,1,0,1,1972-01-10,1972-01-10,2657
Rissman,1494.7365261509246,1,0,1,1969-05-19,1969-05-19,2658
Marrit Boonstra,1494.7358617354148,1,0,1,2006-06-19,2006-06-19,2659
Lee Myers,1494.729077406912,3,1,2,1980-06-16,1980-06-30,2660
Susan Houlihan,1494.7242585805782,2,0,2,1969-07-07,1972-07-10,2661
Patty Polenski,1494.716401420187,1,0,1,1970-05-04,1970-05-04,2662
Kathleen Pratt,1494.7135003449434,1,0,1,1977-05-29,1977-05-29,2663
Manon Bollegraf,1494.6948772744706,226,101,125,1986-10-20,1995-09-25,2664
Beverly Culbertson,1494.6947913754097,1,0,1,1973-09-10,1973-09-10,2665
Carol Daniels,1494.6802084451854,1,0,1,1984-04-23,1984-04-23,2666
O Oosterhuizen,1494.6598241364745,1,0,1,1972-03-27,1972-03-27,2667
I Sadion,1494.652413204116,1,0,1,1971-07-05,1971-07-05,2668
Alicia Guri,1494.641052811919,1,0,1,1969-05-12,1969-05-12,2669
Jenneta Halliyeva,1494.6389368890052,9,4,5,2004-04-20,2012-02-04,2670
Sally Godman,1494.6363012345478,1,0,1,1988-06-06,1988-06-06,2671
Maaike Koutstaal,1494.633536603463,1,0,1,1995-01-02,1995-01-02,2672
V Wilson,1494.63202577761,1,0,1,1981-02-27,1981-02-27,2673
D Scothey,1494.6286251971794,1,0,1,1968-07-15,1968-07-15,2674
Ekaterina Makarova,1494.6271415343058,12,5,7,2021-09-13,2024-11-25,2675
Kayoko Tanaka,1494.6039835563674,1,0,1,1972-06-12,1972-06-12,2676
Alena Havrlikova,1494.6036609508155,1,0,1,1993-07-13,1993-07-13,2677
E Ride,1494.6008263272677,1,0,1,1969-08-10,1969-08-10,2678
B Fraser,1494.5773748295335,1,0,1,1969-07-14,1969-07-14,2679
Susanna Lee,1494.5700996199057,1,0,1,1984-08-06,1984-08-06,2680
R Epstein,1494.56865197163,1,0,1,1974-02-25,1974-02-25,2681
D Aspinwall,1494.5630662404128,1,0,1,1974-07-08,1974-07-08,2682
L Leske,1494.5611249598662,1,0,1,1973-04-16,1973-04-16,2683
Kristiana Sidorova,1494.5525733036989,1,0,1,2025-10-27,2025-10-27,2684
Rita Martin,1494.5510329041504,1,0,1,1972-10-20,1972-10-20,2685
Julia Jehs,1494.5130560911866,3,1,2,1992-05-18,1994-02-07,2686
Maja Palaversic,1494.5107922472553,20,8,12,1992-04-14,2002-07-08,2687
Carin Anderholm,1494.5086257164553,11,4,7,1984-04-23,1985-07-21,2688
R Thomas,1494.50282682255,1,0,1,1971-07-12,1971-07-12,2689
Allyson Ingram,1494.5023607316514,3,1,2,1987-03-09,1988-07-18,2690
Margareta Strandberg,1494.5011141685677,73,28,45,1968-02-19,1977-07-04,2691
M Wilkens,1494.5009703364808,7,3,4,1977-12-01,1978-05-29,2692
Jane Kincaid,1494.495015311473,8,3,5,1968-08-29,1972-08-14,2693
Teri Tafel,1494.4908761937506,1,0,1,1971-09-14,1971-09-14,2694
Linda Allred,1494.488435801625,1,0,1,1987-08-03,1987-08-03,2695
Susan Dalrymple,1494.4873707688796,3,1,2,1969-07-05,1970-08-03,2696
Claudia Argumedo,1494.484577527763,13,6,7,1998-04-30,2001-05-19,2697
Claudine Schaul,1494.4801645284642,120,57,63,1998-05-05,2017-04-22,2698
Nancy Harter,1494.478553484828,1,0,1,1974-10-07,1974-10-07,2699
Patricia Gomez,1494.468058832094,1,0,1,1978-10-30,1978-10-30,2700
Delia Sescioreanu,1494.466744119592,3,1,2,2004-07-19,2005-02-07,2701
L Sive,1494.4660921726238,1,0,1,1971-01-03,1971-01-03,2702
Stella Sampras,1494.4622514589491,3,1,2,1992-02-17,1992-06-08,2703
Vivienne Merson,1494.4503894596287,1,0,1,1968-11-04,1968-11-04,2704
Petra Raclavska,1494.4492619919502,4,1,3,1992-07-20,2000-07-10,2705
Maribeth Bunch,1494.4200088788143,1,0,1,1971-09-20,1971-09-20,2706
Tomoko Hirokawa,1494.417117127676,1,0,1,1974-10-07,1974-10-07,2707
H Avis,1494.4138710719908,1,0,1,1970-06-29,1970-06-29,2708
Jane Roberts,1494.3779893349288,3,1,2,1972-05-06,1973-09-17,2709
J Jenkins,1494.3577327576284,1,0,1,1975-04-21,1975-04-21,2710
Sue Epstein,1494.3449888102616,10,4,6,1968-01-29,1972-08-01,2711
Cecilia Estlander,1494.3370463277088,1,0,1,2009-04-25,2009-04-25,2712
Jennifer Elie,1494.3282337026783,1,0,1,2012-07-30,2012-07-30,2713
Laura Thorpe,1494.3230139913308,1,0,1,2012-04-09,2012-04-09,2714
Yuhan Wang,1494.3194054030398,1,0,1,2023-10-16,2023-10-16,2715
A Mayers,1494.3049934491266,1,0,1,1975-05-26,1975-05-26,2716
Maria Geznenge,1494.3049449006332,1,0,1,2002-08-26,2002-08-26,2717
Kristi Somers,1494.2980756536156,5,2,3,1977-03-28,1978-05-29,2718
P Kriger,1494.292880453825,3,1,2,1969-01-05,1969-04-01,2719
Molly Romeu,1494.2822575596463,1,0,1,1970-03-31,1970-03-31,2720
Katrina Nimmers,1494.2766788102253,1,0,1,2001-07-23,2001-07-23,2721
Debbie Parker,1494.263553622133,23,10,13,1977-07-11,1980-06-02,2722
T Fronin,1494.261976620844,1,0,1,1975-05-26,1975-05-26,2723
Kazuko Kuromatsu,1494.259313303455,1,0,1,1970-11-02,1970-11-02,2724
Irina Kotkina,1494.2537821739122,1,0,1,2006-05-22,2006-05-22,2725
Callaghan,1494.2492862354666,1,0,1,1982-05-17,1982-05-17,2726
Monica Lundqvist,1494.2458669767418,22,10,12,1985-07-14,1987-07-06,2727
Diana Srebrovic,1494.2350723153081,1,0,1,2001-09-17,2001-09-17,2728
K Pretorius,1494.2314109017964,5,2,3,1978-05-01,1978-05-29,2729
Emmanuelle Curutchet,1494.2267245295156,4,1,3,1997-05-26,1999-05-24,2730
Weronika Falkowska,1494.225981069908,4,1,3,2021-07-19,2023-04-14,2731
Cooper,1494.2253004187078,1,0,1,1980-03-31,1980-03-31,2732
Catherine Berry,1494.2236966407909,19,9,10,1981-02-27,1982-07-26,2733
Lindsay Blachford,1494.2190517118229,139,57,82,1969-07-14,1977-05-29,2734
Ana Salas Lozano,1494.2168903248062,1,0,1,1998-05-18,1998-05-18,2735
Catriona Mccarthy,1494.208739156966,1,0,1,1992-04-15,1992-04-15,2736
Shirley Huntingdon,1494.2036816220125,1,0,1,1970-01-11,1970-01-11,2737
Tammi Patterson,1494.1938233578535,2,0,2,2016-01-11,2016-01-18,2738
Dorota Dziekonska,1494.193381656945,5,2,3,1980-05-19,1981-08-31,2739
Shadisha Robinson,1494.1863268952902,1,0,1,2003-04-07,2003-04-07,2740
L Meehan,1494.1854578867583,1,0,1,1980-07-07,1980-07-07,2741
Marilyn Jansen,1494.173381133219,1,0,1,1974-01-07,1974-01-07,2742
Emelyn Starr,1494.1721734283578,1,0,1,2009-01-12,2009-01-12,2743
Miriana Tona,1494.1687884117302,1,0,1,2025-09-08,2025-09-08,2744
R Greeg,1494.1664909406056,1,0,1,1969-04-01,1969-04-01,2745
S Pearce,1494.156243511062,1,0,1,1974-06-03,1974-06-03,2746
Hipperson,1494.1540582076427,1,0,1,1976-03-08,1976-03-08,2747
J Carey,1494.1341517794722,1,0,1,1975-12-15,1975-12-15,2748
Lisa Levins,1494.1334039219655,3,1,2,1980-05-19,1981-07-20,2749
Anais Laurendon,1494.1323031359912,1,0,1,2003-05-26,2003-05-26,2750
Dee Williams Horne,1494.131761584473,1,0,1,1981-09-12,1981-09-12,2751
Claudia Giovine,1494.124854247769,1,0,1,2016-05-09,2016-05-09,2752
Marta Marrero,1494.1109346761525,178,74,104,1999-05-18,2007-02-19,2753
Delaille Hewitt,1494.109501098773,1,0,1,1969-08-26,1969-08-26,2754
Mrs M A T Walker,1494.104918558664,1,0,1,1971-05-31,1971-05-31,2755
Eva Martincova,1494.0970596338016,32,10,22,1993-07-12,2002-06-17,2756
Alison Bai,1494.0848554071179,1,0,1,2019-01-07,2019-01-07,2757
Klaartje Liebens,1494.0834541211452,1,0,1,2015-02-09,2015-02-09,2758
Lena Reichel,1494.081188338188,1,0,1,1969-04-28,1969-04-28,2759
Wendy Tomlinson,1494.048526120463,54,20,34,1967-12-25,1970-06-22,2760
Menendez,1494.0352731628898,1,0,1,1976-03-15,1976-03-15,2761
F Tokcan,1494.0338276809941,1,0,1,1972-07-24,1972-07-24,2762
Stanislava Hrozenska,1494.0275381396184,7,2,5,2000-10-23,2003-06-23,2763
Gudrin Rosin,1494.01554018187,3,1,2,1968-07-08,1969-01-27,2764
Annalisa Bona,1494.0136445677892,1,0,1,2012-04-09,2012-04-09,2765
Ann Murphy,1494.010214352524,3,1,2,1968-02-16,1968-05-27,2766
Cecilia Guillenea,1494.0078162860407,9,4,5,1998-04-17,2000-04-29,2767
Patricia Canning Todd,1494.0069756988842,1,0,1,1969-09-10,1969-09-10,2768
Carolina Espinoza,1493.9950843251268,5,2,3,1984-07-15,1987-07-26,2769
G Bishop,1493.9665127771273,1,0,1,1969-01-01,1969-01-01,2770
Erda Crous,1493.9458632168867,1,0,1,1989-07-17,1989-07-17,2771
Claude Moran,1493.9275784942681,1,0,1,1969-03-11,1969-03-11,2772
Lenskova,1493.9055432539215,1,0,1,1969-08-12,1969-08-12,2773
Judit Monori,1493.8959308680448,3,1,2,1968-08-26,1970-07-20,2774
Fangran Tian,1493.8877142779957,1,0,1,2023-10-02,2023-10-02,2775
Doreen Smith,1493.8857571501485,1,0,1,1968-07-15,1968-07-15,2776
B Crockford,1493.8667272217372,1,0,1,1969-08-19,1969-08-19,2777
Mrs P J Northern,1493.8588673683792,1,0,1,1970-03-27,1970-03-27,2778
Kuniyo Tsukamoto,1493.8529270172746,1,0,1,1981-10-12,1981-10-12,2779
Ana Alcazar,1493.852500586338,7,3,4,1997-04-28,1998-05-25,2780
Eva Andersson,1493.8522537703313,3,1,2,1968-06-06,1968-07-08,2781
Donna Lies,1493.8420455022026,1,0,1,1977-07-31,1977-07-31,2782
Vaishnavi Adkar,1493.8389754756774,3,1,2,2025-06-16,2025-10-27,2783
Marlin Noriega,1493.831079121979,1,0,1,1977-02-21,1977-02-21,2784
C Richens,1493.8287433236528,1,0,1,1970-11-02,1970-11-02,2785
Yael Shavit,1493.827862542082,1,0,1,1987-07-26,1987-07-26,2786
Elizabeth Joy,1493.8190168455399,3,1,2,1968-05-06,1971-05-24,2787
Weronika Baszak,1493.80811264124,1,0,1,2021-07-19,2021-07-19,2788
S Horrock,1493.8038024834,1,0,1,1970-07-13,1970-07-13,2789
Nathaly Kurata,1493.7934623107662,3,1,2,2018-02-08,2018-02-10,2790
Benz,1493.7884447265292,4,1,3,1976-07-05,1978-01-31,2791
M T Domenach,1493.7827605154891,1,0,1,1968-04-15,1968-04-15,2792
Segolene Berger,1493.7809329401823,1,0,1,1998-05-25,1998-05-25,2793
Sabrina Eisenberg,1493.767596303603,15,7,8,2002-01-28,2003-03-03,2794
Murmann,1493.7609717377945,1,0,1,1980-07-19,1980-07-19,2795
J Howard,1493.7607180959812,1,0,1,1970-01-11,1970-01-11,2796
Sophie Sarwat,1493.740933516121,1,0,1,1970-03-09,1970-03-09,2797
Chitarin,1493.7249804399312,1,0,1,1969-09-22,1969-09-22,2798
P Henry,1493.7228859924098,1,0,1,1979-07-09,1979-07-09,2799
L A Leach,1493.7226545433662,1,0,1,1971-05-03,1971-05-03,2800
Gussie Moran,1493.7216565807496,1,0,1,1971-09-01,1971-09-01,2801
Vicky Kiyomura,1493.7081145577076,1,0,1,1974-05-06,1974-05-06,2802
Rina Einy,1493.7006076991863,52,22,30,1980-04-14,1985-08-12,2803
Alexa Noel,1493.6997388493396,1,0,1,2024-08-26,2024-08-26,2804
R E Jones,1493.6985455142526,1,0,1,1968-07-08,1968-07-08,2805
Stephanie Wagner,1493.6983992512892,1,0,1,2021-10-25,2021-10-25,2806
Irina Buryachok,1493.6811829910012,1,0,1,2009-07-06,2009-07-06,2807
Gertraud Bayerl,1493.669215954075,1,0,1,1980-07-24,1980-07-24,2808
G Durrheim,1493.658183613366,1,0,1,1975-11-24,1975-11-24,2809
Mrs C T Linnig,1493.6579543198925,1,0,1,1971-04-12,1971-04-12,2810
Nicole Filippone,1493.6515938338885,1,0,1,1972-04-17,1972-04-17,2811
Tracy Almeda Singian,1493.6482836571683,9,2,7,1999-08-30,2001-09-24,2812
Heike Thoms,1493.6476780024764,10,3,7,1987-09-21,1992-07-06,2813
Peachy Kellmeyer,1493.621343137805,1,0,1,1968-04-25,1968-04-25,2814
Fiona Campbell,1493.6165640407878,1,0,1,1968-10-22,1968-10-22,2815
Kristin Godridge,1493.6026973449111,132,53,79,1990-01-01,2003-04-24,2816
Shawna Martin,1493.5921483271156,1,0,1,1991-06-24,1991-06-24,2817
F Henniker,1493.5885763688957,1,0,1,1971-07-05,1971-07-05,2818
Marianne Van Der Torre,1493.585489840153,71,28,43,1980-06-25,1988-02-01,2819
C Caplygin,1493.5810602026634,1,0,1,1972-01-19,1972-01-19,2820
Margie Rennie,1493.5550686627416,1,0,1,1971-12-01,1971-12-01,2821
Sonoe Yonezawa,1493.5508610714796,42,17,25,1978-02-27,1983-10-17,2822
Jane Holdren,1493.547425158952,7,2,5,1984-01-30,1987-10-25,2823
Heidi Aeberhard,1493.5465036887297,1,0,1,1968-07-15,1968-07-15,2824
Mahela Gartner Ockernahl,1493.5397414372399,3,1,2,1986-12-01,1986-12-08,2825
Elizabeth Alexander,1493.5269881259107,1,0,1,1987-08-17,1987-08-17,2826
Joan Johnson,1493.514881858409,6,2,4,1968-01-08,1974-01-07,2827
Castellano,1493.5018630303698,1,0,1,1969-09-08,1969-09-08,2828
Mrs M Rowley,1493.4946702953669,1,0,1,1971-04-12,1971-04-12,2829
Alienor Tricerri,1493.4904501144058,1,0,1,2001-07-21,2001-07-21,2830
Druen,1493.4852557639501,6,2,4,1978-01-31,1981-12-09,2831
Gigi Gonzalez,1493.4796536015026,1,0,1,1986-11-11,1986-11-11,2832
Pauline Wong,1493.477457605447,1,0,1,2009-02-06,2009-02-06,2833
Carolyn Webb,1493.4743179450193,1,0,1,1969-03-18,1969-03-18,2834
J Manson,1493.4639399209086,1,0,1,1980-06-02,1980-06-02,2835
Leslie Lipson,1493.4635118193378,1,0,1,1978-05-14,1978-05-14,2836
Yvonne Der Kinderen,1493.4595871913198,5,2,3,1987-11-30,1988-02-01,2837
Mailyne Andrieux,1493.4531211109813,1,0,1,2005-05-23,2005-05-23,2838
Yasmine Mansouri,1493.429070435655,7,3,4,2022-10-03,2025-09-08,2839
Yekaterina Morozova,1493.4262502528832,8,4,4,2004-04-22,2007-04-20,2840
Rosa Maria Perez,1493.4237432916048,1,0,1,1995-04-25,1995-04-25,2841
P M Groman,1493.4203282238295,1,0,1,1968-07-08,1968-07-08,2842
Kristina Grunberg,1493.4157652032836,1,0,1,1994-04-21,1994-04-21,2843
Sabrina Winterbauer,1493.4143703026518,1,0,1,1973-08-20,1973-08-20,2844
Alexis King,1493.4084378534835,1,0,1,2008-06-16,2008-06-16,2845
Scimone,1493.3947308767529,1,0,1,1971-09-27,1971-09-27,2846
Sonja Zhiyenbayeva,1493.3914991905008,1,0,1,2026-04-10,2026-04-10,2847
Lorenza Jachia,1493.3784654536312,13,5,8,1986-07-07,1991-07-15,2848
Aurelie Vedy,1493.3675606407594,1,0,1,2006-05-29,2006-05-29,2849
Irene Schultz,1493.3586861412182,17,7,10,1976-05-17,1980-07-24,2850
Linda Mcdonald,1493.3339758925317,4,1,3,1970-04-20,1970-06-01,2851
S Gomez,1493.327156213351,1,0,1,1980-04-14,1980-04-14,2852
Renee Potgleter,1493.326530813974,1,0,1,1980-11-24,1980-11-24,2853
Monika Ohlendieck,1493.294584873088,1,0,1,1980-07-07,1980-07-07,2854
C Hernandez,1493.2837825701483,1,0,1,1976-10-18,1976-10-18,2855
A Burchall,1493.276694591199,1,0,1,1974-07-08,1974-07-08,2856
Sheila Page,1493.2611562996672,5,2,3,1974-04-22,1974-06-03,2857
C J Beslam,1493.2566053999694,1,0,1,1972-06-05,1972-06-05,2858
Nicole Melichar,1493.2503466387147,1,0,1,2015-09-21,2015-09-21,2859
Jane Forman,1493.2472932059584,48,19,29,1981-07-07,1988-08-01,2860
Colette Caple,1493.2352771574238,2,0,2,1992-06-22,1993-06-21,2861
Gretchen Doninger,1493.2274206390966,1,0,1,1986-10-27,1986-10-27,2862
Yelyzaveta Kotliar,1493.221185053562,3,1,2,2025-05-19,2026-05-18,2863
Caryn Moss,1493.2124337906196,1,0,1,1987-04-13,1987-04-13,2864
Daniela Casanova,1493.2081157174132,1,0,1,2001-07-21,2001-07-21,2865
Bonnie Wolf,1493.1844976958316,1,0,1,1980-06-09,1980-06-09,2866
Bea Bielik,1493.1810431526585,8,2,6,2002-08-26,2004-02-16,2867
Margarida Moura,1493.1798502244528,1,0,1,2013-02-08,2013-02-08,2868
Helen Softley,1493.177763572372,1,0,1,1968-07-15,1968-07-15,2869
Sei Rei Cho,1493.1771437709408,6,2,4,1969-01-13,1972-02-28,2870
O Stojanovic,1493.173499319839,1,0,1,1970-04-06,1970-04-06,2871
R A F Black,1493.170703412618,1,0,1,1972-05-01,1972-05-01,2872
Bettina Horvath,1493.1669726320836,1,0,1,1998-09-07,1998-09-07,2873
M Whittles,1493.1641280665976,1,0,1,1968-07-15,1968-07-15,2874
Belinda Allen,1493.1615899525632,1,0,1,1971-11-08,1971-11-08,2875
G Ruiz,1493.1458478397708,1,0,1,1971-07-12,1971-07-12,2876
Robyn Field,1493.13615656418,9,3,6,1989-06-19,1990-08-06,2877
Silke Frankl,1493.1339147468568,119,42,77,1988-05-09,1995-06-26,2878
Yana Morderger,1493.1314272351815,1,0,1,2022-05-16,2022-05-16,2879
D Turner,1493.1294161111969,1,0,1,1982-06-01,1982-06-01,2880
Martyna Kubka,1493.1166809333465,3,1,2,2022-07-25,2025-06-16,2881
Elsa Rodriguez,1493.1165840617887,12,5,7,1977-06-26,1984-07-15,2882
Juli Raventos,1493.1012226961984,3,1,2,2012-04-18,2014-04-11,2883
Olga Fridman,1493.0833327861596,1,0,1,2016-05-16,2016-05-16,2884
H Baligh,1493.0797989986404,1,0,1,1973-03-02,1973-03-02,2885
Ia Jikia,1493.0794837535814,3,1,2,2006-04-26,2006-04-29,2886
Julia Stusek,1493.0492866391191,1,0,1,2024-06-24,2024-06-24,2887
Michel,1493.0486152102892,1,0,1,1976-07-05,1976-07-05,2888
Ann Northway,1493.03618289611,1,0,1,1968-07-15,1968-07-15,2889
Caroline Delisle,1493.029727331512,4,1,3,1993-11-01,1994-10-31,2890
Charlotte Leatham,1493.0138323409851,18,7,11,1975-04-14,1981-07-13,2891
Csilla Borsanyi,1493.0115229678934,1,0,1,2012-04-30,2012-04-30,2892
M J Day,1493.0058140703088,1,0,1,1969-04-21,1969-04-21,2893
Alice Nohacova,1492.9991462003886,2,0,2,1990-09-10,1991-07-15,2894
Frances Altick,1492.993753064325,1,0,1,2016-04-04,2016-04-04,2895
Renata Kolbovic,1492.9935295575885,9,3,6,1997-08-11,2001-09-17,2896
Camila Ramazzini,1492.9750675902283,3,1,2,2014-04-10,2014-04-12,2897
Cacilia Charbonnier,1492.9706116070197,2,0,2,1999-04-17,1999-04-17,2898
M Fenny,1492.9696191887328,1,0,1,1972-06-05,1972-06-05,2899
R Day,1492.9695960637368,1,0,1,1973-06-04,1973-06-04,2900
Chris Mattson,1492.9659093975984,9,4,5,1968-07-04,1970-11-09,2901
Isabelle Wallace,1492.954326304206,1,0,1,2018-05-28,2018-05-28,2902
Reiko Ino,1492.94847779737,5,2,3,1999-09-06,1999-09-06,2903
Adriana Velcheva,1492.9378054062017,5,2,3,1983-07-17,1985-09-23,2904
Vendula Valdmannova,1492.9292657501164,1,0,1,2026-02-01,2026-02-01,2905
Sarah Iliev,1492.9161922633855,1,0,1,2023-05-22,2023-05-22,2906
Carrie Fotopoulos,1492.9158885146396,1,0,1,1970-09-07,1970-09-07,2907
Nancy Allen,1492.9154498320734,1,0,1,1972-03-21,1972-03-21,2908
Margot Knowles,1492.911636264552,2,0,2,1969-10-21,1970-10-20,2909
Carolina Alves,1492.909711780075,18,8,10,2015-07-27,2025-09-08,2910
Amanda Elliott,1492.8888978643063,1,0,1,2008-06-09,2008-06-09,2911
Teresa Jennings,1492.886200736898,1,0,1,1981-09-12,1981-09-12,2912
Indu Sood,1492.8856803397289,1,0,1,1969-01-27,1969-01-27,2913
L Pintae,1492.8821301250232,1,0,1,1969-01-27,1969-01-27,2914
Amelia Rajecki,1492.8818633724802,1,0,1,2024-06-17,2024-06-17,2915
Mary Fuller,1492.8760832563692,3,1,2,1968-02-16,1968-08-05,2916
Jana Juricova,1492.875363848575,1,0,1,2012-07-09,2012-07-09,2917
B Cooke,1492.8746002269204,1,0,1,1981-04-16,1981-04-16,2918
Cristina Moros,1492.8699833369926,1,0,1,1991-07-22,1991-07-22,2919
M Lindqvist,1492.8610839631772,1,0,1,1975-07-07,1975-07-07,2920
Sandra Klemenschits,1492.8583996710133,1,0,1,2003-11-03,2003-11-03,2921
Ann Daunic,1492.8522207433464,1,0,1,1969-02-14,1969-02-14,2922
Helga Vieira,1492.8463967509974,12,5,7,2000-03-28,2002-01-28,2923
Betty Hagerman,1492.8452566812377,1,0,1,1968-09-13,1968-09-13,2924
Volokova,1492.8442174991621,1,0,1,1973-07-09,1973-07-09,2925
Akvile Parazinskaite,1492.8413606197228,5,2,3,2014-04-16,2015-04-18,2926
Maria Rothschild,1492.839520391532,5,2,3,1978-01-23,1979-07-09,2927
Conchita Martinez Granados,1492.8156587458266,91,40,51,1998-02-16,2007-07-16,2928
Giarrusso,1492.81332042845,1,0,1,1970-03-31,1970-03-31,2929
Jennifer Ruggeri,1492.8042889053445,1,0,1,2026-05-05,2026-05-05,2930
Erica Oneill,1492.8025068539048,1,0,1,1989-01-31,1989-01-31,2931
Jackie Pallister,1492.79856512608,4,1,3,1969-04-21,1970-04-13,2932
S Johns,1492.7979997169562,1,0,1,1975-05-26,1975-05-26,2933
Betona Pellon Fernandez,1492.7920890120934,3,1,2,1978-10-09,1984-07-15,2934
Nan Nan Liu,1492.7853410600437,9,3,6,2001-09-24,2005-01-17,2935
Chere Surendra,1492.7713246866194,1,0,1,1969-01-06,1969-01-06,2936
Susan Riebel,1492.7653395256834,1,0,1,1970-01-26,1970-01-26,2937
K Vyahkh,1492.7641092236302,1,0,1,1973-01-15,1973-01-15,2938
Valerie Glozman,1492.7542339015472,1,0,1,2025-08-25,2025-08-25,2939
A Mateo,1492.7532672585178,1,0,1,1974-10-14,1974-10-14,2940
Kristin Leiz,1492.7428515482334,1,0,1,1973-10-08,1973-10-08,2941
Hedy Jackson,1492.7235737263306,5,2,3,1973-01-01,1975-01-06,2942
Nora Koves,1492.7219864267493,1,0,1,1997-04-22,1997-04-22,2943
Connie Yowell,1492.7188883904691,3,1,2,1981-07-20,1981-07-27,2944
J Cary,1492.718138599095,5,2,3,1974-12-02,1977-05-23,2945
Gerlach,1492.6992238675864,1,0,1,1974-05-29,1974-05-29,2946
Ziva Falkner,1492.6953710957819,3,1,2,2021-09-13,2022-04-16,2947
S Cogswell,1492.694859421426,1,0,1,1970-07-13,1970-07-13,2948
Mrs Walker,1492.6929792444635,1,0,1,1969-06-02,1969-06-02,2949
Nasayo Horio,1492.6913000257746,1,0,1,1979-10-22,1979-10-22,2950
A Benade,1492.6814033552039,2,0,2,1968-12-21,1968-12-30,2951
Sielman,1492.6708811861256,1,0,1,1974-04-02,1974-04-02,2952
Carolyn Clark,1492.6572616113594,1,0,1,1969-03-17,1969-03-17,2953
P Lowden,1492.6558135469982,1,0,1,1974-10-07,1974-10-07,2954
Sabine Klaschka,1492.641520352467,4,1,3,2002-07-08,2005-07-25,2955
Lienkie Snyman,1492.639964461632,1,0,1,1981-11-25,1981-11-25,2956
Priscilla Hon,1492.6290583498267,59,18,41,2016-01-04,2026-02-23,2957
Tanya Volkova,1492.624452123231,3,1,2,1999-04-26,1999-04-30,2958
O Baligh,1492.623716441306,1,0,1,1973-03-02,1973-03-02,2959
Ayaka Okuno,1492.6225530038946,1,0,1,2016-02-08,2016-02-08,2960
Ann Etheredge,1492.6205930374158,3,1,2,1975-07-07,1977-06-26,2961
Rita Peshawaria,1492.6197925900894,1,0,1,1969-01-13,1969-01-13,2962
Boglarka Berecz,1492.618764547989,5,2,3,1998-04-13,1998-04-13,2963
Juergens,1492.6090479007685,1,0,1,1968-05-30,1968-05-30,2964
Mrs R Cakans,1492.60493532585,1,0,1,1973-05-14,1973-05-14,2965
V Rappoport,1492.601320869422,1,0,1,1969-02-03,1969-02-03,2966
L Raper,1492.5979036852245,1,0,1,1980-06-02,1980-06-02,2967
Tuppy Dougherty,1492.5946931878532,1,0,1,1969-07-14,1969-07-14,2968
Laila Taie,1492.5902584781456,1,0,1,1973-03-12,1973-03-12,2969
Maria Strandberg,1492.5899955800498,2,0,2,1969-11-26,1971-07-05,2970
Julie Exum,1492.571100079333,1,0,1,1991-04-08,1991-04-08,2971
Helga Spitskowski,1492.565622369636,2,0,2,1972-06-05,1973-06-11,2972
Margaret Burns,1492.5583577109342,2,0,2,1970-07-06,1973-07-09,2973
Nuria Montero,1492.554017755206,1,0,1,1998-05-18,1998-05-18,2974
Amandine Dulon,1492.5491553432448,1,0,1,2003-05-26,2003-05-26,2975
Fay Lobb,1492.546633180463,1,0,1,1970-01-12,1970-01-12,2976
Yana Buchina,1492.5227185748577,2,0,2,2009-10-19,2011-07-18,2977
S Presco,1492.5180705296252,1,0,1,1973-05-14,1973-05-14,2978
Ying Bi,1492.5077709774496,3,1,2,1993-07-20,1994-02-14,2979
Carla Prieto,1492.4993000554437,9,4,5,1998-05-01,2002-05-18,2980
Patsy Rippy,1492.4934761828333,1,0,1,1968-03-11,1968-03-11,2981
Seone Mendez,1492.4928585771477,5,2,3,2021-08-02,2022-02-28,2982
Emily Bond,1492.4879095980116,1,0,1,1994-09-19,1994-09-19,2983
Sue Rasmussen,1492.4817776171906,8,3,5,1978-02-13,1982-08-02,2984
P A Martin,1492.4790563954882,1,0,1,1969-07-14,1969-07-14,2985
Jewel Peterson,1492.4672081579647,1,0,1,2005-03-23,2005-03-23,2986
Valeria Balaj,1492.4652732399816,3,1,2,1970-09-28,1974-09-17,2987
Nadia Echeverria Alam,1492.462970452016,1,0,1,2016-04-11,2016-04-11,2988
Lisa Zaar,1492.4561408716463,1,0,1,2026-05-18,2026-05-18,2989
Rochelle Rosenfield,1492.4417398020848,47,22,25,1996-03-03,2002-03-04,2990
B Day,1492.4392201436742,1,0,1,1973-06-04,1973-06-04,2991
Mary Penn,1492.4359766898012,1,0,1,1968-06-04,1968-06-04,2992
Vicky Martin,1492.4234518632895,1,0,1,1981-11-25,1981-11-25,2993
A Derby,1492.4103864201056,5,2,3,1972-05-01,1974-07-08,2994
Mcguire,1492.4076711426546,1,0,1,1975-05-05,1975-05-05,2995
Birthe Glatzel,1492.4049980044044,8,3,5,1976-01-05,1980-07-24,2996
A Wilson,1492.398015939677,1,0,1,1982-04-08,1982-04-08,2997
Demi Schuurs,1492.3954896194632,1,0,1,2023-09-18,2023-09-18,2998
Micki Larkin,1492.3932245871156,3,1,2,1975-08-18,1976-08-21,2999
Stephanie Foretz Gacon,1492.3908177656274,177,62,115,1999-05-17,2015-01-19,3000
Silvia Disderi,1492.379594872853,1,0,1,2007-07-16,2007-07-16,3001
Karin Miller,1492.3784804640836,7,2,5,1995-02-13,1999-01-18,3002
Akiko Yonemura,1492.3770530444517,1,0,1,2008-02-04,2008-02-04,3003
J Criton,1492.367348008854,1,0,1,1974-07-08,1974-07-08,3004
Sriya Gunaratne,1492.3671180485107,1,0,1,1968-12-30,1968-12-30,3005
Graciela Groch,1492.3598488879463,2,0,2,1973-11-18,1975-11-10,3006
P J Hoot,1492.3567254483646,1,0,1,1968-07-08,1968-07-08,3007
Mi Ok Kim,1492.3466002390746,3,1,2,2002-03-08,2003-04-25,3008
Ayako Hirose,1492.3420568900249,2,0,2,1993-02-02,1994-09-20,3009
Anne Frautschi,1492.3332542682365,1,0,1,1977-06-26,1977-06-26,3010
M Thorn,1492.3262741870913,1,0,1,1975-04-28,1975-04-28,3011
Ghita Benhadi,1492.3175626384582,1,0,1,2016-04-25,2016-04-25,3012
Elizabeth Galphin,1492.3160481048014,10,4,6,1985-09-23,1988-07-18,3013
Elizabeth Kobak,1492.3112908210726,1,0,1,2004-08-24,2004-08-24,3014
Michele Wreem,1492.3053911359286,1,0,1,1991-11-11,1991-11-11,3015
Matea Mezak,1492.305040783233,3,1,2,2001-04-28,2001-07-21,3016
R Smith,1492.3046324961174,1,0,1,1975-05-26,1975-05-26,3017
Sandra Zaniewska,1492.3011729452903,4,1,3,2012-06-25,2013-04-08,3018
Mary Gambale,1492.3002886926472,1,0,1,2005-08-29,2005-08-29,3019
Eva Paalma,1492.2991768849697,3,1,2,2012-02-04,2013-04-20,3020
M Fitzpatrick,1492.2928746411335,1,0,1,1969-11-26,1969-11-26,3021
J Bouwer,1492.2897555735005,1,0,1,1975-11-24,1975-11-24,3022
Akasha Urhobo,1492.287946183752,3,1,2,2024-10-28,2026-03-30,3023
Mailen Auroux,1492.2820149377644,1,0,1,2011-07-16,2011-07-16,3024
Brenda Garcia,1492.2816266670573,11,3,8,1968-09-24,1974-05-06,3025
Dalila Spiteri,1492.2804186647454,1,0,1,2023-05-08,2023-05-08,3026
Andrea Menezes,1492.2742111066466,9,3,6,1971-01-18,1973-05-03,3027
Anne Marie Casado,1492.2702441775386,1,0,1,1975-07-07,1975-07-07,3028
Kiana Marshall,1492.2667399307643,5,2,3,2014-04-09,2017-07-22,3029
Zoe Gwen Scandalis,1492.2638689208993,1,0,1,2011-08-01,2011-08-01,3030
Clare Thompson,1492.2584593247136,1,0,1,1988-01-11,1988-01-11,3031
Palma Kiraly,1492.2578748323242,1,0,1,2008-07-07,2008-07-07,3032
S Molon,1492.2399151642837,1,0,1,1969-04-08,1969-04-08,3033
Nancy Hurley,1492.2288403438686,1,0,1,1968-09-01,1968-09-01,3034
Tatiana Kovaltchouk,1492.2034726263946,10,4,6,1996-03-29,2001-04-26,3035
Eva Duldig,1492.20333310053,5,2,3,1968-01-19,1969-01-06,3036
Nancy Russell,1492.1911830912766,1,0,1,1974-01-07,1974-01-07,3037
Bianco,1492.184713156491,1,0,1,1978-04-05,1978-04-05,3038
Glenny Cepeda,1492.1846621356278,20,9,11,1996-05-06,2002-05-18,3039
Maria Muntanola,1492.1843979500977,1,0,1,1978-10-09,1978-10-09,3040
Audrey Albie,1492.182384199305,1,0,1,2019-05-27,2019-05-27,3041
Patricia Armet Sanpere,1492.1799938546555,1,0,1,1978-10-09,1978-10-09,3042
Y Slepchenko,1492.1663527440012,1,0,1,1969-02-11,1969-02-11,3043
Karine,1492.154701935046,1,0,1,1973-03-12,1973-03-12,3044
Abigail Tordoff,1492.1500380178088,1,0,1,1999-06-21,1999-06-21,3045
J Hennessy,1492.148362956021,3,1,2,1968-01-08,1968-04-01,3046
S Worsford,1492.147135924168,1,0,1,1974-07-08,1974-07-08,3047
Gisela Hertzfeldt,1492.1469620007595,1,0,1,1968-07-08,1968-07-08,3048
Tammy Neiman,1492.142221194842,1,0,1,1982-05-03,1982-05-03,3049
L Whitefield,1492.1365864248448,1,0,1,1975-11-24,1975-11-24,3050
Magdalena Kiszczynska,1492.1321584151058,1,0,1,2004-08-09,2004-08-09,3051
Debbie Parnell,1492.1217354645148,1,0,1,1980-04-14,1980-04-14,3052
Kuhlmann,1492.1165220035089,1,0,1,1978-01-31,1978-01-31,3053
R Horsa,1492.0972729265231,1,0,1,1971-03-25,1971-03-25,3054
Beust,1492.0961121290838,1,0,1,1971-03-15,1971-03-15,3055
V E Whitney,1492.0900362600958,1,0,1,1975-04-14,1975-04-14,3056
Pia Lovric,1492.070744337885,3,1,2,2021-09-13,2022-04-15,3057
J Mcrurie,1492.0691965674987,1,0,1,1975-05-26,1975-05-26,3058
Sasokowski,1492.0655993804362,1,0,1,1969-05-19,1969-05-19,3059
D Simmonds,1492.0604221698488,1,0,1,1974-01-14,1974-01-14,3060
Hook,1492.0558080238786,1,0,1,1980-07-05,1980-07-05,3061
Debbie Phillips,1492.053893168817,1,0,1,1972-12-12,1972-12-12,3062
Marylene Losey,1492.0526959510835,3,1,2,1998-04-13,1998-04-13,3063
Sharon Levan,1492.050801033009,3,1,2,1978-04-17,1978-07-17,3064
Nancy De Realme,1492.0500615204437,1,0,1,1969-04-07,1969-04-07,3065
E Jacquemet,1492.037543638189,1,0,1,1968-07-22,1968-07-22,3066
Isha Lakhani,1492.0263139146336,9,4,5,2004-02-16,2012-01-31,3067
Jelena Stanivuk,1492.0227203636407,1,0,1,2012-02-01,2012-02-01,3068
Caroline Schneider,1492.0209898659514,1,0,1,1993-07-26,1993-07-26,3069
Valerie Scott,1492.0208191565578,1,0,1,1971-08-24,1971-08-24,3070
M Paillet,1492.0112308512714,1,0,1,1970-02-09,1970-02-09,3071
Cristina Casale,1492.0102343086933,1,0,1,1988-05-23,1988-05-23,3072
Sabrina Giusto,1492.0084862650635,10,4,6,1989-12-11,1991-12-02,3073
Michaela Johansson,1492.0037359699131,3,1,2,2007-04-20,2009-07-06,3074
G Russell,1492.0001429214033,3,1,2,1968-04-01,1971-04-05,3075
Cristina De Soto,1491.988250135579,1,0,1,1969-02-25,1969-02-25,3076
Jacqueline Bimes,1491.9787194887615,1,0,1,1971-03-21,1971-03-21,3077
Fang Ling Lin,1491.9770629733544,1,0,1,1985-10-06,1985-10-06,3078
Nilushi Fernando,1491.9686192034633,3,1,2,2012-01-31,2012-02-04,3079
Pamela Southcombe,1491.9684245379447,3,1,2,1976-10-09,1976-11-29,3080
M Davey,1491.967613387548,1,0,1,1974-12-09,1974-12-09,3081
Mariana Hadgiu,1491.9640927144408,1,0,1,1974-09-17,1974-09-17,3082
Boltzenmart,1491.95699182784,1,0,1,1972-08-21,1972-08-21,3083
Ianthe Cunningham,1491.955476344602,6,2,4,1979-11-26,1981-11-25,3084
Lesley Boardman,1491.950652314936,2,0,2,1971-07-13,1972-07-17,3085
Judy Travis,1491.9427625350766,1,0,1,1968-08-13,1968-08-13,3086
Jillian Muller,1491.9287393640097,1,0,1,1990-10-08,1990-10-08,3087
Ioana Gaspar,1491.9284170200483,3,1,2,2001-04-24,2001-04-26,3088
Shiri Burstein,1491.9267700165856,1,0,1,1994-04-22,1994-04-22,3089
Kellerman,1491.926511694273,1,0,1,1968-04-01,1968-04-01,3090
Julie Staines,1491.9143017160593,1,0,1,1974-12-21,1974-12-21,3091
May El Wardany,1491.9123215416528,3,1,2,2009-04-21,2009-04-25,3092
I Kabie,1491.904932897104,1,0,1,1968-06-10,1968-06-10,3093
Jackie Reardon,1491.9024487747402,8,3,5,1978-04-17,1980-05-03,3094
S Little,1491.8979171193857,1,0,1,1975-01-13,1975-01-13,3095
Liza Riefkohl,1491.8960458963375,1,0,1,1982-04-28,1982-04-28,3096
Colette Bennett,1491.8929495377745,1,0,1,1980-07-21,1980-07-21,3097
Elizabeth Daly,1491.8925145735384,3,1,2,1987-01-25,1988-02-01,3098
Guadalupe Perez Rojas,1491.8907088239496,1,0,1,2017-02-11,2017-02-11,3099
Mrs Gad,1491.8887215202922,3,1,2,1970-03-16,1971-03-25,3100
Danuta Wieczorek,1491.8874617468364,9,3,6,1968-05-21,1972-08-09,3101
Amarissa Kiara Toth,1491.8848370859084,3,1,2,2023-07-17,2024-07-15,3102
Tanner Cochran,1491.883655365134,1,0,1,2003-02-17,2003-02-17,3103
Kyung Mi Chang,1491.878635306243,10,4,6,2002-01-28,2006-04-22,3104
Claudine Rouire,1491.8780287414927,7,3,4,1968-04-22,1970-10-05,3105
Susan Russo,1491.8699319728837,1,0,1,1986-09-22,1986-09-22,3106
Lydie Van Hille,1491.8662247591185,3,1,2,1987-05-25,1988-02-01,3107
Agnes Rigby,1491.8657607342952,1,0,1,1968-06-10,1968-06-10,3108
Shonette Wilson,1491.8630264863461,1,0,1,2001-05-18,2001-05-18,3109
Ancia Ifill,1491.8609835926243,1,0,1,2014-04-09,2014-04-09,3110
Leyre Romero Gormaz,1491.857122195351,8,3,5,2024-07-22,2026-04-10,3111
Lani Wilcox,1491.8556490688438,1,0,1,1982-07-12,1982-07-12,3112
H Clark,1491.8434279390863,1,0,1,1975-05-26,1975-05-26,3113
Catherine Goodman,1491.8405621283484,1,0,1,1980-05-26,1980-05-26,3114
Darja Semenistaja,1491.830937834676,14,5,9,2022-04-15,2026-03-30,3115
Carol Hansen,1491.8170287995197,1,0,1,1970-02-25,1970-02-25,3116
Kylie Moulds,1491.8110059219887,36,16,20,1996-09-28,1999-02-27,3117
Aisha Al Suleimani,1491.808821193948,1,0,1,2018-02-09,2018-02-09,3118
Lindsey Nelson,1491.8079271981403,1,0,1,2007-03-05,2007-03-05,3119
Khanh Phi Huynh,1491.7956521526037,3,1,2,2014-02-04,2014-02-07,3120
Martina Trevisan,1491.788027463835,151,59,92,2017-04-22,2026-05-05,3121
Heather Fenwick,1491.7864446692668,1,0,1,1976-10-09,1976-10-09,3122
Annelie Bjork,1491.7767705608976,1,0,1,1986-11-03,1986-11-03,3123
Louise Pleming,1491.773289109578,3,1,2,1995-09-12,1995-10-02,3124
Elena Eguiguren,1491.7721922373353,1,0,1,1969-11-11,1969-11-11,3125
J Lange,1491.7714923460203,1,0,1,1980-01-07,1980-01-07,3126
Heather Willens,1491.7667342733191,1,0,1,1993-08-01,1993-08-01,3127
Mia Ristic,1491.7586124680429,9,4,5,2023-04-10,2024-11-15,3128
Lew Harrison,1491.7582132114974,1,0,1,1978-01-31,1978-01-31,3129
Lesley Romley,1491.7527743142525,5,2,3,1978-04-17,1979-07-16,3130
Tina Sawyer,1491.7479174462094,7,3,4,1978-04-17,1981-04-13,3131
Elisabeth Lovisin,1491.7468277875573,1,0,1,1977-02-26,1977-02-26,3132
Patrizia Murgo,1491.7456589350907,30,13,17,1980-05-05,1986-12-08,3133
Violette Huck,1491.7433362523134,1,0,1,2008-05-26,2008-05-26,3134
Annalia Dellorso,1491.7420815321395,1,0,1,1987-05-04,1987-05-04,3135
Carola Schinke,1491.7379704424452,1,0,1,1968-05-30,1968-05-30,3136
L Baran,1491.7373889876324,1,0,1,1981-04-06,1981-04-06,3137
Sapfo Sakellaridi,1491.7355206417787,5,2,3,2025-08-04,2025-09-22,3138
H Obrien,1491.7341650465003,1,0,1,1980-07-07,1980-07-07,3139
Raquel Gonzalez Vilar,1491.7317430052383,1,0,1,2025-06-16,2025-06-16,3140
Rosemary Fletcher,1491.7315694773743,1,0,1,1968-08-13,1968-08-13,3141
Au,1491.7269657772406,1,0,1,1972-08-21,1972-08-21,3142
L Saracchi,1491.710786523674,1,0,1,1969-11-27,1969-11-27,3143
J Loosemore,1491.7044610569594,1,0,1,1972-07-10,1972-07-10,3144
Christine Andrade Hoffman,1491.701205835844,1,0,1,1975-10-20,1975-10-20,3145
Kathy Holton,1491.6988361547872,1,0,1,1983-10-10,1983-10-10,3146
Akiko Omae,1491.6969971790807,1,0,1,2017-04-17,2017-04-17,3147
Djamila Khaldi,1491.6921713656461,1,0,1,1999-04-28,1999-04-28,3148
M Burns,1491.6881349436617,1,0,1,1980-07-07,1980-07-07,3149
Eleonora Galadova,1491.684339587557,1,0,1,1969-08-28,1969-08-28,3150
Maret Ani,1491.674976190577,104,43,61,1999-04-27,2011-04-16,3151
Daniella Jeflea,1491.6645253660377,1,0,1,2005-01-10,2005-01-10,3152
Johanna De Leon,1491.663887547509,3,1,2,2006-04-17,2006-04-20,3153
Aurora Zantedeschi,1491.6616523537991,1,0,1,2023-07-17,2023-07-17,3154
D Hugard,1491.6592611401284,2,0,2,1970-04-06,1971-03-21,3155
Anne Hodgson,1491.6528813164127,3,1,2,1969-01-06,1971-02-01,3156
Juliana Valero,1491.6522105826539,1,0,1,2018-02-10,2018-02-10,3157
Shirley Collins,1491.6433468841838,12,5,7,1968-12-06,1970-01-28,3158
Yarza,1491.634106829922,1,0,1,1968-04-15,1968-04-15,3159
Rochelle Thomas,1491.6338832352196,1,0,1,1968-04-25,1968-04-25,3160
Fabiana Ciorciari,1491.6262124532213,1,0,1,1982-07-26,1982-07-26,3161
L Reid,1491.6259250782498,1,0,1,1981-05-25,1981-05-25,3162
Mikaela Molina Bugarija,1491.6238039614213,1,0,1,2017-07-21,2017-07-21,3163
Tracey Hiete,1491.6235991475735,7,3,4,1997-05-10,1997-05-10,3164
Ronit Strulowitz,1491.6208160169538,1,0,1,1969-09-21,1969-09-21,3165
L Hulten,1491.6163770618007,1,0,1,1971-07-05,1971-07-05,3166
Sharon Pinchbeck,1491.6072011766348,1,0,1,1977-12-19,1977-12-19,3167
Kelly Anderson,1491.6039334442778,3,1,2,2008-01-31,2008-02-02,3168
Junko Watanabe,1491.5928749096206,1,0,1,1994-01-03,1994-01-03,3169
Sharon Gleason,1491.5915384726607,1,0,1,1972-07-10,1972-07-10,3170
Sylva Nesvadbova,1491.5903770627365,1,0,1,1998-03-02,1998-03-02,3171
Dianna Barton,1491.588536170141,1,0,1,1972-12-12,1972-12-12,3172
Jill Waldman,1491.5867027884615,1,0,1,1986-04-21,1986-04-21,3173
Donna Floyd,1491.584116481981,6,2,4,1968-10-28,1971-04-15,3174
A Brading,1491.5808977219497,1,0,1,1980-02-03,1980-02-03,3175
Berneth,1491.5803860400324,1,0,1,1969-08-28,1969-08-28,3176
Monica Hoz De Vila,1491.5781371012827,3,1,2,2004-04-20,2004-04-24,3177
Wendy Kramp,1491.5746493354277,1,0,1,1981-09-12,1981-09-12,3178
Rita Kuti Kis,1491.5743415277034,144,68,76,1994-04-19,2003-08-04,3179
D Robinson,1491.5736919643443,1,0,1,1980-01-27,1980-01-27,3180
Cheree Walker,1491.573037744057,1,0,1,1974-12-21,1974-12-21,3181
Nancy Arendt,1491.5699203809484,1,0,1,1987-03-23,1987-03-23,3182
Bielefeld,1491.5671319451408,2,0,2,1969-05-26,1969-07-07,3183
Y Palman,1491.567130722502,1,0,1,1972-09-25,1972-09-25,3184
Anne Nguyen,1491.5648494921495,1,0,1,2001-07-30,2001-07-30,3185
Jackie Joseph,1491.5614927223794,5,2,3,1982-07-19,1989-07-31,3186
Judy Gfroerer,1491.561209589859,6,2,4,1972-01-21,1980-07-19,3187
Ruth Morgan,1491.5609611440898,2,0,2,1972-07-10,1972-10-31,3188
Blum,1491.560486314292,1,0,1,1976-07-05,1976-07-05,3189
J Larritt,1491.5566609137534,1,0,1,1972-12-05,1972-12-05,3190
Helene Kappler,1491.55406693078,1,0,1,1992-04-25,1992-04-25,3191
Xanthe Adams,1491.549395777628,1,0,1,1988-01-11,1988-01-11,3192
M Rawstone,1491.5474536458898,1,0,1,1974-01-01,1974-01-01,3193
Vilja Tamusz,1491.5462506746921,5,2,3,1969-06-02,1970-05-04,3194
F Fichera,1491.5385483174423,1,0,1,1969-07-14,1969-07-14,3195
S Sullivan,1491.5383812935654,1,0,1,1980-04-14,1980-04-14,3196
Miharu Imanishi,1491.5294111758458,1,0,1,2014-10-06,2014-10-06,3197
Page Bartelt,1491.5264161368782,1,0,1,1993-08-01,1993-08-01,3198
Melis Sezer,1491.5247987867403,1,0,1,2014-02-09,2014-02-09,3199
Ralitza Milorieva,1491.5213295582598,1,0,1,1988-08-08,1988-08-08,3200
Nanette Schutte,1491.5208610757195,54,22,32,1980-03-19,1987-07-06,3201
Schechert,1491.5207328524373,1,0,1,1978-01-31,1978-01-31,3202
Schultz,1491.519951933041,3,1,2,1978-01-31,1980-05-22,3203
Mary Dailey,1491.5193594210182,5,2,3,1980-05-19,1987-01-25,3204
Olga De Soto,1491.5162021994604,1,0,1,1968-05-06,1968-05-06,3205
Ana Filipa Santos,1491.5123248182701,3,1,2,2019-02-07,2019-02-09,3206
Anastasiya Shoshyna,1491.5096850992495,1,0,1,2016-04-04,2016-04-04,3207
Brienne Minor,1491.5058189848605,1,0,1,2017-08-28,2017-08-28,3208
Jenny Duerst,1491.5032769862396,1,0,1,2023-07-24,2023-07-24,3209
Peggy Brixhe,1491.492661255278,1,0,1,1968-05-23,1968-05-23,3210
Pat Ryan Niland,1491.4773870680372,1,0,1,1973-07-09,1973-07-09,3211
Bunny Stockton,1491.4768125704973,1,0,1,1978-05-14,1978-05-14,3212
Magdalena Wiese,1491.47569835904,3,1,2,1984-07-15,1984-07-15,3213
Michaela Laki,1491.471937150193,3,1,2,2020-02-07,2022-04-14,3214
Michaela Frimmelova,1491.469754238161,6,2,4,1988-07-18,1989-07-31,3215
Diane Dunn,1491.4602092834662,1,0,1,1980-07-14,1980-07-14,3216
Carin Roux,1491.4550412269718,1,0,1,1980-05-11,1980-05-11,3217
R Dumas,1491.4539327189693,1,0,1,1980-04-14,1980-04-14,3218
Anastasiya Soboleva,1491.4526792067293,6,2,4,2023-10-16,2025-09-15,3219
Karen Seguso,1491.4392524589427,1,0,1,1982-07-12,1982-07-12,3220
S Reinach,1491.4383249405696,1,0,1,1971-12-27,1971-12-27,3221
Magdola Kisgyorgy,1491.4371598763591,1,0,1,1970-07-20,1970-07-20,3222
Francoise Savy,1491.433590125993,1,0,1,1968-03-11,1968-03-11,3223
Regina Ferreira,1491.4332224970963,1,0,1,1969-07-28,1969-07-28,3224
Sawitre Naree,1491.424290575197,1,0,1,1996-02-23,1996-02-23,3225
Maite Martinez Perez,1491.4163525082774,1,0,1,1991-04-22,1991-04-22,3226
Zoziya Kardava,1491.4088626565374,3,1,2,2022-04-11,2022-04-16,3227
Onalenna Leepile,1491.4079842064552,1,0,1,1997-05-11,1997-05-11,3228
Victoria Davies,1491.4062220188978,3,1,2,2001-03-05,2001-03-05,3229
Hiroko Hara,1491.4016172935108,1,0,1,1994-02-14,1994-02-14,3230
Gay Shaw,1491.4004564296386,1,0,1,1970-02-09,1970-02-09,3231
Moll,1491.3986516097905,1,0,1,1980-08-14,1980-08-14,3232
Phyllis Wilunda,1491.3971177389203,3,1,2,1995-05-08,1995-05-12,3233
A Grant,1491.3942222112003,1,0,1,1983-05-30,1983-05-30,3234
C Thomas,1491.3908694313945,1,0,1,1971-07-12,1971-07-12,3235
Monica Guglielmi,1491.3906350112043,1,0,1,1992-02-17,1992-02-17,3236
C Elliott,1491.3878399597581,1,0,1,1980-04-14,1980-04-14,3237
Mrs J C Tatum,1491.377441570302,1,0,1,1969-04-21,1969-04-21,3238
Salome Llaguno,1491.3728389426433,1,0,1,2002-01-28,2002-01-28,3239
T Pauley,1491.3722635335364,1,0,1,1974-12-09,1974-12-09,3240
Emma Sofia Helisten,1491.3645211353314,1,0,1,2007-04-20,2007-04-20,3241
Tina Mccall,1491.3572467054205,1,0,1,1981-08-10,1981-08-10,3242
Monica Demeterco,1491.3498018295584,1,0,1,1981-04-13,1981-04-13,3243
Mrs V Cakana,1491.340822732921,1,0,1,1973-05-28,1973-05-28,3244
E Retief,1491.3374533043982,1,0,1,1969-01-05,1969-01-05,3245
B Flynn,1491.3361592848012,1,0,1,1980-07-07,1980-07-07,3246
Eva Maria Hoch,1491.3326207152788,1,0,1,2007-07-23,2007-07-23,3247
Silvana Bauer,1491.326843215826,1,0,1,2002-06-17,2002-06-17,3248
Mirela Vladulescu,1491.3247614317572,1,0,1,1996-04-29,1996-04-29,3249
Carol Houtchens,1491.3208510965453,1,0,1,1982-06-21,1982-06-21,3250
Renata Della,1491.302122704549,1,0,1,1986-12-08,1986-12-08,3251
Jenny Reeves,1491.295297158034,1,0,1,1983-05-30,1983-05-30,3252
M Aboudiab,1491.2887050246545,1,0,1,1972-07-31,1972-07-31,3253
Milena Nekvapilova,1491.2838723538343,1,0,1,1997-07-14,1997-07-14,3254
Darya Shvartsmann,1491.2826030127524,1,0,1,2019-02-08,2019-02-08,3255
Kelly Kruk,1491.2818319329958,1,0,1,1978-02-13,1978-02-13,3256
J Ojiaga,1491.281414026105,1,0,1,1978-05-29,1978-05-29,3257
Jessica Plazas,1491.2763507437533,1,0,1,2021-04-05,2021-04-05,3258
Sesil Karatantcheva,1491.269093303915,142,62,80,2004-03-10,2018-09-10,3259
J B Atkinson,1491.2686616354063,1,0,1,1974-07-15,1974-07-15,3260
June Gay,1491.2677996606833,1,0,1,1969-03-03,1969-03-03,3261
S Colman,1491.2664220611155,1,0,1,1974-04-22,1974-04-22,3262
Liniques Theron,1491.2554551598257,3,1,2,2012-04-18,2015-04-17,3263
Nadine Schlotterer,1491.254786016547,7,3,4,2001-03-05,2001-03-05,3264
Mirja Rose,1491.253411218505,1,0,1,1973-01-01,1973-01-01,3265
Dora Rangelova,1491.2491231202157,6,2,4,1985-09-23,1990-07-21,3266
Marquez,1491.2488000985359,1,0,1,1981-08-31,1981-08-31,3267
Courtney Collins,1491.244622311489,1,0,1,2013-02-18,2013-02-18,3268
Uta Kogli,1491.2418987490075,1,0,1,1970-08-17,1970-08-17,3269
Boehme,1491.239974193833,1,0,1,1970-05-11,1970-05-11,3270
D Howett,1491.2385776127132,1,0,1,1980-07-07,1980-07-07,3271
Anastasia Michail,1491.2301683757519,1,0,1,2005-04-21,2005-04-21,3272
Katrin Aeberhard,1491.229489799668,5,2,3,1980-07-22,1981-07-13,3273
Wlahovicz,1491.227315549787,1,0,1,1972-08-09,1972-08-09,3274
Deanna Roberts,1491.2227568981048,24,11,13,1998-03-02,2003-03-03,3275
L Kelisee,1491.2216346744835,1,0,1,1970-01-01,1970-01-01,3276
J Stevens,1491.2204660586438,1,0,1,1968-04-01,1968-04-01,3277
Sylvie Sabas,1491.2183644359657,8,2,6,1990-05-28,1993-05-24,3278
Veronika Chvojkova,1491.217413069052,3,1,2,2008-05-19,2008-07-07,3279
D Borger,1491.2169021978184,1,0,1,1980-11-17,1980-11-17,3280
Marcela Rivero,1491.2147094342693,3,1,2,2006-04-17,2006-04-20,3281
E Tarik,1491.214260852899,1,0,1,1978-05-29,1978-05-29,3282
Mary Beth Pasqualicchio,1491.2126197436512,1,0,1,1980-07-28,1980-07-28,3283
Cassandra Barr,1491.209417851556,1,0,1,2003-03-03,2003-03-03,3284
Nadejda Teodorova,1491.2071186504636,1,0,1,1970-08-03,1970-08-03,3285
Anne Mcmillan,1491.1988674109216,1,0,1,1969-04-14,1969-04-14,3286
Theresa Kleynhans,1491.1910961087658,1,0,1,1981-11-25,1981-11-25,3287
J Wood,1491.1794243846673,1,0,1,1983-05-30,1983-05-30,3288
Ksenia Gaydarzhi,1491.171030157005,1,0,1,2014-07-21,2014-07-21,3289
S Jones,1491.1691154818816,1,0,1,1973-08-20,1973-08-20,3290
Danielle Andrea Thompson,1491.1679609243815,7,3,4,2018-07-18,2019-04-20,3291
Milly Vagn Nielsen,1491.1614933777234,1,0,1,1968-01-29,1968-01-29,3292
Maria De Cortes,1491.1611882555437,1,0,1,1968-03-04,1968-03-04,3293
Ruediger,1491.1609012440708,1,0,1,1970-05-11,1970-05-11,3294
Marie Do Carmo Didie,1491.1572609018783,1,0,1,1980-04-07,1980-04-07,3295
Holly Ann Lloyd,1491.156763423565,1,0,1,1987-04-27,1987-04-27,3296
Helen Johnstone,1491.1525460383282,1,0,1,1974-07-08,1974-07-08,3297
M Davidson,1491.1499428227141,1,0,1,1983-05-30,1983-05-30,3298
J Robertson,1491.1401133714448,1,0,1,1975-11-24,1975-11-24,3299
Gwen Warnock,1491.1371459438112,1,0,1,1981-11-12,1981-11-12,3300
Daphne Fancutt,1491.1365789262356,1,0,1,1974-12-16,1974-12-16,3301
Elina Gasanova,1491.1355009129384,5,2,3,2006-04-26,2006-04-29,3302
Pascale Welter,1491.1334516974146,1,0,1,1986-07-20,1986-07-20,3303
Silvia Albano,1491.1295278704392,1,0,1,2011-07-11,2011-07-11,3304
Heather Mckechnie,1491.1262033638286,5,2,3,1968-01-08,1968-05-06,3305
Maria Teresa Lazzarino,1491.123964601757,1,0,1,1968-05-06,1968-05-06,3306
Sue Eiges,1491.1098224727077,1,0,1,1974-07-15,1974-07-15,3307
Ann Rowbotham,1491.1058213460399,1,0,1,1968-08-19,1968-08-19,3308
Debra Ann Hunter,1491.1051268010165,1,0,1,1981-08-10,1981-08-10,3309
Nosheen Ehtesham,1491.1045616261003,1,0,1,1999-02-26,1999-02-26,3310
J Midgley,1491.103127891499,1,0,1,1968-10-10,1968-10-10,3311
Pat Yeomans,1491.0976072797798,1,0,1,1968-04-25,1968-04-25,3312
Tracey Oconnor,1491.0902157497615,7,3,4,2001-03-05,2002-03-05,3313
Martha Matoula,1491.0899293847417,3,1,2,2022-04-15,2025-09-22,3314
Olga Zaicenco,1491.0840039721952,1,0,1,2009-04-25,2009-04-25,3315
Samanthi Wijesekera,1491.0803997296675,1,0,1,2000-04-29,2000-04-29,3316
Dominika Nociarova,1491.0749176472639,1,0,1,2004-04-26,2004-04-26,3317
Denisa Krajcovicova,1491.0712006234746,25,8,17,1988-05-02,1996-09-16,3318
Sarah Gillespie Jones,1491.0663767536798,1,0,1,1997-03-01,1997-03-01,3319
Gail Oconnor,1491.065783651434,1,0,1,1981-07-13,1981-07-13,3320
Gail Boon,1491.06438676812,1,0,1,1981-11-25,1981-11-25,3321
Miroslava Hobulova,1491.0618929142752,1,0,1,1971-05-17,1971-05-17,3322
Samira De Stefano,1491.0605554779136,3,1,2,2025-08-04,2025-09-22,3323
Xinyun Han,1491.0581104682512,58,22,36,2008-07-07,2020-02-10,3324
Valentina Ivanov,1491.0559807873165,7,3,4,2020-01-06,2022-04-15,3325
Amy Mascotti,1491.0534176326441,1,0,1,1987-04-27,1987-04-27,3326
Joy Tacon,1491.0533664695272,45,18,27,1978-04-17,1987-01-25,3327
Beatris Spasova,1491.0526099920148,1,0,1,2025-09-15,2025-09-15,3328
Jill Minford,1491.0499119937335,2,0,2,1970-07-06,1973-07-09,3329
Terri Starr,1491.0486805193923,1,0,1,1973-11-26,1973-11-26,3330
Molly Jyson,1491.0474484087424,1,0,1,1972-04-25,1972-04-25,3331
Werner,1491.0401930406576,1,0,1,1980-08-28,1980-08-28,3332
Anouck Vrancken Peeters,1491.0391439757789,3,1,2,2025-06-09,2025-08-04,3333
Susan Kreymborg,1491.0375725739714,1,0,1,1980-01-07,1980-01-07,3334
Ana Maria Segura Perez,1491.0364215680063,4,1,3,1990-07-09,1992-05-04,3335
Mueller,1491.0324561654895,1,0,1,1970-08-24,1970-08-24,3336
Ahsha Rolle,1491.0213932492331,30,9,21,2005-10-31,2011-05-16,3337
Delores Fernandez,1491.018072996587,1,0,1,1968-09-16,1968-09-16,3338
Medhira Samarasinghe,1491.0160271975833,3,1,2,2014-02-06,2017-07-20,3339
Jana Strnadova,1491.0125963026348,1,0,1,1990-04-23,1990-04-23,3340
P Higgins,1491.0117690461436,1,0,1,1968-05-06,1968-05-06,3341
Sue Roux,1491.0116416253245,1,0,1,1980-05-11,1980-05-11,3342
N Lileyeva,1491.0105610896424,1,0,1,1970-10-05,1970-10-05,3343
Deidre Catt,1491.0026522405653,2,0,2,1969-01-06,1970-01-12,3344
Edna Vasquez,1491.0021100740485,1,0,1,2000-05-13,2000-05-13,3345
Ana Veselinovic,1491.0005562218755,3,1,2,2013-04-17,2013-04-20,3346
Akiko Gunji,1490.9992928824392,19,9,10,1997-09-08,1999-09-06,3347
Gabriela Gonzalez,1490.9958690423516,3,1,2,2011-05-19,2014-04-10,3348
Carmen Hernandez,1490.9905673564922,1,0,1,1973-10-08,1973-10-08,3349
Cornelia Lister,1490.9863438948723,10,4,6,2016-07-18,2018-02-10,3350
Ewa Radzikowska,1490.9847924591488,1,0,1,1996-03-30,1996-03-30,3351
Patty Miller,1490.98426068209,1,0,1,1969-07-21,1969-07-21,3352
Alicia Ortuno,1490.9816273662411,1,0,1,1999-02-15,1999-02-15,3353
Sylvie Tetreault,1490.9804841640355,1,0,1,1982-08-15,1982-08-15,3354
Ela Nala Milic,1490.9794910671683,1,0,1,2024-04-12,2024-04-12,3355
Jena Strozier,1490.9722233474076,1,0,1,1978-05-14,1978-05-14,3356
J Browning,1490.9682301679666,3,1,2,1981-03-06,1982-07-05,3357
Altrichter,1490.9667195228008,1,0,1,1968-08-26,1968-08-26,3358
Carmen Klaschka,1490.9520483845959,1,0,1,2009-07-20,2009-07-20,3359
Goulnara Fattakhetdinova,1490.9518961551842,1,0,1,2002-06-10,2002-06-10,3360
Renee Esses,1490.9517678815291,1,0,1,1980-07-28,1980-07-28,3361
Gloria Escobar,1490.9514910029536,1,0,1,1984-07-15,1984-07-15,3362
Pamela Wallenfels,1490.9509577623735,4,1,3,1988-04-18,1989-05-01,3363
Rump,1490.9489251769292,1,0,1,1969-01-20,1969-01-20,3364
Karen Schultz,1490.9482758162876,1,0,1,1982-06-21,1982-06-21,3365
Harrison,1490.936648657577,2,0,2,1977-02-11,1977-03-28,3366
Sharon Pesch,1490.9357017619682,1,0,1,2014-02-07,2014-02-07,3367
Zuzana Nemsakova,1490.930347055711,1,0,1,1992-07-20,1992-07-20,3368
Anna Belladonna,1490.9271892058377,5,2,3,1980-07-07,1981-03-29,3369
Helen Doody,1490.9254464192995,2,0,2,1972-07-10,1973-07-09,3370
Becsi,1490.9231085635074,1,0,1,1970-07-20,1970-07-20,3371
Liu Shang Ku,1490.9155260009213,2,0,2,1977-06-13,1977-06-13,3372
S Evans,1490.913923277696,1,0,1,1971-01-03,1971-01-03,3373
Denislava Glushkova,1490.9100072004337,3,1,2,2023-04-10,2025-09-22,3374
Angela Ximenez,1490.9076933270687,1,0,1,1980-04-07,1980-04-07,3375
Jessica Roland Rosario,1490.9068080676698,18,8,10,2000-05-12,2010-02-06,3376
R Fisher,1490.9066624291156,1,0,1,1981-01-12,1981-01-12,3377
Erica Krauth,1490.9042345251034,1,0,1,2005-02-21,2005-02-21,3378
M Hirai,1490.9022311504457,1,0,1,1981-06-01,1981-06-01,3379
Brenda Fruhvirtova,1490.8915758771884,19,5,14,2022-02-21,2026-02-01,3380
Marion Bennett,1490.8897287884915,1,0,1,1973-09-17,1973-09-17,3381
L Sapeine,1490.8888523632936,1,0,1,1969-07-14,1969-07-14,3382
Erica Laidlau,1490.8855133413329,1,0,1,1968-01-01,1968-01-01,3383
Magdalena Fernandez,1490.8784350304709,1,0,1,1968-04-15,1968-04-15,3384
Caroline Bodart,1490.8748853075217,7,3,4,1996-03-03,1996-03-03,3385
Anjy Fahmy,1490.8734281903796,1,0,1,1986-07-20,1986-07-20,3386
S Edwards,1490.8662919183923,1,0,1,1981-03-06,1981-03-06,3387
M Janssens,1490.864597698199,3,1,2,1974-04-02,1974-04-15,3388
Carolina Betancourt,1490.8610996744792,1,0,1,2012-04-17,2012-04-17,3389
Jane Feise,1490.856420291235,1,0,1,1968-04-15,1968-04-15,3390
Karen Hunter,1490.854688464879,1,0,1,1988-06-20,1988-06-20,3391
Ylona Georgiana Ghioroaie,1490.847881649432,1,0,1,2023-10-16,2023-10-16,3392
Ariana Geerlings,1490.8453635855913,1,0,1,2025-07-14,2025-07-14,3393
Julie Grummel,1490.8415090143756,1,0,1,1982-05-03,1982-05-03,3394
Y kit Nicole Tan,1490.8359403073166,3,1,2,2017-07-20,2017-07-21,3395
C Beasley,1490.8344529820467,1,0,1,1980-01-27,1980-01-27,3396
Peggy Oneil,1490.832153222185,1,0,1,1980-07-28,1980-07-28,3397
Andrea Leand,1490.8319951968056,195,84,111,1981-05-11,1994-02-08,3398
Anne Papenfus,1490.8314887409033,3,1,2,1968-04-01,1969-04-01,3399
Ingy El Taweel,1490.8311671167253,1,0,1,1997-05-08,1997-05-08,3400
Maud Thorne,1490.8258043897329,1,0,1,1969-04-01,1969-04-01,3401
Manon Arcangioli,1490.8240692756056,1,0,1,2015-05-25,2015-05-25,3402
C Parodi,1490.814854593343,1,0,1,1970-04-06,1970-04-06,3403
Monika Starosta,1490.8117096672918,1,0,1,1997-04-23,1997-04-23,3404
Eun Ok Cho,1490.8087703176743,1,0,1,1987-07-26,1987-07-26,3405
Astrid Lew Yan Foon,1490.8070192068378,3,1,2,2025-02-24,2025-10-27,3406
Beatrice Ricci,1490.8047718981861,1,0,1,2025-08-04,2025-08-04,3407
Nao Akahori,1490.8030379133702,7,3,4,1996-09-28,1997-09-08,3408
Linda Howell,1490.799133500892,13,4,9,1984-08-28,1985-09-09,3409
Radka Bobkova,1490.797897183113,122,48,74,1991-04-22,2000-11-11,3410
Leeza Rooks,1490.7975324794816,1,0,1,2001-05-15,2001-05-15,3411
A Other,1490.79607674869,1,0,1,1980-02-12,1980-02-12,3412
Kamila Vaneckova,1490.7926555251827,1,0,1,1968-07-22,1968-07-22,3413
Joni Mobs,1490.7893936969144,1,0,1,1976-12-06,1976-12-06,3414
D Cawthorn,1490.7882856716303,1,0,1,1975-05-26,1975-05-26,3415
Kathy Kolankiewicz,1490.7840969215067,1,0,1,1982-07-19,1982-07-19,3416
Danielle Meunier,1490.7823003924707,1,0,1,1977-06-13,1977-06-13,3417
Leloba Seitshiro,1490.7784040477356,1,0,1,1996-03-27,1996-03-27,3418
Sarafina Hansen,1490.7777468310712,1,0,1,2023-04-13,2023-04-13,3419
C Meister,1490.7769392150526,1,0,1,1980-08-28,1980-08-28,3420
Betty Adler,1490.7743198362393,3,1,2,1970-05-04,1971-02-01,3421
Nicoe,1490.7733923532876,1,0,1,1975-04-21,1975-04-21,3422
Maria Siopacha,1490.7732035739239,5,2,3,2012-04-19,2015-04-18,3423
C Hughes,1490.7691213611718,1,0,1,1980-02-12,1980-02-12,3424
Eleanor Blair,1490.7672193143449,1,0,1,1968-07-14,1968-07-14,3425
Theresa Alison Van Zyl,1490.7641446765892,1,0,1,2019-02-06,2019-02-06,3426
Dyphany Wilkinson,1490.7630288200733,1,0,1,1993-04-21,1993-04-21,3427
Juliana Garcia,1490.7629820900981,1,0,1,1998-02-16,1998-02-16,3428
Zhaoxuan Yang,1490.752973487812,17,7,10,2015-07-27,2023-04-12,3429
Claudia Herbas,1490.75257161453,7,3,4,1997-05-15,2008-04-26,3430
H Branson,1490.7388776108548,1,0,1,1971-01-25,1971-01-25,3431
Veronica Platz,1490.7380317344937,1,0,1,1986-12-01,1986-12-01,3432
A Calitz,1490.737222966339,1,0,1,1968-12-30,1968-12-30,3433
Linda Rydgig,1490.7324441702635,1,0,1,1981-04-29,1981-04-29,3434
Ilona Giberte,1490.7323162377063,5,2,3,2001-05-15,2003-04-30,3435
Colette Egan,1490.7321098909229,1,0,1,1974-07-08,1974-07-08,3436
E Coles,1490.7295031831186,1,0,1,1980-04-07,1980-04-07,3437
S J M Oram,1490.720255310586,1,0,1,1969-07-07,1969-07-07,3438
Jean Okada,1490.7186117040426,1,0,1,1998-08-31,1998-08-31,3439
Jacqueline Frohlich,1490.7129358050722,5,2,3,2003-03-03,2003-03-03,3440
Joan Lightfoot,1490.707805962619,1,0,1,1971-06-29,1971-06-29,3441
Hao Chen Tang,1490.7055785178734,9,4,5,2011-01-31,2017-04-17,3442
Alice Matteucci,1490.6999444707023,1,0,1,2013-07-08,2013-07-08,3443
Alevtina Ibragimova,1490.6965934421119,5,2,3,2025-08-04,2025-09-22,3444
Sarah Beth Grey,1490.6947545990802,1,0,1,2021-06-07,2021-06-07,3445
A Rolleston,1490.6916210758584,5,2,3,1979-05-28,1980-01-27,3446
Isabela Martin,1490.6873155261148,1,0,1,1993-05-14,1993-05-14,3447
Alice Pirsu,1490.6825805052088,5,2,3,1998-04-14,1998-04-18,3448
Celina Grissi,1490.682463334548,1,0,1,2005-04-22,2005-04-22,3449
Micky Albers,1490.6818074326704,1,0,1,1979-06-18,1979-06-18,3450
Fernanda Labrana,1490.6777890220553,5,2,3,2022-04-14,2023-04-14,3451
Hannelie Van Greunen,1490.6773504779098,1,0,1,1970-03-22,1970-03-22,3452
Sashi Sampath,1490.6678136698624,1,0,1,1972-08-01,1972-08-01,3453
S L Lanham,1490.6670557085952,1,0,1,1973-05-14,1973-05-14,3454
Nadja Roma,1490.6664403680797,3,1,2,2006-04-20,2008-02-25,3455
Elena Petrenko,1490.6640325669557,1,0,1,1998-05-09,1998-05-09,3456
Nino Natsvlishvili,1490.6601956797647,3,1,2,2022-04-13,2023-04-11,3457
G Beardall,1490.6577832037544,1,0,1,1972-01-03,1972-01-03,3458
Helen Crooke,1490.6560237891101,2,0,2,1970-04-21,1970-05-11,3459
Ekaterina Reyngold,1490.6543724027724,1,0,1,2022-05-16,2022-05-16,3460
Malaika Rapolu,1490.6541446006038,1,0,1,2025-02-24,2025-02-24,3461
Brittany Augustine,1490.6526505344389,1,0,1,2007-07-30,2007-07-30,3462
Paula Castro,1490.6511612847532,3,1,2,2012-04-18,2012-04-21,3463
Tinesta Rowe,1490.6388618403614,7,3,4,2000-05-10,2002-05-18,3464
Ioana Minca,1490.6378356838188,1,0,1,2016-07-11,2016-07-11,3465
Ima Bohush,1490.6320098702306,1,0,1,2008-02-02,2008-02-02,3466
Michelle Berrigan,1490.627704608623,1,0,1,1980-11-17,1980-11-17,3467
Nathalie Phan Thanh,1490.624008056112,7,2,5,1983-05-23,1988-07-18,3468
Jorgelina Moreno,1490.6133845220224,1,0,1,1990-11-26,1990-11-26,3469
Tatia Mikadze,1490.6131680052933,7,3,4,2008-02-02,2011-07-18,3470
S Rodgers,1490.61111267867,1,0,1,1974-01-07,1974-01-07,3471
Sherazad Reix,1490.6093498893479,3,1,2,2016-02-08,2016-04-11,3472
Nicole Wagstaff,1490.609107756179,1,0,1,1994-04-19,1994-04-19,3473
Molly Van Nostrand,1490.6082076681885,107,38,69,1981-09-28,1989-10-16,3474
Joy Harris,1490.6076480586837,1,0,1,1971-09-20,1971-09-20,3475
Anita Plate,1490.6067829013086,1,0,1,1970-04-20,1970-04-20,3476
Shelley Bartlett,1490.6040135325923,1,0,1,1990-04-23,1990-04-23,3477
Barbara Clos,1490.6035659796792,1,0,1,1968-07-01,1968-07-01,3478
Audrey Sidot,1490.603440436213,1,0,1,1995-05-29,1995-05-29,3479
Elena Giessler,1490.6027550408621,1,0,1,2025-06-23,2025-06-23,3480
H Dunne,1490.5987650530262,1,0,1,1980-11-17,1980-11-17,3481
Lilia Karpova,1490.595936088193,8,3,5,1969-02-03,1972-09-25,3482
M Smit,1490.5944018710495,1,0,1,1972-03-27,1972-03-27,3483
Marijana Kovacevic,1490.5886125355305,1,0,1,1995-04-24,1995-04-24,3484
Georgina Garcia Perez,1490.5869697319388,17,6,11,2018-02-19,2021-06-07,3485
J Schad,1490.5830280572507,1,0,1,1968-01-26,1968-01-26,3486
Lidziya Marozava,1490.576724512901,1,0,1,2013-02-09,2013-02-09,3487
P French,1490.5725177691975,1,0,1,1980-07-22,1980-07-22,3488
Elsa Serrano Eduards,1490.5720313159163,1,0,1,2003-04-25,2003-04-25,3489
Roberta Meneses,1490.5678129741623,1,0,1,1981-03-30,1981-03-30,3490
Mary Habicht,1490.5667978764736,1,0,1,1969-08-21,1969-08-21,3491
Valeria Kuzmenko,1490.56675634087,1,0,1,1968-02-05,1968-02-05,3492
Liene Linina,1490.5651836702405,1,0,1,2006-04-28,2006-04-28,3493
Caragh Courtney,1490.5635025495126,1,0,1,2023-04-12,2023-04-12,3494
Erika Barquero,1490.5618025086126,1,0,1,2019-02-08,2019-02-08,3495
J Walker,1490.560925670491,2,0,2,1973-05-21,1975-06-09,3496
Fatyha Berjane,1490.554389220586,1,0,1,2012-04-21,2012-04-21,3497
N Fischer,1490.5540425515546,1,0,1,1980-07-19,1980-07-19,3498
Ljiljana Nanusevic,1490.5534903596276,5,2,3,1997-05-06,2000-03-04,3499
Nina Zander,1490.5523241462247,1,0,1,2014-05-19,2014-05-19,3500
Pei Ling Tong,1490.551168642014,1,0,1,2004-04-24,2004-04-24,3501
Elizabeth Young,1490.550966433672,3,1,2,1980-04-07,1980-04-14,3502
Jennifer Prah,1490.5500621887995,3,1,2,1985-09-09,1985-09-23,3503
S Gooch Harris,1490.5464583250985,1,0,1,1979-07-16,1979-07-16,3504
Demi Tran,1490.5459164611018,1,0,1,2025-06-23,2025-06-23,3505
Patricia Alvarenga,1490.5431796926641,1,0,1,1979-04-30,1979-04-30,3506
Corinne Ng Tung Hing,1490.5400499586153,3,1,2,2000-03-28,2000-04-01,3507
Alexandria Kriva,1490.5398455527193,1,0,1,1981-09-12,1981-09-12,3508
Anita Kanter,1490.5373044080707,1,0,1,1968-05-06,1968-05-06,3509
Marjory Gengler,1490.5370543320744,11,4,7,1972-07-10,1974-08-19,3510
Lena Dvornik,1490.535456198803,1,0,1,1972-09-25,1972-09-25,3511
Kerry Hogarth,1490.5282036803028,1,0,1,1973-06-11,1973-06-11,3512
D Mcmillan,1490.5242203293515,1,0,1,1974-01-01,1974-01-01,3513
Gilardelli,1490.521579266131,1,0,1,1969-09-08,1969-09-08,3514
K Morton,1490.5176924610375,2,0,2,1977-04-11,1977-04-18,3515
M Berla,1490.5170924889796,3,1,2,1980-07-22,1980-08-28,3516
Sofia Nami Samavati,1490.5130674687007,5,2,3,2022-04-11,2022-04-16,3517
Caroline Wuillot,1490.5115648303497,3,1,2,1992-05-04,1992-09-14,3518
Deborah Chiesa,1490.5077191975122,4,1,3,2017-05-15,2018-07-23,3519
S Hufschmid,1490.5062679564085,1,0,1,1980-07-22,1980-07-22,3520
Ieva Irbe,1490.5036074120649,1,0,1,2006-04-28,2006-04-28,3521
Mariia Tkacheva,1490.5029744410824,1,0,1,2022-09-12,2022-09-12,3522
Rosemary Eden,1490.5005618148473,1,0,1,1986-12-29,1986-12-29,3523
Fina Cabrera,1490.498183264704,1,0,1,1968-04-01,1968-04-01,3524
Julia Caffarena,1490.4955995610258,1,0,1,2024-11-25,2024-11-25,3525
Brenda Rojas,1490.4904131974818,1,0,1,1993-04-20,1993-04-20,3526
Andrea Benitez,1490.4889486648703,1,0,1,2006-02-20,2006-02-20,3527
E Young,1490.4861186544586,3,1,2,1978-04-17,1981-04-13,3528
Andrea Muniz,1490.485734029441,1,0,1,1980-04-07,1980-04-07,3529
Sally Bogaert Morel,1490.4856102456447,1,0,1,2009-04-25,2009-04-25,3530
Vera Tere,1490.4835147026388,1,0,1,1997-03-12,1997-03-12,3531
Margarie Allen,1490.4763360219288,1,0,1,1970-08-03,1970-08-03,3532
Ioana Plesu,1490.474336179388,1,0,1,1997-10-20,1997-10-20,3533
Ellen Hayes,1490.4671202290444,1,0,1,1971-06-16,1971-06-16,3534
Pichittra Thongdach,1490.4664833094407,1,0,1,2003-11-03,2003-11-03,3535
Candace Mayerson,1490.46436560398,1,0,1,1973-09-17,1973-09-17,3536
Rita Cruz Lima,1490.463665914579,1,0,1,1989-12-11,1989-12-11,3537
Sharon Mcnamara,1490.459794121506,1,0,1,1987-01-25,1987-01-25,3538
Laura Dellangelo,1490.457064720027,1,0,1,1997-07-14,1997-07-14,3539
Tyler Smith,1490.4513688891673,3,1,2,2014-04-09,2014-04-12,3540
Solange Rasoarivelo,1490.4469979733042,1,0,1,2000-04-01,2000-04-01,3541
Monique Viele,1490.4377162565022,1,0,1,1999-09-20,1999-09-20,3542
Luisina Giovannini,1490.434052980519,1,0,1,2024-11-25,2024-11-25,3543
Yoko Mitsuko,1490.4326388478912,1,0,1,1984-10-08,1984-10-08,3544
Patricia Rivera,1490.4302263628288,1,0,1,1969-10-06,1969-10-06,3545
Alena Kulankova,1490.4289198241797,1,0,1,1980-07-28,1980-07-28,3546
Horn,1490.425102703808,1,0,1,1980-05-22,1980-05-22,3547
Lara Escauriza,1490.4237327240699,3,1,2,2020-02-06,2020-02-08,3548
Jill Barr,1490.4195001169232,1,0,1,1981-04-29,1981-04-29,3549
Xenia Anastasiados,1490.4181556135882,2,0,2,1986-09-15,1988-08-01,3550
Linda Hochar,1490.4091095471406,1,0,1,1973-08-06,1973-08-06,3551
Nasheli Martinez,1490.4078111394506,1,0,1,2001-03-05,2001-03-05,3552
Walsh,1490.4072409855264,1,0,1,1971-03-21,1971-03-21,3553
Borislava Botusharova,1490.405901918374,1,0,1,2014-02-07,2014-02-07,3554
Mariani,1490.405220463824,1,0,1,1972-03-13,1972-03-13,3555
Antonia Samudio,1490.404797030661,1,0,1,2023-04-03,2023-04-03,3556
Mandy Morgan,1490.403622076529,55,23,32,1970-01-19,1974-12-02,3557
Marine Partaud,1490.3992690767163,1,0,1,2016-05-30,2016-05-30,3558
Poulet,1490.3948506005434,1,0,1,1969-08-04,1969-08-04,3559
N Delaigue,1490.394277224188,1,0,1,1980-07-05,1980-07-05,3560
Emilie Bacquet,1490.3905817892992,1,0,1,2007-05-21,2007-05-21,3561
Mrs J Harman,1490.3851592136632,1,0,1,1969-07-14,1969-07-14,3562
Nika Mykolayivna Khmolovska De Saladin,1490.3793538430803,1,0,1,2019-04-18,2019-04-18,3563
Corinne Bousmans,1490.3753895359048,1,0,1,1989-12-11,1989-12-11,3564
Arianna Zucchini,1490.3739384811959,1,0,1,2025-05-06,2025-05-06,3565
Hardwick,1490.3727879924174,1,0,1,1974-11-18,1974-11-18,3566
R Paillett,1490.3715715894195,1,0,1,1970-04-06,1970-04-06,3567
Vicky Maes,1490.3697108058313,1,0,1,1993-10-25,1993-10-25,3568
Denise Conill,1490.3693319940667,1,0,1,1969-01-20,1969-01-20,3569
Olga Arango,1490.3648402801582,1,0,1,1968-03-04,1968-03-04,3570
Lisa Yap Sam,1490.3642546432077,5,2,3,1983-07-17,1994-04-12,3571
Gaby Eu,1490.363335518612,1,0,1,1982-07-26,1982-07-26,3572
Camila Belassi,1490.3616525783038,1,0,1,2004-04-21,2004-04-21,3573
Linda Barnard,1490.3610179324219,6,2,4,1988-07-18,1989-07-24,3574
Julia Terziyska,1490.359239538036,3,1,2,2022-04-11,2022-04-15,3575
Alena Pavliskova,1490.358284297707,2,0,2,1972-03-03,1972-03-13,3576
Georgie Gent,1490.3570989210523,2,0,2,2009-06-08,2009-06-22,3577
Barbara Murphy,1490.3565232755552,1,0,1,1970-12-21,1970-12-21,3578
Camila Soares,1490.3476101630467,1,0,1,2020-02-06,2020-02-06,3579
Miki Kuramochi,1490.3324674813025,1,0,1,1997-09-08,1997-09-08,3580
Natalia Davila,1490.326422529419,1,0,1,2012-02-03,2012-02-03,3581
Orie Sasaki,1490.3249743434078,1,0,1,1997-09-08,1997-09-08,3582
Carol Heyman,1490.3193801424386,1,0,1,1982-04-29,1982-04-29,3583
Aleksandra Vucenovic,1490.3191096192804,1,0,1,1999-02-27,1999-02-27,3584
Lya Fernandez,1490.3185380537423,1,0,1,2023-09-18,2023-09-18,3585
Agneta Levinovitz,1490.3184769381176,1,0,1,1982-07-19,1982-07-19,3586
V Hedin Anderssen,1490.3175996221573,1,0,1,1981-06-01,1981-06-01,3587
Nicole Remis,1490.3142436767284,1,0,1,2001-07-09,2001-07-09,3588
Lockhart,1490.3101685468,1,0,1,1975-05-26,1975-05-26,3589
Magy Aziz,1490.3054120050572,27,13,14,2006-04-26,2012-04-20,3590
C Champeau,1490.3051320481607,1,0,1,1968-04-01,1968-04-01,3591
Susan Wahn,1490.3039746795375,1,0,1,1968-01-22,1968-01-22,3592
Natalia Szabanin,1490.2994511863442,5,2,3,2022-07-11,2024-07-15,3593
R Manasseh,1490.2987429730128,1,0,1,1972-07-31,1972-07-31,3594
Andrea Farley,1490.2976612882621,19,6,13,1988-07-25,1991-07-22,3595
Grit Schneider,1490.2959575831258,1,0,1,1982-08-03,1982-08-03,3596
Rosa Vicens Mas,1490.2921756774788,1,0,1,2023-04-03,2023-04-03,3597
R Wood,1490.2884837358567,1,0,1,1980-01-07,1980-01-07,3598
A Mason,1490.28774368332,1,0,1,1982-04-08,1982-04-08,3599
Janine Bourgnon,1490.28774368332,1,0,1,1972-03-27,1972-03-27,3599
Knuebel,1490.28774368332,1,0,1,1968-01-26,1968-01-26,3599
L Carter,1490.28774368332,1,0,1,1978-07-17,1978-07-17,3599
Liako Selokoma,1490.28774368332,1,0,1,2001-05-15,2001-05-15,3599
Monica Malinen,1490.28774368332,1,0,1,2016-04-14,2016-04-14,3599
Stella Remander,1490.28774368332,1,0,1,2022-04-13,2022-04-13,3599
Veronika Babayan,1490.28774368332,1,0,1,2004-04-22,2004-04-22,3599
Wei Yen Lai,1490.28774368332,1,0,1,1996-02-22,1996-02-22,3599
Tapiwa Marobela,1490.287707944911,13,6,7,2001-05-14,2004-04-30,3608
Y Parshall,1490.2848747923192,1,0,1,1970-03-10,1970-03-10,3609
Vesa Gjinaj,1490.284385562818,1,0,1,2023-04-11,2023-04-11,3610
Bibitsa Vassiliadis,1490.2835100013162,1,0,1,1972-03-03,1972-03-03,3611
Enouchi,1490.2827517217893,1,0,1,1970-11-02,1970-11-02,3612
Yan Chen,1490.2820532743715,1,0,1,1997-03-12,1997-03-12,3613
S Longbottom,1490.2794684162,1,0,1,1981-02-27,1981-02-27,3614
Lynn Philippe,1490.2785055366815,1,0,1,2007-04-21,2007-04-21,3615
Vaidehi Chaudhari,1490.2781347765572,1,0,1,2023-04-15,2023-04-15,3616
Yoana Konstantinova,1490.2765296805128,1,0,1,2025-09-22,2025-09-22,3617
Maria Rossana Vega Saguier,1490.276257397193,1,0,1,2004-04-22,2004-04-22,3618
Johanna Hyoty,1490.275257946985,1,0,1,2012-04-19,2012-04-19,3619
Lumay Diaz Hernandez,1490.273478599511,1,0,1,2010-02-04,2010-02-04,3620
H Jenkins,1490.272703137257,1,0,1,1974-04-22,1974-04-22,3621
Laura Montalvo,1490.272186706763,1,0,1,1998-07-25,1998-07-25,3622
Engelbrecht,1490.2714307720112,1,0,1,1968-01-01,1968-01-01,3623
Sarah Moundir,1490.2697648916321,1,0,1,2010-02-06,2010-02-06,3624
Vera Rado,1490.269663358129,1,0,1,1968-09-02,1968-09-02,3625
Jenny Whalen,1490.268894621507,1,0,1,1989-07-24,1989-07-24,3626
Andrea Hoch,1490.2663145084493,1,0,1,1996-03-28,1996-03-28,3627
Regina Kawohl,1490.2639903509632,1,0,1,1969-05-26,1969-05-26,3628
Gisella Pere,1490.2625011482426,1,0,1,2008-04-25,2008-04-25,3629
Shizuko Matsuda,1490.2612109744143,1,0,1,1998-09-07,1998-09-07,3630
Simona Nunweiler,1490.2603052752872,1,0,1,1974-09-17,1974-09-17,3631
L Beach,1490.258553723417,3,1,2,1980-04-14,1980-06-09,3632
S Fairbarns,1490.2577523841464,1,0,1,1978-04-17,1978-04-17,3633
Celina Goetti,1490.257527266034,3,1,2,2009-02-04,2009-02-06,3634
S Black,1490.2565634706134,1,0,1,1977-05-23,1977-05-23,3635
Nadia Abdala,1490.252183625267,1,0,1,2012-02-27,2012-02-27,3636
Helen Moore,1490.2511940655386,6,2,4,1979-11-26,1981-11-25,3637
Claudine Casa,1490.2511169180668,1,0,1,1969-03-24,1969-03-24,3638
M Stees,1490.2506489852954,1,0,1,1972-05-06,1972-05-06,3639
K Reshoft,1490.2500246461027,1,0,1,1981-07-27,1981-07-27,3640
Georgia Turner,1490.2461277595507,1,0,1,1970-07-06,1970-07-06,3641
Martina Pawlik,1490.2452324536969,31,12,19,1987-09-21,1990-05-28,3642
Carol Backenstose,1490.2440536217212,1,0,1,1972-06-26,1972-06-26,3643
Betty Otto,1490.2434539932422,1,0,1,1968-06-16,1968-06-16,3644
S Mclachlan,1490.2386410885244,1,0,1,1970-12-14,1970-12-14,3645
Klara Blahova,1490.238024418361,1,0,1,1993-07-26,1993-07-26,3646
Maria Eugenia Fernandez,1490.2375196452258,9,4,5,1994-04-11,1996-04-26,3647
E Burke,1490.2371769650422,1,0,1,1980-11-17,1980-11-17,3648
Karolina Sadaj,1490.2328476224939,1,0,1,2000-03-04,2000-03-04,3649
Noelia Bouzo Zanotti,1490.2301898029705,1,0,1,2025-06-23,2025-06-23,3650
Albini,1490.2296137324959,1,0,1,1970-09-28,1970-09-28,3651
Tiffany Welford,1490.2264194887648,8,3,5,2002-03-04,2005-01-17,3652
Diala Jamaleddine,1490.2247523996414,1,0,1,2010-02-03,2010-02-03,3653
M Hunter,1490.2176946922345,1,0,1,1978-07-10,1978-07-10,3654
Erdenesuren Erdenebat,1490.2147097492102,3,1,2,2020-02-04,2020-02-06,3655
Kathy Kraft,1490.2146448063418,20,7,13,1970-05-25,1972-08-14,3656
Helene Cedet,1490.212980431561,1,0,1,1984-05-28,1984-05-28,3657
Zulay Castaneda,1490.2117591423976,3,1,2,2019-04-17,2019-04-20,3658
Pamela Duran Vinueza,1490.2099219969782,3,1,2,2004-04-20,2004-04-22,3659
Daksa,1490.2094958283476,1,0,1,1977-08-04,1977-08-04,3660
Laura Hernandez,1490.2092827753695,1,0,1,1994-04-12,1994-04-12,3661
Margaret Bonds,1490.2087120372437,1,0,1,1972-01-03,1972-01-03,3662
Seibuchler,1490.2067484860856,1,0,1,1981-12-09,1981-12-09,3663
Felitsata Dorofeeva Rybas,1490.2059711164127,1,0,1,2025-09-15,2025-09-15,3664
Ida Seljevoll Skancke,1490.2036417612437,3,1,2,2014-02-06,2014-02-08,3665
Cristina Cavina,1490.20221735446,1,0,1,1992-05-04,1992-05-04,3666
Anastasia Dvornikova,1490.2008898541355,1,0,1,2003-03-03,2003-03-03,3667
L Brailsford,1490.1987499009526,1,0,1,1977-05-23,1977-05-23,3668
Alexandra Podkolzina,1490.1981117544808,1,0,1,2002-08-26,2002-08-26,3669
K Dugan,1490.1978822125377,1,0,1,1971-05-03,1971-05-03,3670
Jana Lubasova,1490.1965282119077,1,0,1,1995-05-08,1995-05-08,3671
Ceylan Konuk,1490.195685926388,1,0,1,1998-08-03,1998-08-03,3672
Becky Vest,1490.1937608601293,68,24,44,1968-02-20,1973-04-09,3673
Rode,1490.1936918900628,1,0,1,1968-08-08,1968-08-08,3674
Rosemary White,1490.1854661261896,1,0,1,1974-11-17,1974-11-17,3675
Kairangi Vano,1490.1764082686109,1,0,1,2006-04-21,2006-04-21,3676
Sheila Mcinerney,1490.1678412213469,72,29,43,1977-06-26,1983-06-27,3677
Wilma Devos,1490.1667040477944,1,0,1,1980-11-24,1980-11-24,3678
J Onyehson,1490.1606972288396,1,0,1,1978-05-29,1978-05-29,3679
Jenny Odom,1490.159812212928,1,0,1,1974-02-18,1974-02-18,3680
Kelly Mccain,1490.1583649206045,8,2,6,2004-04-12,2005-02-14,3681
Monica Coste,1490.156774718497,1,0,1,1974-02-25,1974-02-25,3682
Pilar Herrero,1490.154868604622,1,0,1,1969-01-06,1969-01-06,3683
Kamonwan Buayam,1490.1539492075742,1,0,1,2016-02-06,2016-02-06,3684
Lara Smejkal,1490.1538358821617,1,0,1,2022-04-16,2022-04-16,3685
Anne Winston,1490.1515459304246,1,0,1,1985-08-12,1985-08-12,3686
Maria Mejides,1490.1481076107825,1,0,1,1970-01-21,1970-01-21,3687
Ida Wobker,1490.1452007444527,1,0,1,2025-08-04,2025-08-04,3688
Kopp,1490.144954723627,1,0,1,1972-08-21,1972-08-21,3689
Anna Fitzpatrick,1490.1436721181178,1,0,1,2008-06-09,2008-06-09,3690
Debbrich Feys,1490.1327091476574,1,0,1,2007-07-14,2007-07-14,3691
Eileen Carter,1490.1312149854396,1,0,1,1970-01-21,1970-01-21,3692
Anna Clarice Patrimonio,1490.1305309632698,25,12,13,2011-01-31,2020-02-07,3693
Elena Korokozidi,1490.128932770491,1,0,1,2025-09-22,2025-09-22,3694
Pei Yuin Keng,1490.1262596363194,5,2,3,1999-02-25,2000-04-29,3695
Natsuko Matsuda,1490.1258843430312,1,0,1,1999-09-06,1999-09-06,3696
Ann Templeton,1490.1241312825734,3,1,2,1969-06-30,1970-06-25,3697
Anne Chaboudy,1490.1237888069786,1,0,1,1968-03-11,1968-03-11,3698
Ann Young,1490.1236883291795,5,2,3,1978-05-14,1980-07-14,3699
C Nelson,1490.1222663820295,1,0,1,1972-03-03,1972-03-03,3700
Debbie Looms,1490.1215820333978,1,0,1,1980-01-21,1980-01-21,3701
Yvonne Neuwirth,1490.121380988977,1,0,1,2014-07-07,2014-07-07,3702
Marina Blanco,1490.1213720786923,1,0,1,1980-07-07,1980-07-07,3703
Sousan Massi,1490.1177337179947,1,0,1,2005-04-23,2005-04-23,3704
J Hrebik,1490.1126833721187,1,0,1,1980-08-28,1980-08-28,3705
Ya Hui Lin,1490.1115485353703,5,2,3,1991-07-18,1992-05-08,3706
Ariana Rojas,1490.1076173171161,5,2,3,1998-04-15,1999-02-27,3707
S Tamura,1490.1065320140383,1,0,1,1981-06-01,1981-06-01,3708
Erna Ackermann,1490.102918222159,1,0,1,1970-03-22,1970-03-22,3709
Freya Christie,1490.1014716679142,1,0,1,2016-06-06,2016-06-06,3710
J Hall,1490.0955978571942,2,0,2,1968-05-20,1974-12-09,3711
Palla,1490.0954493657907,1,0,1,1970-03-23,1970-03-23,3712
V Cantenot,1490.0948307886536,1,0,1,1970-03-31,1970-03-31,3713
Deria Nur Haliza,1490.092904666819,5,2,3,2014-02-05,2016-04-16,3714
Luiza Fullana,1490.0879503508422,1,0,1,2025-09-08,2025-09-08,3715
C M Robinson,1490.0851514743442,1,0,1,1969-04-21,1969-04-21,3716
Laura Ucros,1490.0841768857229,1,0,1,2013-02-09,2013-02-09,3717
Joanna Girard,1490.0838826699396,1,0,1,1982-05-03,1982-05-03,3718
Mahak Jain,1490.0797753196853,1,0,1,2019-02-09,2019-02-09,3719
Georgette Derderian,1490.0788209196926,1,0,1,1972-05-06,1972-05-06,3720
Maureen Boys,1490.078236504755,1,0,1,1980-11-24,1980-11-24,3721
Lindsey Berman,1490.076468466662,1,0,1,1974-01-07,1974-01-07,3722
Olga Ianchuk,1490.0728600301043,1,0,1,2015-07-27,2015-07-27,3723
Lily Richard,1490.0704386675486,1,0,1,1971-01-18,1971-01-18,3724
M Obrien,1490.0694435583957,1,0,1,1979-07-16,1979-07-16,3725
Paula Catalina Robles Garcia,1490.0675531816325,1,0,1,2006-04-20,2006-04-20,3726
Sokin,1490.0671150651474,1,0,1,1971-04-12,1971-04-12,3727
Rebeca Mata,1490.0663485883274,1,0,1,1973-10-08,1973-10-08,3728
Tatevik Yedigaryan,1490.0661522202518,1,0,1,2008-04-23,2008-04-23,3729
Alyssa Mayo,1490.0654643739872,1,0,1,2017-04-10,2017-04-10,3730
Biljana Pawlowa Dimitrova,1490.0647882757514,1,0,1,2010-02-05,2010-02-05,3731
Paula Hermida Velo,1490.0642619534053,1,0,1,1996-06-10,1996-06-10,3732
Dagmar Portscheller,1490.062740465734,1,0,1,1970-08-24,1970-08-24,3733
Eva Bennemann,1490.060912293912,1,0,1,2025-08-04,2025-08-04,3734
K Buehler,1490.058873906013,1,0,1,1982-07-26,1982-07-26,3735
Ana Maria Ganzabal,1490.0583194120063,1,0,1,1969-11-11,1969-11-11,3736
Wendy Moore,1490.0570927688586,1,0,1,1972-01-04,1972-01-04,3737
Ilene Friedland,1490.0567277489263,1,0,1,1980-05-19,1980-05-19,3738
Michaela Pochabova,1490.0554071329993,1,0,1,2010-07-05,2010-07-05,3739
Jie Hao,1490.0538911382887,5,2,3,2002-09-09,2006-09-25,3740
Claudia Van Der Weck,1490.0537692655585,3,1,2,1980-07-19,1985-10-06,3741
Sharon Oconnor,1490.052716275648,1,0,1,1972-01-04,1972-01-04,3742
J Hibbert,1490.0513774687902,1,0,1,1980-02-03,1980-02-03,3743
Vivienne Dennis,1490.0510563362282,1,0,1,1968-05-27,1968-05-27,3744
Beth King,1490.0508181553162,1,0,1,1974-02-25,1974-02-25,3745
Nicole Leimbach,1490.0481086299912,1,0,1,2003-03-03,2003-03-03,3746
Barbara Kearns,1490.0470900930725,1,0,1,1968-07-14,1968-07-14,3747
Ann Jenkins,1490.0458642153683,1,0,1,1968-01-19,1968-01-19,3748
E Moring,1490.0454102169465,1,0,1,1969-07-14,1969-07-14,3749
Aranza Lailu Benitez Ellis,1490.0444746046328,1,0,1,2017-07-20,2017-07-20,3750
R Lyons,1490.0444307365678,1,0,1,1980-07-07,1980-07-07,3751
Pye Moreton,1490.0423337167651,1,0,1,1981-11-25,1981-11-25,3752
Isabella Robbiani,1490.0398625278226,1,0,1,2012-02-02,2012-02-02,3753
Dragica Joksimovic,1490.0375796117614,1,0,1,2002-01-28,2002-01-28,3754
Tania Lea Aizenman Sanchez,1490.0373080662882,1,0,1,2017-07-22,2017-07-22,3755
Denise Parker,1490.0367160324668,1,0,1,1977-05-23,1977-05-23,3756
Patricia Edwards,1490.0341292952899,49,16,33,1968-01-19,1972-01-04,3757
Marian Munroe,1490.0340020096455,1,0,1,1968-08-13,1968-08-13,3758
Reolia Countee,1490.0339859470837,1,0,1,1968-04-29,1968-04-29,3759
Lisa Kwok,1490.0329578475719,1,0,1,1985-10-06,1985-10-06,3760
Tup Singer,1490.0328856378364,3,1,2,1969-02-03,1980-01-14,3761
Josette Billaz,1490.0326315478687,1,0,1,1968-02-26,1968-02-26,3762
Maria Holguin,1490.032480761934,1,0,1,1968-03-04,1968-03-04,3763
Sonal Phadke,1490.032313207849,1,0,1,2002-03-08,2002-03-08,3764
Silvia Tozzi,1490.0321677117108,1,0,1,1998-03-02,1998-03-02,3765
Belen Rivera,1490.0309745665877,1,0,1,2012-01-30,2012-01-30,3766
Hye Jin Park,1490.0284091973558,1,0,1,1995-06-12,1995-06-12,3767
Just,1490.0280566275942,1,0,1,1977-02-11,1977-02-11,3768
Amy Olmedo,1490.025467289894,1,0,1,1978-05-14,1978-05-14,3769
D Lewis,1490.0248487099957,1,0,1,1977-05-02,1977-05-02,3770
Tara Moore,1490.0183940367856,18,6,12,2012-06-11,2021-08-23,3771
Dona Abo Habaga,1490.0170860866108,3,1,2,2016-04-13,2018-04-19,3772
Ya Fang Tsai,1490.0166731543143,1,0,1,2000-04-28,2000-04-28,3773
Brenda Coassolo,1490.013758945888,1,0,1,2003-03-03,2003-03-03,3774
Lyn Langsford,1490.0131848671658,3,1,2,1980-01-07,1980-01-14,3775
Andreea Amalia Rosca,1490.012776053384,1,0,1,2018-07-16,2018-07-16,3776
Shu Ping Lin,1490.0121678757785,1,0,1,1994-11-14,1994-11-14,3777
Sasano Yoshiko,1490.0115753394455,1,0,1,1986-10-13,1986-10-13,3778
Mayuka Aikawa,1490.0111021730227,3,1,2,2025-09-15,2025-09-22,3779
Laura Zarate,1490.0089043549706,1,0,1,1968-04-08,1968-04-08,3780
Christine Fletcher,1490.0086600600687,1,0,1,1970-10-29,1970-10-29,3781
J Brailsford,1490.008403988675,1,0,1,1981-08-10,1981-08-10,3782
Loris Butterfield,1490.0082819270542,1,0,1,1968-01-19,1968-01-19,3783
Ulla Pontoppidan,1490.0082819270542,1,0,1,1968-01-29,1968-01-29,3783
Paula Zabala,1490.0058075896732,1,0,1,2010-02-15,2010-02-15,3785
Kerstin Hans,1490.0045895528865,1,0,1,1981-08-24,1981-08-24,3786
Chantel Skulskyj,1490.003377094732,1,0,1,1998-04-13,1998-04-13,3787
Heather Cowie,1490.0021578296491,3,1,2,1968-04-08,1969-04-21,3788
A Fry,1490.0,1,0,1,1978-04-17,1978-04-17,3789
A Harris,1490.0,1,0,1,1980-07-07,1980-07-07,3789
A Sergeant,1490.0,1,0,1,1978-07-17,1978-07-17,3789
Ambreen Rana,1490.0,1,0,1,1995-05-08,1995-05-08,3789
Ana Aubone,1490.0,1,0,1,1978-10-09,1978-10-09,3789
Angeline Devi Devanthiran,1490.0,1,0,1,2015-04-17,2015-04-17,3789
Ann Lentz,1490.0,1,0,1,1969-01-20,1969-01-20,3789
Ann Nall,1490.0,1,0,1,1968-01-22,1968-01-22,3789
Anna Lena Ebster,1490.0,1,0,1,2025-09-15,2025-09-15,3789
Anna Petkovic,1490.0,1,0,1,2025-08-04,2025-08-04,3789
Anne Croonenbergs,1490.0,1,0,1,1970-02-26,1970-02-26,3789
Anne Pooley,1490.0,1,0,1,1980-01-14,1980-01-14,3789
Antonia Schmidt,1490.0,1,0,1,2025-08-04,2025-08-04,3789
Arina Arifullina,1490.0,1,0,1,2025-06-16,2025-06-16,3789
Arlene Cohen,1490.0,1,0,1,1974-05-06,1974-05-06,3789
Asha Burns,1490.0,1,0,1,2003-03-03,2003-03-03,3789
B Christman,1490.0,1,0,1,1972-03-27,1972-03-27,3789
B Hackett,1490.0,1,0,1,1980-07-07,1980-07-07,3789
Beth Chaves,1490.0,1,0,1,1981-03-23,1981-03-23,3789
Bianca Barbolla,1490.0,1,0,1,1982-04-28,1982-04-28,3789
Blanka Kumbarova,1490.0,1,0,1,1998-07-27,1998-07-27,3789
Britta Mohlmann,1490.0,1,0,1,2001-03-05,2001-03-05,3789
C Augsburger,1490.0,1,0,1,1980-07-22,1980-07-22,3789
C Kay,1490.0,1,0,1,1978-07-10,1978-07-10,3789
C Mcwaite,1490.0,1,0,1,1976-11-29,1976-11-29,3789
C Morgan,1490.0,1,0,1,1968-07-08,1968-07-08,3789
Candela Yecora,1490.0,1,0,1,2025-06-23,2025-06-23,3789
Carla Beach,1490.0,1,0,1,1973-09-17,1973-09-17,3789
Caroline Hagey,1490.0,1,0,1,1983-09-26,1983-09-26,3789
Catherine Duke,1490.0,1,0,1,1973-09-17,1973-09-17,3789
Charlene Spencer,1490.0,1,0,1,1980-04-30,1980-04-30,3789
Chenting Zhu,1490.0,1,0,1,2025-10-27,2025-10-27,3789
Christiane Renck,1490.0,1,0,1,1980-03-17,1980-03-17,3789
Christine Cheney,1490.0,1,0,1,1969-07-28,1969-07-28,3789
Claudia Razzeto,1490.0,1,0,1,2009-04-23,2009-04-23,3789
Contarini,1490.0,1,0,1,1980-05-07,1980-05-07,3789
D G Bowman,1490.0,1,0,1,1968-04-08,1968-04-08,3789
D Higham,1490.0,1,0,1,1968-07-15,1968-07-15,3789
Danielle Dall Armi,1490.0,1,0,1,1972-09-18,1972-09-18,3789
Debbie Campbell,1490.0,1,0,1,1974-08-19,1974-08-19,3789
Denise Casteleyn,1490.0,1,0,1,1968-08-05,1968-08-05,3789
Doris Silva,1490.0,1,0,1,1970-10-27,1970-10-27,3789
Dorothy Oneil,1490.0,1,0,1,1968-05-27,1968-05-27,3789
Dr Tochtermann,1490.0,1,0,1,1968-02-26,1968-02-26,3789
E Clark,1490.0,1,0,1,1976-04-26,1976-04-26,3789
E Espley,1490.0,1,0,1,1980-01-07,1980-01-07,3789
E Harvey,1490.0,1,0,1,1968-04-01,1968-04-01,3789
E Lautenberg,1490.0,1,0,1,1975-04-28,1975-04-28,3789
E Lonsdale,1490.0,1,0,1,1979-07-16,1979-07-16,3789
E Rushoy,1490.0,1,0,1,1979-07-16,1979-07-16,3789
E S Lloyd,1490.0,1,0,1,1969-07-14,1969-07-14,3789
Eidenberger,1490.0,1,0,1,1968-08-15,1968-08-15,3789
Ekaterina Kazionova,1490.0,1,0,1,2025-09-15,2025-09-15,3789
Electra Henry,1490.0,1,0,1,1997-05-10,1997-05-10,3789
Elexia Stivala,1490.0,1,0,1,1990-07-21,1990-07-21,3789
Elizabeth Rankin,1490.0,1,0,1,1971-02-01,1971-02-01,3789
Ellen Wilkinson,1490.0,1,0,1,1973-06-25,1973-06-25,3789
Emeline Dartron,1490.0,1,0,1,2025-02-24,2025-02-24,3789
Emilie Elde,1490.0,1,0,1,2023-04-15,2023-04-15,3789
Emmonts,1490.0,1,0,1,1968-01-26,1968-01-26,3789
Ester Lizana,1490.0,1,0,1,1968-11-11,1968-11-11,3789
Ethelmae Cookson,1490.0,1,0,1,1973-09-17,1973-09-17,3789
F Egan,1490.0,1,0,1,1980-07-07,1980-07-07,3789
F Grutzner,1490.0,1,0,1,1980-07-22,1980-07-22,3789
Fahlbusch,1490.0,1,0,1,1981-08-31,1981-08-31,3789
Felicia Romeo,1490.0,1,0,1,1969-07-05,1969-07-05,3789
Florence Powers,1490.0,1,0,1,1968-05-06,1968-05-06,3789
Fruth,1490.0,1,0,1,1980-07-19,1980-07-19,3789
G Bailey,1490.0,1,0,1,1980-07-07,1980-07-07,3789
G Robinson,1490.0,1,0,1,1980-01-07,1980-01-07,3789
Gisele Faria,1490.0,1,0,1,1987-11-30,1987-11-30,3789
Guyon,1490.0,1,0,1,1980-04-30,1980-04-30,3789
Heather Robson,1490.0,1,0,1,1969-01-06,1969-01-06,3789
Helen Lusk,1490.0,1,0,1,1971-02-01,1971-02-01,3789
Helen Plaisted,1490.0,1,0,1,1968-01-02,1968-01-02,3789
Hudson,1490.0,1,0,1,1980-07-05,1980-07-05,3789
I Wilkes,1490.0,1,0,1,1978-04-17,1978-04-17,3789
Inna Gavrilenko,1490.0,1,0,1,2005-04-20,2005-04-20,3789
Isabel Adrover Gallego,1490.0,1,0,1,2025-06-16,2025-06-16,3789
J Caplen,1490.0,1,0,1,1981-03-06,1981-03-06,3789
J E Rodway,1490.0,1,0,1,1968-04-08,1968-04-08,3789
J Howe,1490.0,1,0,1,1980-02-03,1980-02-03,3789
J Mcmutrie,1490.0,1,0,1,1978-07-10,1978-07-10,3789
J Pinchbeck,1490.0,1,0,1,1981-01-12,1981-01-12,3789
J Stephens,1490.0,1,0,1,1974-12-09,1974-12-09,3789
J Syrett,1490.0,1,0,1,1978-07-17,1978-07-17,3789
Jan Bardot,1490.0,1,0,1,1978-05-14,1978-05-14,3789
Jana Otzipka,1490.0,1,0,1,2025-08-04,2025-08-04,3789
Jana Volkova,1490.0,1,0,1,1968-02-19,1968-02-19,3789
Jane Carey,1490.0,1,0,1,1969-07-28,1969-07-28,3789
Jane Dennis,1490.0,1,0,1,1968-02-16,1968-02-16,3789
Janice Kozen,1490.0,1,0,1,1968-05-27,1968-05-27,3789
Jean Fraser,1490.0,1,0,1,1968-07-15,1968-07-15,3789
Jeanine Fruh,1490.0,1,0,1,1981-07-13,1981-07-13,3789
Jenny Lim,1490.0,1,0,1,2025-02-24,2025-02-24,3789
Joan Buckpitt,1490.0,1,0,1,1970-10-29,1970-10-29,3789
Joanne Kraft,1490.0,1,0,1,1969-07-28,1969-07-28,3789
Josie Jones,1490.0,1,0,1,1981-07-13,1981-07-13,3789
June,1490.0,1,0,1,1980-05-07,1980-05-07,3789
K Jones,1490.0,1,0,1,1982-04-26,1982-04-26,3789
Karen Hotston,1490.0,1,0,1,1980-04-07,1980-04-07,3789
Karina Heck,1490.0,1,0,1,1987-07-26,1987-07-26,3789
Kathy Mueller,1490.0,1,0,1,1978-02-13,1978-02-13,3789
Kayla Frost,1490.0,1,0,1,2017-07-19,2017-07-19,3789
Keiko Morimoto,1490.0,1,0,1,1980-11-03,1980-11-03,3789
Kerry Norman,1490.0,1,0,1,1981-06-01,1981-06-01,3789
Kerry Stephens,1490.0,1,0,1,1968-01-08,1968-01-08,3789
Khady NDeye Diop,1490.0,1,0,1,1993-05-12,1993-05-12,3789
Kristina Samardzic,1490.0,1,0,1,2015-04-17,2015-04-17,3789
L Fournier,1490.0,1,0,1,1968-03-04,1968-03-04,3789
L Harris,1490.0,1,0,1,1981-05-18,1981-05-18,3789
L Lynn,1490.0,1,0,1,1981-07-13,1981-07-13,3789
L Sheppard,1490.0,1,0,1,1981-07-13,1981-07-13,3789
L Skutina,1490.0,1,0,1,1980-08-28,1980-08-28,3789
Laia Petretic,1490.0,1,0,1,2025-09-15,2025-09-15,3789
Lara Arnaout,1490.0,1,0,1,1996-02-22,1996-02-22,3789
Lebogang Seitshiro,1490.0,1,0,1,1996-03-26,1996-03-26,3789
Leslie Linton,1490.0,1,0,1,1968-01-01,1968-01-01,3789
Lina Lileikite,1490.0,1,0,1,2011-02-04,2011-02-04,3789
Linda Mank Horwitch,1490.0,1,0,1,1968-02-20,1968-02-20,3789
Linda Mitchell,1490.0,1,0,1,1974-05-06,1974-05-06,3789
Lindner,1490.0,1,0,1,1980-07-19,1980-07-19,3789
Lisa Boettcher,1490.0,1,0,1,1975-01-20,1975-01-20,3789
Lisa Schneider,1490.0,1,0,1,1973-08-30,1973-08-30,3789
Lucia Peyre,1490.0,1,0,1,2025-06-16,2025-06-16,3789
M Desouza,1490.0,1,0,1,1982-04-08,1982-04-08,3789
M Holmes,1490.0,1,0,1,1981-01-12,1981-01-12,3789
M Jones,1490.0,1,0,1,1968-04-08,1968-04-08,3789
M Nyholm,1490.0,1,0,1,1980-07-22,1980-07-22,3789
M Slocombe,1490.0,1,0,1,1969-01-01,1969-01-01,3789
M Standeven,1490.0,1,0,1,1973-04-16,1973-04-16,3789
M Stevenson,1490.0,1,0,1,1978-05-22,1978-05-22,3789
Maaya Rajeshwaran Revathi,1490.0,1,0,1,2025-10-27,2025-10-27,3789
Manako Tanguchi,1490.0,1,0,1,1979-10-15,1979-10-15,3789
Mandy Einstein,1490.0,1,0,1,1968-09-16,1968-09-16,3789
Mansour,1490.0,1,0,1,1970-03-09,1970-03-09,3789
Margaret Livingston,1490.0,1,0,1,1972-06-26,1972-06-26,3789
Maria Brenner,1490.0,1,0,1,1980-03-17,1980-03-17,3789
Maria Fagerstrom,1490.0,1,0,1,2008-04-22,2008-04-22,3789
Maria Jose Sanchez Uribe,1490.0,1,0,1,2025-03-31,2025-03-31,3789
Maria Menenzes,1490.0,1,0,1,1971-01-18,1971-01-18,3789
Marianne Colon,1490.0,1,0,1,1987-10-12,1987-10-12,3789
Marianne Ring,1490.0,1,0,1,1980-07-14,1980-07-14,3789
Marilyn Fernberger,1490.0,1,0,1,1968-07-14,1968-07-14,3789
Marina Lidiya,1490.0,1,0,1,2008-02-02,2008-02-02,3789
Martine Susini,1490.0,1,0,1,1970-03-09,1970-03-09,3789
Martine Zacharias,1490.0,1,0,1,1968-06-06,1968-06-06,3789
Menyhart,1490.0,1,0,1,1970-07-20,1970-07-20,3789
Mrs A Howes,1490.0,1,0,1,1971-04-19,1971-04-19,3789
Mrs A Smith,1490.0,1,0,1,1975-01-13,1975-01-13,3789
Mrs B L Evans,1490.0,1,0,1,1969-07-14,1969-07-14,3789
Mrs K Adams,1490.0,1,0,1,1968-04-08,1968-04-08,3789
Mrs L Jooste,1490.0,1,0,1,1975-05-26,1975-05-26,3789
Mrs Lloyd,1490.0,1,0,1,1978-05-22,1978-05-22,3789
Mrs S Hunter,1490.0,1,0,1,1976-04-26,1976-04-26,3789
N Bass,1490.0,1,0,1,1978-07-17,1978-07-17,3789
N Peters,1490.0,1,0,1,1968-07-15,1968-07-15,3789
Nancy Kirkham,1490.0,1,0,1,1968-05-27,1968-05-27,3789
Nancy Leand,1490.0,1,0,1,1969-02-14,1969-02-14,3789
Nancy Zimbalist,1490.0,1,0,1,1969-05-05,1969-05-05,3789
Natalia Trigosso,1490.0,1,0,1,2023-04-15,2023-04-15,3789
Natsumi Yuki,1490.0,1,0,1,1996-09-28,1996-09-28,3789
Nina Radovanovic,1490.0,1,0,1,2025-02-24,2025-02-24,3789
Ninani Coyne,1490.0,1,0,1,1997-05-11,1997-05-11,3789
Nora Bajchikova,1490.0,1,0,1,1985-09-23,1985-09-23,3789
Norma Baylon,1490.0,1,0,1,1968-11-04,1968-11-04,3789
O Martinet,1490.0,1,0,1,1980-07-22,1980-07-22,3789
Ochs,1490.0,1,0,1,1968-07-31,1968-07-31,3789
Oksana Lifanova,1490.0,1,0,1,1984-07-23,1984-07-23,3789
Olga Mahaney,1490.0,1,0,1,1968-01-16,1968-01-16,3789
P Grace,1490.0,1,0,1,1980-02-03,1980-02-03,3789
P Varga,1490.0,1,0,1,1974-09-17,1974-09-17,3789
Palma Winkler,1490.0,1,0,1,1968-10-05,1968-10-05,3789
Paula Albert,1490.0,1,0,1,1968-05-27,1968-05-27,3789
Paulina Franco Martinessi,1490.0,1,0,1,2022-04-14,2022-04-14,3789
Pauline Whareram,1490.0,1,0,1,1980-01-14,1980-01-14,3789
Petia Arshinkova,1490.0,1,0,1,2018-02-10,2018-02-10,3789
Phemelo Mogapi,1490.0,1,0,1,2002-04-11,2002-04-11,3789
R Austin,1490.0,1,0,1,1973-02-19,1973-02-19,3789
R Hackett,1490.0,1,0,1,1980-07-07,1980-07-07,3789
Rachel Clark,1490.0,1,0,1,1995-04-18,1995-04-18,3789
Reagan Mccurry,1490.0,1,0,1,1980-07-24,1980-07-24,3789
Renata Chmelikova,1490.0,1,0,1,1969-02-24,1969-02-24,3789
Romina Ottoboni,1490.0,1,0,1,1999-02-15,1999-02-15,3789
Roongnapha Surachet,1490.0,1,0,1,1990-07-21,1990-07-21,3789
Rosalinda Baron,1490.0,1,0,1,1978-07-17,1978-07-17,3789
Rozhan Karajayeva,1490.0,1,0,1,2020-02-07,2020-02-07,3789
Ruth Ryan,1490.0,1,0,1,1969-03-18,1969-03-18,3789
S Carter,1490.0,1,0,1,1969-07-14,1969-07-14,3789
S Fraser,1490.0,1,0,1,1980-04-07,1980-04-07,3789
S M Milton,1490.0,1,0,1,1972-05-01,1972-05-01,3789
S Miles,1490.0,1,0,1,1976-04-26,1976-04-26,3789
S Pomare,1490.0,1,0,1,1980-01-07,1980-01-07,3789
S Pozeg,1490.0,1,0,1,1972-09-25,1972-09-25,3789
S Tripp,1490.0,1,0,1,1981-03-06,1981-03-06,3789
Saby Berman,1490.0,1,0,1,1973-07-16,1973-07-16,3789
Sacchi,1490.0,1,0,1,1980-05-07,1980-05-07,3789
Sally Schweppe,1490.0,1,0,1,1973-06-25,1973-06-25,3789
Sandra Stephen,1490.0,1,0,1,1968-01-19,1968-01-19,3789
Sandra Stephens,1490.0,1,0,1,1968-01-02,1968-01-02,3789
Schriever,1490.0,1,0,1,1980-07-19,1980-07-19,3789
Sigel,1490.0,1,0,1,1980-07-19,1980-07-19,3789
Sofia Barletta,1490.0,1,0,1,2007-04-16,2007-04-16,3789
Stephanie Judith Visscher,1490.0,1,0,1,2025-08-04,2025-08-04,3789
Sue Beatty,1490.0,1,0,1,1974-05-06,1974-05-06,3789
Sue Hastings,1490.0,1,0,1,1968-01-19,1968-01-19,3789
Sue Strimel,1490.0,1,0,1,1968-07-14,1968-07-14,3789
Sue Weinberg,1490.0,1,0,1,1968-06-16,1968-06-16,3789
Susan Baldree,1490.0,1,0,1,1980-06-09,1980-06-09,3789
Susan Burke,1490.0,1,0,1,1983-05-30,1983-05-30,3789
Sylvia Stokes,1490.0,1,0,1,1969-07-05,1969-07-05,3789
Szabina Szlavikovics,1490.0,1,0,1,2014-02-09,2014-02-09,3789
Theodora Booker,1490.0,1,0,1,1968-03-17,1968-03-17,3789
Tina Nadine Smith,1490.0,1,0,1,2025-02-24,2025-02-24,3789
Ting Wen Wang,1490.0,1,0,1,2005-04-20,2005-04-20,3789
Tomoko Taira,1490.0,1,0,1,1999-09-06,1999-09-06,3789
Toth,1490.0,1,0,1,1970-07-20,1970-07-20,3789
Tudose,1490.0,1,0,1,1968-09-02,1968-09-02,3789
V Cawley,1490.0,1,0,1,1973-04-16,1973-04-16,3789
V Culp,1490.0,1,0,1,1972-05-06,1972-05-06,3789
V Polanyi,1490.0,1,0,1,1969-02-27,1969-02-27,3789
Vanesa Vlahova,1490.0,1,0,1,2025-09-15,2025-09-15,3789
Veronika Raimrova,1490.0,1,0,1,1999-02-27,1999-02-27,3789
Victoria Ketelsen,1490.0,1,0,1,1968-04-25,1968-04-25,3789
Virginia Zaror,1490.0,1,0,1,1968-11-11,1968-11-11,3789
Von Oertzen,1490.0,1,0,1,1968-01-26,1968-01-26,3789
Waltraud Hauck,1490.0,1,0,1,1980-07-19,1980-07-19,3789
Wozuko Mdlulwa,1490.0,1,0,1,2025-06-16,2025-06-16,3789
Wuthe,1490.0,1,0,1,1968-01-26,1968-01-26,3789
Yen Hua Lu,1490.0,1,0,1,2005-04-22,2005-04-22,3789
Yoshiro Tanaka,1490.0,1,0,1,1973-09-17,1973-09-17,3789
Zuleykha Safarova,1490.0,1,0,1,2015-07-27,2015-07-27,3789
R D Sa,1489.9996408421068,1,0,1,1978-07-17,1978-07-17,4021
Kathleen Carey,1489.9950423155092,1,0,1,1980-11-03,1980-11-03,4022
Helen Oconnor,1489.9917180729458,1,0,1,1968-01-19,1968-01-19,4023
Karla Mancinas,1489.9917180729458,1,0,1,2001-03-05,2001-03-05,4023
L Evans,1489.990621221018,1,0,1,1969-03-24,1969-03-24,4025
Mariann Greenberg,1489.9889288693564,1,0,1,1970-08-03,1970-08-03,4026
Amanda Basica,1489.9872983643327,2,0,2,1993-07-26,1993-11-01,4027
Helen Johnson,1489.9864595252789,1,0,1,1975-01-20,1975-01-20,4028
Marlene Calitz,1489.9863749536246,1,0,1,1972-03-27,1972-03-27,4029
Evelyne Gmeiner,1489.9861584589453,1,0,1,1997-05-10,1997-05-10,4030
Ekaterina Paniouchkina,1489.9859328830453,1,0,1,1998-04-13,1998-04-13,4031
Lee Ann,1489.9836998122087,1,0,1,1974-01-07,1974-01-07,4032
Vanessa Krauth,1489.9823620517486,1,0,1,2001-07-23,2001-07-23,4033
Tania Zaitouni,1489.981873487699,1,0,1,1993-05-03,1993-05-03,4034
Kate Lutgert,1489.981597166191,3,1,2,1998-04-13,1998-04-13,4035
B Wilson,1489.980974765907,1,0,1,1980-02-03,1980-02-03,4036
V Souter,1489.9795576481783,1,0,1,1968-12-30,1968-12-30,4037
Claudia Hoste Ferrer,1489.9770592374464,1,0,1,2025-09-15,2025-09-15,4038
Poggi,1489.9759199969953,1,0,1,1980-05-07,1980-05-07,4039
G Evans,1489.9754729559975,1,0,1,1973-04-16,1973-04-16,4040
Shayna Mcdowell,1489.9736139781253,1,0,1,2006-01-09,2006-01-09,4041
C Varley,1489.973428743654,1,0,1,1981-08-03,1981-08-03,4042
Ku Maizan Shak,1489.973021840157,1,0,1,1992-05-06,1992-05-06,4043
S Phelan,1489.972225414047,1,0,1,1973-04-16,1973-04-16,4044
Janet Agnew,1489.9711981651149,1,0,1,1980-01-14,1980-01-14,4045
Tanja Hauschildt,1489.9700038936905,1,0,1,1991-04-22,1991-04-22,4046
Rafaela Gomez,1489.9699896103534,3,1,2,2012-04-17,2012-04-21,4047
Ada Cowan,1489.9672886068283,1,0,1,1970-10-27,1970-10-27,4048
L Alisop,1489.9640619073732,1,0,1,1974-12-09,1974-12-09,4049
Linda Svarena,1489.9614434463665,1,0,1,2003-04-29,2003-04-29,4050
Allison Tolson,1489.96037581868,1,0,1,1998-04-29,1998-04-29,4051
W Loggerenberg,1489.9505387284742,1,0,1,1969-04-01,1969-04-01,4052
T Turberville,1489.9496719130107,1,0,1,1977-05-23,1977-05-23,4053
Cindy Brinker,1489.9448646895476,2,0,2,1973-03-05,1974-08-19,4054
Aiko Nakamura,1489.9435749152271,137,56,81,2002-01-28,2011-10-10,4055
Shira Gafni,1489.9422536839597,1,0,1,1987-03-09,1987-03-09,4056
Valentina Steiner,1489.9411375308255,1,0,1,2025-07-14,2025-07-14,4057
Katrina Greenman,1489.9390779531366,1,0,1,1990-11-05,1990-11-05,4058
M J De Lacerda,1489.9386318952818,1,0,1,1969-07-14,1969-07-14,4059
Beryl Parker,1489.937864123467,1,0,1,1968-05-20,1968-05-20,4060
Cecilia Barbat,1489.93290525623,1,0,1,1975-10-20,1975-10-20,4061
Marinet Morgan,1489.9324547778806,1,0,1,1998-04-13,1998-04-13,4062
Mariela Clavijo,1489.931230446909,1,0,1,1985-10-06,1985-10-06,4063
C Nnadozie,1489.9305649430155,1,0,1,1978-05-29,1978-05-29,4064
Trampenau,1489.929367999247,1,0,1,1982-02-04,1982-02-04,4065
Fleur Oakley,1489.9268007627647,1,0,1,1980-01-14,1980-01-14,4066
Nancy Parker,1489.925885320199,1,0,1,1972-05-06,1972-05-06,4067
Poojashree Venkatesha,1489.923536711681,5,2,3,2010-02-04,2011-01-31,4068
J Sammons,1489.9234346797225,1,0,1,1972-03-27,1972-03-27,4069
Oksana Bushevitsa,1489.9199357753205,11,5,6,1992-04-13,1995-04-20,4070
Ann Birchall,1489.9183761224156,4,1,3,1975-03-28,1979-07-16,4071
Joan Kennedy,1489.9183520371535,1,0,1,1971-06-16,1971-06-16,4072
Mrs Mcintosh,1489.914503302483,1,0,1,1979-07-09,1979-07-09,4073
Maria Teresa Cuadrado,1489.9075866097266,1,0,1,1968-07-29,1968-07-29,4074
Nicol,1489.9072506623293,1,0,1,1975-05-26,1975-05-26,4075
Ghada Alajeely,1489.90677411229,3,1,2,2014-02-04,2014-02-07,4076
Julia Ann Holt,1489.903606121718,1,0,1,1972-06-26,1972-06-26,4077
Stefana Lakicevic,1489.9021455296997,5,2,3,2008-04-22,2008-04-26,4078
Leanne Strode,1489.9013944043115,1,0,1,1970-10-29,1970-10-29,4079
Silvia Pavan,1489.899534876538,3,1,2,1980-05-07,1980-08-04,4080
Bonnie Miller,1489.8960024017138,1,0,1,1976-06-29,1976-06-29,4081
Ginevra Mugniani,1489.895441460808,1,0,1,1993-07-26,1993-07-26,4082
C Letcher,1489.895361901882,1,0,1,1981-06-01,1981-06-01,4083
Karen Wills,1489.8932635064336,3,1,2,1968-08-13,1969-08-03,4084
C Coke,1489.893229796591,1,0,1,1974-12-30,1974-12-30,4085
M Stewart,1489.8916311548137,1,0,1,1976-11-29,1976-11-29,4086
Eva Szekerka,1489.8893366566879,1,0,1,1968-07-08,1968-07-08,4087
Gerda Zykute,1489.8846051078492,1,0,1,2016-04-16,2016-04-16,4088
Silvana Lazzarino,1489.881956253829,1,0,1,1969-03-24,1969-03-24,4089
Vivian Wolff,1489.8815063545553,1,0,1,2025-08-04,2025-08-04,4090
Susan Pendo,1489.8811704888985,1,0,1,1986-06-30,1986-06-30,4091
Theresa Logar,1489.8780955771517,1,0,1,2003-08-25,2003-08-25,4092
Agni Stefanou,1489.8772262478844,1,0,1,2012-02-04,2012-02-04,4093
Elba Pinero,1489.8768963207303,1,0,1,1987-10-12,1987-10-12,4094
Brigitte Croonenbergs,1489.870317109426,1,0,1,1968-08-05,1968-08-05,4095
Choi Kyung Mie,1489.8701985845153,1,0,1,1977-04-04,1977-04-04,4096
Norzafira Taufik,1489.8671843899426,1,0,1,2003-04-22,2003-04-22,4097
Nancy Zaro,1489.8641397587198,1,0,1,1974-05-06,1974-05-06,4098
Zuleika Wapler,1489.8612161359913,1,0,1,1981-04-06,1981-04-06,4099
I Dyke,1489.856350832113,1,0,1,1981-01-12,1981-01-12,4100
Hillary Laduke,1489.8533586611702,4,1,3,1975-01-06,1976-08-24,4101
Manhart,1489.8529190171641,1,0,1,1972-08-21,1972-08-21,4102
Mrs C Steele,1489.852730575967,1,0,1,1970-06-08,1970-06-08,4103
Caroline Leather,1489.8490837742286,1,0,1,1970-05-04,1970-05-04,4104
Jones,1489.8485061515898,1,0,1,1974-05-29,1974-05-29,4105
Martine Jodin,1489.8473979938422,1,0,1,1977-01-05,1977-01-05,4106
Y Anderson,1489.8471371709213,1,0,1,1969-04-14,1969-04-14,4107
Natasa Zoric,1489.8464875357208,1,0,1,2008-07-07,2008-07-07,4108
F Pilla,1489.8436748851732,1,0,1,1968-06-10,1968-06-10,4109
E Schroder,1489.8425033616984,1,0,1,1974-11-18,1974-11-18,4110
J Denholm,1489.8409697827974,1,0,1,1980-07-07,1980-07-07,4111
Lucinda Gibbs,1489.840774817997,3,1,2,2000-03-04,2000-03-04,4112
Shelby Thorner,1489.8383067171217,1,0,1,1982-05-03,1982-05-03,4113
Amy Jensen,1489.8376417836353,1,0,1,1996-03-03,1996-03-03,4114
Dimitra Pavlou,1489.8372728432241,1,0,1,2020-02-07,2020-02-07,4115
J Wilks,1489.8368532440368,3,1,2,1978-04-24,1978-05-01,4116
Barbara Pocza,1489.8364773199928,1,0,1,2005-04-23,2005-04-23,4117
Ingrid Reyneke,1489.836042436564,1,0,1,1980-11-24,1980-11-24,4118
Susan Taylor,1489.8350946337937,1,0,1,1982-07-19,1982-07-19,4119
Elizabeth Lightbody,1489.8343671307755,1,0,1,1976-10-25,1976-10-25,4120
C D Leslie,1489.8340748127584,1,0,1,1969-11-03,1969-11-03,4121
Ani Safaryan,1489.8339760600888,1,0,1,2014-02-07,2014-02-07,4122
A Croucamp,1489.8331209531098,1,0,1,1974-11-18,1974-11-18,4123
Lisa Lusteg,1489.8329050776993,1,0,1,1980-06-30,1980-06-30,4124
M Wa,1489.827949183301,1,0,1,1968-05-20,1968-05-20,4125
Lee,1489.8264779093604,1,0,1,1973-05-07,1973-05-07,4126
Arnold,1489.823791483683,1,0,1,1980-05-22,1980-05-22,4127
Edie Carell,1489.8230522240337,1,0,1,1984-01-02,1984-01-02,4128
Adriana Reami,1489.8219500328948,1,0,1,2025-09-15,2025-09-15,4129
Ivana Bracun,1489.8204657645551,1,0,1,1999-04-26,1999-04-26,4130
Ikuko Shibata,1489.8203305062575,1,0,1,1979-10-22,1979-10-22,4131
Elizabeth Bradley,1489.8199918615842,1,0,1,1972-06-26,1972-06-26,4132
Allegra Cesare,1489.8186112771898,1,0,1,1980-11-10,1980-11-10,4133
Virginia Rice,1489.8172519804664,1,0,1,1968-05-27,1968-05-27,4134
Iva Primorac,1489.8159264293936,1,0,1,2025-09-22,2025-09-22,4135
Brands,1489.8145561235347,1,0,1,1980-05-22,1980-05-22,4136
Thompson,1489.8136448556206,1,0,1,1979-02-19,1979-02-19,4137
Maria Rasmussen,1489.8097882488264,3,1,2,1998-05-08,2004-04-24,4138
Alicia Herrero Linana,1489.8094242642103,1,0,1,2025-07-14,2025-07-14,4139
Simona Arghire,1489.808203067501,3,1,2,2001-03-05,2001-03-05,4140
Olivia Petrino,1489.8055479896275,3,1,2,1980-07-14,1980-07-21,4141
Esther Knox,1489.8031118941528,1,0,1,1996-03-03,1996-03-03,4142
Marina Bottazzi,1489.8022101130337,1,0,1,1987-09-21,1987-09-21,4143
Jean Dicamillo,1489.799448513727,1,0,1,1968-06-16,1968-06-16,4144
Inge Koch,1489.7980716502925,1,0,1,1980-07-24,1980-07-24,4145
Beraud,1489.7979515965296,1,0,1,1968-07-31,1968-07-31,4146
Erica Adams,1489.7977589797767,1,0,1,1994-10-31,1994-10-31,4147
K Cawthorn,1489.7958098971922,1,0,1,1975-11-03,1975-11-03,4148
Sue Taylor,1489.7940185617706,1,0,1,1972-01-10,1972-01-10,4149
Ines Ferrer Suarez,1489.7913494466209,1,0,1,2012-02-13,2012-02-13,4150
H Wilks,1489.7912493878714,1,0,1,1978-05-08,1978-05-08,4151
Jodie Lynn,1489.7882938832176,1,0,1,1996-03-03,1996-03-03,4152
Jane Johansen,1489.787309542007,1,0,1,1981-07-13,1981-07-13,4153
Alexandra Kolesnichenko,1489.7857997675867,1,0,1,2009-09-21,2009-09-21,4154
Totta Zehden,1489.7854849587845,1,0,1,1971-09-06,1971-09-06,4155
Willi Brown,1489.784789546818,1,0,1,1968-08-13,1968-08-13,4156
M A Wray,1489.7820620567056,1,0,1,1972-05-01,1972-05-01,4157
Daria Chernova,1489.7771797920532,1,0,1,1997-04-22,1997-04-22,4158
Sara Azaddoost,1489.776042110202,1,0,1,2018-02-06,2018-02-06,4159
Nicole Stanziola,1489.7755687088256,3,1,2,2008-04-23,2008-04-26,4160
Sharon Thomson,1489.7738517014172,1,0,1,1970-01-19,1970-01-19,4161
Ana Gabriela Zavala Mata,1489.773031396814,1,0,1,2016-02-05,2016-02-05,4162
Julita Saner,1489.77211837599,1,0,1,2022-04-15,2022-04-15,4163
Shirli Ann Siddall,1489.7708783105372,37,14,23,1992-06-08,1997-06-23,4164
Bernice Adams,1489.7702378293202,1,0,1,1969-03-01,1969-03-01,4165
Juliana Brand,1489.7681713786,1,0,1,1981-04-13,1981-04-13,4166
Alena Kovackova,1489.7672798977362,1,0,1,2025-07-21,2025-07-21,4167
Bolor Enkhbayar,1489.766705243089,1,0,1,2020-02-05,2020-02-05,4168
Winterbauer,1489.7641502440704,1,0,1,1980-05-22,1980-05-22,4169
Lynn Kiro,1489.76376920351,1,0,1,2013-04-17,2013-04-17,4170
C Ross Roberts,1489.763678018914,1,0,1,1981-07-06,1981-07-06,4171
S Cohen,1489.763434186219,1,0,1,1980-08-28,1980-08-28,4172
Fiona Martin,1489.7598557581132,1,0,1,1983-07-17,1983-07-17,4173
Alisa Ogorodova,1489.7593496831814,1,0,1,2008-09-29,2008-09-29,4174
M Pettenaro,1489.7540381851245,1,0,1,1974-04-15,1974-04-15,4175
Elizabeth Tapia,1489.7523331331952,3,1,2,2008-04-23,2008-04-26,4176
Kathy Checket,1489.7521853743167,1,0,1,1968-07-14,1968-07-14,4177
Annette Patchen,1489.750943957424,1,0,1,1987-01-25,1987-01-25,4178
Margaret Eisele,1489.7498820414557,1,0,1,1972-08-28,1972-08-28,4179
Paola Sessarego,1489.7484883508928,1,0,1,1980-06-16,1980-06-16,4180
Emily Hewson,1489.7474588019481,11,5,6,2000-03-04,2001-03-05,4181
Collins,1489.7466078451966,1,0,1,1973-05-05,1973-05-05,4182
Voyt,1489.746465416976,1,0,1,1980-05-22,1980-05-22,4183
T Young,1489.7459909344727,1,0,1,1972-03-27,1972-03-27,4184
Zani Barnard,1489.7418174061793,1,0,1,2019-02-08,2019-02-08,4185
M Styles,1489.7417869258472,1,0,1,1968-05-06,1968-05-06,4186
Ji Young Yoo,1489.7416515568614,1,0,1,1997-09-08,1997-09-08,4187
Giraldi,1489.741317312454,1,0,1,1980-07-05,1980-07-05,4188
A Ploch,1489.740355791758,1,0,1,1968-03-11,1968-03-11,4189
Juliana Giaccio,1489.7389145260188,1,0,1,2025-06-16,2025-06-16,4190
Mrs C Drisdale,1489.738644838647,1,0,1,1969-07-07,1969-07-07,4191
Line Jouayed,1489.7378267742386,1,0,1,2006-04-20,2006-04-20,4192
Irina Ramialison,1489.7367294764672,1,0,1,2015-10-12,2015-10-12,4193
Carolyn Ann Lim Hui,1489.7363262778817,1,0,1,2008-01-31,2008-01-31,4194
Vivian Acra,1489.7352101349843,1,0,1,1993-04-23,1993-04-23,4195
Ilonka Leyten,1489.7351273351564,1,0,1,1985-09-23,1985-09-23,4196
Anna Giulia Remondina,1489.7344438850746,1,0,1,2011-07-04,2011-07-04,4197
Ana Mitevska,1489.7328051652255,1,0,1,2025-09-22,2025-09-22,4198
P Rhodes,1489.7327341333355,1,0,1,1968-07-15,1968-07-15,4199
Angela Haynes,1489.7307080463845,51,15,36,2003-07-21,2009-09-21,4200
Heather Bucke,1489.7287432593614,5,1,4,1971-04-05,1972-03-27,4201
Guljahan Kadyrova,1489.7276609802545,1,0,1,2013-02-07,2013-02-07,4202
D Dimmer,1489.7273922028223,1,0,1,1979-05-28,1979-05-28,4203
Zdenka Malkova,1489.7267121189852,4,1,3,1991-08-19,1992-07-20,4204
Kaiser,1489.7248578476995,1,0,1,1970-08-17,1970-08-17,4205
Renata Smekalova,1489.7247635515819,1,0,1,1989-12-11,1989-12-11,4206
Ines Caceres,1489.7243164153153,1,0,1,1969-11-11,1969-11-11,4207
Ayako Noda,1489.724019242742,1,0,1,1999-09-06,1999-09-06,4208
Jill Morton Beck,1489.7236086005632,1,0,1,1981-09-12,1981-09-12,4209
Alcuba,1489.7231677510506,1,0,1,1976-03-01,1976-03-01,4210
Chanrisa Rareang,1489.7230897978236,1,0,1,1990-07-21,1990-07-21,4211
Maria Moya,1489.7207012454508,1,0,1,2010-04-24,2010-04-24,4212
Catherine Mae Collins,1489.7205315838,1,0,1,1968-06-16,1968-06-16,4213
E Staples,1489.7205315838,1,0,1,1968-01-19,1968-01-19,4213
C Cehrman,1489.7203134664262,1,0,1,1969-04-01,1969-04-01,4215
Trevine Sellier,1489.7201439802193,1,0,1,2011-05-21,2011-05-21,4216
Upeka Wijeratne,1489.7190514378633,3,1,2,1995-03-08,1995-03-10,4217
Alyssa Ann Labay,1489.7189105028983,1,0,1,2004-04-22,2004-04-22,4218
Lucia Llinares Domingo,1489.7186072159634,1,0,1,2025-06-16,2025-06-16,4219
Wetzel,1489.7185690534961,1,0,1,1980-05-22,1980-05-22,4220
Rishika Sunkara,1489.7184976869876,3,1,2,2013-02-06,2014-02-04,4221
E Cowan,1489.71832940401,1,0,1,1981-07-06,1981-07-06,4222
Peterhans,1489.7181829543626,1,0,1,1980-07-19,1980-07-19,4223
Cheryl Smith,1489.7180807960435,1,0,1,1980-01-14,1980-01-14,4224
Jennifer Hirsch,1489.7180696927726,1,0,1,1980-05-26,1980-05-26,4225
Darya Velikova,1489.7177910026985,1,0,1,2025-09-15,2025-09-15,4226
Gail Jose,1489.7173502174162,1,0,1,1980-11-24,1980-11-24,4227
Helen Jackson,1489.7167164528637,1,0,1,1970-07-06,1970-07-06,4228
Ligia Mattos,1489.714642608742,1,0,1,1982-07-05,1982-07-05,4229
Agathe Belibi,1489.7139784538845,1,0,1,1997-05-06,1997-05-06,4230
P Grapes,1489.7136570748087,1,0,1,1980-01-27,1980-01-27,4231
Mogalie,1489.7134252083476,1,0,1,1980-08-20,1980-08-20,4232
A Connelly,1489.7124941159507,1,0,1,1968-03-11,1968-03-11,4233
Antonella Oneto,1489.71225631668,1,0,1,1980-08-04,1980-08-04,4234
C Gomez,1489.71225631668,1,0,1,1980-04-14,1980-04-14,4234
Dominique Toliravo,1489.71225631668,1,0,1,1999-04-29,1999-04-29,4234
Elena Trifu,1489.71225631668,1,0,1,1974-09-17,1974-09-17,4234
Janet Moore,1489.71225631668,1,0,1,1968-03-04,1968-03-04,4234
Natasha Kelly,1489.71225631668,1,0,1,1997-05-18,1997-05-18,4234
Roxana Abdurakhmonova,1489.71225631668,1,0,1,2000-04-26,2000-04-26,4234
Carol Wicker,1489.712027389323,1,0,1,1980-06-16,1980-06-16,4241
Alexandra Kleffel,1489.71171513503,1,0,1,1992-05-04,1992-05-04,4242
M Benker,1489.711500079337,1,0,1,1968-04-01,1968-04-01,4243
Lucia Cortez Llorca,1489.7113887719936,1,0,1,2025-06-16,2025-06-16,4244
Andzhelina Kostova,1489.7106558705896,1,0,1,2025-09-15,2025-09-15,4245
Mrs Hunter,1489.709163235217,1,0,1,1981-08-10,1981-08-10,4246
Marilyn Straw,1489.7091496162989,1,0,1,1970-01-26,1970-01-26,4247
Y Petersen,1489.7090385358285,1,0,1,1972-05-01,1972-05-01,4248
C Myers,1489.7075073981023,1,0,1,1978-04-24,1978-04-24,4249
Ignacia Marin,1489.7072351870463,1,0,1,2001-05-18,2001-05-18,4250
Hiroko Kosaka,1489.7071525392319,1,0,1,1968-08-13,1968-08-13,4251
Zsofia Golopencza,1489.707045361058,1,0,1,1999-02-27,1999-02-27,4252
Heather Young,1489.7069764289388,1,0,1,1969-08-03,1969-08-03,4253
K Lonergan,1489.7056903245389,1,0,1,1980-01-07,1980-01-07,4254
P Katu,1489.7049140621798,1,0,1,1975-11-24,1975-11-24,4255
Kathy Kaer,1489.704716634069,1,0,1,1981-04-29,1981-04-29,4256
Mrs Graham,1489.70431913683,1,0,1,1978-07-17,1978-07-17,4257
Nicola Corn,1489.703747569856,1,0,1,1996-03-27,1996-03-27,4258
Kimia Rahmani,1489.7037176961942,1,0,1,2018-02-07,2018-02-07,4259
Juliana Jonsdottir,1489.7032889149518,1,0,1,1997-05-07,1997-05-07,4260
Miyomko Sugiwara,1489.7027957559055,1,0,1,1976-11-29,1976-11-29,4261
Nina Khrisanova,1489.702356483018,1,0,1,2011-07-18,2011-07-18,4262
Li Chuan Hsieh,1489.702051939972,1,0,1,1980-05-19,1980-05-19,4263
Milka Emilia Pasanen,1489.7005276040138,1,0,1,2016-04-16,2016-04-16,4264
Sara Amini,1489.6990706674226,1,0,1,2015-04-17,2015-04-17,4265
Lilly Elida Haseth,1489.6983399010185,1,0,1,2023-04-15,2023-04-15,4266
Y Bantle,1489.6977439599946,1,0,1,1969-02-11,1969-02-11,4267
Annalisa Bossi,1489.6969212278918,1,0,1,1968-09-26,1968-09-26,4268
Andrea Steingraeber,1489.6967045603428,1,0,1,1980-03-10,1980-03-10,4269
Maylani Ah Hoy,1489.6964553748949,3,1,2,2003-04-21,2003-04-23,4270
Shinejargal Battur,1489.695835330661,1,0,1,2020-02-08,2020-02-08,4271
J Worthington,1489.6949331042815,1,0,1,1972-01-04,1972-01-04,4272
C Pearson,1489.6938631924236,1,0,1,1975-12-15,1975-12-15,4273
Titia Wilmink,1489.6933346900996,1,0,1,1989-07-24,1989-07-24,4274
L Goldberg,1489.6931212048119,1,0,1,1981-05-18,1981-05-18,4275
Truner,1489.6929458948166,1,0,1,1972-03-20,1972-03-20,4276
M Craig,1489.6927659038984,1,0,1,1981-07-06,1981-07-06,4277
Penny Smith,1489.6927529349782,1,0,1,1980-01-21,1980-01-21,4278
Paulette Moreno,1489.692286692939,27,12,15,1983-07-04,1995-04-21,4279
Jean Marie Lozano,1489.6910802117727,1,0,1,1993-05-03,1993-05-03,4280
Fernanda Secinaro,1489.69073954024,5,2,3,2016-02-05,2018-06-23,4281
Severine Beltrame,1489.6906079886355,132,47,85,2003-11-03,2009-09-14,4282
Liz Derry,1489.6895397880944,1,0,1,1969-07-05,1969-07-05,4283
Carrie Lynn Cohen,1489.689436285537,1,0,1,1988-08-15,1988-08-15,4284
Massimino,1489.6887729006594,1,0,1,1980-05-07,1980-05-07,4285
Susie Miner,1489.6878137701985,1,0,1,1974-08-05,1974-08-05,4286
Junko Nishida,1489.6873488834347,1,0,1,1997-09-08,1997-09-08,4287
Helen Kain,1489.6869477458893,1,0,1,1980-01-21,1980-01-21,4288
Caroline Yao,1489.6864306450634,1,0,1,1982-05-03,1982-05-03,4289
Amel Benhaj,1489.6859202766552,1,0,1,2006-04-28,2006-04-28,4290
Brigitte Lorang,1489.685148818951,1,0,1,1977-06-13,1977-06-13,4291
Silvia Biraghi,1489.685141446731,1,0,1,1981-04-27,1981-04-27,4292
Julie Belgraver,1489.6818087061974,1,0,1,2025-02-24,2025-02-24,4293
Henrietta Habler,1489.6814502709515,1,0,1,2012-04-30,2012-04-30,4294
Beatrice Lucki,1489.6812550617929,1,0,1,1980-03-24,1980-03-24,4295
Ingrid Vlach,1489.6805977827682,1,0,1,1985-09-23,1985-09-23,4296
Patricia Hern,1489.6798338170113,2,0,2,1970-10-29,1971-12-07,4297
Tina Rupert,1489.6779670393023,1,0,1,2013-02-09,2013-02-09,4298
L Piila,1489.6777509978433,1,0,1,1968-07-25,1968-07-25,4299
Briana Szabo,1489.6764798926154,1,0,1,2021-08-02,2021-08-02,4300
Rie Nakazaka,1489.6761627207295,1,0,1,1985-10-14,1985-10-14,4301
Justine Brown,1489.6739777477073,1,0,1,1987-01-25,1987-01-25,4302
Shelley Hudson,1489.6728604581551,1,0,1,1973-09-10,1973-09-10,4303
G Wadsworth,1489.672509420894,1,0,1,1978-04-24,1978-04-24,4304
Fiona Morris,1489.6724917827557,8,2,6,1968-09-12,1976-08-22,4305
N Christiaensen,1489.671886266388,1,0,1,1969-04-16,1969-04-16,4306
Patty Mcquown,1489.671243256431,1,0,1,1981-04-29,1981-04-29,4307
Van Der Weck,1489.6707091192616,1,0,1,1980-07-19,1980-07-19,4308
Eleanor Oneill,1489.670526250966,9,3,6,1968-07-08,1973-07-09,4309
Vita Taher,1489.6664505970869,1,0,1,2014-02-06,2014-02-06,4310
Lindsay Lee Waters,1489.6657567550826,101,36,65,1995-02-13,2005-08-29,4311
A Harmath,1489.6635614044703,1,0,1,1980-08-28,1980-08-28,4312
Rapcsak,1489.6630171183547,1,0,1,1970-07-20,1970-07-20,4313
Ch Sendra,1489.6510665524513,1,0,1,1972-04-09,1972-04-09,4314
N Avdeeva,1489.6503378862578,1,0,1,1982-07-19,1982-07-19,4315
L Moore,1489.64923768583,1,0,1,1969-07-14,1969-07-14,4316
Daianne Hayashida,1489.6482336351498,1,0,1,2020-02-07,2020-02-07,4317
Woreina,1489.6445809666343,1,0,1,1972-03-13,1972-03-13,4318
Lona Swanson,1489.6432102469294,1,0,1,1974-05-06,1974-05-06,4319
Tammy Tan,1489.642727757113,1,0,1,2020-02-06,2020-02-06,4320
Weronika Ewald,1489.6410888396676,1,0,1,2023-07-24,2023-07-24,4321
Costanza Algranti,1489.6353242477867,1,0,1,1980-07-21,1980-07-21,4322
Amandine Monnot,1489.6291391560148,1,0,1,2025-08-04,2025-08-04,4323
F Wadner,1489.6249924009708,1,0,1,1972-03-27,1972-03-27,4324
I Truijens,1489.6243426215606,1,0,1,1978-07-17,1978-07-17,4325
Heinz,1489.623265862261,1,0,1,1980-05-22,1980-05-22,4326
Doerte Kreutzer,1489.6228073473076,1,0,1,1980-07-24,1980-07-24,4327
Deerbergen,1489.6197006808968,1,0,1,1981-12-09,1981-12-09,4328
Beverly Lockwood,1489.61714567805,1,0,1,1981-08-03,1981-08-03,4329
Viviane Geerts,1489.6167664732918,1,0,1,1970-07-13,1970-07-13,4330
Schmid,1489.615856875784,1,0,1,1969-02-27,1969-02-27,4331
Sagit Doron,1489.6140968654256,1,0,1,1986-07-20,1986-07-20,4332
H Haddon,1489.6134159887854,1,0,1,1979-07-16,1979-07-16,4333
P Blomstrand,1489.6125615552587,1,0,1,1973-07-09,1973-07-09,4334
Mornard,1489.611067327118,1,0,1,1969-07-14,1969-07-14,4335
Trisha Whitbourne,1489.609572006163,1,0,1,1980-01-14,1980-01-14,4336
Lucie Havlickova,1489.6091606378006,7,2,5,2021-07-12,2026-02-01,4337
P Hendry,1489.6034141733858,1,0,1,1980-07-07,1980-07-07,4338
Nami Kouzu,1489.5989123464656,1,0,1,1981-04-29,1981-04-29,4339
Dora Krstulovic,1489.5984381678697,1,0,1,1998-04-27,1998-04-27,4340
K Neill,1489.598164739469,3,1,2,1978-05-22,1978-05-29,4341
Bortscheller,1489.5974282332388,1,0,1,1971-01-30,1971-01-30,4342
Lola Giza,1489.589880904001,1,0,1,2025-08-04,2025-08-04,4343
Michele Mizen,1489.586658631924,1,0,1,1970-10-05,1970-10-05,4344
Caroline Cooper,1489.5856207833394,1,0,1,1970-01-19,1970-01-19,4345
Maree Mccallum,1489.584044041114,1,0,1,1974-08-19,1974-08-19,4346
Jane Fennelly,1489.5830931297655,3,1,2,2014-02-05,2014-02-08,4347
Pia Balling,1489.5771768412772,3,1,2,1968-01-26,1972-01-29,4348
Kathleen Lillie,1489.5762163235045,1,0,1,1981-09-12,1981-09-12,4349
Ann Nealon,1489.5733074182906,1,0,1,1969-07-05,1969-07-05,4350
Monika Schneider,1489.5730231529687,1,0,1,2000-05-16,2000-05-16,4351
Scarlett Werner,1489.5714761519725,1,0,1,2000-07-17,2000-07-17,4352
Linda Espley,1489.5631779591656,3,1,2,1980-04-14,1980-06-02,4353
J Ferrier,1489.5629688439,1,0,1,1974-04-15,1974-04-15,4354
Yun Ning Fu,1489.5605418481864,3,1,2,1996-02-20,1996-02-22,4355
Gillian Carney,1489.5590807180859,1,0,1,1981-07-13,1981-07-13,4356
Barbara Wroten,1489.5575687754192,1,0,1,1969-07-05,1969-07-05,4357
K Azza,1489.5571871398304,1,0,1,1973-03-12,1973-03-12,4358
Lea Trumbull,1489.5568185789255,1,0,1,1969-09-30,1969-09-30,4359
Adrijana Lekaj,1489.55501733098,5,2,3,2023-04-10,2023-04-15,4360
Hannah Klugman,1489.5542828789637,2,0,2,2025-06-16,2025-06-30,4361
Susie Smith,1489.5541576123235,1,0,1,1973-07-09,1973-07-09,4362
Shiu Man Chan,1489.5536822118377,1,0,1,1972-03-22,1972-03-22,4363
Zoe Mills,1489.552887242013,3,1,2,1968-06-10,1972-07-10,4364
Wing Shan Cheung,1489.5513787105951,1,0,1,2002-03-07,2002-03-07,4365
Kathy Foxworth,1489.5509629207645,1,0,1,1984-08-13,1984-08-13,4366
Anne Tripp,1489.5505787615025,11,4,7,1975-11-03,1981-06-01,4367
Temesgen Metasebeya,1489.549126079822,1,0,1,1998-05-09,1998-05-09,4368
J Weigh,1489.5475824923283,1,0,1,1969-07-14,1969-07-14,4369
Renata Kochta,1489.5474386624594,1,0,1,1993-07-26,1993-07-26,4370
Michela Vaselli,1489.54685549663,1,0,1,1981-04-27,1981-04-27,4371
Yui Lynn Miao,1489.5453719673671,1,0,1,2011-01-31,2011-01-31,4372
K Cass,1489.5449018676384,1,0,1,1981-07-06,1981-07-06,4373
Dayeon Back,1489.5388645940502,8,3,5,2022-09-19,2025-09-15,4374
C Krupinski,1489.5375537803818,1,0,1,1981-05-18,1981-05-18,4375
Mrs G R Bone,1489.5374694512966,1,0,1,1971-04-12,1971-04-12,4376
G Paul,1489.5237065479323,1,0,1,1980-01-29,1980-01-29,4377
K Montague,1489.521748730891,1,0,1,1981-08-10,1981-08-10,4378
H Brown,1489.5215661045377,1,0,1,1969-01-05,1969-01-05,4379
S Corminboeuf,1489.520922918173,1,0,1,1980-07-22,1980-07-22,4380
J Hosie,1489.5193469044991,1,0,1,1981-05-25,1981-05-25,4381
Teresa Samstag,1489.5176320014268,1,0,1,1978-03-29,1978-03-29,4382
Evelyn Clark,1489.5172876651184,1,0,1,1974-03-11,1974-03-11,4383
Joan Mars,1489.5149771196952,1,0,1,1969-07-05,1969-07-05,4384
Joanne Moore,1489.5143573488995,2,0,2,1991-11-11,1995-06-12,4385
Alejandra Alvarez,1489.5139525485802,3,1,2,2011-05-16,2011-05-20,4386
Amelie Van Impe,1489.5084698042415,1,0,1,2025-08-04,2025-08-04,4387
D Norman,1489.5021708212416,1,0,1,1975-05-26,1975-05-26,4388
Barbara Griffiths,1489.500099294187,2,0,2,1991-06-10,1991-06-24,4389
Margarita Akbacheva,1489.4997389904252,1,0,1,1999-04-27,1999-04-27,4390
Miki Mizokuchi,1489.4996533557771,4,1,3,1984-10-01,1991-09-16,4391
Aschara Moranon,1489.4984842806657,7,3,4,1973-09-17,1982-05-03,4392
Bernadette Randall,1489.4965160024815,22,7,15,1979-12-24,1983-11-29,4393
Paula Fondevila Castro,1489.493957186276,1,0,1,2009-04-27,2009-04-27,4394
Barbara Borsari,1489.4903757605152,3,1,2,1980-07-28,1980-08-04,4395
S Oconor,1489.4884342965702,1,0,1,1970-01-05,1970-01-05,4396
A Bramwell,1489.4874205041128,1,0,1,1975-04-14,1975-04-14,4397
Kathy Dalton,1489.4865916869562,1,0,1,1977-04-11,1977-04-11,4398
Robin Lye,1489.4864215204955,1,0,1,1980-01-14,1980-01-14,4399
Mai Hontama,1489.4855917299633,47,21,26,2021-09-27,2025-10-27,4400
Irina Voskanyan,1489.4855387433572,1,0,1,1999-04-30,1999-04-30,4401
Cindy Weckwarth,1489.4851770145797,1,0,1,1972-07-03,1972-07-03,4402
M Witrylak,1489.4851454192162,1,0,1,1981-05-18,1981-05-18,4403
Yuki Kitamura,1489.4844581036396,1,0,1,1996-03-03,1996-03-03,4404
Gigli,1489.4844433400401,1,0,1,1980-05-07,1980-05-07,4405
Jenny Zika,1489.4829611119317,1,0,1,2000-07-10,2000-07-10,4406
Barba Diaz,1489.4828715921765,1,0,1,1968-04-22,1968-04-22,4407
Buerkle,1489.4822035103803,1,0,1,1974-05-29,1974-05-29,4408
Marilyn Lieberman,1489.4814246697147,3,1,2,1973-09-17,1974-05-04,4409
Wowes,1489.4810222812491,1,0,1,1969-12-29,1969-12-29,4410
Rosemary Rae,1489.4805698696816,1,0,1,1975-01-20,1975-01-20,4411
Joan Carson,1489.4794683333769,1,0,1,1978-05-14,1978-05-14,4412
Jo Smedley,1489.4776171818467,9,4,5,1978-07-17,1982-04-08,4413
Karen Bunag,1489.4764391729311,1,0,1,1980-06-30,1980-06-30,4414
G Schipanski,1489.475904959503,1,0,1,1976-11-29,1976-11-29,4415
Mrs M Stokes,1489.4746844909525,1,0,1,1968-05-20,1968-05-20,4416
Yasmin Mansouri,1489.4735153298486,1,0,1,2017-07-20,2017-07-20,4417
J Lonkamps,1489.473404177877,1,0,1,1980-06-09,1980-06-09,4418
G Sullivan,1489.4728439707121,1,0,1,1982-04-26,1982-04-26,4419
Hsiao Han Chao,1489.4723460862592,3,1,2,2002-03-07,2005-04-23,4420
Betty White,1489.4713887281757,1,0,1,1971-06-16,1971-06-16,4421
Powell,1489.4690587337063,1,0,1,1974-04-08,1974-04-08,4422
Amira Benaissa,1489.4689876442944,3,1,2,2009-04-21,2015-04-17,4423
Dolly Snow,1489.4686509908904,1,0,1,1968-07-25,1968-07-25,4424
Marcia Senn,1489.4684046787638,1,0,1,1997-05-10,1997-05-10,4425
Ella Ionescu,1489.4680895442293,3,1,2,1999-02-27,1999-02-27,4426
S Lilla,1489.467380337436,1,0,1,1968-08-08,1968-08-08,4427
Maria Geyer,1489.4670094732373,5,1,4,1980-05-19,1982-07-19,4428
Cecilia Mercier,1489.465171587894,1,0,1,2011-05-19,2011-05-19,4429
Ekaterina Rosianu,1489.4650375112387,1,0,1,1972-07-25,1972-07-25,4430
Amanda Jasso,1489.4634129957665,1,0,1,2003-03-03,2003-03-03,4431
R Llahi,1489.4625761394686,1,0,1,1980-06-09,1980-06-09,4432
S P Wates,1489.4618958398773,1,0,1,1968-05-06,1968-05-06,4433
Irina Sukhova,1489.4617528109088,1,0,1,1994-09-19,1994-09-19,4434
J Mills,1489.4588257347093,1,0,1,1971-12-20,1971-12-20,4435
Sally Hitt,1489.4580984057711,1,0,1,1968-01-22,1968-01-22,4436
Witthoeft,1489.4537272454747,3,1,2,1981-08-03,1981-12-09,4437
Xantipes Vassiliadis,1489.4531920526686,1,0,1,1969-05-19,1969-05-19,4438
Lynn Cowie,1489.4521399162113,1,0,1,1980-02-03,1980-02-03,4439
L Pirula,1489.4496416002573,1,0,1,1972-03-27,1972-03-27,4440
Veronika Kapshay,1489.4496309701017,1,0,1,2013-07-22,2013-07-22,4441
Maria Tcharakova,1489.44938396496,1,0,1,1971-08-03,1971-08-03,4442
J Pickering,1489.4478732446269,1,0,1,1980-02-03,1980-02-03,4443
Vaida Martinkute,1489.447824290449,1,0,1,1997-05-08,1997-05-08,4444
D Magman,1489.4430499805326,1,0,1,1968-04-01,1968-04-01,4445
Karla Umana,1489.4412619330124,1,0,1,1998-04-28,1998-04-28,4446
Barbara Mueller,1489.440738472718,1,0,1,1971-08-02,1971-08-02,4447
Mariaryeni Gutierrez,1489.440671932903,1,0,1,2005-04-22,2005-04-22,4448
Nanette Flichtbeil,1489.4375139769704,1,0,1,1998-04-13,1998-04-13,4449
Nancy Mendel,1489.4337014069897,1,0,1,1971-02-01,1971-02-01,4450
V Chapman,1489.43324365913,1,0,1,1968-04-08,1968-04-08,4451
Gina Marr,1489.433021237958,1,0,1,1977-09-19,1977-09-19,4452
Monica Wiese,1489.43278790048,3,1,2,1987-07-26,1987-07-26,4453
A Abikimu,1489.4326452364792,1,0,1,1978-05-29,1978-05-29,4454
Ying Yu,1489.4323090685723,1,0,1,2002-09-09,2002-09-09,4455
Graciela Perez,1489.432226018112,1,0,1,1981-07-13,1981-07-13,4456
Herb,1489.4319415992588,2,0,2,1980-07-19,1980-08-14,4457
Keiko Fujiwara,1489.4316025393198,1,0,1,1997-09-08,1997-09-08,4458
Magdalena Stoilkovska,1489.430842416777,1,0,1,2015-04-18,2015-04-18,4459
Gene Shapiro,1489.4303476260206,1,0,1,1972-06-26,1972-06-26,4460
Darlene Roberts,1489.43017715498,1,0,1,1969-07-09,1969-07-09,4461
Mrs L Love,1489.4287705215686,1,0,1,1974-04-22,1974-04-22,4462
Florence De La Courtie,1489.4278066874583,1,0,1,1968-06-24,1968-06-24,4463
Peggy Templar,1489.4266394482347,1,0,1,1969-05-12,1969-05-12,4464
P Seddon,1489.426313111498,1,0,1,1981-04-13,1981-04-13,4465
Ruth Haude,1489.4249887221547,1,0,1,1968-07-01,1968-07-01,4466
I Wheeler,1489.4228850519871,1,0,1,1978-05-29,1978-05-29,4467
Anna Islanova,1489.4214639706875,3,1,2,1970-01-05,1970-02-02,4468
Carolyn Culham,1489.4209509184043,1,0,1,1973-01-01,1973-01-01,4469
E Gignam,1489.4194831492257,1,0,1,1976-04-26,1976-04-26,4470
Karen Saravia,1489.417356932124,1,0,1,2004-04-23,2004-04-23,4471
Melisa Martinov,1489.4170266459923,1,0,1,2012-04-20,2012-04-20,4472
Mrs McPherson,1489.4167995940647,1,0,1,1982-04-26,1982-04-26,4473
Irina Falconi,1489.4138958362635,114,42,72,2010-08-30,2018-06-11,4474
Vivian Grisogono,1489.412683640582,1,0,1,1968-05-06,1968-05-06,4475
Valeriya Olyanovskaya,1489.4099606790621,1,0,1,2021-07-19,2021-07-19,4476
E Hagey,1489.4098163709118,1,0,1,1972-07-10,1972-07-10,4477
Silvana Vargas,1489.4047384471614,1,0,1,1997-05-02,1997-05-02,4478
G Edmunds,1489.40109062588,1,0,1,1972-12-05,1972-12-05,4479
D Peers,1489.4008195639117,1,0,1,1981-07-06,1981-07-06,4480
Eugenia Escarate,1489.4000522650467,1,0,1,1987-07-26,1987-07-26,4481
Mrs R A Morgan,1489.3999545759114,1,0,1,1970-04-20,1970-04-20,4482
Daria Mironova,1489.398836756386,1,0,1,2021-03-15,2021-03-15,4483
Paola Stephen,1489.3983807709112,1,0,1,1997-04-29,1997-04-29,4484
Yo Lan Liu,1489.3951333390485,1,0,1,1972-03-27,1972-03-27,4485
Jean Gladstone,1489.3830631547135,1,0,1,1968-05-06,1968-05-06,4486
Susanna Bostanjyan,1489.383055810018,3,1,2,1999-04-26,1999-04-29,4487
Andrea Giraldo,1489.375236093652,3,1,2,2004-04-20,2004-04-22,4488
E Ryan,1489.3742086049406,1,0,1,1980-07-07,1980-07-07,4489
Gay Gordon,1489.3723123502255,1,0,1,1969-03-18,1969-03-18,4490
Mari Osaka,1489.3686045712227,1,0,1,2019-03-18,2019-03-18,4491
Wendy Stewart,1489.3676330608537,1,0,1,1980-06-16,1980-06-16,4492
Melanie Bernard,1489.3632890766028,3,0,3,1991-08-05,1995-05-22,4493
Nadia Podoroska,1489.356104327859,152,66,86,2016-02-03,2025-01-13,4494
Pat Wellington,1489.3556211372409,1,0,1,1969-07-31,1969-07-31,4495
Mrs M G M Bowen,1489.3499886527322,1,0,1,1970-04-20,1970-04-20,4496
Irene Petru,1489.3490010026933,1,0,1,1982-05-17,1982-05-17,4497
Crissy Gonzalez De Fuentes,1489.3473481329258,1,0,1,1978-02-20,1978-02-20,4498
A Llahi,1489.3459419532214,1,0,1,1980-06-09,1980-06-09,4499
J Chatfield,1489.3450764292181,1,0,1,1971-01-18,1971-01-18,4500
Amy Chiminello,1489.3419874055535,1,0,1,1997-04-12,1997-04-12,4501
Alicia Guccione,1489.3416472913807,1,0,1,1969-11-11,1969-11-11,4502
Ai Lida,1489.339706858202,2,0,2,1974-10-07,1975-01-06,4503
Giulia Safina Popa,1489.337255817245,1,0,1,2025-07-14,2025-07-14,4504
Leena Singarajah,1489.3369764945478,1,0,1,1990-07-21,1990-07-21,4505
A Le Roux,1489.334401152397,1,0,1,1971-04-05,1971-04-05,4506
Sandra Dron,1489.3279643528374,1,0,1,1971-04-12,1971-04-12,4507
Sherry Daniels,1489.3267445617093,1,0,1,1968-06-16,1968-06-16,4508
Papayan,1489.3265216244497,1,0,1,1970-10-05,1970-10-05,4509
L Thorn,1489.323929052027,1,0,1,1982-06-01,1982-06-01,4510
Lori Sherbeck,1489.3223405549572,1,0,1,1972-04-25,1972-04-25,4511
Alina Abdurakhimova,1489.31564726835,1,0,1,2010-09-20,2010-09-20,4512
Ellen Allgurin,1489.3152002731267,7,2,5,2009-07-06,2015-04-18,4513
Gabriela Mejia Tenorio,1489.3099965186007,1,0,1,2004-04-24,2004-04-24,4514
Maria Veronica Widyadharma,1489.3090177405754,1,0,1,1995-10-02,1995-10-02,4515
Linda Harley,1489.3055535220697,1,0,1,1983-05-30,1983-05-30,4516
Mabel Bove,1489.3054764473104,1,0,1,1968-11-04,1968-11-04,4517
Lorena Solar Donoso,1489.305155956703,1,0,1,2025-06-23,2025-06-23,4518
Gabrielle Leslie,1489.3035690424122,3,1,2,2018-06-20,2018-06-23,4519
Angela Piedrahita,1489.3018245239386,1,0,1,2002-01-28,2002-01-28,4520
Vittoria Paganetti,1489.3014568472468,1,0,1,2024-05-06,2024-05-06,4521
S Droulers,1489.300109675885,1,0,1,1969-07-14,1969-07-14,4522
Maria Teresa Samastag,1489.2994200180633,1,0,1,1973-10-08,1973-10-08,4523
Amanda Tate,1489.2991149090221,1,0,1,1987-01-25,1987-01-25,4524
Yuko Ono,1489.2984726737022,1,0,1,1982-06-01,1982-06-01,4525
Becky Bell,1489.2958568385266,3,1,2,1980-06-30,1980-07-21,4526
Sarah Bentley,1489.2947202820937,3,0,3,1989-10-23,1992-06-22,4527
Julie Johns,1489.2933440858485,1,0,1,1981-07-13,1981-07-13,4528
Yvonne Harrison,1489.2931999837622,1,0,1,1970-10-29,1970-10-29,4529
Montserrat Corominas,1489.291138822694,1,0,1,1973-10-08,1973-10-08,4530
Mrs M D Furniss,1489.2903626373463,1,0,1,1969-04-21,1969-04-21,4531
E Shearing,1489.2869038755243,1,0,1,1971-05-03,1971-05-03,4532
Julia Stamatova,1489.2862266168822,1,0,1,2025-09-15,2025-09-15,4533
Asuncion Garriga,1489.2861836678687,1,0,1,1973-10-08,1973-10-08,4534
Lian Tran,1489.286004158852,3,1,2,2025-06-23,2025-08-04,4535
Kathy Welsh,1489.281362496431,1,0,1,1971-08-16,1971-08-16,4536
Nancy Ribak,1489.2813282227735,1,0,1,1968-09-24,1968-09-24,4537
Miklashevskaya,1489.2756265106068,1,0,1,1971-02-25,1971-02-25,4538
Giulia Ivaldi,1489.2755704389078,1,0,1,1980-07-07,1980-07-07,4539
Natalie Ko,1489.2755668018615,1,0,1,2001-03-05,2001-03-05,4540
Hannah Somerville,1489.2741373455178,1,0,1,1982-05-03,1982-05-03,4541
Zhamilia Duisheeva,1489.2730310400993,3,1,2,2011-01-31,2011-01-31,4542
Alexandra Mueller,1489.2701661479603,2,0,2,2011-07-25,2013-07-29,4543
Clara Vlasselaer,1489.2696065330244,5,2,3,2025-06-16,2025-08-04,4544
Jane Young,1489.2651453045273,12,4,8,1985-08-05,1988-08-15,4545
Joyce Tabor,1489.2640871540955,1,0,1,1974-03-25,1974-03-25,4546
L Smith,1489.2640788674155,1,0,1,1970-09-28,1970-09-28,4547
Kellie Browne,1489.2635637197188,1,0,1,1999-02-27,1999-02-27,4548
D Cole,1489.263535258038,1,0,1,1981-01-12,1981-01-12,4549
Veronica Spiegel,1489.2619507180443,5,2,3,2002-01-28,2003-03-03,4550
Gayle Chan,1489.26117774932,1,0,1,1981-04-29,1981-04-29,4551
S Farrell,1489.2598301368969,1,0,1,1980-07-07,1980-07-07,4552
Brenda Perry,1489.2581782424575,64,28,36,1976-04-26,1987-01-25,4553
C Obrien,1489.2531515396677,3,1,2,1975-04-14,1981-08-10,4554
Yufei Ren,1489.25299142929,1,0,1,2024-09-25,2024-09-25,4555
Tenille Elias,1489.2503757997583,3,1,2,2001-05-17,2001-05-19,4556
L Bank,1489.2489521103412,1,0,1,1971-04-05,1971-04-05,4557
A Myers,1489.2467647341189,1,0,1,1981-05-18,1981-05-18,4558
Francesca Gordigiani,1489.2459474658835,12,5,7,1968-04-08,1974-05-05,4559
Jackie Masters,1489.245942692301,1,0,1,1985-07-08,1985-07-08,4560
Hilda Priester,1489.2417395061768,1,0,1,1971-06-16,1971-06-16,4561
Lana Marks,1489.2416501785417,3,1,2,1979-11-26,1980-07-07,4562
Nicole Agostini,1489.2415446767395,1,0,1,2002-05-17,2002-05-17,4563
S Johnson,1489.239824171355,1,0,1,1980-11-17,1980-11-17,4564
M Tarr,1489.2390395946463,1,0,1,1969-04-01,1969-04-01,4565
Lerissa Maurice,1489.2360094318683,1,0,1,2002-05-15,2002-05-15,4566
Dimana Krastevitch,1489.2355801302165,3,1,2,2006-04-18,2006-04-20,4567
Sharon Whittaker,1489.2343453098315,1,0,1,1973-01-01,1973-01-01,4568
K Avis,1489.2342912303184,1,0,1,1979-05-28,1979-05-28,4569
Sunam Jeong,1489.232022352609,5,2,3,2018-02-07,2019-02-09,4570
Mrs S A M Gothard,1489.22736513596,1,0,1,1969-04-21,1969-04-21,4571
Faratiana Rasoarilalao,1489.2261401516039,1,0,1,1998-04-16,1998-04-16,4572
Valeska Alexandra San Martin Ramirez,1489.2237157074053,1,0,1,2022-04-15,2022-04-15,4573
Betty Rogers,1489.222766686402,1,0,1,1971-02-01,1971-02-01,4574
Shuyue Ma,1489.2189425299446,1,0,1,2019-10-07,2019-10-07,4575
Ivana Jorovic,1489.2153374536827,45,18,27,2015-02-07,2021-10-25,4576
N Bremner,1489.2111984770302,1,0,1,1980-02-12,1980-02-12,4577
M Mendham,1489.2096387362362,1,0,1,1972-05-22,1972-05-22,4578
Zsuzsana Turi,1489.2096055111565,1,0,1,1980-08-04,1980-08-04,4579
Mrs P K Loosemore,1489.2084751575594,1,0,1,1968-07-08,1968-07-08,4580
Veronica Mandel,1489.2080127712536,1,0,1,1970-03-10,1970-03-10,4581
T Gould,1489.205742290236,3,1,2,1981-07-13,1981-08-17,4582
Tyra Caterina Grant,1489.2043887228933,6,2,4,2025-03-18,2026-05-05,4583
Shelley Aguero,1489.202642389803,3,1,2,1985-07-08,1985-09-23,4584
Anneloes Schothorst,1489.2022853725207,17,7,10,1971-07-26,1974-03-11,4585
Kerri Reiter,1489.198493094856,1,0,1,1986-07-14,1986-07-14,4586
Sosie Hublitz,1489.1962468090944,1,0,1,1970-07-06,1970-07-06,4587
S Griffiths,1489.1949047575217,1,0,1,1981-03-06,1981-03-06,4588
H Larduke,1489.1926076853933,1,0,1,1972-07-10,1972-07-10,4589
Jennifer Young,1489.1914397186058,1,0,1,1986-08-04,1986-08-04,4590
Maria Cecilia Aguiar,1489.1866610130792,1,0,1,2019-02-08,2019-02-08,4591
Liliana Rodriguez,1489.186168945422,1,0,1,1985-10-06,1985-10-06,4592
Daniela Seguel,1489.1852459788806,39,18,21,2014-04-10,2024-01-01,4593
Lupo,1489.1801388578626,1,0,1,1971-09-27,1971-09-27,4594
Mrs R Cahill,1489.1788426496068,1,0,1,1968-05-20,1968-05-20,4595
V Hutcheon,1489.1787728173629,1,0,1,1978-07-10,1978-07-10,4596
J F H Hove,1489.173945872965,1,0,1,1971-04-26,1971-04-26,4597
Tami Grende,1489.165257918593,1,0,1,2014-02-08,2014-02-08,4598
C Haynes,1489.1650709260837,1,0,1,1981-07-06,1981-07-06,4599
Azusa Konishi,1489.1640552291065,1,0,1,1999-09-06,1999-09-06,4600
Sai Jayalakshmy Jayaram,1489.1621833581016,7,3,4,2000-04-25,2001-03-05,4601
Maria De Los Angeles Cardenas,1489.159161382484,1,0,1,2007-04-18,2007-04-18,4602
Nadejda Guskova,1489.1581797486197,1,0,1,2010-09-20,2010-09-20,4603
Ana Julissa De Mata,1489.153388504508,1,0,1,2019-04-17,2019-04-17,4604
Birgit Morlock,1489.1516811418846,6,2,4,1975-08-25,1980-07-19,4605
Brenda Santos,1489.1506085329363,1,0,1,1993-04-19,1993-04-19,4606
Laura Pous Tio,1489.149800657647,103,41,62,2005-02-14,2016-08-01,4607
E Nottingham,1489.1422690540046,1,0,1,1970-04-13,1970-04-13,4608
Paula Vajda,1489.139700663051,1,0,1,1968-08-26,1968-08-26,4609
H Harris,1489.1388624224385,1,0,1,1976-04-26,1976-04-26,4610
Paloma Castillo,1489.137598475384,1,0,1,2010-04-24,2010-04-24,4611
A Root,1489.1316709909606,1,0,1,1982-04-26,1982-04-26,4612
Froydis Forberg,1489.1278132525279,1,0,1,1983-07-17,1983-07-17,4613
Jana Cepelova,1489.125628789937,157,59,98,2011-02-05,2019-10-14,4614
M Michiels,1489.1218125041937,1,0,1,1978-07-17,1978-07-17,4615
Theresa Van Haren,1489.1201252941873,1,0,1,1970-01-19,1970-01-19,4616
Ria Leyrer,1489.1164270251109,1,0,1,1970-09-21,1970-09-21,4617
Zuzana Lesenarova,1489.1110317015962,1,0,1,1999-08-30,1999-08-30,4618
S J Thompson,1489.1106294145734,1,0,1,1973-05-14,1973-05-14,4619
Katie Volynets,1489.107706695172,115,39,76,2019-08-26,2026-04-21,4620
Natalia Leipus,1489.1003056339498,4,1,3,1981-11-16,1984-07-02,4621
Joanna Wrigley,1489.0987980497014,1,0,1,1978-07-17,1978-07-17,4622
Lynn Tholen,1489.0968880055514,3,1,2,1978-05-14,1981-04-29,4623
Valentina Petrova,1489.0968087442836,4,1,3,1969-10-27,1970-10-05,4624
Verica Spirovska,1489.0878620078156,1,0,1,1998-04-13,1998-04-13,4625
Joana Vale Costa,1489.0816435418453,1,0,1,2013-02-09,2013-02-09,4626
Maki Arai,1489.0787679071784,7,3,4,1999-09-06,2003-11-03,4627
Tracey King,1489.0772481728932,1,0,1,1987-01-25,1987-01-25,4628
Roni Kodler,1489.0634027074689,1,0,1,1971-10-05,1971-10-05,4629
F Wassmer,1489.0612592263112,1,0,1,1980-07-22,1980-07-22,4630
Ayi Sutarno,1489.0570570691534,1,0,1,1978-05-29,1978-05-29,4631
Mrs J A Campion,1489.0568477518627,1,0,1,1970-06-01,1970-06-01,4632
Lita Akraoui,1489.052861328531,1,0,1,1969-08-26,1969-08-26,4633
Maureen Ireson,1489.0526691136756,1,0,1,1973-01-02,1973-01-02,4634
B Welt,1489.0488922552192,1,0,1,1982-04-26,1982-04-26,4635
D J Wray,1489.0456826716768,1,0,1,1972-06-05,1972-06-05,4636
J Musgrave,1489.0453844384845,1,0,1,1972-01-04,1972-01-04,4637
Valerie Block,1489.0416777917144,1,0,1,1980-06-09,1980-06-09,4638
Diane Powell,1489.041460539505,1,0,1,1969-07-28,1969-07-28,4639
Liza Andriyani,1489.0409401488346,13,5,8,1996-07-13,2004-07-10,4640
Setora Normurodova,1489.0375959048322,1,0,1,2020-03-07,2020-03-07,4641
Joan Pennello,1489.0318593662087,1,0,1,1982-05-03,1982-05-03,4642
B Ranger,1489.027756730584,1,0,1,1972-05-15,1972-05-15,4643
Patricia Rogulski,1489.0271646390952,1,0,1,1995-09-12,1995-09-12,4644
A Barrow,1489.0268373676306,2,0,2,1970-03-22,1971-04-05,4645
Beth Fernbacher,1489.0222245985171,1,0,1,1980-04-30,1980-04-30,4646
S Gough,1489.0198600851702,1,0,1,1981-06-01,1981-06-01,4647
Marianne De Crop,1489.014704074108,1,0,1,1977-06-13,1977-06-13,4648
Isabella Barrera Aguirre,1489.009967908234,1,0,1,2025-06-23,2025-06-23,4649
S Eager,1489.0084434645762,1,0,1,1970-06-08,1970-06-08,4650
M Weibel,1489.0038530136846,1,0,1,1980-07-22,1980-07-22,4651
Barbara Black,1489.0032303299397,1,0,1,1973-06-25,1973-06-25,4652
J Hissett,1488.9920846820821,1,0,1,1969-05-05,1969-05-05,4653
Anne Marie Cassaigne,1488.9904805259941,6,2,4,1969-03-24,1970-10-05,4654
Gabrielle Villiger,1488.9871563933677,1,0,1,1989-10-01,1989-10-01,4655
J Mcdowell,1488.9847237413178,1,0,1,1978-05-22,1978-05-22,4656
Mary Lowdon,1488.9841162482355,3,1,2,1968-04-15,1968-08-29,4657
Aneta Soukup,1488.9813942472924,1,0,1,1997-03-01,1997-03-01,4658
Mary Pujak,1488.9796981426273,1,0,1,1969-11-11,1969-11-11,4659
A Eldridge,1488.977901065459,1,0,1,1975-04-14,1975-04-14,4660
Katie Rickett,1488.9737963609916,1,0,1,1988-01-11,1988-01-11,4661
Heydi Doldan,1488.965154008438,1,0,1,2022-04-16,2022-04-16,4662
Ann Dunbar,1488.9617220629843,2,0,2,1970-09-07,1974-03-18,4663
Tetiana Luzhanska,1488.9614650466972,6,2,4,2011-02-28,2012-02-20,4664
Claudine Paulson,1488.9553886652793,3,1,2,2007-04-16,2007-04-21,4665
Elizabeth Evans,1488.9496638747007,1,0,1,1985-09-23,1985-09-23,4666
Hera Brynjarsdottir,1488.949113508066,1,0,1,2014-02-06,2014-02-06,4667
Jan Devereaux,1488.9485690318593,1,0,1,1974-03-25,1974-03-25,4668
Ruth Tekle Andemariam,1488.946648198441,1,0,1,1996-03-26,1996-03-26,4669
Iana Tishchenko,1488.9422845362924,1,0,1,2020-02-05,2020-02-05,4670
Menuha Popovici,1488.939865838957,1,0,1,2025-06-16,2025-06-16,4671
Shalini Perera,1488.9394366094718,5,2,3,1997-03-15,2001-04-12,4672
M Llahi,1488.9382101659937,1,0,1,1980-06-09,1980-06-09,4673
Simonetta Riboldi,1488.9360684053415,3,1,2,1980-07-14,1980-08-04,4674
N Goulden,1488.935408318102,1,0,1,1969-04-01,1969-04-01,4675
Franzi Gruetzner,1488.9319871048438,1,0,1,1981-07-13,1981-07-13,4676
Keryn Pratt,1488.9282679702073,64,28,36,1976-11-29,1982-08-02,4677
C Gimming,1488.9276766444707,1,0,1,1975-04-28,1975-04-28,4678
Alexandra Rentzoula,1488.9228940121968,2,0,2,1994-04-21,1994-04-22,4679
F Fallis,1488.9209934468067,1,0,1,1969-11-17,1969-11-17,4680
Sanja Racic,1488.9207651354136,5,2,3,2004-04-27,2005-04-30,4681
S Warfield,1488.9199476623699,1,0,1,1972-05-06,1972-05-06,4682
Mary Goldenson,1488.9195339363982,1,0,1,1973-09-17,1973-09-17,4683
P Lee,1488.9193432549823,1,0,1,1980-07-07,1980-07-07,4684
Oswald,1488.9184570526904,1,0,1,1970-09-21,1970-09-21,4685
F Siney,1488.9161225811126,1,0,1,1981-08-03,1981-08-03,4686
Christa Van Der Walt,1488.9143041139007,1,0,1,1980-05-11,1980-05-11,4687
Mary Victoria Cancini,1488.9080761605555,1,0,1,2020-02-05,2020-02-05,4688
Mei Yamaguchi,1488.9066356376911,4,1,3,2024-10-21,2025-10-27,4689
Melinda Petkes,1488.9063942000278,1,0,1,1996-05-06,1996-05-06,4690
Tracy Macnair,1488.9038908872894,1,0,1,1970-08-27,1970-08-27,4691
Bunny Austin,1488.899766967665,1,0,1,1970-01-05,1970-01-05,4692
J Ledger,1488.8975550072043,1,0,1,1972-06-05,1972-06-05,4693
Susan Deritis,1488.8898504651215,1,0,1,1980-07-14,1980-07-14,4694
Zorica Glisic,1488.8893218509793,1,0,1,1997-04-12,1997-04-12,4695
Norma Moore,1488.8865712088339,1,0,1,1974-03-18,1974-03-18,4696
Diana Flikier,1488.8800184682652,2,0,2,1974-11-18,1975-11-10,4697
Rosa Maria Andres Rodriguez,1488.8777826346932,6,2,4,1999-05-03,2005-02-21,4698
Martine Cazaux,1488.8761262239427,1,0,1,1980-03-24,1980-03-24,4699
Debbie Mascarin,1488.8748813702455,1,0,1,1975-03-17,1975-03-17,4700
Katarina Bartholdson,1488.8721736202494,3,1,2,1968-07-08,1968-07-25,4701
M Mosgofian,1488.8690337546755,1,0,1,1969-07-14,1969-07-14,4702
Eliza Askarova,1488.8667575311292,1,0,1,2015-04-18,2015-04-18,4703
C Batchelor,1488.8663591927263,1,0,1,1969-11-03,1969-11-03,4704
Kirsten Flower,1488.8606054986255,1,0,1,2007-07-16,2007-07-16,4705
Silvia Meyer,1488.8486880452506,1,0,1,1975-11-10,1975-11-10,4706
Marilyn Celander,1488.848645038492,1,0,1,1969-07-21,1969-07-21,4707
Noelia Perez Penate,1488.8399982669978,2,0,2,1992-08-31,1993-01-18,4708
P M Watmore,1488.8353793739063,1,0,1,1968-07-08,1968-07-08,4709
Yu Hsien Liu,1488.832622303088,3,1,2,1993-05-03,1994-11-14,4710
Tania Isabel Andrade Sabando,1488.828215140092,1,0,1,2022-04-14,2022-04-14,4711
Bess Hagey,1488.8254218107325,1,0,1,1970-04-20,1970-04-20,4712
Anna Sinclair Rogers,1488.819070815047,1,0,1,2025-09-08,2025-09-08,4713
S Ozturetgen,1488.8189791430013,1,0,1,1969-08-19,1969-08-19,4714
B Pacquet,1488.8183800988734,1,0,1,1969-07-14,1969-07-14,4715
Yee Loon Goh,1488.8165185342355,1,0,1,2016-04-15,2016-04-15,4716
Mai El Kamash,1488.8162852974642,9,4,5,2011-05-05,2017-04-22,4717
Yumi Yokoi,1488.8159356458764,5,2,3,1997-09-08,1999-09-06,4718
V Jackson,1488.8156882662347,1,0,1,1978-04-17,1978-04-17,4719
M Barton,1488.803147669896,1,0,1,1978-07-17,1978-07-17,4720
Mika Dagan Fruchtman,1488.7984317834641,1,0,1,2023-04-14,2023-04-14,4721
Chang Liu,1488.7958271684233,1,0,1,2017-04-17,2017-04-17,4722
Marion Walter,1488.7948122073433,1,0,1,2000-03-04,2000-03-04,4723
Linda Tajnai,1488.7937648146392,1,0,1,1998-04-13,1998-04-13,4724
Beatrice Guery,1488.7907351900692,2,0,2,1980-07-05,1983-05-23,4725
Agueda Garriga,1488.7808344870198,1,0,1,1973-10-08,1973-10-08,4726
Mrs E Scheffer,1488.7807402406277,3,1,2,1975-04-28,1975-05-26,4727
Tara Reid,1488.777483385799,1,0,1,1997-04-12,1997-04-12,4728
A Field,1488.775766132283,1,0,1,1978-07-17,1978-07-17,4729
Karen Kennington,1488.7694463035318,1,0,1,1977-06-26,1977-06-26,4730
B Crittenden,1488.7558900268523,1,0,1,1972-01-19,1972-01-19,4731
Kati Athorne,1488.7529074822298,1,0,1,1971-03-07,1971-03-07,4732
Fiona Crawley,1488.7509433788434,2,0,2,2023-04-03,2023-08-28,4733
Pierrette Seghers,1488.7464489065605,1,0,1,1978-10-23,1978-10-23,4734
J Farrar,1488.7449391823652,1,0,1,1974-06-03,1974-06-03,4735
Patricia Eaton,1488.7446888138782,1,0,1,1981-04-29,1981-04-29,4736
Rill Culver,1488.7410649063759,1,0,1,1969-09-30,1969-09-30,4737
Simone Wichman,1488.737445370647,5,2,3,1996-02-20,1997-03-13,4738
Anna Brazhnikova,1488.735343836814,2,0,2,2010-07-05,2011-07-04,4739
Ksenia Laskutova,1488.7314106431959,1,0,1,2024-09-16,2024-09-16,4740
Nicolaus,1488.7307648551373,1,0,1,1968-07-08,1968-07-08,4741
J Hastings,1488.7281165881222,1,0,1,1980-07-07,1980-07-07,4742
P Moore,1488.7238413928824,1,0,1,1970-04-06,1970-04-06,4743
Y Fukui,1488.7168412492042,1,0,1,1981-06-01,1981-06-01,4744
A J Morgan,1488.7079017188528,1,0,1,1969-11-03,1969-11-03,4745
Chongrak Sri Ud,1488.701349623701,1,0,1,1980-05-19,1980-05-19,4746
A Carlson,1488.6990736150526,1,0,1,1981-06-01,1981-06-01,4747
Anna Orlik,1488.695350408199,2,0,2,2008-04-07,2009-02-23,4748
Sakura Hosogi,1488.6947234077638,1,0,1,2023-09-25,2023-09-25,4749
K Leslie,1488.693129275252,1,0,1,1976-10-02,1976-10-02,4750
Simin Liu,1488.6930923799016,1,0,1,2000-04-27,2000-04-27,4751
A M Williams,1488.6792342117938,1,0,1,1970-06-01,1970-06-01,4752
Paula Hufford,1488.6753451949276,1,0,1,1973-09-17,1973-09-17,4753
M Montlibert,1488.6699440570155,3,1,2,1968-02-09,1968-04-22,4754
Mrs B Bancroft,1488.6675689614449,2,0,2,1971-06-07,1972-06-05,4755
A Pocock,1488.6636335425299,1,0,1,1981-07-13,1981-07-13,4756
Loanita Rachman,1488.6563324340432,2,0,2,1976-08-22,1980-05-19,4757
Luz Maria Hernandez,1488.6519876542407,1,0,1,1968-10-03,1968-10-03,4758
Alice Church,1488.6496393418702,1,0,1,1969-07-31,1969-07-31,4759
M Costello,1488.6494619395112,1,0,1,1980-01-07,1980-01-07,4760
Cecilie Lundgaard Melsted,1488.6423422935552,1,0,1,2012-04-21,2012-04-21,4761
Teri Schwartz,1488.6358848278944,3,1,2,1968-05-06,1969-05-05,4762
Iryna Shymanovich,1488.625931663434,15,5,10,2021-11-01,2026-04-13,4763
Sherry Hull,1488.618136085823,3,1,2,1982-04-26,1982-07-12,4764
Nancy Spencer,1488.6123670339675,1,0,1,1973-04-09,1973-04-09,4765
Gabi Rosenmeyer,1488.6074958626739,1,0,1,1980-07-24,1980-07-24,4766
Gishiyan,1488.6063597826403,2,0,2,1971-02-25,1972-02-20,4767
C Judge,1488.602345664902,2,0,2,1972-01-10,1974-01-01,4768
Nahia Abou Khalil,1488.6017657015711,1,0,1,1993-05-04,1993-05-04,4769
C Lardner,1488.5990556791048,5,2,3,1977-05-23,1978-05-29,4770
Cecilia Lopez Arnold,1488.5961228519454,1,0,1,1980-06-25,1980-06-25,4771
Robyn Farrington,1488.5938377148764,3,1,2,1990-07-21,1991-07-19,4772
D Brown,1488.5924314877516,1,0,1,1980-11-17,1980-11-17,4773
Rosemary Rosman,1488.5748963421008,1,0,1,1972-01-19,1972-01-19,4774
Annette Brouwer,1488.5694329603011,1,0,1,1978-07-17,1978-07-17,4775
Yaroslava Bartashevich,1488.5688756229831,5,2,3,2025-02-24,2025-09-22,4776
Lena Jacobsson,1488.566751893344,4,1,3,1977-02-26,1979-11-26,4777
Maite Gabarrus Alonso,1488.5656999770786,1,0,1,2008-06-09,2008-06-09,4778
Elena Pridankina,1488.561470609832,6,2,4,2024-10-21,2025-10-27,4779
Reiko Miyagi,1488.556823968856,4,1,3,1969-01-01,1969-02-03,4780
Denise Nolasco,1488.5452751706962,1,0,1,1981-04-13,1981-04-13,4781
H Purchase,1488.5436325575236,3,1,2,1982-04-08,1982-04-26,4782
Uschi Ulrich,1488.5427214369263,13,5,8,1976-07-12,1980-08-04,4783
So Yeon Im,1488.539654980766,1,0,1,1997-09-08,1997-09-08,4784
M Roberton,1488.5381569897183,1,0,1,1972-03-27,1972-03-27,4785
Ran Tian,1488.5379906504452,1,0,1,2011-01-31,2011-01-31,4786
Nicole Nadel,1488.5187739383261,1,0,1,2018-04-19,2018-04-19,4787
Mrs J E Bone,1488.5084489394592,1,0,1,1970-04-13,1970-04-13,4788
Andrea Bobby,1488.506443958336,1,0,1,1980-07-28,1980-07-28,4789
K Bluhm,1488.5030637034984,1,0,1,1973-05-07,1973-05-07,4790
G Flynn,1488.4977092576403,1,0,1,1980-07-07,1980-07-07,4791
Tomcsanyi,1488.4929389858899,1,0,1,1970-07-20,1970-07-20,4792
Joan Piken,1488.4925819284308,3,1,2,1968-06-04,1968-07-14,4793
S Prinsloo,1488.4919235114628,2,0,2,1968-12-21,1969-01-05,4794
I Carlton,1488.4849019574829,1,0,1,1973-07-09,1973-07-09,4795
Caroline Tidemand,1488.4806179163838,3,1,2,1998-05-05,1998-05-08,4796
D Mckinnon,1488.4690465430365,1,0,1,1970-11-02,1970-11-02,4797
Jurkowicz,1488.457722972746,1,0,1,1972-08-21,1972-08-21,4798
Christine Lukalo,1488.4481729563313,1,0,1,2000-03-30,2000-03-30,4799
Maya Bseisu,1488.4442647945182,1,0,1,2018-02-08,2018-02-08,4800
B R Thompson,1488.4426664025475,1,0,1,1971-05-31,1971-05-31,4801
Barbora Stefkova,1488.4346316039807,5,1,4,2016-09-12,2018-07-02,4802
Cristina Arribas,1488.4308326887772,1,0,1,1999-02-15,1999-02-15,4803
Mrs G M Blundell,1488.4277422221026,1,0,1,1970-05-04,1970-05-04,4804
Ceyda Keyman,1488.4233126006109,1,0,1,1998-08-03,1998-08-03,4805
Ruth Copas,1488.4231254102522,1,0,1,2023-04-12,2023-04-12,4806
Leanne Harrison Austin,1488.4210794570954,36,13,23,1974-12-09,1980-11-03,4807
Han Shi,1488.4203021604378,6,2,4,2024-09-25,2025-09-24,4808
Neesha Thirumalaichelvam,1488.4196362925732,1,0,1,2010-02-06,2010-02-06,4809
Diana Espinal,1488.418112359011,7,3,4,2002-05-17,2010-04-24,4810
Lisa Albano,1488.4119109863955,2,0,2,1988-07-11,1989-07-17,4811
Ines Fess,1488.4082071858854,1,0,1,1980-07-24,1980-07-24,4812
Bambi Schuette,1488.4078090530784,1,0,1,1975-01-20,1975-01-20,4813
Mahesha Seneviratne,1488.407333748022,1,0,1,2001-04-12,2001-04-12,4814
Carola Van Freyehoven,1488.4065134617426,1,0,1,1972-07-03,1972-07-03,4815
E Turner,1488.4032270912412,2,0,2,1968-07-15,1970-07-13,4816
Debbie Cator,1488.399038076595,3,1,2,1974-05-06,1974-09-09,4817
Hannah Viller Moller,1488.3969073713624,1,0,1,2019-02-09,2019-02-09,4818
Catherine Oreilly,1488.3953324794522,2,0,2,1970-07-06,1972-07-10,4819
A Kovar,1488.3936057023154,1,0,1,1981-08-17,1981-08-17,4820
Nicole Pitts,1488.377294927566,1,0,1,2002-02-17,2002-02-17,4821
Zhuoxuan Bai,1488.3761486307917,23,8,15,2023-05-22,2026-01-19,4822
F Oschwald,1488.3738812980541,2,0,2,1969-07-14,1974-07-15,4823
Mira Antonitsch,1488.3691481535113,2,0,2,2016-05-16,2020-02-05,4824
R Chlongbian,1488.3674986989433,1,0,1,1979-10-22,1979-10-22,4825
Patricia Ogorman,1488.3593425784115,2,0,2,1968-07-08,1970-07-06,4826
Sue Ince,1488.3581407558622,10,4,6,1972-05-06,1974-04-22,4827
Andrea Muller,1488.3511771222823,2,0,2,1991-02-05,1992-03-02,4828
Gurianna Korinihona,1488.3465037930414,11,5,6,2002-03-04,2004-04-23,4829
Monika Wejnert,1488.34549199544,2,0,2,2009-01-05,2009-01-19,4830
K Allen,1488.3384667443188,3,1,2,1978-07-10,1979-07-09,4831
Hollensteiner,1488.3192318282584,1,0,1,1980-05-22,1980-05-22,4832
Niamh Coveney,1488.311294198927,1,0,1,2010-04-24,2010-04-24,4833
Pam Bauchman,1488.3052752925241,1,0,1,1982-05-03,1982-05-03,4834
Susan Butt,1488.3000229298102,3,1,2,1968-08-13,1970-12-30,4835
Maria Romanov,1488.2995742814453,13,6,7,1980-05-07,1982-07-19,4836
Patty Lowden,1488.2979234922418,1,0,1,1975-01-13,1975-01-13,4837
Billingham,1488.2941800173073,1,0,1,1973-08-20,1973-08-20,4838
Yara Fayssal,1488.2924306698912,1,0,1,2018-02-09,2018-02-09,4839
Elena Micic,1488.2903480277448,3,1,2,2025-06-16,2025-06-23,4840
Perry Hays,1488.2900560581704,1,0,1,1974-02-25,1974-02-25,4841
R Taylor,1488.284137984346,1,0,1,1977-05-23,1977-05-23,4842
Ellen Kaehler,1488.283433784556,1,0,1,1975-01-20,1975-01-20,4843
Jana Kunstfeldova,1488.2823599874532,2,0,2,1969-05-16,1970-07-06,4844
Elena Osuna,1488.2815174878453,1,0,1,1969-04-07,1969-04-07,4845
Mrs S Johnston,1488.2772814216437,1,0,1,1971-04-12,1971-04-12,4846
Paula Brill,1488.2766651039055,1,0,1,1976-06-29,1976-06-29,4847
Kim Nilsson,1488.272898571764,1,0,1,1974-07-15,1974-07-15,4848
C Eaton Smith,1488.2715805863133,2,0,2,1969-11-03,1970-11-02,4849
Odea,1488.2629982083072,1,0,1,1980-11-17,1980-11-17,4850
Beate Reinstadler,1488.25643062672,108,36,72,1986-12-01,1996-05-27,4851
Ina Sireteanu,1488.2559688333404,5,2,3,2001-05-15,2005-04-30,4852
A Bryant,1488.2416303447478,1,0,1,1980-01-27,1980-01-27,4853
M Kritzinger,1488.235455648348,1,0,1,1970-03-22,1970-03-22,4854
P Haggart,1488.233658844692,1,0,1,1980-07-07,1980-07-07,4855
Andrea Voikos,1488.233626811023,16,6,10,1968-02-16,1974-08-18,4856
Ofelya Poghosyan,1488.2320625212847,3,1,2,2008-04-24,2011-05-04,4857
Yuki Naito,1488.2297836518433,7,2,5,2021-04-17,2022-09-19,4858
Royce Romberg,1488.2257938644684,5,2,3,1980-01-07,1980-02-03,4859
Petroena Fong,1488.2196969182164,1,0,1,2001-04-13,2001-04-13,4860
P L Bailey,1488.215707605711,3,1,2,1976-04-26,1977-05-23,4861
Rebecca Pike,1488.2153862591163,3,1,2,2001-03-05,2001-03-05,4862
Darja Suvirdjonkova,1488.2131259276548,1,0,1,2025-06-16,2025-06-16,4863
C Mohnhaupt,1488.2097870424525,2,0,2,1977-01-05,1978-01-31,4864
Susan Starrett,1488.199783695342,4,1,3,1971-06-29,1971-08-16,4865
A M Rogers,1488.1942693315355,1,0,1,1971-05-03,1971-05-03,4866
Sue Smedley,1488.1906797942206,7,3,4,1978-07-17,1981-08-03,4867
Lyndsay Reilly,1488.189948884608,1,0,1,2003-03-03,2003-03-03,4868
Anneloes Schothurst,1488.1845617696324,5,2,3,1972-03-20,1978-10-09,4869
Sophie Erre,1488.1825476258134,2,0,2,2000-05-22,2000-05-29,4870
Rosario Briones,1488.179042614173,4,1,3,1972-03-22,1972-03-27,4871
Lihini Weerasuriya,1488.173170607803,18,8,10,1990-07-21,1994-05-04,4872
M Druger,1488.171661830133,1,0,1,1972-01-10,1972-01-10,4873
Winnie Mccoy,1488.1669399526588,5,2,3,1968-01-29,1972-05-06,4874
J Johnson,1488.159879769052,1,0,1,1972-05-01,1972-05-01,4875
M Cass,1488.1513038650728,1,0,1,1981-04-06,1981-04-06,4876
Moto Sacomoto,1488.1509057662636,1,0,1,1970-08-03,1970-08-03,4877
Tara Deen Moore,1488.150401523957,1,0,1,1997-05-16,1997-05-16,4878
K Dougan,1488.149267164068,1,0,1,1971-04-26,1971-04-26,4879
Sariya Khairova,1488.1410954736673,1,0,1,2008-09-29,2008-09-29,4880
Yukie Abiko,1488.1408732529499,1,0,1,1980-11-12,1980-11-12,4881
Hina Inoue,1488.1381429944076,2,0,2,2024-10-28,2025-08-25,4882
Mariam Ramon Climent,1488.1294374576858,14,5,9,1995-04-25,2002-07-08,4883
Woltersdorf,1488.1259678813983,1,0,1,1972-08-21,1972-08-21,4884
Ruia Morrison,1488.1252630784447,9,3,6,1969-01-30,1971-03-03,4885
Nungnadda Wannasuk,1488.1160041734477,5,1,4,2007-04-18,2012-02-06,4886
Hana Adamkova Guy,1488.105168140904,2,0,2,1992-07-13,1992-07-15,4887
Angela Cardoso,1488.1035002469794,8,3,5,1999-04-21,2002-04-24,4888
Nancy Lewis,1488.1018182142404,2,0,2,1968-06-04,1969-07-28,4889
Cathy Classen,1488.1009483846155,3,1,2,1982-07-19,1982-08-02,4890
Sarah Pang,1488.0896698331483,3,1,2,2020-02-05,2020-02-08,4891
Redrellio,1488.0878096005245,1,0,1,1970-03-10,1970-03-10,4892
Patricia Armel,1488.0825087165033,1,0,1,1978-03-29,1978-03-29,4893
A Shafik,1488.0755885094306,2,0,2,1973-03-02,1975-03-03,4894
E Edgecombe,1488.073805798223,1,0,1,1973-06-04,1973-06-04,4895
M Dixon,1488.0719291892656,2,0,2,1971-05-03,1971-11-08,4896
Veronica Stele,1488.0662566924304,1,0,1,1995-06-12,1995-06-12,4897
Marcela Arroyo Vergara,1488.061762212772,12,5,7,2001-03-05,2005-04-22,4898
Lindsay Bartlett,1488.0559920558771,11,4,7,1987-11-30,1990-04-23,4899
Patricia Medrado,1488.0535997469478,382,183,199,1975-05-05,1988-12-04,4900
Maria Fernanda Carrillo,1488.042157462135,7,3,4,1997-05-17,1998-05-03,4901
A Underwood,1488.0100828266475,1,0,1,1981-07-13,1981-07-13,4902
Ana Maria Piotti,1488.0051242133009,2,0,2,1969-11-11,1970-10-31,4903
Jenny Gardiner,1487.995285405808,2,0,2,1978-12-11,1979-08-01,4904
Andrea Schonherr,1487.9874832939565,20,8,12,1980-07-19,1982-07-22,4905
Olivia Bennett,1487.9705635165628,13,6,7,2007-04-17,2014-04-12,4906
Olivia Tjandramulia,1487.9633681276157,1,0,1,2022-09-12,2022-09-12,4907
A Purek,1487.9584266763882,1,0,1,1971-06-07,1971-06-07,4908
Melissa Callaway,1487.9549204981008,1,0,1,1969-10-05,1969-10-05,4909
Linda Klimovicova,1487.9473333933004,4,1,3,2026-01-19,2026-04-10,4910
Anabella Radics,1487.9422039501267,3,1,2,1986-12-01,1987-11-30,4911
Beatrice Gumulya,1487.9252027722528,18,9,9,2016-04-11,2022-04-16,4912
Schinegger,1487.9182567132648,1,0,1,1972-08-21,1972-08-21,4913
E Graas,1487.901491730648,1,0,1,1972-03-27,1972-03-27,4914
G Maxwell,1487.8972663271272,4,1,3,1972-01-19,1980-06-09,4915
Jane Hancock,1487.8949814834878,6,2,4,1969-01-20,1980-07-07,4916
G Von Domieux,1487.8939470549833,1,0,1,1983-05-30,1983-05-30,4917
Carolyn Mcgann,1487.8932744421413,3,1,2,2003-03-03,2003-03-03,4918
Valeria Balai,1487.8879924503199,1,0,1,1971-04-05,1971-04-05,4919
Helen Parker,1487.8814675794818,1,0,1,1972-05-06,1972-05-06,4920
Victoria Luiza Barros,1487.870744849892,1,0,1,2025-09-08,2025-09-08,4921
Gomez De Croon,1487.8673873516586,1,0,1,1968-07-22,1968-07-22,4922
Karen Cross,1487.8663462258066,27,9,18,1993-06-21,2001-06-25,4923
Blanka Politzerova,1487.839316262248,2,0,2,1969-08-18,1970-02-26,4924
A Gilleaux,1487.8339373027454,1,0,1,1980-07-22,1980-07-22,4925
Annette Paluska,1487.8253126971615,1,0,1,1969-01-27,1969-01-27,4926
G Lardner Burke,1487.819315374436,2,0,2,1969-04-14,1970-04-06,4927
Alexandra Panova,1487.8134967028539,84,32,52,2008-07-28,2017-06-05,4928
Stephanie Halsell,1487.8079300564902,2,0,2,1995-03-17,1995-04-10,4929
Eugenia Isopaitis,1487.8044401754287,4,1,3,1970-06-15,1970-06-29,4930
Libuse Kuzelova,1487.7991765042755,6,2,4,1968-08-15,1972-08-09,4931
Marta Sirotkina,1487.7947023686675,2,0,2,2013-02-25,2013-04-01,4932
Hsiu Tsuan Wen,1487.7859547078367,12,5,7,1978-08-19,1985-10-06,4933
Sue Behlmar,1487.7784957075503,2,0,2,1968-07-22,1968-08-13,4934
Eden Marama,1487.768433365928,6,2,4,2003-04-22,2004-04-22,4935
Jargal Altansarnai,1487.7658621786222,3,1,2,2020-02-04,2020-02-08,4936
G Micklem,1487.7595486697505,1,0,1,1971-12-27,1971-12-27,4937
Julie Hunt,1487.744202422746,2,0,2,1970-01-12,1971-01-25,4938
Cheryl Jones,1487.7322291119624,11,5,6,1981-09-12,1987-11-30,4939
Victoria Bosio,1487.7274648805255,6,2,4,2019-02-06,2024-11-25,4940
Sung Hee Park,1487.7211065431727,117,53,64,1991-07-19,1999-09-20,4941
Mandy Holdsworth,1487.705452377763,2,0,2,1970-03-31,1970-06-08,4942
Natalie Grandin,1487.7011518480167,61,26,35,1999-02-27,2013-04-19,4943
Linda Marks,1487.6913096384012,1,0,1,1975-01-20,1975-01-20,4944
Mrs C H Smith,1487.65001035394,1,0,1,1969-07-07,1969-07-07,4945
Karen Barbat,1487.637260927544,30,12,18,2007-04-21,2020-02-07,4946
Judith Phillips,1487.6329806229987,14,6,8,1974-01-07,1980-02-03,4947
Linley Tanner,1487.6311876920872,2,0,2,1986-09-08,1990-02-26,4948
Raquel Giscafre,1487.6278657618593,247,103,144,1968-05-27,1980-06-02,4949
Jill Cottrill,1487.6141661988727,1,0,1,1976-07-12,1976-07-12,4950
Andrea Holikova,1487.5989598021658,94,33,61,1985-02-05,1989-04-24,4951
Maree Booth,1487.5968702200107,27,11,16,1980-11-17,1982-08-02,4952
Sharon Hodgkin,1487.5958051226057,7,2,5,1980-11-17,1982-08-02,4953
Diedre Herman,1487.5921803058272,2,0,2,1991-02-11,1992-05-04,4954
A Ahlstrom,1487.591073918648,1,0,1,1981-07-06,1981-07-06,4955
Catrin Jexell,1487.5796035809155,110,47,63,1979-12-08,1987-07-06,4956
E Schueller,1487.5789123151374,1,0,1,1972-08-21,1972-08-21,4957
Helen Weiner,1487.5682253182363,4,1,3,1971-12-27,1977-12-01,4958
Birgit Portscheller,1487.5677845640237,12,4,8,1973-06-11,1977-08-04,4959
Terisa Viljoen,1487.5634444679183,6,1,5,1970-03-22,1974-11-18,4960
Yue Yue Hu,1487.5624279199471,2,0,2,2011-10-03,2012-09-17,4961
Ruth Seeman,1487.5594882669914,19,8,11,1979-05-28,1989-02-06,4962
K Reinke,1487.5526980543239,1,0,1,1972-05-06,1972-05-06,4963
Kim Staunton,1487.5521021485538,2,0,2,1983-11-29,1988-02-01,4964
Tomoe Hotta,1487.5361319840517,18,8,10,1996-03-03,2000-03-04,4965
Sandra Coe,1487.5305243282942,3,1,2,1970-11-02,1973-08-20,4966
Shikha Uberoi,1487.52564533986,33,13,20,2004-04-26,2008-03-03,4967
Nathalie Housset,1487.5221069276909,13,3,10,1991-03-15,1992-05-25,4968
Susan Zaro,1487.5022346171465,2,0,2,1974-09-09,1977-06-26,4969
Vickie Shields,1487.4959376281308,1,0,1,1980-07-28,1980-07-28,4970
K Fagyas,1487.4834028605435,2,0,2,1970-07-20,1972-03-03,4971
Helen Rice,1487.4766028518864,4,1,3,1976-11-29,1978-05-29,4972
Mrs J A Johnston,1487.4681310730807,1,0,1,1971-04-26,1971-04-26,4973
Antonella Rosa,1487.459044992202,13,4,9,1974-03-18,1976-10-18,4974
Michaela Pastikova,1487.4559881595155,36,11,25,1998-07-06,2006-05-08,4975
Chihiro Muramatsu,1487.452118879337,2,0,2,2020-02-10,2021-04-17,4976
Chattida Thimjapo,1487.4511101478458,1,0,1,2003-03-03,2003-03-03,4977
Jacqueline Molter,1487.4455420242045,2,0,2,1980-07-19,1980-07-24,4978
Galina Dimitrova,1487.4237895059414,2,0,2,1997-04-23,1997-04-24,4979
Lisa Bee,1487.4136235965211,2,0,2,1980-04-30,1982-05-03,4980
Iulia Rozgon,1487.4122055645755,3,1,2,2001-05-15,2001-05-18,4981
Sadigheh Akbari,1487.3829100192443,2,0,2,1972-03-20,1972-03-22,4982
Jean Weckwarth,1487.3784030639342,3,1,2,1970-06-29,1972-07-03,4983
Christine Oreilly,1487.375224311829,2,0,2,1986-08-18,1992-03-30,4984
Olga Cosic,1487.3695442948265,5,2,3,2000-03-31,2006-04-27,4985
Keri Phebus,1487.3645172264896,5,1,4,1991-02-25,1995-08-28,4986
Carolina Piatti,1487.3601683057527,1,0,1,1982-07-26,1982-07-26,4987
M Bloem,1487.3550944804533,2,0,2,1972-03-20,1972-07-25,4988
Sana Ben Salah,1487.3525102482834,12,5,7,2001-05-15,2004-04-30,4989
V Duday,1487.3430050290974,3,1,2,1970-03-10,1970-07-20,4990
Mary Summerhays,1487.3069643878462,1,0,1,1970-08-03,1970-08-03,4991
Nuria Parrizas Diaz,1487.2790239730318,104,42,62,2021-04-05,2025-08-25,4992
Maria Cristina Borba Dias,1487.2718356474213,2,0,2,1968-05-22,1968-05-27,4993
Yan Chong Chen,1487.2576657816535,6,2,4,2005-09-26,2009-09-14,4994
Jenny Blyth Lewis,1487.2478385671423,16,7,9,1981-03-06,1982-04-26,4995
Angelina Gabueva,1487.2369116639663,2,0,2,2022-05-16,2023-05-22,4996
Olga Puchkova,1487.2096774791307,114,47,67,2002-03-04,2014-03-31,4997
Teri Whitlinger Jones,1487.209441441367,2,0,2,1991-08-19,1992-11-09,4998
Agnese Gustmane,1487.2085119846681,20,7,13,1990-10-01,1998-04-16,4999
Brenda Dale,1487.2036423195682,4,1,3,1970-11-02,1973-12-26,5000
Agneta Kun,1487.1558358413329,9,4,5,1970-09-28,1973-06-04,5001
Donna Judge,1487.152637294319,2,0,2,1971-12-27,1972-01-10,5002
Liz Cruz,1487.1376364353732,13,6,7,2002-05-14,2004-04-24,5003
Birgit Frese,1487.1081610138006,3,0,3,1968-05-30,1970-05-11,5004
Vera Lucia Giugni,1487.1058373350104,16,7,9,1968-01-01,1981-04-13,5005
Joanne Zuger,1487.102814885055,4,1,3,2022-07-18,2023-01-30,5006
Neuza Silva,1487.1003561576808,26,11,15,2002-04-08,2010-02-06,5007
Reka Vidats,1487.0989086085322,4,1,3,1993-10-18,1997-04-23,5008
Kyoka Okamura,1487.0884314145947,5,1,4,2022-09-12,2025-03-31,5009
Viktoria Kutuzova,1487.0728684308422,61,21,40,2003-08-04,2011-05-23,5010
Jill Blackshaw,1487.0663012282084,2,0,2,1968-02-12,1973-09-02,5011
Tatjana Maria,1487.066197598528,419,160,259,2006-07-15,2026-05-18,5012
Justine Hodder,1487.0564477303308,2,0,2,1990-01-15,1997-04-12,5013
Micheline Five,1487.0417529216847,6,2,4,1968-02-29,1970-07-13,5014
Linda Thomas,1487.0260733549958,86,32,54,1968-07-22,1982-07-12,5015
Eirini Georgatou,1486.983663442839,10,4,6,2008-01-31,2011-09-12,5016
E Ranger,1486.9815195940832,2,0,2,1972-07-10,1973-04-16,5017
Mercedes Guix,1486.9691899970987,1,0,1,1973-10-08,1973-10-08,5018
A J Williams,1486.9357461538239,2,0,2,1970-03-27,1971-04-19,5019
Caroline Maes,1486.9201355497498,10,2,8,2002-07-20,2008-02-11,5020
F Saigal,1486.916509671004,1,0,1,1972-07-10,1972-07-10,5021
Christina Popescu,1486.9044760123281,2,0,2,1996-08-05,1996-10-21,5022
Ines Murta,1486.8912707041352,10,4,6,2017-02-10,2023-04-15,5023
Pamela Baily,1486.8887494896856,2,0,2,1984-01-16,1985-01-14,5024
Naiktha Bains,1486.881726918202,2,0,2,2019-06-10,2021-07-12,5025
Ljudmila Pavlov,1486.871826257901,7,2,5,1991-07-22,1992-04-16,5026
Beverly Cansler,1486.8712819161422,2,0,2,1970-04-16,1971-04-15,5027
Gwenda Tanner,1486.8711143533196,1,0,1,1974-03-11,1974-03-11,5028
Jill Griffiths,1486.8614754095931,13,5,8,1974-04-15,1981-08-03,5029
Maria Mateas,1486.8385383439595,7,2,5,2016-07-18,2025-05-19,5030
Christina Soderstrom,1486.8358240127775,3,1,2,1973-07-16,1973-07-23,5031
Sophie Chang,1486.833564801466,2,0,2,2022-04-04,2023-05-22,5032
Elana Smukler,1486.8290934431086,9,4,5,1979-11-26,1981-11-25,5033
Aida Khalatian,1486.7969043287274,6,2,4,1989-10-09,1997-05-09,5034
Tornado Alicia Black,1486.7867039764335,2,0,2,2014-02-24,2014-07-28,5035
Rika Fujiwara,1486.7526739406408,65,24,41,1997-09-08,2011-08-01,5036
Amra Sadikovic,1486.7379290172819,19,7,12,2009-04-25,2017-07-17,5037
Farel Footman,1486.737763155613,32,10,22,1968-04-29,1973-04-11,5038
G Cooper,1486.729180249587,4,1,3,1978-07-17,1980-07-07,5039
Marta Galli,1486.7270838566058,5,1,4,1972-11-27,1978-10-30,5040
Sophie Georges,1486.7265323354527,2,0,2,1999-05-24,2001-05-21,5041
Joan Keller,1486.7166693959114,2,0,2,1970-02-25,1970-08-03,5042
Matilde Paoletti,1486.6991658114805,4,1,3,2022-07-18,2023-05-08,5043
Rika Hiraki,1486.6783998109095,141,48,93,1988-04-18,2001-04-16,5044
Nicole Riner,1486.668347707519,2,0,2,2006-04-22,2006-07-15,5045
Barbara Navarro,1486.6647663580213,2,0,2,1991-12-02,1992-04-20,5046
Frederique Thibault,1486.651220086961,77,27,50,1973-05-14,1983-05-23,5047
Maria Elena Gittens,1486.6167884497306,3,1,2,2001-05-15,2001-05-18,5048
Daniela Volponi,1486.5509928686122,2,0,2,1981-04-27,1982-07-26,5049
Mrs A M Black,1486.5291567320335,1,0,1,1973-05-14,1973-05-14,5050
Maria Bellotti,1486.5245764340132,3,1,2,1981-07-13,1982-07-26,5051
Nika Radisic,1486.5141399044699,2,0,2,2020-02-06,2021-09-13,5052
Yvette Flu,1486.501485437627,4,1,3,1981-08-24,1982-04-26,5053
Kate Mcdonald,1486.4898905138,6,1,5,1988-11-28,1991-01-14,5054
Hetty Taphoorn Baas,1486.4882145634808,2,0,2,1971-07-26,1971-07-26,5055
Schuebel,1486.4675601100998,2,0,2,1970-08-06,1971-07-05,5056
Kristen Schlukebir,1486.4344470156311,2,0,2,2000-08-22,2004-04-26,5057
Maria Hollingsworth,1486.4283946541427,6,2,4,1971-03-15,1974-05-13,5058
Ann Paul,1486.4260551514326,5,1,4,1968-10-22,1979-05-28,5059
Kyoko Hatanaka,1486.3959246401985,2,0,2,1971-01-05,1978-10-23,5060
Kwan Yau Ng,1486.372181097031,2,0,2,2016-09-19,2018-02-07,5061
Cindy Burger,1486.358026942572,9,3,6,2015-04-13,2017-04-10,5062
Ana Buraku,1486.3574241919341,3,1,2,1998-05-07,1999-04-30,5063
Helen Asciak,1486.3363294559333,37,16,21,1980-04-07,2001-05-17,5064
Christiane Mercelis,1486.2897088027767,6,2,4,1968-02-29,1970-04-06,5065
Federica Urgesi,1486.2713731991805,2,0,2,2025-05-06,2026-05-05,5066
Amelie Castera,1486.2709354406927,3,0,3,1994-05-16,1995-06-19,5067
Karen Dawson,1486.2349957387771,11,4,7,1972-05-06,1978-05-14,5068
Randy Johnson,1486.2250695909809,5,2,3,1974-02-11,1974-03-11,5069
Marzia Grossi,1486.201021525774,38,13,25,1989-05-01,1995-05-15,5070
Jean Evans,1486.1968213335253,2,0,2,1968-04-15,1969-02-14,5071
Donna Stockton,1486.1887552443463,4,1,3,1970-05-04,1976-12-13,5072
Anzela Zguna,1486.1778151331866,4,1,3,2004-04-26,2004-04-30,5073
Chris Werner,1486.12936702806,4,1,3,1976-12-06,1981-04-29,5074
Robyn Murphy,1486.1107813162387,2,0,2,1969-01-06,1970-02-09,5075
Pascale Arribe,1486.1039242630766,6,2,4,1980-07-05,1981-06-24,5076
Chun Mei Ji,1486.0896525003586,2,0,2,2007-09-24,2009-10-05,5077
Ysaline Bonaventure,1486.0577290973065,88,34,54,2015-07-13,2023-07-03,5078
B Harris,1486.0092173322562,4,1,3,1979-05-06,1979-06-05,5079
Francesca LaO,1486.0031299781017,18,8,10,1991-07-18,2003-04-24,5080
Margaret Russo,1486.0010761444557,4,1,3,1970-07-06,1973-07-15,5081
Roxane Vaisemberg,1485.9563675418478,6,2,4,2009-02-04,2012-02-03,5082
Mary Norwood,1485.9447354129202,2,0,2,1986-02-24,1990-02-19,5083
Allison Baker,1485.9279727961464,2,0,2,2002-08-26,2003-03-19,5084
Remi Uda,1485.9230586152587,5,2,3,2001-03-05,2001-03-05,5085
Anouschka Popp,1485.9195470580246,2,0,2,1991-04-22,1991-05-13,5086
Petra Thoren,1485.9128708555986,117,44,73,1986-07-20,1995-05-29,5087
Buyukfirat,1485.9103472728134,2,0,2,1972-07-24,1973-07-23,5088
Paula Mullen,1485.9091507101577,4,0,4,1970-07-06,1974-07-08,5089
Jennifer Balent,1485.9069029394223,5,1,4,1973-10-15,1976-03-15,5090
Heike Loleit,1485.9012139736283,9,3,6,1980-03-10,1982-05-17,5091
Magda Ezzat,1485.8982469416267,2,0,2,1968-03-01,1970-03-09,5092
Gabriella Taylor,1485.8839304937417,2,0,2,2018-06-11,2018-07-02,5093
Valentini Grammatikopoulou,1485.8630701440031,37,16,21,2014-02-05,2023-07-24,5094
Anita Summers,1485.8571274048816,10,3,7,1970-03-22,1981-11-25,5095
Janet Haas,1485.8377692272663,70,28,42,1972-01-21,1980-07-07,5096
Ann Flint,1485.8331747585883,3,0,3,1970-02-20,1980-11-10,5097
Sophie Lefevre,1485.7916213550352,2,0,2,1999-05-24,2003-05-26,5098
Akiko Endo,1485.7764298288714,2,0,2,1969-01-13,1969-01-30,5099
Maria Cristina Fernandez,1485.7760885893372,2,0,2,1969-11-11,1970-10-31,5100
Beatriz Marin,1485.7593855584844,2,0,2,1968-03-04,1969-03-11,5101
Wendy Mccolskey,1485.759238850368,3,0,3,1968-09-02,1980-05-19,5102
Hatsuhi Isowa,1485.757926110815,2,0,2,1980-10-13,1980-11-12,5103
Drahomira Matejkova,1485.7486759666574,4,1,3,1971-03-04,1973-10-08,5104
Tossaporn Summa,1485.7482867411686,4,1,3,1989-10-01,1990-07-21,5105
M Figueirido,1485.709557048217,1,0,1,1971-12-20,1971-12-20,5106
Debbie Franz,1485.7087287924792,2,0,2,1978-05-14,1981-09-12,5107
Teodora Kostovic,1485.6757516054747,2,0,2,2025-04-22,2026-02-01,5108
Francesca Romano,1485.666829390631,47,18,29,1989-05-01,1994-03-11,5109
C Gevers,1485.657388093015,3,0,3,1971-03-29,1971-12-20,5110
Margot Mercier,1485.654665671735,6,2,4,2014-04-09,2016-02-06,5111
Bettina Diesner,1485.6181691855552,5,1,4,1986-12-08,1989-10-23,5112
Ligia Dias,1485.6112358824305,2,0,2,1981-04-06,1981-04-13,5113
Jill Hamilton,1485.5937688813929,6,2,4,1976-04-26,1978-05-29,5114
Fatma Al Nabhani,1485.5123175672752,22,8,14,2011-01-31,2019-02-18,5115
B Jones,1485.5067968122107,3,0,3,1971-07-05,1973-07-09,5116
Margaret Lee,1485.5064322513263,16,7,9,1968-04-08,1968-07-01,5117
Bonnie Logan,1485.5048113908902,14,4,10,1969-07-05,1973-04-17,5118
Venus Williams,1485.4986275061212,1091,803,288,1994-10-31,2026-04-21,5119
Clelia Gaeta,1485.4878800871647,4,1,3,1970-03-09,1971-03-15,5120
Rheeya Doshi,1485.462407644971,8,3,5,2013-02-04,2014-02-07,5121
Eliza Rodriguez,1485.4521254240453,6,2,4,1981-03-23,1981-04-13,5122
Jeske Van Erven,1485.4502454279511,9,3,6,1979-06-05,1980-06-25,5123
Laurie Tenney,1485.4407890506086,156,67,89,1968-06-04,1977-05-29,5124
N Zaki,1485.4342847854464,2,0,2,1969-03-17,1970-03-16,5125
Petra Holubova,1485.4176396326143,6,2,4,1992-05-04,1992-09-28,5126
Barbara Goldman,1485.4109319871695,6,2,4,1974-02-11,1978-02-13,5127
Eun Ha Kim,1485.4070717593686,25,11,14,1995-04-20,2001-11-05,5128
Judy Acker,1485.4027710276266,2,0,2,1977-06-26,1978-02-13,5129
Mariana Diaz Oliva,1485.374064310502,240,98,142,1996-09-10,2006-10-09,5130
Paola Monami,1485.3729342955858,4,1,3,1968-05-06,1969-04-21,5131
Ye Xin Ma,1485.3636978591087,5,1,4,2023-10-16,2025-10-27,5132
Lisa Green,1485.3580050380453,12,3,9,1987-07-27,1991-02-11,5133
Marta Fernandez Ruiz,1485.3450715898475,5,1,4,1968-11-04,1971-04-26,5134
Helene Brywe,1485.3016788501354,2,0,2,1977-02-13,1979-02-19,5135
Leticia Costas,1485.2949402099043,2,0,2,2008-06-09,2011-02-14,5136
Maria Strandlund Tomsvik,1485.2854495831584,138,49,89,1987-07-06,1997-04-25,5137
Nadia Lalami,1485.2742779776795,24,11,13,2007-05-14,2012-04-23,5138
Michiko Saji,1485.259445468041,4,1,3,1975-05-19,1980-11-12,5139
Jenny Blezzard,1485.2384298440736,6,2,4,1979-07-16,1981-07-13,5140
Kata Gyorke,1485.2268082815963,2,0,2,1993-05-11,1993-05-14,5141
Cindy Dock,1485.2254486045872,10,4,6,1997-04-12,1997-05-10,5142
Sherry Bedingfield,1485.2228265893502,12,4,8,1969-01-27,1973-08-13,5143
Pamela Brand,1485.2208340074737,4,1,3,1969-01-01,1969-01-20,5144
Amreeta Ahluwalia,1485.1931003929158,39,16,23,1978-05-22,1982-07-22,5145
Virginie Pichet,1485.1824081876416,3,0,3,2003-05-26,2006-05-29,5146
Eileen Pomales,1485.1603950581612,2,0,2,1968-04-01,1969-04-02,5147
Michelle Garth,1485.1327759164524,2,0,2,1984-07-15,1985-04-22,5148
L Philian,1485.132497766642,1,0,1,1978-05-08,1978-05-08,5149
Althea Gibson,1485.1235155736324,3,0,3,1969-02-24,1969-02-27,5150
Sally Slater,1485.1227083331098,2,0,2,1970-01-05,1970-01-21,5151
Luanne Spadea,1485.108158865304,21,7,14,1987-11-30,1993-03-01,5152
Ai Iida,1485.08520892618,2,0,2,1974-12-21,1976-11-01,5153
Anne Seidler,1485.0844967646326,2,0,2,1977-07-31,1982-06-01,5154
Ksenia Lykina,1485.077968158175,2,0,2,2007-06-18,2009-09-21,5155
Michelle Gerards,1485.074017705772,4,1,3,1999-08-02,2009-02-05,5156
Sue Stap,1485.0709216544833,141,51,90,1969-08-16,1979-02-26,5157
Nicoletta Iaccarino,1485.0702511257343,3,0,3,1989-05-08,1990-03-27,5158
Ning Lin,1485.05195700505,4,1,3,1997-03-15,1998-02-21,5159
Patricia Mayr Achleitner,1485.0375133494135,143,58,85,2008-02-02,2015-07-20,5160
S Bennett,1485.0369939767354,2,0,2,1981-04-06,1982-04-08,5161
Anna Bielen Zarska,1485.0238797434288,10,3,7,1996-09-16,2001-04-26,5162
Alana Bakos,1485.022072778666,7,2,5,1974-11-18,1980-11-24,5163
Maja Muric,1485.0063223474008,6,1,5,1993-07-20,1997-04-28,5164
Amanda Browne,1484.9999142753193,4,1,3,1993-04-19,1993-04-23,5165
Elizabeth Clark,1484.9907990115778,2,0,2,1970-07-13,1971-04-26,5166
Pavlina Nola,1484.9651010600828,88,29,59,1995-07-22,2002-01-14,5167
Gitte Grage,1484.9361780130637,4,1,3,1972-01-29,1972-03-23,5168
Liv Hubert,1484.9336218231306,2,0,2,1973-04-30,1973-05-04,5169
Renata Kucerova,1484.9312357802467,2,0,2,1999-04-26,1999-10-18,5170
A Polli,1484.9311435162965,4,1,3,1969-09-08,1970-03-10,5171
P Robertson,1484.926859967954,4,1,3,1978-04-17,1978-05-01,5172
Heather Crowe,1484.926743233263,29,12,17,1982-07-05,1986-06-30,5173
Catherine Barclay,1484.9044409159126,5,1,4,1991-01-14,1999-01-18,5174
Jelena Pandzic,1484.885334759603,5,1,4,2008-04-28,2011-02-03,5175
Maija Suonpaa,1484.8596041204642,2,0,2,1986-07-20,1986-07-20,5176
Annika Narbe,1484.8493221122485,2,0,2,1988-07-04,1990-07-09,5177
Mayo Hibi,1484.8318293278132,8,2,6,2015-08-31,2021-02-08,5178
A Womack,1484.7877012183073,2,0,2,1969-07-14,1969-11-03,5179
Virginia Humphreys Davies,1484.771224639175,2,0,2,1991-06-24,1992-06-22,5180
Allegra Pero,1484.7526900146813,10,4,6,1980-05-11,1980-08-13,5181
Olga Vymetalkova,1484.7350424445622,2,0,2,2003-04-28,2006-01-02,5182
Karen Paterson,1484.7302728815555,4,1,3,2003-03-03,2003-03-03,5183
Anna Nemeth,1484.7238853183226,2,0,2,1979-04-30,1979-04-30,5184
Karem Harboe,1484.6938088246789,4,1,3,1999-04-13,1999-04-17,5185
Betty Newfield,1484.6854721126952,4,1,3,1974-08-19,1977-04-11,5186
Elizabeth Loughrey,1484.6707533924414,2,0,2,1968-07-15,1969-07-14,5187
Tara Iyer,1484.6375222037739,4,1,3,2007-02-12,2007-09-17,5188
Sada Nahimana,1484.623041614604,6,2,4,2023-05-22,2026-05-18,5189
Nazrin Jafarova,1484.6183855456327,2,0,2,2013-07-22,2014-07-21,5190
Nicolette Rooimans,1484.6124976669787,2,0,2,1988-04-25,1988-11-07,5191
Martha Cochrane,1484.6092665508324,2,0,2,1969-01-06,1970-01-05,5192
Kai Chen Chang,1484.605641995613,107,41,66,2009-08-31,2018-01-29,5193
Patricia Miller,1484.60558499573,8,3,5,1989-07-17,1993-07-20,5194
Lyudmyla Kichenok,1484.5959262228969,18,6,12,2010-04-24,2018-02-10,5195
Anastasia Iamachkine,1484.5871965856888,14,6,8,2016-02-03,2023-04-15,5196
C Tyrrell,1484.5786441262812,10,4,6,1980-01-07,1981-07-13,5197
Gabriela Castro,1484.5774563343311,3,0,3,1988-04-25,1990-05-21,5198
Joana Manta,1484.5543664676939,2,0,2,1993-05-17,1995-04-17,5199
Maria Luciana Reynares,1484.5405825971254,2,0,2,1990-08-20,1992-05-25,5200
S Freeman,1484.5371112269324,2,0,2,1978-04-17,1978-05-01,5201
Caroline Lane,1484.5082279533149,10,4,6,1971-09-28,1977-05-29,5202
Silvana Casaretto,1484.4744324934722,4,1,3,1986-07-20,1986-07-20,5203
Menna El Nagdy,1484.4259316117161,8,3,5,2010-04-21,2012-04-21,5204
Gayle Godwin,1484.4120765244545,4,1,3,1974-09-17,1975-09-12,5205
Fukiko Osawa,1484.3580508464893,2,0,2,1988-04-25,1996-09-28,5206
Vanda Lukacs,1484.3495109691207,4,1,3,2011-07-04,2013-07-08,5207
C Bevan,1484.346305093681,2,0,2,1968-07-08,1969-07-07,5208
Glaucia Langela,1484.3418391477114,55,21,34,1977-06-26,1982-07-26,5209
Jenny Chamberlain,1484.3406812435258,4,1,3,1968-04-29,1969-05-12,5210
Ximena Hermoso,1484.338688048495,20,8,12,2009-04-23,2014-03-31,5211
Lina Glushko,1484.3225305443755,18,8,10,2019-02-06,2025-09-08,5212
Xinyu Gao,1484.320017311277,10,3,7,2017-07-24,2025-07-21,5213
Petra Schmitt,1484.305900028526,4,1,3,1988-12-04,1991-07-25,5214
Saara Kunakunova,1484.3010241044099,4,1,3,2015-04-18,2018-02-09,5215
S Quinnell,1484.2761340136158,6,2,4,1975-04-14,1975-05-26,5216
Micaela Moran,1484.2686051677586,6,2,4,2003-03-03,2003-03-03,5217
Megan Miller,1484.2597133290403,7,2,5,1995-05-15,1996-06-24,5218
Carol Baily,1484.2318394060223,57,19,38,1973-07-30,1981-11-23,5219
Suzanne Italiano,1484.201363656218,2,0,2,1990-07-30,1991-08-05,5220
Hoesch,1484.1682098684926,2,0,2,1968-08-26,1969-08-28,5221
Gabriella Boschiero,1484.1636264120414,7,2,5,1988-04-26,1996-05-06,5222
Maria Bolster,1484.1565378884998,2,0,2,1981-11-09,1981-11-09,5223
M Audus,1484.1510491347094,2,0,2,1969-07-14,1970-07-13,5224
Leta Welthagen,1484.1456153449622,4,1,3,1974-11-18,1980-11-24,5225
Kirstin Freye,1484.1281031015944,3,0,3,1993-02-15,1993-08-01,5226
Esra Bayburt,1484.1100535618796,4,1,3,1991-07-19,1994-04-22,5227
Indy De Vroome,1484.103707460496,6,1,5,2014-03-17,2016-06-06,5228
Anna Klim,1484.0863388548782,19,8,11,1995-10-02,1998-04-13,5229
Hiebler,1484.0802292567528,8,3,5,1974-05-06,1976-07-05,5230
R Mortoire,1484.0450757711108,2,0,2,1968-07-08,1970-07-06,5231
Heather Dahlgren,1484.0365032157747,9,3,6,1973-09-17,1975-12-15,5232
Brenda Catton,1484.0284235791892,25,9,16,1979-12-17,1981-11-23,5233
Mandy Parson,1484.0055641317776,2,0,2,1975-08-11,1980-06-09,5234
Leena Mutanen,1484.0039216787736,6,2,4,1968-07-25,1972-03-27,5235
Raquel Kops Jones,1483.9968646858647,2,0,2,2007-06-11,2007-09-24,5236
Mrs S Dalton,1483.9962437209215,2,0,2,1969-04-21,1971-04-12,5237
Kristina Triska,1483.9895309628332,12,4,8,1996-03-08,2001-03-05,5238
Diana Gai,1483.9671710650432,2,0,2,1968-09-24,1969-09-30,5239
Jessica Kirkland,1483.95354716647,16,5,11,2003-03-05,2006-08-28,5240
Ashley Weinhold,1483.9441908853662,3,0,3,2007-08-27,2011-09-12,5241
Aleksandra Olsza,1483.9152226597184,50,19,31,1995-04-18,1999-07-12,5242
Melanie South,1483.8769959972967,31,10,21,2006-06-12,2013-06-10,5243
Waya Walalangi,1483.8693861656293,2,0,2,1988-12-04,1988-12-04,5244
Kathy Schlukebir,1483.867727593994,2,0,2,1969-07-14,1969-07-21,5245
Maria Angela Ferreira,1483.8676268921488,2,0,2,2003-04-23,2003-04-24,5246
Flo Bryan,1483.8605621276427,3,0,3,1974-08-19,1976-01-05,5247
Janine Strauss,1483.8455569039436,4,1,3,1974-05-13,1975-05-05,5248
E C Sharpe,1483.8431511851097,3,0,3,1968-05-06,1972-05-15,5249
Mihoka Matshushima,1483.8328295420915,2,0,2,1980-10-13,1981-10-19,5250
B Wojeik,1483.8154569601993,2,0,2,1972-05-01,1972-05-15,5251
Marina Crescenti,1483.8128565065915,6,2,4,1980-07-07,1981-04-27,5252
Amreetha Muttiah,1483.7807755388965,10,4,6,2008-01-30,2016-04-16,5253
Jacqueline Lisboa Pinto,1483.7716211493685,2,0,2,1981-03-29,1981-04-06,5254
V Zahri,1483.7049684209971,2,0,2,1979-06-05,1979-06-18,5255
Lee Connelly,1483.7034614281229,2,0,2,1970-03-10,1972-08-14,5256
Heather Nicholls,1483.6897880715728,3,0,3,1968-06-17,1969-04-01,5257
Barbara Wright,1483.6758707759197,2,0,2,1971-01-05,1971-04-05,5258
Maria Victoria Baldovinos Cibeira,1483.6407747190683,80,31,49,1972-10-16,1982-07-19,5259
Cindy Johnson,1483.6335928703986,2,0,2,1975-07-07,1975-08-18,5260
Christine Gimmig,1483.6103593572825,2,0,2,1974-05-28,1974-06-03,5261
Hannah Chambers,1483.6008341530978,2,0,2,2018-06-20,2018-06-23,5262
Camille Sesanker,1483.5877377812028,4,1,3,1998-05-02,1999-02-25,5263
Jean Walker Smith,1483.585269331434,6,2,4,1968-05-27,1969-04-21,5264
Hilke Schoenwalder,1483.571604976057,2,0,2,1968-05-30,1970-05-11,5265
Barbara Kral,1483.5690944410019,23,8,15,1969-07-09,1975-10-06,5266
Monique Barry,1483.5557561587218,2,0,2,2024-01-01,2026-01-05,5267
Myrtille Georges,1483.5463320928798,6,1,5,2016-05-23,2020-09-21,5268
Janaki Krishnamoorthy,1483.5408006686587,6,2,4,1991-07-20,1995-03-10,5269
Priscilla Groop,1483.5369104455838,2,0,2,1968-02-16,1969-02-14,5270
Wendy Driver,1483.5329352726076,2,0,2,1980-04-30,1981-04-29,5271
Fangzhou Liu,1483.5314924519066,29,11,18,2013-12-30,2024-10-28,5272
Sandra Roma,1483.4917514176227,3,0,3,2008-07-28,2012-07-16,5273
J Davies,1483.4764085366005,2,0,2,1972-02-22,1973-02-19,5274
Lucija Ciric Bagaric,1483.464217092785,4,1,3,2024-05-27,2025-08-04,5275
Anke Wiedenhorn,1483.4566811163215,2,0,2,1979-02-19,1980-03-10,5276
Eva Bes Ostariz,1483.4464181454946,42,14,28,1992-04-20,2002-08-05,5277
Olesya Pervushina,1483.435194784618,2,0,2,2016-09-19,2017-10-16,5278
Wendy Ouwendijk,1483.4271516507795,2,0,2,1987-03-09,1987-08-03,5279
Andrea Glass,1483.4247435996024,129,38,91,1992-05-11,2002-06-17,5280
Alejandra Obregon,1483.3994978149449,2,0,2,2003-03-03,2003-03-03,5281
Nana Urotadze,1483.396806238221,2,0,2,2002-04-25,2003-04-23,5282
Joselyn Margarita Treyes Albarracan,1483.393577929699,2,0,2,2012-04-17,2012-04-18,5283
Wei Juan Liu,1483.380054305833,2,0,2,2004-04-20,2004-04-21,5284
Eva Melicharova,1483.3742055769624,2,0,2,1995-02-20,1997-07-14,5285
Aleksandrina Naydenova,1483.3514502840237,2,0,2,2016-08-01,2017-06-05,5286
Mari Ann Klougart,1483.3506042082101,6,2,4,1973-05-01,1976-01-26,5287
Michelle Carey,1483.341306767784,2,0,2,1974-01-07,1975-01-06,5288
Francoise Forgerit,1483.2948516675572,4,1,3,1968-02-09,1968-04-22,5289
Maria Vanina Garcia Sokol,1483.2897311024356,4,1,3,2003-03-03,2005-02-14,5290
S Kingston,1483.2839142769176,2,0,2,1980-04-07,1980-06-09,5291
Jan Morton,1483.2828528969837,2,0,2,1974-12-02,1981-06-01,5292
Laura Pena,1483.2807875247036,3,0,3,1997-04-28,1997-05-19,5293
D Loleit,1483.2643992023714,4,1,3,1980-05-22,1980-08-14,5294
T Eaton,1483.250800554545,2,0,2,1973-05-14,1974-04-22,5295
Jennifer Fuchs,1483.2437673547447,9,3,6,1982-06-14,1989-01-16,5296
Maria Kondratieva,1483.2359159137757,6,2,4,2001-03-05,2008-06-09,5297
Isis Louise Van Den Broek,1483.2237675842555,2,0,2,2025-06-09,2025-08-04,5298
K C Leske,1483.2083599593739,4,1,3,1973-04-16,1973-06-11,5299
Jenny Trewby,1483.2076659738766,2,0,2,1968-08-19,1968-08-25,5300
Maria Sanchez,1483.1996316701498,11,3,8,2012-09-10,2015-06-08,5301
Capucine Rousseau,1483.196326291954,2,0,2,2004-09-27,2005-01-17,5302
Linda Lou Crosby,1483.1679967209443,2,0,2,1972-05-29,1972-06-05,5303
Wendy Baker,1483.166793746223,3,0,3,1968-06-04,1973-07-15,5304
Christi Potgieter,1483.1368626165743,4,1,3,2010-04-29,2010-05-01,5305
H Curtis,1483.126470076449,2,0,2,1981-02-27,1981-03-06,5306
Pilar Perez,1483.1245029146637,2,0,2,1990-09-24,1991-04-22,5307
Alexandra Stevenson,1483.1206466009032,215,86,129,1996-03-08,2011-06-06,5308
Susan Minford,1483.1099565742993,110,48,62,1969-07-07,1974-06-10,5309
A Smith,1483.107672026828,2,0,2,1980-01-01,1981-05-18,5310
Mariana Muci Torres,1483.0932646740328,4,1,3,2004-04-20,2008-04-25,5311
Ana Sofia Cordero,1483.0859161583085,6,2,4,2011-05-16,2016-02-03,5312
Jackie Gondring,1483.078028424964,2,0,2,1968-09-24,1969-03-03,5313
Christine Body,1483.071897898518,2,0,2,1968-07-15,1969-07-14,5314
Diana Majkic,1483.0411230483367,4,1,3,1999-04-21,2000-05-18,5315
Janine Murdoch,1483.036907859184,3,0,3,1968-01-19,1972-02-08,5316
Katharina Gerlach,1483.0357504742292,3,0,3,2016-05-16,2021-07-19,5317
Jean Fyfe,1483.0249926811127,13,5,8,1968-04-08,1970-05-25,5318
Gillian Dove,1483.0226357924646,21,7,14,1968-04-01,1970-03-22,5319
Jessy Rompies,1483.0038478740505,8,3,5,2009-02-07,2016-04-16,5320
Sara Amiri,1482.9885211656458,6,2,4,2016-04-11,2017-07-20,5321
Claudia Salgues,1482.9780705302924,2,0,2,2001-04-26,2001-04-27,5322
Geraldine Dondit,1482.9754102346772,5,1,4,1994-05-16,1995-07-10,5323
Susie Smit,1482.9561888771896,2,0,2,1969-04-01,1971-04-05,5324
B Simpson,1482.9229451631372,2,0,2,1968-07-15,1969-07-14,5325
Jil Lin Leong,1482.922562687758,16,7,9,1995-03-08,1999-02-26,5326
Anabelle Espinosa Rodriguez,1482.9156685459493,23,11,12,1997-05-12,2009-04-25,5327
Tamaka Takagi,1482.912272674163,34,12,22,1989-01-16,1993-02-09,5328
Ji Hee Choi,1482.9051292094691,4,1,3,2015-02-07,2019-09-16,5329
Nike Dobrovits,1482.9013572186134,2,0,2,1990-09-10,1992-07-06,5330
Ruien Zhang,1482.8991174979606,2,0,2,2025-06-16,2025-09-24,5331
Yu Min Fan Chiang,1482.8889392023516,4,1,3,1994-11-14,1995-04-20,5332
Agnes Botha,1482.8831571604971,3,0,3,1968-04-01,1970-03-22,5333
Katarina Misic,1482.8810359933725,14,6,8,1995-05-08,2003-04-26,5334
Alenka Pipan,1482.8541584594195,6,2,4,1968-03-11,1970-07-06,5335
Zdenka Strnadova,1482.8373715388193,5,1,4,1969-02-24,1980-08-28,5336
B Ferran,1482.8363730519634,2,0,2,1977-07-04,1980-07-07,5337
Alexia Gera,1482.825119572609,6,2,4,1986-07-20,1989-10-01,5338
Jeanne Blackmon,1482.8248183005135,4,1,3,1970-01-21,1972-07-03,5339
Miki Yokobori,1482.8086921405065,4,0,4,1973-12-10,1994-02-14,5340
Cindy Ursich,1482.8069891164716,4,1,3,1970-10-29,1979-06-05,5341
Matilde Jorge,1482.7860540040267,2,0,2,2023-04-14,2025-06-23,5342
Virginie Paquet,1482.775750944152,10,3,7,1986-05-26,1991-09-16,5343
Georgia Pedone,1482.7746620537214,6,2,4,2024-05-06,2025-09-15,5344
Robin Khan,1482.7734657793924,4,1,3,1977-05-23,1977-06-27,5345
Yumiko Kitamura,1482.7729779622903,25,12,13,1996-09-28,2002-03-04,5346
Lone Vandborg,1482.7724678369145,7,2,5,1985-09-23,1987-07-26,5347
Lena Rueffer,1482.7569459695414,3,0,3,2017-05-22,2023-06-26,5348
Emily Appleton,1482.755245820904,2,0,2,2023-06-12,2024-06-10,5349
Linda Woods,1482.7550960530791,3,0,3,1970-07-13,1974-07-15,5350
Lippert,1482.7521908836807,2,0,2,1980-07-07,1981-12-09,5351
Marcia Weinacker,1482.7439198753978,2,0,2,1968-09-02,1970-09-07,5352
Ann Beames,1482.7343740952058,2,0,2,1969-07-07,1970-07-06,5353
Malak El Allami,1482.7232167793034,2,0,2,2023-05-22,2024-05-20,5354
Jennifer Callen,1482.7230223536264,6,2,4,1997-04-12,1997-04-12,5355
Nancy Ornstein,1482.7210283198601,134,44,90,1968-01-29,1981-08-11,5356
Gisela Riera Roura,1482.708296560939,12,4,8,1999-02-15,2000-05-22,5357
Mariella Calderon,1482.7059529125688,6,2,4,2011-05-18,2016-02-06,5358
Jia Qi Kang,1482.6977493336494,2,0,2,2017-04-17,2017-07-24,5359
Avel Romaly Coronado,1482.657055816388,6,2,4,2003-04-24,2005-04-23,5360
Cynthia Macgregor,1482.656887942478,16,6,10,1985-09-09,1988-02-29,5361
Momoko Kobori,1482.650084057117,2,0,2,2018-07-23,2025-10-27,5362
Mrs Davies Doxson,1482.628190404628,4,1,3,1982-02-04,1982-02-15,5363
Engelmann,1482.5971966316895,2,0,2,1968-07-31,1969-02-27,5364
Guillermina Grant,1482.5909121579039,6,2,4,2017-07-19,2019-04-19,5365
Lorrayne Gracie,1482.5907072776436,15,6,9,1981-02-27,1986-06-30,5366
Isabel Donaldson,1482.5771960518298,4,1,3,2016-02-01,2016-02-05,5367
Mariana Isabel Higuita Barraza,1482.5771951688885,2,0,2,2024-04-01,2025-03-31,5368
Marion Boundy,1482.5284641406524,8,3,5,1968-11-04,1969-06-23,5369
Giulia Collodel,1482.5208706539092,10,4,6,1980-05-07,1982-07-26,5370
Kerry Neill,1482.5201005395782,4,1,3,1974-12-21,1976-11-29,5371
J Michaux,1482.5105392114347,2,0,2,1972-02-22,1973-02-19,5372
Fernanda Brito,1482.4924883317221,9,3,6,2013-02-06,2019-02-08,5373
Vanessa Masalles,1482.4823375285885,4,1,3,2003-04-23,2003-04-27,5374
Jennifer Ligator,1482.4818307208634,2,0,2,1994-04-11,1994-04-16,5375
Mara Guth,1482.4678471930351,2,0,2,2021-06-21,2025-08-04,5376
Iwalani Mccalla,1482.4591763795092,4,1,3,1991-07-18,1995-11-13,5377
Nikola Hubnerova,1482.459082655493,4,1,3,1998-03-02,1998-03-02,5378
Judy Hanrahan,1482.4504900665129,6,2,4,1974-12-30,1977-06-26,5379
Judith Gohl,1482.4400317559225,6,1,5,1968-11-23,1972-01-19,5380
Zulema Zelaya,1482.4346505380502,6,2,4,2007-04-18,2008-04-26,5381
Elizabeth Locke,1482.410834294709,13,5,8,1978-04-17,1982-04-26,5382
Aliona Bolsova,1482.4065441879554,37,13,24,2019-04-01,2025-05-19,5383
Stephanie Bernadel,1482.4034644406688,2,0,2,1999-02-23,1999-02-25,5384
Karin Stampfli,1482.4013843679545,46,20,26,1979-07-09,1986-07-07,5385
Angie Marik,1482.3938510939402,6,2,4,1996-03-03,1996-03-03,5386
Peggy Kincaid,1482.3938298138244,10,3,7,1978-04-24,1981-04-29,5387
Yoko Kobayashi,1482.3869702475563,2,0,2,1980-10-20,1980-11-12,5388
Mari Ann Aklougart,1482.3704160063191,2,0,2,1972-01-29,1972-03-27,5389
Patricia Brailsford,1482.3687677016192,4,1,3,1977-05-23,1983-06-27,5390
Gergana Topalova,1482.3543825329023,7,2,5,2023-01-02,2024-07-22,5391
Kaja Kond,1482.330358643193,4,1,3,1992-04-13,1993-05-12,5392
Camila Quesada,1482.3204530356413,10,4,6,2010-04-19,2016-02-06,5393
Jean Wilson,1482.3193121372904,2,0,2,1968-04-01,1968-06-04,5394
Binnie Blackburn,1482.2959816667822,2,0,2,1972-10-31,1974-05-06,5395
June Greenfield,1482.2791997556303,2,0,2,1972-04-02,1973-07-31,5396
Fernanda Puga,1482.2791062643278,2,0,2,1981-03-23,1981-04-13,5397
Gretchen Galt,1482.2722535283883,8,3,5,1974-08-19,1978-06-05,5398
Amanda Jones,1482.2611186360346,6,2,4,1981-02-27,1982-04-26,5399
Margareta Bonstrom,1482.2601042802114,2,0,2,1968-07-08,1972-07-09,5400
Helen Rush,1482.2508245625804,6,1,5,1968-12-07,1969-12-03,5401
Suhana Sofia Mohd Adam Das,1482.2498008074665,4,1,3,2018-02-06,2018-02-09,5402
Michelle Arnott,1482.2362511312344,2,0,2,1973-04-16,1973-05-14,5403
Meiling Wang,1482.2347585213975,2,0,2,2019-09-09,2024-09-25,5404
Antonia Lottner,1482.2323827424964,39,12,27,2014-05-19,2020-03-02,5405
Lenka Nemeckova,1482.2222453900292,73,27,46,1995-05-08,2005-02-07,5406
G Sayers,1482.2183515300155,2,0,2,1981-01-12,1981-01-12,5407
Asa Spangs,1482.2017969937083,2,0,2,1982-05-17,1982-07-19,5408
Ruan Smith,1482.1924437594653,2,0,2,1970-01-26,1970-07-06,5409
Lenka Jurikova,1482.190986159905,3,0,3,2009-07-06,2011-07-04,5410
Akgul Amanmuradova,1482.1812209287218,205,85,120,2001-04-12,2020-03-05,5411
E Smith,1482.166149917222,2,0,2,1980-04-07,1981-01-12,5412
Nikoleta Bulatovic,1482.1624260958904,2,0,2,2014-04-17,2014-04-18,5413
D Boothman,1482.1542876218284,2,0,2,1979-07-09,1980-07-07,5414
Eve Ellis,1482.150895408598,2,0,2,1980-07-14,1982-06-01,5415
Sheila Belinsky,1482.1417163443696,5,1,4,1980-07-07,1982-07-26,5416
Jin Hee Kim,1482.137698180584,13,5,8,1999-09-06,2005-04-23,5417
Anett Schutting,1482.1307185926564,4,1,3,2007-04-18,2008-02-01,5418
Aslina Chua,1482.115590581243,12,5,7,2013-02-04,2017-07-22,5419
Donna Fields Gibbs,1482.0947350211816,4,1,3,1996-05-10,1998-05-02,5420
Weichsberger,1482.0925603660057,2,0,2,1973-05-07,1976-07-05,5421
Sandra Martinovic,1482.0925010694066,21,9,12,1999-04-26,2010-02-06,5422
Jana Pikorova,1482.0860572294832,2,0,2,1972-06-26,1973-07-23,5423
Evelyn Armstrong,1482.0789015011749,2,0,2,1969-10-14,1977-05-23,5424
Violet Apisah,1482.0765512534715,2,0,2,2019-02-06,2019-02-07,5425
Tania Melirelles,1482.0730845237836,6,2,4,1982-03-15,1982-04-05,5426
Ulrike Priller,1482.0634233734222,5,1,4,1990-01-01,1990-12-31,5427
Liane Marquez,1482.0616663814328,2,0,2,1976-12-06,1976-12-13,5428
Leyla Esther Cabrera,1482.0606275937228,2,0,2,2007-04-18,2007-04-19,5429
Xenia Knoll,1482.0583457770967,2,0,2,2013-07-08,2017-06-05,5430
F M Imhoff,1482.0549989174806,2,0,2,1972-07-10,1972-07-17,5431
Minna Rautajoki,1482.0536027972003,2,0,2,1999-04-19,1999-04-21,5432
Kelly Duns,1482.0519130077937,6,2,4,1997-04-12,1997-05-10,5433
Pamela Adom Mendez,1482.0303056789194,2,0,2,2007-04-19,2007-04-20,5434
Ursula Knubel,1482.0293870073056,2,0,2,1976-01-05,1978-01-31,5435
Tatiana Babina,1482.0206822261134,17,7,10,1995-04-18,1999-02-26,5436
Flora Zacharias,1482.0123687804873,2,0,2,1980-03-31,1981-03-23,5437
Lupita Novelo,1482.0112805355966,15,5,10,1991-04-15,1993-08-01,5438
Leslie Walker,1482.006119776203,2,0,2,1972-12-04,1972-12-26,5439
Cristina Torrens Valero,1481.9765767642402,269,117,152,1993-07-26,2004-01-19,5440
Destanee Aiava,1481.9690616151906,22,5,17,2017-01-02,2025-08-25,5441
Syna Schreiber,1481.9665215800858,4,0,4,1993-09-27,2001-05-07,5442
Jacqueline Berson,1481.9331218974528,4,1,3,1968-04-22,1970-11-30,5443
Bunny Miller,1481.931188946799,2,0,2,1981-06-01,1981-07-13,5444
S Campbell,1481.930305787159,2,0,2,1981-05-18,1982-07-26,5445
Yan Ze Xie,1481.9292219158715,2,0,2,2002-09-09,2005-09-26,5446
Claudine Toleafoa,1481.9242009138602,75,28,47,1987-01-25,1996-02-23,5447
E Siemons,1481.9159778305523,2,0,2,1972-03-20,1972-07-25,5448
Lotta Stenberg,1481.910485461202,9,2,7,1975-07-07,1979-12-08,5449
Yuen Yuen Ling,1481.904647784246,2,0,2,1971-05-31,1980-11-03,5450
S Boyer,1481.8860325237104,4,1,3,1980-01-01,1980-02-03,5451
Katy Dunne,1481.867195235606,3,0,3,2014-06-09,2018-07-02,5452
Susana Zenea,1481.8634399109237,2,0,2,1968-04-08,1971-01-04,5453
Ting Fei Juan,1481.862382056768,4,1,3,2011-01-31,2014-02-07,5454
Joan Eickson,1481.8482162291762,3,0,3,1969-04-21,1969-05-12,5455
Hilda Melander,1481.8472843226489,2,0,2,2011-07-04,2012-02-03,5456
Ainhoa Goni Blanco,1481.8467206893094,7,2,5,1999-10-04,2002-07-08,5457
Jennifer Santrock,1481.8391180342237,66,20,46,1987-03-16,1993-08-01,5458
Maria Fernanda Herazo Gonzalez,1481.8135125913802,19,7,12,2014-04-07,2023-11-10,5459
Ingrid Poschmann,1481.8033900101518,2,0,2,1968-06-16,1968-07-14,5460
Lyudmila Torporkova,1481.7875232860677,2,0,2,1972-02-20,1973-01-08,5461
Gail Williams,1481.7861429929944,6,1,5,1972-12-05,1974-12-21,5462
Viviana Valdovinos,1481.7854017890609,2,0,2,1996-04-24,1996-04-25,5463
Rabus,1481.7849902363157,2,0,2,1976-07-05,1980-07-19,5464
Si Nga Lee,1481.7838581493445,2,0,2,2003-04-22,2003-04-25,5465
Chia Hsien Yang,1481.7651874456035,4,1,3,2014-02-05,2014-02-08,5466
Karin Peshawaria,1481.758248010633,2,0,2,1969-01-13,1969-01-20,5467
Simona Iulia Matei,1481.7540188197215,8,3,5,2004-04-26,2005-04-30,5468
Carol Christian,1481.7516195822564,31,13,18,1983-11-07,1989-07-24,5469
Ludmilla Varmuza,1481.7455597105156,10,3,7,1994-11-07,1997-01-28,5470
Francoise Repoux,1481.7274157757863,3,0,3,1968-06-10,1971-05-24,5471
Zsofia Susanyi,1481.7224762987398,2,0,2,2009-02-07,2010-02-06,5472
Zhibek Kulambayeva,1481.7224277038097,3,0,3,2021-09-27,2023-01-02,5473
Patricia Reyes,1481.7044980641301,2,0,2,1968-10-03,1971-01-04,5474
Mariona Gallifa Puig Desens,1481.69583894219,4,1,3,2001-03-05,2002-06-10,5475
Alina Yuneva,1481.6805549742812,2,0,2,2025-09-15,2025-09-22,5476
Stephanie Hazlett,1481.680484181378,8,3,5,1997-04-12,1997-05-10,5477
M Cobb,1481.6781200901587,2,0,2,1981-05-18,1981-05-25,5478
Chantal Coombs,1481.6632783042442,2,0,2,2003-03-03,2003-03-03,5479
Ginny Mahoney,1481.642279719409,2,0,2,1974-02-11,1974-08-18,5480
Denise Atzinger,1481.6348962757609,2,0,2,2008-04-22,2008-04-23,5481
Safa Safar,1481.6194835115025,2,0,2,2018-02-06,2018-02-07,5482
Miyako Ataka,1481.604362551013,6,2,4,1996-09-28,1996-09-28,5483
Sofya Zhuk,1481.597448286392,9,2,7,2016-03-21,2019-05-27,5484
Alina Balbiers,1481.5832834024557,4,1,3,1969-03-31,1971-01-04,5485
Denise Bradshaw,1481.5810035193247,2,0,2,1969-07-09,1970-01-26,5486
Tamar Levin,1481.5771293392243,6,2,4,1980-04-14,1980-07-14,5487
Mary Stoiana,1481.5701345170364,2,0,2,2026-02-23,2026-03-30,5488
Sayyara Mammadova,1481.5614930934496,2,0,2,2007-04-24,2007-04-26,5489
Ghazal Pakbaten,1481.5260854120347,4,1,3,2014-02-07,2017-07-21,5490
F Guidini,1481.5253278114478,2,0,2,1980-07-22,1980-08-28,5491
Jacqueline Le Boubennec,1481.5179056183063,2,0,2,1972-04-25,1974-05-28,5492
Vladica Babic,1481.5140407579709,6,2,4,2012-04-18,2013-04-19,5493
Ominahon Valihanova,1481.510970303292,2,0,2,2023-04-14,2023-04-15,5494
C Ainscough,1481.5010382970636,2,0,2,1980-01-07,1981-01-12,5495
Naomi Cavaday,1481.4805945922917,14,4,10,2006-06-26,2009-06-08,5496
Mabel Vrancovich,1481.4791247474652,54,23,31,1968-03-11,1973-11-18,5497
Evgeniya Rodina,1481.4610683772737,192,74,118,2005-10-03,2023-07-24,5498
J D Griffiths,1481.4583171536892,5,1,4,1973-04-16,1975-05-19,5499
Marilda Julia,1481.428478754241,2,0,2,1986-11-11,1987-10-12,5500
Dayna Grazette,1481.4153963456556,4,1,3,2009-04-22,2010-04-23,5501
Sydney Clarke,1481.401770313061,4,1,3,2017-07-19,2017-07-22,5502
Ande Tulp,1481.3998445729699,2,0,2,1993-05-11,1993-05-13,5503
Linda Beate Andersen,1481.3965814214039,2,0,2,1994-04-18,1994-04-19,5504
Michelle Faucher,1481.3705858110193,2,0,2,2001-03-05,2001-03-05,5505
Saida Berthe,1481.363401780907,2,0,2,1982-07-19,1982-07-19,5506
Penny Sparling,1481.3605545318437,2,0,2,1968-07-22,1969-08-03,5507
Lina Qostal,1481.3427396914885,2,0,2,2013-04-22,2017-05-01,5508
Jennifer Rothschild,1481.324315102493,4,1,3,1981-06-01,1982-04-26,5509
Marta Simic,1481.3197275087966,2,0,2,2002-01-28,2002-01-28,5510
Michelle Likibi,1481.3087652570111,2,0,2,1992-04-13,1992-04-14,5511
Sinead Lohan,1481.3057717350162,10,4,6,2011-05-06,2023-04-14,5512
Lucia Bruce,1481.299665043676,2,0,2,1972-03-23,1978-11-27,5513
Daniela Kix,1481.2770289837404,4,0,4,2002-06-10,2006-02-13,5514
Sharon Guthrie,1481.2703595666792,2,0,2,1969-04-21,1969-05-05,5515
Robin Schneider,1481.2665409290792,5,1,4,1980-07-14,1980-08-13,5516
Nekane De Ortiz,1481.244085626811,2,0,2,1968-03-04,1968-03-17,5517
S Langridge,1481.2409490515677,2,0,2,1973-02-19,1980-02-04,5518
B Ispaard,1481.232703061986,2,0,2,1968-03-25,1968-04-01,5519
Astrid Etter,1481.2326622832038,4,1,3,1980-07-22,1981-07-13,5520
Frances Keegan,1481.2245548054625,2,0,2,1970-07-06,1972-07-10,5521
Barbara Newnes,1481.2163265748936,2,0,2,1969-07-14,1970-07-13,5522
C Teshima,1481.2035563343293,2,0,2,1978-10-23,1979-10-22,5523
Eden Silva,1481.1953506743762,2,0,2,2021-06-07,2022-06-06,5524
Judy Braisted,1481.176468251684,2,0,2,1980-05-11,1980-05-26,5525
Danielle Jones,1481.156925482236,17,6,11,1990-04-23,1996-03-03,5526
Astrid Tixier,1481.1552838641528,8,3,5,2007-04-23,2008-04-26,5527
Amarni Banks,1481.1382999208552,2,0,2,2025-02-24,2025-08-04,5528
W Moore,1481.135183602301,2,0,2,1969-11-17,1974-11-18,5529
Kokoro Takehara,1481.1346700855104,2,0,2,2003-03-03,2003-03-03,5530
Anya King,1481.1219817376864,2,0,2,2019-04-19,2019-04-20,5531
Silvia Hegedis,1481.1215428913636,6,2,4,2002-01-28,2002-01-28,5532
T Greenwood,1481.1152641509805,2,0,2,1981-02-27,1981-03-06,5533
Genevieve Etienne,1481.1085764710058,2,0,2,1999-02-24,1999-02-25,5534
Yveline Boy,1481.1016242038784,4,1,3,1968-01-08,1968-02-12,5535
A Jago,1481.1010422739284,2,0,2,1972-05-15,1973-05-14,5536
N Spence,1481.093464297695,3,0,3,1972-07-10,1974-07-08,5537
Maryam Al Balushi,1481.0909723824177,2,0,2,2018-02-07,2018-02-09,5538
Therese Arildsen,1481.0815852337255,4,1,3,1983-07-17,1984-07-15,5539
Susan Huang,1481.0805226954085,2,0,2,1997-09-08,1998-03-02,5540
Laura Correia,1481.0797093481103,2,0,2,2013-02-08,2020-02-06,5541
Janet Wheeler,1481.0649431998472,7,1,6,1970-10-20,1976-04-26,5542
Kelly Holland,1481.063099700388,4,1,3,1997-05-16,1998-05-01,5543
Margaret Ocarroll,1481.042605343531,2,0,2,1968-12-30,1969-02-03,5544
Rosemary Spillane,1481.0421613213696,2,0,2,1974-04-22,1975-05-26,5545
Cecilia Fernandez Parker,1481.0381127123062,41,17,24,1978-05-14,1987-04-13,5546
Susan Battersby,1481.0336558180934,7,2,5,1974-03-18,1974-11-18,5547
Ntswaki Mawela,1481.030100057849,2,0,2,1999-04-28,2000-03-29,5548
Lisa Camenzuli,1481.0105692725322,37,16,21,1994-04-21,2005-04-27,5549
Chloe Weekes,1481.0063653874442,2,0,2,2019-04-18,2019-04-20,5550
Sandra Kleinova,1481.0052373847636,179,59,120,1995-05-08,2005-08-08,5551
Sharon Van Brandis,1481.0039683399682,8,1,7,1968-01-01,1971-06-07,5552
Luciana Della Casa,1481.0010083269437,2,0,2,1988-11-07,1990-11-26,5553
Christina Mchale,1480.9888928806226,386,171,215,2009-01-19,2022-06-27,5554
Natalie Adsuar,1480.9714179557361,2,0,2,1993-04-20,1993-04-22,5555
Celeste Contin,1480.9477727472774,4,1,3,1998-07-25,2003-03-03,5556
Tina Schiechtl,1480.9357929332657,3,0,3,2003-11-03,2009-07-20,5557
Debbie Freeman,1480.926102377178,51,21,30,1978-11-21,1983-07-03,5558
Maria Marta Gallinal,1480.92420044933,2,0,2,1984-07-15,1984-07-15,5559
Lucrezia Stefanini,1480.9085281353832,45,16,29,2021-01-06,2026-05-05,5560
Louise Tuff,1480.8910734846925,2,0,2,1977-06-13,1983-07-17,5561
Luisa Uscocovich,1480.8795041206442,2,0,2,2017-07-20,2017-07-22,5562
Arezou Youlghouni,1480.8690697976742,2,0,2,2013-02-04,2013-02-08,5563
Nancy Hopkins,1480.8636096444088,2,0,2,1968-02-16,1969-02-14,5564
Davilyn Godinet,1480.85115740299,14,6,8,1999-02-26,2002-03-08,5565
Rachel Mcquillan,1480.8465672308078,382,169,213,1987-12-28,2003-01-13,5566
Justina Mikulskyte,1480.8385881409843,15,6,9,2012-04-20,2025-02-24,5567
Marie Weckerle,1480.8381873160065,4,1,3,2022-04-12,2022-04-15,5568
Vivian Yang,1480.8305131063319,4,1,3,2022-04-12,2024-12-30,5569
Marina Kojanova,1480.8299519112034,2,0,2,2007-04-25,2007-04-26,5570
Ana Lilyan Guzman,1480.8249210642953,8,3,5,2007-04-16,2009-04-25,5571
Maria Cavadini,1480.824136010661,2,0,2,1969-11-11,1971-04-26,5572
Giulia Meruzzi,1480.823746198854,4,1,3,2001-03-05,2001-03-05,5573
Julie Huang,1480.8205650223504,4,1,3,1995-04-18,1997-03-15,5574
Martha Irby,1480.8204554154552,2,0,2,1968-07-08,1969-07-21,5575
Briggitt Marcovich,1480.8080549890296,2,0,2,2005-04-21,2005-04-23,5576
Lamia Alami,1480.7877860064696,2,0,2,1995-05-09,1995-05-10,5577
Carolina Torres,1480.7863599946372,2,0,2,1992-04-22,1992-04-24,5578
Ada Bakker,1480.784256438371,55,19,36,1968-01-08,1972-07-25,5579
Indre Kastanauskaite,1480.7833338304008,4,1,3,1997-05-05,1997-05-09,5580
Patricia Went,1480.7664027560168,2,0,2,1969-07-28,1969-08-11,5581
Tatjana Vorobjova,1480.7514121234528,2,0,2,2012-02-02,2013-04-19,5582
Sarah Makki,1480.7369762448684,2,0,2,2006-04-20,2006-04-21,5583
Marcela Viviana Cataldi,1480.7187582948304,2,0,2,1974-11-18,1978-10-09,5584
C Jauss,1480.7162260035948,7,2,5,1968-02-26,1970-01-19,5585
M Earl,1480.7112381821803,2,0,2,1980-01-07,1980-11-17,5586
Sheenagh Cosgrove,1480.703083037475,4,1,3,2000-05-09,2000-05-13,5587
Emily Fisher,1480.692035497075,5,1,4,1968-07-01,1969-03-31,5588
Anneli Bjork,1480.682555363809,4,1,3,1982-07-19,1985-09-23,5589
Gladys Barboza,1480.682465274138,2,0,2,1969-11-11,1971-04-26,5590
Anya Moyston,1480.6698124149382,2,0,2,2000-05-09,2000-05-11,5591
Tracie Blumentritt,1480.6605411133705,2,0,2,1975-01-20,1983-07-18,5592
Margaret Van Rensburg,1480.6604594294554,2,0,2,1969-04-01,1970-03-22,5593
Carolin Bastin,1480.6496751770426,18,7,11,1972-05-01,1978-05-29,5594
Pamela Bailey,1480.6376380564059,27,12,15,1977-01-03,1981-07-27,5595
Susan Doldan,1480.6347589361876,2,0,2,2022-04-13,2022-04-15,5596
Vivien Silfany Tony,1480.6287457514518,2,0,2,2006-09-11,2008-02-02,5597
Monique Kiene,1480.6274445529477,12,4,8,1992-07-20,1993-07-13,5598
Charlotte Robillard Millette,1480.6235107741084,2,0,2,2017-02-09,2017-09-11,5599
Si Ying Julienne Keong,1480.6160914964564,2,0,2,2010-02-03,2010-02-04,5600
Marilyn Abdell,1480.6140451022106,2,0,2,1972-05-06,1973-09-17,5601
Mara Cohen Mintz,1480.6123172179457,6,2,4,1972-03-20,1972-09-25,5602
Karmelina Rivera,1480.6081652367163,2,0,2,2002-04-23,2002-04-25,5603
Jasmin Woehr,1480.6016006566606,2,0,2,1998-05-11,2009-05-18,5604
Terri Thomas,1480.6002711203748,2,0,2,1968-04-25,1970-11-09,5605
Malak Jasim Fardan,1480.595298888347,2,0,2,2016-04-12,2016-04-14,5606
Vonjiniana Rasamuel,1480.5750622162043,2,0,2,2000-03-29,2000-03-31,5607
Sheila Washbourne,1480.5747738837044,2,0,2,1968-01-08,1968-01-19,5608
Maria Lota Kaul,1480.574728754555,2,0,2,2017-02-10,2017-02-11,5609
Aniela Mojzis,1480.5739645263072,6,2,4,1999-02-27,2000-03-04,5610
Mika Kanaya,1480.569322484803,4,1,3,1996-09-28,1997-09-08,5611
Mary Arnold,1480.56721209952,2,0,2,1968-04-25,1968-05-06,5612
Divya Merchant,1480.566472793819,2,0,2,1991-07-19,1991-07-20,5613
Milena Leiva,1480.5578289254286,2,0,2,1997-05-18,2000-05-09,5614
Maria Jose Argeri,1480.5534039828601,5,1,4,2003-03-03,2006-04-22,5615
Alexia Llysel Marquez,1480.5524544286534,2,0,2,2001-05-17,2001-05-19,5616
Kazue Takuma,1480.550956271469,3,0,3,1995-09-12,1996-04-15,5617
Ana Maria Ycasa,1480.5433406421887,2,0,2,1970-10-27,1970-10-29,5618
Alice Trombley,1480.5365206803351,2,0,2,1975-01-13,1975-01-20,5619
Dorien Falkenburg,1480.5147531167436,2,0,2,1971-07-26,1972-03-14,5620
Lotte Solbeck,1480.5096567245525,2,0,2,1972-01-29,1972-03-27,5621
Myriam Schropp,1480.4852380542773,93,37,56,1981-08-03,1987-01-12,5622
Saori Honda,1480.4679389065109,16,7,9,1997-09-08,1998-09-07,5623
Anett Kaasik,1480.4536777338726,2,0,2,2005-04-22,2007-04-19,5624
Eva Zilakova,1480.4484668642187,2,0,2,1970-03-09,1970-03-16,5625
Kelly Blanch,1480.4342049946788,2,0,2,2003-03-03,2003-03-03,5626
Ingrid Sadlon,1480.428792211143,4,1,3,1972-04-10,1973-07-30,5627
Silvia Campius Pinas,1480.415562349046,2,0,2,1978-03-29,1978-10-09,5628
Mei Chu Hsu,1480.4057523673216,4,1,3,1983-07-17,1984-08-06,5629
Debby Haak,1480.40220886247,4,1,3,2001-03-05,2001-03-05,5630
Clare Douglas,1480.4018921200686,3,0,3,1975-05-05,1975-05-26,5631
Martina Caregaro,1480.397894944709,2,0,2,2010-07-12,2021-10-25,5632
Mesenbete Shenkutee,1480.3938992786577,2,0,2,1996-03-27,1996-03-28,5633
Kim Coventry,1480.378394929259,2,0,2,2002-03-04,2002-03-04,5634
Cigdem Duru,1480.3776500200233,4,1,3,2004-04-26,2004-05-01,5635
Erszebet Solyom,1480.35353509039,4,1,3,1968-07-25,1970-07-20,5636
Helen Taylor,1480.350010232517,2,0,2,1971-03-07,1972-01-04,5637
Joan Walker,1480.349481947356,4,1,3,1972-01-19,1974-01-01,5638
Federica Di Sarra,1480.3362870457127,2,0,2,2021-07-19,2024-05-06,5639
Valerie Forbes,1480.3319968238316,2,0,2,1968-06-17,1969-04-01,5640
Lupe Suarez,1480.331849517188,2,0,2,1968-03-17,1968-04-08,5641
Jacqueline Kubsch,1480.3311754784863,2,0,2,1980-05-22,1980-07-24,5642
Katarzyna Piter,1480.3256728251417,35,12,23,2007-04-30,2021-06-21,5643
Kathy Hofer,1480.3217734160005,2,0,2,1985-07-21,1986-07-21,5644
Begonia Erana,1480.3210637660513,8,3,5,1978-10-09,1980-07-28,5645
L Dunn,1480.3181799281267,2,0,2,1968-04-01,1969-04-01,5646
Kimiya Asbaghipour,1480.3082022141823,2,0,2,2018-02-06,2018-02-08,5647
Nicoletta Pericleous,1480.2984923504164,2,0,2,1995-05-08,1995-05-12,5648
Kay Williams,1480.293378579115,3,0,3,1968-01-19,1972-12-26,5649
Jane Tishkoff,1480.2900917060113,2,0,2,1972-09-18,1973-09-17,5650
Sevvy Gallios,1480.2898037529922,2,0,2,2002-03-04,2002-03-04,5651
Alison Mckenzie,1480.28774368332,2,0,2,1968-01-08,1968-01-19,5652
Ingrid Reynecke,1480.28774368332,2,0,2,1979-11-26,1981-11-25,5652
Janet Mohr,1480.28774368332,2,0,2,1968-09-16,1969-05-05,5652
Joanna Rossi,1480.28774368332,2,0,2,1999-04-26,1999-04-28,5652
Maria Jose Likibi,1480.28774368332,2,0,2,1992-04-13,1992-04-14,5652
Nancy Karaky,1480.28774368332,2,0,2,2018-02-06,2018-02-07,5652
Mary Turke,1480.2873135763302,2,0,2,1968-01-22,1971-01-18,5658
Isabella Tiscornia,1480.2867514326683,2,0,2,2018-06-20,2018-06-21,5659
Alicia Subirats,1480.2830136199457,2,0,2,1968-03-17,1969-03-31,5660
I Krauss,1480.2805973070222,4,1,3,1968-08-15,1970-04-06,5661
Lan Lan Tai,1480.277284144569,4,1,3,2000-04-25,2000-04-29,5662
Jennifer Cronin,1480.2758514796421,3,0,3,1968-07-08,1971-07-05,5663
Ana Biskic,1480.2683259260084,2,0,2,2017-06-05,2018-02-10,5664
Laurence Andretto,1480.2679663387269,15,4,11,1997-05-26,2002-05-27,5665
Rym Cherni,1480.2668183295648,2,0,2,2005-04-27,2005-04-29,5666
Rima Taki,1480.2655611142595,2,0,2,1994-05-03,1994-05-04,5667
Anne Happonen,1480.2637357253996,2,0,2,1985-10-06,1985-10-06,5668
Mary Hotchkiss,1480.2529296380403,2,0,2,1972-06-26,1972-08-01,5669
Cynthia Tudor,1480.252192783685,2,0,2,1968-07-14,1975-09-12,5670
Lara Picone,1480.251558193587,2,0,2,2003-03-03,2003-03-03,5671
Yamile Prajoux,1480.2402064673836,2,0,2,1968-11-11,1972-10-02,5672
Erika Hendsel,1480.2385208574135,2,0,2,2013-04-18,2013-04-20,5673
Mrs J Nicoll,1480.2325970092504,2,0,2,1975-04-14,1975-05-05,5674
Meryem Lahlou,1480.231604477062,2,0,2,2000-05-16,2000-05-19,5675
Hortencia Birnbaumer,1480.2229406786798,2,0,2,2017-02-09,2017-02-09,5676
H Mimachi,1480.2228480722972,2,0,2,1978-05-29,1978-07-17,5677
Denise Panagopoulou,1480.221806492068,7,2,5,1977-06-13,1983-07-17,5678
Aradhana Reddy,1480.2186672132395,4,1,3,1991-07-19,1992-05-07,5679
S Barfoot,1480.2181778242123,2,0,2,1981-04-13,1982-04-26,5680
Sabina Korsunova,1480.2159074608385,2,0,2,2013-02-04,2013-02-06,5681
Francesca Biagi,1480.21183697122,2,0,2,1980-07-28,1980-08-04,5682
Michelle Summerside,1480.2055112161536,2,0,2,2001-03-05,2003-03-03,5683
Wendy Pearson,1480.1930263531797,2,0,2,1976-11-29,1979-05-28,5684
Kett Sadi,1480.184099308631,2,0,2,2010-02-04,2010-02-05,5685
Olena Antypina,1480.1788991265942,9,3,6,2002-01-28,2006-04-22,5686
Amanda Augustus,1480.1781459191093,4,1,3,2002-03-04,2002-03-04,5687
Sue Templer,1480.165391410234,2,0,2,1968-11-04,1969-11-03,5688
Ecaterina Horsa,1480.1596315029874,4,1,3,1968-09-02,1970-04-20,5689
Heini Salonen,1480.1594691420212,4,1,3,2008-04-23,2008-04-26,5690
Aliaa Fakhry,1480.1571554015609,8,3,5,2004-04-30,2008-04-22,5691
Monica Munoz,1480.1528008165915,2,0,2,1986-07-20,1986-07-20,5692
Patty Van Acker,1480.1498062087796,2,0,2,1999-07-12,2000-05-13,5693
J Bland,1480.1493315453088,2,0,2,1979-05-28,1979-06-18,5694
Moira Whitely,1480.1360311941075,5,1,4,1972-12-05,1973-12-10,5695
Victoria Bakhtadze,1480.1297230089772,2,0,2,1995-04-18,1995-04-19,5696
P Wride,1480.1174874776004,2,0,2,1976-10-09,1976-11-29,5697
Jelena Kostanic Tosic,1480.1161963269728,288,124,164,1998-04-13,2010-08-30,5698
Jean Rickson,1480.1138717810927,2,0,2,1968-04-08,1969-06-02,5699
V Tauphillat,1480.1131194758304,2,0,2,1970-03-31,1970-04-06,5700
Sadia Berthe Hoffman,1480.109795429031,2,0,2,1982-07-19,1982-07-19,5701
F Fraser Thompson,1480.0941239738365,2,0,2,1975-04-14,1975-05-26,5702
Angela Walker,1480.0878358240507,20,7,13,1980-10-06,1983-08-15,5703
Wanjika Ngaruiya,1480.0844123377808,6,2,4,2004-04-27,2005-04-30,5704
Tracee Lee,1480.0727878630378,4,1,3,1997-04-12,1997-04-12,5705
Natalia Garcia,1480.0673647792207,2,0,2,1995-03-27,1995-03-29,5706
Lilia Osterloh,1480.0602171531245,221,83,138,1996-08-26,2010-10-11,5707
Elrien De Villiers,1480.0584775243494,10,4,6,2004-04-29,2006-04-29,5708
Jahnavi Parekh,1480.0583627307385,2,0,2,1997-03-11,1997-03-12,5709
Bee Kilgore,1480.0544628240546,4,1,3,1974-01-07,1974-04-22,5710
Jackie Monsour,1480.0464596879387,13,5,8,1980-01-01,1980-11-17,5711
Lubomira Kurhajcova,1480.0416818175725,78,31,47,2001-10-15,2005-10-31,5712
Janet Kemp,1480.0303479747686,2,0,2,1968-04-08,1969-04-21,5713
Yasmine Alkema,1480.0157669507703,2,0,2,2009-04-22,2009-04-23,5714
Dorothy Erdelyi,1480.011862003497,4,1,3,1980-01-14,1980-01-27,5715
Diane Brooks,1480.008030547103,4,1,3,1968-03-25,1970-04-27,5716
Moira Otoole,1480.000912910517,2,0,2,1978-05-14,1981-09-12,5717
Alena Panfilova,1480.0,2,0,2,2011-01-31,2011-01-31,5718
Pascale Etchemendy,1479.9998853579848,54,18,36,1985-05-27,1992-05-04,5719
Marsha Bladel,1479.9986852054246,12,4,8,1982-03-15,1983-05-30,5720
Katie Schlukebir,1479.9964336192438,2,0,2,1999-04-12,2000-11-04,5721
Patricia Rime,1479.9913251500002,4,1,3,1970-03-10,1974-05-28,5722
Myrzaiym Sherikulova,1479.991258775321,2,0,2,2017-07-20,2017-07-20,5723
J Baldwin,1479.9889262445868,2,0,2,1979-07-16,1981-03-06,5724
Sue Pritula,1479.988272363798,5,0,5,1972-03-21,1973-08-13,5725
C Ravinsky,1479.9846589096107,2,0,2,1970-03-22,1972-03-27,5726
Arina Beliaeva,1479.9822888413212,4,1,3,2013-02-05,2013-02-09,5727
E May,1479.9676059332191,2,0,2,1981-02-27,1981-03-06,5728
Karen Smith,1479.9658793521305,9,3,6,1981-11-16,1985-07-08,5729
Andrea Larson,1479.9654494806525,2,0,2,1974-02-25,1974-03-04,5730
Stephanie Pace,1479.9652187425363,4,1,3,2003-04-28,2005-04-30,5731
Beverly Vincent,1479.957655425775,6,2,4,1980-01-07,1980-01-27,5732
Jane Mott,1479.9541823804411,3,0,3,1971-11-08,1973-11-06,5733
Maria Clara Bernardez,1479.9469759065107,2,0,2,2010-04-22,2010-04-23,5734
Graca Cardoso,1479.9120763154287,2,0,2,1977-06-13,1977-06-13,5735
Lucia Batta,1479.9011872439446,2,0,2,2007-04-21,2007-04-23,5736
Klaudia Jans Ignacik,1479.8904658564973,2,0,2,2004-04-22,2004-08-09,5737
Diana Mills,1479.8510872122372,2,0,2,1994-04-18,1994-04-22,5738
Sahar Amini Hajibashi,1479.846435440249,4,1,3,2014-02-04,2014-02-07,5739
Meriem Zitouni,1479.8229846035626,2,0,2,2001-05-14,2001-05-14,5740
Carol Gordon,1479.8194406227624,3,0,3,1968-02-16,1970-02-25,5741
Penny Barg,1479.818357142798,56,20,36,1982-05-03,1990-04-09,5742
Laura Glitz,1479.817696280031,2,0,2,1993-07-26,1993-10-25,5743
Gotchen,1479.8148072580098,2,0,2,1970-07-06,1970-07-06,5744
Julie Pullin,1479.8018993174437,34,11,23,1993-10-19,2003-06-23,5745
Candela Novoa,1479.7990556019936,2,0,2,2001-03-05,2001-03-05,5746
Robyn Legge,1479.798014592484,63,23,40,1968-12-06,1980-02-03,5747
S Morton,1479.7945653068903,2,0,2,1978-05-01,1978-05-08,5748
Katie Swan,1479.7922631859656,29,9,20,2015-06-15,2026-04-10,5749
Christa Pickwick,1479.7909383709678,7,2,5,1980-01-14,1981-11-16,5750
Sue Goodwin,1479.7904104024035,2,0,2,1968-02-16,1969-02-14,5751
Elize Badenhorst,1479.7848017021681,4,1,3,1980-11-24,1982-06-01,5752
Ponamporn Samawanthana,1479.7838382821262,2,0,2,1981-11-09,1981-11-09,5753
Elizabeth Schmidt,1479.7820863451102,2,0,2,2001-03-05,2001-03-05,5754
Vivienne Cox,1479.7806752200152,2,0,2,1968-07-01,1969-08-03,5755
Gale Lipton,1479.77089111109,2,0,2,1969-05-05,1970-08-03,5756
Daniela Diez,1479.7686382629633,2,0,2,2014-04-09,2014-04-12,5757
Nati Santacana,1479.766859980026,2,0,2,1968-08-27,1972-03-27,5758
Christine Silaghi,1479.766054458425,2,0,2,1998-04-13,1998-04-13,5759
Leyla Fiorella Britez Risso,1479.764455429052,4,1,3,2022-04-13,2022-04-16,5760
Kim Sadi,1479.7547120563502,4,1,3,2008-02-02,2010-02-05,5761
Christine Njeuma,1479.7522645331546,4,1,3,1997-05-05,1997-05-09,5762
Lisa Nard,1479.7495756467315,2,0,2,1974-05-06,1974-08-19,5763
Wilawan Choptang,1479.747167997674,2,0,2,2001-03-05,2002-03-04,5764
Celine Simunyu,1479.7465369655927,4,1,3,2023-04-10,2023-04-14,5765
Susi Eichenberger,1479.7420146544048,8,2,6,1974-05-13,1976-08-22,5766
Shukufa Abdullayeva,1479.7306027068987,2,0,2,2007-04-25,2007-04-27,5767
Alba Rey Garcia,1479.7256669934206,2,0,2,2025-06-16,2025-06-23,5768
Peita Bolton,1479.7215183907183,2,0,2,1980-01-07,1980-01-14,5769
Lynelle En Tong Lim,1479.7206838217537,2,0,2,2017-07-20,2017-07-21,5770
Catherine Harrison,1479.7141498614424,6,1,5,2011-02-14,2022-08-29,5771
Tania Couto,1479.7125110464406,9,3,6,1990-07-16,1992-04-15,5772
Una Keyes,1479.706332146947,3,0,3,1969-02-14,1970-02-25,5773
Mandy Parsons,1479.70179884869,2,0,2,1980-06-16,1980-06-23,5774
Madona Najarian,1479.7007705324752,4,1,3,2009-02-05,2012-02-04,5775
Silke Meier,1479.6969046211532,222,81,141,1985-05-13,1997-07-14,5776
Karen Garman,1479.6931683447385,2,0,2,1979-07-16,1980-04-14,5777
Kerry Walker,1479.67985307982,29,11,18,1969-11-17,1975-06-09,5778
Sally Anne Mcdonald,1479.6772188301609,2,0,2,1984-07-15,1984-07-15,5779
Lisa Bublitz,1479.6718521602413,28,13,15,1981-04-27,1982-08-02,5780
Elizabeth Osborne,1479.6707342509674,4,1,3,1998-04-30,1998-05-03,5781
Beatrix Klein,1479.6697440618207,51,20,31,1973-06-11,1981-09-01,5782
Micki Schillig,1479.6691163968158,57,26,31,1981-07-07,1986-09-15,5783
M Gardini,1479.6659859583058,2,0,2,1978-05-01,1978-05-08,5784
Christine Power,1479.658954782498,4,1,3,1980-06-09,1981-07-27,5785
Gail Bates,1479.6588867108164,2,0,2,1980-01-07,1980-01-14,5786
Marianna Ansio,1479.6439591346057,2,0,2,1987-07-26,1987-07-26,5787
Alexandra Perper,1479.6342248356307,2,0,2,2010-04-23,2015-04-18,5788
Aliki Koutsouri,1479.6229987622298,2,0,2,1969-09-08,1972-03-27,5789
Susan Tenney,1479.6141759787765,6,2,4,1968-06-04,1970-05-04,5790
Michelle Kerubo Onyancha,1479.6032935148949,2,0,2,2012-04-17,2012-04-20,5791
Anushka Rajiyah,1479.5983651234162,4,1,3,1997-03-11,1997-03-14,5792
Carolyn Oakley,1479.5976162815816,2,0,2,1980-01-21,1980-02-03,5793
Y Gascoigne,1479.595642985484,2,0,2,1968-07-08,1969-07-14,5794
R Daub,1479.5903729370236,2,0,2,1975-12-15,1976-01-12,5795
Ana Fabia Holweg Bustillos,1479.5887311006736,2,0,2,2023-04-11,2023-04-15,5796
Rina Caniza,1479.586374853507,2,0,2,1984-07-15,1984-07-15,5797
Fadona Titalyana Kusumawati,1479.5700162551418,2,0,2,2022-04-13,2022-04-15,5798
Christelle Fauche,1479.5598458680133,32,11,21,1991-05-20,1993-07-22,5799
Tsedey Kifle,1479.55781180004,2,0,2,1997-05-06,1997-05-07,5800
Lenka Tvaroskova,1479.552774803492,2,0,2,2009-05-18,2010-07-19,5801
Merna Refaat,1479.548421105132,2,0,2,2023-04-10,2023-04-13,5802
Seyedeh Saadat,1479.5479099146828,2,0,2,2012-01-31,2012-02-03,5803
Monique Bedoret,1479.5414092941069,2,0,2,1968-08-05,1970-07-13,5804
Rachel Paul,1479.54035464593,4,1,3,1981-04-14,1982-04-08,5805
Joanna Nena Savva,1479.5392344848074,6,2,4,2012-04-16,2012-04-21,5806
Nune Khachatryan,1479.538795163825,2,0,2,2011-05-06,2012-04-21,5807
Claire Taylor,1479.5305400859777,9,2,7,1994-06-06,1997-06-23,5808
L Tracey,1479.5062829743927,2,0,2,1981-02-27,1981-03-06,5809
Tatiana Ignatieva,1479.5001966740085,55,18,37,1991-07-22,1996-04-23,5810
Aigerim Akzhol Kyzy,1479.4858458244605,2,0,2,2017-07-20,2017-07-20,5811
Kim Brandford,1479.4781453440955,2,0,2,1998-04-27,1998-05-01,5812
Vita Kaminskiate,1479.4741825445376,2,0,2,1993-05-13,1993-05-14,5813
Shaila Ali,1479.464113974202,4,1,3,1995-05-09,1999-04-28,5814
Yvonne Gallop,1479.4637907127042,2,0,2,1980-07-14,1980-07-28,5815
Eunice Rademeyer,1479.4577330478658,2,0,2,1967-12-25,1968-04-01,5816
Valentyna Ivakhnenko,1479.4523179439823,9,3,6,2012-07-09,2019-07-22,5817
Paola Doldan Gonzalez,1479.4483141782175,2,0,2,2005-04-21,2005-04-22,5818
Gabriela Andrea Knutson,1479.4347387431005,3,0,3,2023-07-31,2026-04-13,5819
Shadi Tabatabai,1479.4321328679866,2,0,2,2009-02-04,2009-02-06,5820
Carla Jimenez,1479.4316152357355,10,4,6,1994-04-11,1997-05-14,5821
Tess Sugnaux,1479.4298254366163,2,0,2,2019-07-15,2021-07-12,5822
Naoko Ishikawa,1479.4294102312074,2,0,2,1997-09-08,1998-09-07,5823
Diana Ospina,1479.4238342436,2,0,2,2003-02-17,2005-10-31,5824
Joanne Butler,1479.4171799488868,4,1,3,1980-11-17,1982-11-04,5825
Diae El Jardi,1479.411910856223,2,0,2,2018-04-30,2026-05-18,5826
Yu Yu Zhu,1479.4094714304515,2,0,2,1988-12-04,1988-12-04,5827
Cleopatra Lopez,1479.3988686608477,2,0,2,1974-05-13,1974-05-13,5828
Tereza Simonian,1479.39804134308,4,1,3,1998-05-05,1998-05-09,5829
V Braun,1479.3964154592547,2,0,2,1975-05-26,1975-06-02,5830
Linda Siegelman,1479.3932344739326,2,0,2,1977-02-14,1978-07-31,5831
Judy Harris,1479.3913981924914,11,3,8,1968-01-08,1981-03-06,5832
Grace Kim,1479.3853244907712,128,47,81,1982-06-14,1988-08-01,5833
Silvia Blume Bruns,1479.3811102371628,12,3,9,1972-06-05,1978-10-09,5834
Lisa Beritzhoff,1479.3753952325233,2,0,2,1978-05-22,1978-05-29,5835
Sue Turberville,1479.357638561088,2,0,2,1975-05-26,1978-07-17,5836
Ludewig,1479.355753082361,2,0,2,1980-07-19,1981-12-09,5837
Voralak Vichienchai,1479.3543323935337,2,0,2,1985-10-06,1985-10-06,5838
Maria Esther Cardenas,1479.3489474703858,4,0,4,1969-07-21,1969-08-16,5839
S Burton,1479.3112040353694,2,0,2,1979-05-28,1979-06-05,5840
Mrs J F Lawrence,1479.3086209695837,2,0,2,1969-04-21,1969-07-14,5841
A Slabbert,1479.3082429525246,4,1,3,1968-04-01,1972-03-27,5842
O Vorsina,1479.3060614181923,2,0,2,1970-08-17,1974-04-22,5843
Yoriko Yamagishi,1479.305813780956,2,0,2,1996-09-28,1998-09-07,5844
L Halim,1479.2967748353155,2,0,2,1969-11-17,1970-01-05,5845
Ashvarya Shrivastava,1479.2734306095967,2,0,2,2011-01-31,2011-01-31,5846
Sally Rogers,1479.2584464266154,2,0,2,1968-11-04,1973-07-09,5847
B Pearson,1479.2542610488965,6,2,4,1980-11-17,1981-05-25,5848
Nahia Berecoechea,1479.2535820263654,2,0,2,2025-06-16,2025-06-23,5849
Natasha Marcucci,1479.243446601581,6,2,4,1986-12-08,1988-11-07,5850
Megumi Katakura,1479.242057618441,2,0,2,1997-09-08,1997-09-08,5851
Maryam Mazaheri,1479.2413474593293,2,0,2,2013-02-06,2013-02-08,5852
Sonya Kumar,1479.22627366918,4,1,3,2001-04-13,2002-03-08,5853
Louise Owen,1479.2256755905719,2,0,2,1968-07-08,1969-07-21,5854
Joanne Limmer,1479.2240594250604,26,10,16,1991-12-30,1997-05-10,5855
Tshidiso Mosinyi,1479.2226498166062,2,0,2,2006-04-28,2006-04-29,5856
Olga Zaitseva,1479.2216961198621,7,1,6,1980-05-19,1983-07-17,5857
Isabella Holland,1479.208578156159,4,0,4,2009-01-05,2012-01-16,5858
Galina Fokina,1479.1897984766224,11,3,8,1999-02-27,2004-02-16,5859
E J Allen,1479.1646301667063,2,0,2,1968-04-08,1968-05-27,5860
Venla Ahti,1479.1616749929601,2,0,2,2022-04-12,2022-04-14,5861
Tamari Gagoshidze,1479.1490761661184,2,0,2,2022-04-12,2022-04-15,5862
Edna Olivarez,1479.145197875548,2,0,2,1983-07-17,1983-07-17,5863
M Dowson,1479.142652813415,3,0,3,1968-04-01,1970-03-22,5864
J Lonsdale,1479.1336364061115,2,0,2,1978-07-17,1979-07-16,5865
Mrs J Tenquist,1479.1328458175105,2,0,2,1968-04-29,1969-05-12,5866
Oona Orpana,1479.1310854456137,4,1,3,2020-02-04,2020-02-07,5867
Anita Aggarwal,1479.1289646714692,2,0,2,1991-07-19,1991-07-20,5868
Renate Ketterle,1479.1214077097052,4,1,3,1968-02-26,1969-02-27,5869
Barbara Foster,1479.0994292931753,5,1,4,1968-02-16,1970-02-20,5870
Diane James,1479.0933682615307,3,0,3,1971-01-25,1972-12-26,5871
A Watts,1479.0839975631538,2,0,2,1971-04-19,1971-05-03,5872
Stacey Savides,1479.080108959214,2,0,2,1980-04-30,1981-04-29,5873
Joanne Odonohue,1479.0727309657814,2,0,2,1980-11-17,1981-01-12,5874
Arpi Kojian,1479.0696717451692,4,1,3,2003-03-03,2003-03-03,5875
Eny Sulistyowati,1479.065081696133,2,0,2,1995-01-02,1996-04-09,5876
Barbara Rosenberger,1479.0642040693342,2,0,2,2001-03-05,2001-03-05,5877
K Vihko,1479.0638146398378,2,0,2,1969-06-09,1971-07-05,5878
Shu Shin Kam,1479.058792672397,2,0,2,1989-10-01,1989-10-01,5879
Rikki Gaddie,1479.0530241251795,2,0,2,1989-06-12,1989-07-24,5880
Yu Lan Liu,1479.0475247740492,2,0,2,1972-03-20,1972-03-22,5881
Silvia Gubler,1479.0053045322854,3,0,3,1968-07-22,1971-07-05,5882
Valerie Leiper,1479.0044872878425,7,2,5,1971-04-12,1978-07-10,5883
Lisa Rosenblum,1478.9929962557158,2,0,2,1968-05-27,1969-06-02,5884
Karen Feldman,1478.9821845157614,2,0,2,1979-05-21,1979-06-04,5885
Maria Teresa Salame,1478.9762534413328,4,1,3,2003-04-23,2003-04-26,5886
Holyn Lord,1478.9697760832967,3,0,3,1989-10-30,1992-11-09,5887
Gabrielle Moxey,1478.968780620908,2,0,2,2012-02-02,2012-02-03,5888
Katerina Tsygourova,1478.9628636103248,2,0,2,2025-09-15,2025-09-22,5889
Nina Duebbers,1478.955024979028,3,0,3,2000-10-23,2002-07-08,5890
Estefania Bottini,1478.9430763296227,7,1,6,1990-04-23,1993-04-20,5891
Gillian Van Der Merwe,1478.9400145431553,4,0,4,1971-01-03,1972-03-27,5892
Valerie Tan,1478.9355267585863,2,0,2,1989-10-01,1989-10-01,5893
Viky Nunez Fuentes,1478.9107915906372,8,3,5,2006-04-19,2009-02-16,5894
Claudia Smith,1478.9070149200418,5,1,4,1972-08-14,1975-08-18,5895
Lorena Porras,1478.878092929238,13,5,8,1997-05-12,1998-05-03,5896
Marlene Muench,1478.84987402967,2,0,2,1968-06-10,1969-07-28,5897
Suzi Becvinovska,1478.8404717827611,2,0,2,2001-04-24,2001-04-26,5898
S Segal,1478.8397803033988,4,1,3,1978-05-01,1978-05-29,5899
Louise Wekesa,1478.829124680762,2,0,2,1991-07-19,1991-07-20,5900
A Barden,1478.8200660295724,2,0,2,1973-04-16,1976-04-26,5901
Karen Seiferd,1478.819717568327,2,0,2,1970-01-21,1971-01-18,5902
Susan Tebbutt,1478.8083827152966,4,1,3,1979-05-28,1979-06-18,5903
Sheila Laperle,1478.8083452660346,2,0,2,1976-12-06,1976-12-13,5904
Meera Kantaria,1478.795198587899,2,0,2,2004-04-28,2004-04-29,5905
Chris Anne Aston,1478.7945393253435,8,3,5,1993-04-19,1997-05-17,5906
Ines Zouabi,1478.7822233398424,12,5,7,1997-05-05,2004-04-29,5907
Ranim Mkahal,1478.7707416280286,2,0,2,2008-01-30,2008-01-31,5908
Myriam Berthe,1478.7607982424588,2,0,2,1993-05-11,1993-05-13,5909
Bianca Gorbea,1478.7581117003374,2,0,2,2004-04-20,2004-04-22,5910
Ivana Abramovic,1478.755876520017,17,5,12,2000-05-01,2007-02-19,5911
Renata Jamrichova,1478.7462154055606,7,2,5,2023-11-10,2025-04-10,5912
Bernadette Davy,1478.743503550647,5,1,4,1979-04-30,1980-07-07,5913
Angelika Schadler,1478.7417524133396,12,5,7,1996-03-25,2000-04-01,5914
Andrea Steinegger,1478.7399487220123,9,3,6,1979-02-19,1981-08-24,5915
Hsiu Lee,1478.7351317503671,2,0,2,1977-06-13,1977-06-13,5916
Isabella Mitterlehner,1478.7286356834652,2,0,2,2001-03-05,2001-03-05,5917
Donna Judd,1478.7204951813367,4,1,3,1970-05-04,1973-09-17,5918
Elisabeth Ekblom,1478.7167643465687,108,40,68,1973-07-09,1987-07-06,5919
Buchheim,1478.6987080643269,2,0,2,1968-07-31,1969-02-27,5920
Gail Falkenberg,1478.6930173595151,2,0,2,1986-12-08,1987-01-25,5921
Naheeda Noormohamed,1478.6916152900465,2,0,2,1999-04-27,1999-04-28,5922
Christina Rozwadowski,1478.6827858146032,19,8,11,1981-03-23,1985-09-09,5923
Magdalena Feistel,1478.6788206467174,23,8,15,1988-12-04,1998-07-25,5924
Sabine Muller,1478.6712581227512,14,5,9,1977-08-04,1982-05-17,5925
Simmy Stockman,1478.6691918304848,2,0,2,1969-07-31,1970-08-03,5926
Sherri Norris,1478.66407150344,8,3,5,1985-09-23,1988-02-01,5927
Daniela Vismane,1478.6523038730775,7,2,5,2017-02-11,2023-04-13,5928
Antonella Canapi,1478.6202047503605,16,6,10,1980-05-07,1982-07-26,5929
Ellen Drieberger,1478.619140875295,2,0,2,1977-05-23,1978-05-29,5930
V Walters,1478.6190680545383,2,0,2,1969-07-07,1969-07-14,5931
K Ash,1478.6081236266123,2,0,2,1981-04-13,1982-04-26,5932
Richel Hogenkamp,1478.6009250377542,58,22,36,2012-06-11,2019-08-26,5933
Busrin Boontemleaw,1478.5894751432145,6,2,4,1996-02-20,1997-03-15,5934
Elizabeth Terry,1478.5790253695839,2,0,2,1968-12-30,1971-01-11,5935
C Dunningham,1478.577770131797,2,0,2,1974-11-18,1975-11-03,5936
Susan Biscoe,1478.552737566234,2,0,2,1970-03-10,1972-12-12,5937
Petra Winzenholler,1478.5154010841422,3,0,3,1994-11-07,1995-09-25,5938
Diana Moskova,1478.511635759021,3,0,3,1972-08-09,1985-09-23,5939
Sarah Stone,1478.5049713650542,9,3,6,1999-02-27,2002-03-04,5940
Jana Hlavackova,1478.4855135345051,4,0,4,1998-07-06,2003-08-04,5941
C Roberts,1478.4737242626004,2,0,2,1970-04-20,1971-04-26,5942
Hilary Barte,1478.4734490301585,3,0,3,2009-07-27,2011-07-25,5943
Mrs R Howes,1478.4726775387687,2,0,2,1971-04-26,1971-05-03,5944
Maria Rosa Sitja Gibert,1478.460938453247,2,0,2,2002-01-28,2002-01-28,5945
Shavit Kimchi,1478.4364290134,4,1,3,2022-04-13,2023-04-15,5946
Kathy Mantle,1478.4301553415062,5,1,4,1980-01-07,1980-06-02,5947
Iris Schikora,1478.4181865951005,4,1,3,1980-03-10,1980-08-14,5948
Angela Fita Boluda,1478.4089188031312,5,1,4,2023-05-22,2026-05-18,5949
Niamh Glenn,1478.4020464745324,3,0,3,1971-07-05,1974-07-08,5950
Norma De Veal,1478.3934943111155,8,3,5,1972-05-06,1974-05-04,5951
Luciana Masante,1478.3796391739602,9,3,6,1999-02-15,2001-03-05,5952
Anna Karin Olsson,1478.3713020916844,5,1,4,1985-07-14,1988-04-25,5953
Maral Khachik Awanes,1478.3606499262808,2,0,2,2000-04-26,2000-04-28,5954
Ros Riach,1478.3561955850066,3,0,3,1981-03-29,1981-11-25,5955
A B Moult,1478.3399673636127,2,0,2,1972-06-05,1973-06-04,5956
Despina Papamichail,1478.3336365380817,46,19,27,2012-02-01,2026-03-30,5957
Rita Atik,1478.3171967379478,2,0,2,2014-04-21,2015-04-27,5958
Sandra Hole,1478.3169465903627,6,2,4,1968-01-19,1971-12-27,5959
Maria Mateo,1478.2844593554846,4,1,3,1973-10-08,1978-10-09,5960
R Le Roux,1478.2494866909738,2,0,2,1972-01-10,1972-03-27,5961
Patricia Bianchi,1478.2481285220658,12,4,8,1971-04-26,1976-06-14,5962
Hjordis Rosa Gudmundsdottir,1478.2256039941121,4,1,3,2014-02-05,2015-04-17,5963
Marie Christine Brochard,1478.2089364656583,5,1,4,1970-07-13,1972-08-09,5964
Lois Raymond,1478.203841295284,18,7,11,1972-01-19,1975-06-02,5965
Rina Saigo,1478.2035993519353,3,0,3,2022-09-19,2025-10-27,5966
Ankita Raina,1478.197194471043,58,24,34,2014-02-05,2025-06-23,5967
Maya Hajjar,1478.1816774355452,2,0,2,1993-05-03,1993-05-04,5968
Virag Nemeth,1478.1796571592408,5,1,4,2002-04-15,2005-04-22,5969
Beverly Ward,1478.1775957144828,6,2,4,1970-10-29,1980-01-14,5970
Maria Camila Torres Murcia,1478.1720766185783,2,0,2,2025-03-31,2026-03-30,5971
Merrilee Keller,1478.160410801572,2,0,2,1982-06-01,1982-07-26,5972
Natalie Tschan,1478.1370857535917,3,0,3,1991-07-15,1992-10-05,5973
Michelle Lonergan,1478.1201246365047,4,1,3,1980-01-07,1980-01-27,5974
Louise Latimer,1478.1180494182481,25,8,17,1998-04-14,2001-06-25,5975
Sylvia Schenck,1478.104775040681,2,0,2,1985-07-01,1987-01-25,5976
Raye Ann Sandy,1478.070036191771,6,2,4,2007-04-19,2008-04-26,5977
J Svobeda,1478.051956926157,2,0,2,1978-07-10,1978-07-17,5978
Alyssa Boey,1478.0509329451277,5,1,4,2013-02-07,2014-02-07,5979
Yi Ching Wu,1478.0478933458944,4,1,3,1995-04-19,1997-05-10,5980
Vicki Marler,1478.0420390661986,16,6,10,1982-04-08,1985-07-21,5981
Catarine Faggyas,1478.0273325884464,3,0,3,1981-03-29,1981-04-13,5982
Mell Elizabeth Reasco Gonzalez,1478.0036687579463,7,2,5,2019-02-06,2022-04-16,5983
Nuala Mcmordie,1477.9985648777033,7,1,6,1968-07-08,1975-07-07,5984
D Lozan,1477.984431541187,2,0,2,1978-05-22,1978-05-29,5985
Gillian Carter,1477.9786318405265,2,0,2,1993-04-19,1993-04-23,5986
Cynthia Norman,1477.9772206767916,5,1,4,1980-04-30,1982-05-03,5987
Florence Mbugua,1477.9750978056313,2,0,2,1999-04-29,1999-04-30,5988
Joana Eidukonyte,1477.9660966320425,12,5,7,2011-05-04,2017-04-22,5989
Paiao Asinata Short,1477.9605403384207,8,3,5,1998-02-16,1999-02-26,5990
Averil Morris,1477.927571756196,4,1,3,1971-04-12,1973-04-16,5991
Natalia Soetrisno,1477.9266774364582,7,2,5,1994-04-18,1995-10-02,5992
Nanely Vallejo,1477.9091831393314,5,1,4,1997-04-28,1997-05-03,5993
Rhoda Herron,1477.861152736023,3,0,3,1968-04-29,1974-05-06,5994
Elsie Spruyt,1477.8537524405376,7,1,6,1968-07-23,1971-07-26,5995
Robin Anderson,1477.8456199193008,3,0,3,2022-01-17,2024-11-25,5996
Cory Ann Avants,1477.843416124071,3,0,3,2001-08-06,2005-07-18,5997
Andrea Saunders,1477.7545089843093,3,0,3,1968-07-01,1968-07-15,5998
Tanja Cerne,1477.7453877558637,3,0,3,1988-12-04,1988-12-04,5999
Alina Baraldi,1477.7420479909454,5,1,4,1976-08-22,1978-11-27,6000
Sanaz Marand,1477.7145323437628,3,0,3,2014-09-08,2016-04-11,6001
Sihem Ben Youcef,1477.6993505008786,6,2,4,2000-03-31,2003-05-01,6002
Nicole London,1477.690656343502,5,1,4,1992-08-31,1994-02-14,6003
Andreja Klepac,1477.684021193564,61,22,39,2004-04-26,2015-02-07,6004
Jennifer Adrien,1477.6693064458048,8,3,5,1998-04-27,1999-02-24,6005
Seiko Okamoto,1477.6556066234211,30,14,16,1997-09-08,2004-09-27,6006
Kayla Cross,1477.6129651091815,3,0,3,2022-08-22,2026-04-10,6007
R J Twinn,1477.6083201098338,2,0,2,1973-05-14,1974-04-22,6008
Irene Burillo Escorihuela,1477.576201605057,8,2,6,2022-05-16,2026-03-30,6009
Lyn Ward,1477.5641981671756,3,0,3,1974-01-07,1975-01-20,6010
Agnes Figueras,1477.5402755169407,3,0,3,1979-02-19,1979-05-21,6011
Motoe Uchida,1477.4966844858104,2,0,2,1998-09-07,1999-09-06,6012
Dora Alavantic,1477.4540288333587,6,1,5,1975-05-05,1976-08-22,6013
Franzie Alberts,1477.4394372686425,5,1,4,1968-04-01,1971-04-05,6014
Marion Proisy,1477.396862934483,9,2,7,1970-02-09,1974-07-08,6015
Bojana Bobusic,1477.3761008380648,4,0,4,2012-01-16,2013-01-14,6016
Amanda Wainwright,1477.3699010650928,6,1,5,1993-06-21,1995-06-26,6017
Fabienne Gmeiner,1477.3627708316321,8,3,5,1997-05-05,1998-05-08,6018
R Brookes,1477.3604493814325,2,0,2,1981-04-06,1981-07-06,6019
Adriana Barna,1477.3596847732947,6,1,5,1993-07-12,2003-10-06,6020
Stella Kristjansdottir,1477.339809975515,2,0,2,2000-03-28,2000-04-01,6021
Martina Nejedly,1477.292775699146,5,1,4,1993-10-25,1999-08-16,6022
Jessica Moore,1477.2764530060383,15,4,11,2007-01-08,2009-04-25,6023
S Russell Vick,1477.2506716487947,5,1,4,1978-04-17,1978-05-29,6024
Cricket Manuel,1477.2349836906872,9,3,6,1980-11-10,1982-06-28,6025
Tatyana Ignatchenko,1477.2334118710705,11,4,7,2005-04-20,2008-01-31,6026
Denisa Szabova,1477.2333382855197,30,10,20,1991-01-14,1995-09-11,6027
Lechia Trewick,1477.2305801482098,5,1,4,1996-03-03,1998-04-13,6028
Maria Emilia Salerni,1477.2295537668929,111,43,68,2000-04-25,2009-05-25,6029
Almut Sturm,1477.2283805618122,115,49,66,1968-01-26,1981-08-31,6030
Gillian Wotherspoon,1477.1424591439318,5,0,5,1968-07-15,1970-07-13,6031
Thasaporn Naklo,1477.1238861546324,3,0,3,2024-01-29,2025-10-27,6032
Boyoung Jeong,1477.1192637842378,3,0,3,2022-09-19,2023-04-13,6033
Aranzazu Gallardo,1477.0697845189718,3,0,3,1989-10-01,1991-02-11,6034
Isabelle Larsson,1477.0490459245184,21,7,14,1970-01-26,1974-01-07,6035
Anthea Odonoghue,1477.0272677200956,2,0,2,1972-07-10,1974-07-08,6036
Eva Maria Schurhoff,1477.02414905084,3,0,3,1989-07-24,1990-02-05,6037
Maria Victoria De Moggio,1476.9849195820852,9,3,6,1970-10-27,1972-03-25,6038
Nihal Tarek Saleh,1476.9566394687674,17,8,9,2005-04-27,2009-04-25,6039
Soon Oh Lee,1476.8952879101628,3,0,3,1972-12-26,1973-06-04,6040
Marina Koegl,1476.8627402824745,3,0,3,1980-03-24,1980-04-07,6041
Kaye Dening,1476.8512439205801,5,1,4,1968-01-08,1969-01-13,6042
Nastasja Schunk,1476.8403348930087,8,1,7,2021-04-19,2025-07-14,6043
Nicole Mabille,1476.8359069776754,7,2,5,1980-11-24,1984-07-15,6044
Dai Hwa Wang,1476.8193864234304,3,0,3,1983-07-17,1983-07-17,6045
Cristina Ribeiro Britto,1476.803729296158,2,0,2,1975-05-05,1975-05-05,6046
Aranza Salut,1476.7919061806208,3,0,3,2009-04-25,2011-07-16,6047
Mayar Sherif,1476.7744176021654,133,50,83,2011-05-06,2026-03-30,6048
Susie Mehmedbasich,1476.7457745895745,94,33,61,1972-08-14,1977-03-28,6049
Bernadette Heavey,1476.729834752835,3,0,3,1972-12-05,1974-12-09,6050
Lola Radivojevic,1476.7273564499649,14,5,9,2021-05-17,2024-11-15,6051
M Richens,1476.7073161667035,2,0,2,1970-07-06,1971-07-05,6052
Sarah Castillejo,1476.650601928634,7,2,5,1989-10-01,1990-07-21,6053
Margaux Rouvroy,1476.5958885840441,4,1,3,2025-02-24,2025-07-14,6054
Nancy Reed,1476.5939428584834,8,2,6,1968-07-14,1970-07-06,6055
Karman Thandi,1476.5794600018235,15,5,10,2017-02-10,2022-09-12,6056
Helle Sparre,1476.5500315205131,91,32,59,1972-01-29,1978-12-18,6057
Melinda Duday,1476.5455810289043,5,1,4,1968-08-26,1973-07-30,6058
Antonia Matic,1476.5304499703723,9,3,6,2003-03-03,2004-10-11,6059
Claire Wegink,1476.5270008000828,24,7,17,1992-04-13,1994-06-20,6060
Clare Schmoyer,1476.4908865233756,10,3,7,1970-09-28,1980-10-06,6061
Colleen Carney,1476.4036833061732,8,2,6,1984-11-26,1987-01-25,6062
Anna Zaja,1476.3478601930522,8,2,6,2017-05-22,2021-07-05,6063
Keiko Taguchi,1476.2971272800407,23,10,13,1996-09-28,1999-09-06,6064
Nicole Hummel,1476.2915965144402,3,0,3,1992-02-24,1993-04-05,6065
Cynthia Ashling,1476.2903787525686,3,0,3,1978-05-14,1978-10-30,6066
Laxmi Poruri,1476.2326302487663,44,14,30,1988-04-18,1996-11-11,6067
Hornischer,1476.190320346211,3,0,3,1969-08-12,1970-08-17,6068
Tereza Smitkova,1476.1610635061886,49,16,33,2013-06-10,2021-07-12,6069
Gail Brodsky,1476.150002662834,4,0,4,2008-08-18,2011-09-12,6070
Aya El Aouni,1476.1470501013373,3,0,3,2023-05-22,2025-05-19,6071
Susan Waterworth,1476.1189271479245,3,0,3,1969-07-14,1971-07-13,6072
Helen Crozier,1476.1048181765605,14,5,9,1972-12-18,1973-07-23,6073
Renata Ostermann,1476.0495506033074,3,0,3,1968-07-08,1970-07-06,6074
Louise Brown,1476.0353546165227,7,2,5,1968-07-22,1970-08-11,6075
Federica Haumuller,1476.0156900530112,17,6,11,1989-10-23,1990-11-26,6076
Tetyana Arefyeva,1476.0013006582703,5,1,4,2011-07-04,2013-09-09,6077
Angela Lettiere,1475.9751618480605,6,1,5,1994-07-26,1996-10-21,6078
Ekaterina Yashina,1475.9719918362853,3,0,3,2021-06-21,2025-06-23,6079
Nina Tukhareli,1475.9713073361838,9,3,6,1968-01-08,1971-02-25,6080
Harmony Tan,1475.9548871190325,45,14,31,2018-08-27,2026-04-13,6081
Martine Bureau,1475.9083822334196,7,2,5,1978-04-17,1980-07-05,6082
Amanda Tobin,1475.880826517661,128,51,77,1976-12-27,1988-01-11,6083
Lizzy Jelfs,1475.8646296224156,3,0,3,1995-05-15,1995-06-26,6084
Dorte Ekner,1475.847773131208,23,8,15,1969-01-13,1982-07-19,6085
Fiona Keasberry,1475.832708286294,3,0,3,1996-02-20,1996-02-22,6086
Anna Floris,1475.8324706558515,4,0,4,2009-07-13,2011-07-11,6087
Joy Cummings,1475.8083541287015,25,10,15,1980-05-11,1985-09-09,6088
Monika Fuchs,1475.7984618709156,3,0,3,1977-07-04,1980-03-10,6089
Cristina Salvi,1475.7982568493662,8,1,7,1991-07-15,1996-07-15,6090
Sanja Ancic,1475.7502195111572,7,1,6,2006-03-20,2007-03-19,6091
Silvia Njiric,1475.747999571172,5,1,4,2010-02-05,2016-02-06,6092
Michelle Pekovitch,1475.7393156901558,3,0,3,1974-12-09,1977-12-19,6093
Mrs C F Penn,1475.696771804565,3,0,3,1968-04-08,1973-06-04,6094
Chris Koutras,1475.6781363660284,5,1,4,1968-04-08,1969-10-20,6095
Nicole Niox Chateau,1475.6615691075235,7,2,5,1968-02-09,1969-01-11,6096
Carole Loop,1475.6413444824095,9,2,7,1968-02-20,1969-10-27,6097
Maeve Quinlan,1475.6393591110004,23,8,15,1982-06-14,1988-07-18,6098
Nerida Gregory,1475.6210047094805,177,73,104,1973-01-02,1984-07-09,6099
Teodora Mircic,1475.6158269670527,3,0,3,2006-07-24,2008-07-07,6100
Alice Alexandri,1475.6046802190608,4,0,4,1970-05-21,1973-05-01,6101
Kate Hatherton,1475.5920357806474,7,2,5,1980-01-07,1980-02-03,6102
Daphne Van De Zande,1475.5527878457603,3,0,3,1992-05-04,2002-07-08,6103
Gaby Tremus,1475.524596020903,8,2,6,1969-08-04,1973-07-02,6104
Trish Mcclenaughan,1475.5141293499578,24,7,17,1970-07-20,1976-02-17,6105
Elsa Jacquemot,1475.4924869102551,45,14,31,2020-09-28,2026-05-05,6106
M Buckley,1475.4919747339839,6,2,4,1980-07-07,1982-06-01,6107
Paola Palacios,1475.47178123768,3,0,3,1968-02-09,1970-03-16,6108
Alanna Broderick,1475.4574376667833,15,6,9,1996-05-08,2004-04-24,6109
Pascale Bonneteau,1475.4556018999244,10,3,7,1979-03-29,1980-08-27,6110
Elena Guerra,1475.4400909024653,3,0,3,1985-09-23,1985-10-06,6111
Sacha Jones,1475.4250345438154,23,8,15,2007-04-18,2013-01-14,6112
Claire Feuerstein,1475.4218329734308,18,5,13,2009-05-18,2016-07-11,6113
Tova Epstein,1475.4034481784386,8,2,6,1969-04-04,1972-03-27,6114
Zuzana Kucova,1475.398052627925,25,6,19,2004-05-24,2013-05-27,6115
Jennifer Schmidt,1475.3975717776107,5,1,4,2001-03-05,2001-03-05,6116
Michaela Honcova,1475.378905722656,3,0,3,2013-04-22,2013-07-15,6117
Anita Platte,1475.3654907933442,5,1,4,1969-04-21,1970-01-26,6118
Marilyn Greenwood,1475.3598344890374,54,17,37,1970-02-09,1971-09-20,6119
Heather Mackeown,1475.3488459804764,3,0,3,1969-04-01,1972-03-27,6120
Lioudmila Skavronskaia,1475.3348467714902,17,6,11,2002-06-10,2006-10-02,6121
Cristina Correia,1475.3185295866492,5,1,4,1998-04-16,2000-03-28,6122
A Du Toit,1475.3111093026932,7,2,5,1975-04-14,1975-05-26,6123
Sabrina Lucchi,1475.286820752687,3,0,3,1991-04-22,1991-07-15,6124
Montinee Tangphong,1475.271485577544,9,2,7,2001-11-05,2007-04-20,6125
Ionita Nesti,1475.2608362385665,14,5,9,1980-05-07,1981-11-02,6126
Herfs,1475.2456288573273,5,1,4,1970-08-24,1976-07-05,6127
Edita Liachoviciute,1475.2148879620336,21,9,12,1992-04-14,2004-04-24,6128
Shao Fang Ong,1475.2120695190658,3,0,3,2005-04-21,2005-04-23,6129
Iris Thompson,1475.2108620156914,5,1,4,1978-07-17,1979-07-16,6130
Anna Barinova,1475.2022237077083,5,1,4,1996-04-22,1997-04-23,6131
Susanne Gray,1475.1610019463901,3,0,3,1969-07-14,1972-08-01,6132
Ayano Shimizu,1475.1313151682198,3,0,3,2018-07-23,2026-01-12,6133
Barb Francis,1474.9688343414218,3,0,3,1979-05-28,1980-06-02,6134
Yi Chen,1474.9637401680402,5,1,4,2005-04-20,2011-01-31,6135
Ann Price,1474.9611545791406,5,1,4,1970-06-25,1974-07-08,6136
Tena Lukas,1474.9609529211402,11,4,7,2016-02-03,2019-02-09,6137
Jacqueline Venturino,1474.9601097947905,15,5,10,1968-07-23,1972-04-17,6138
Allie Kiick,1474.9561540162963,17,5,12,2013-03-18,2022-04-04,6139
Lidy Venneboer,1474.9523380623104,18,7,11,1968-01-26,1968-06-24,6140
Maria Ekstrand,1474.941633455915,12,3,9,1989-01-30,1991-09-23,6141
L Novoshinskaya,1474.9020717941141,5,1,4,1969-02-03,1973-01-08,6142
Barbara Gatica,1474.888634672432,12,4,8,2017-02-10,2022-04-16,6143
Mary Hill,1474.8710001089132,5,1,4,1968-09-24,1973-01-01,6144
S Fulcher,1474.8511341659184,5,0,5,1972-10-17,1973-06-04,6145
Chikako Murakami,1474.8107600478434,5,1,4,1970-06-22,1970-10-29,6146
Julia Gregory,1474.8001971923286,12,4,8,1972-11-06,1976-04-26,6147
Elisa Gisbert,1474.7984423534047,3,0,3,1969-08-14,1974-10-07,6148
Pat Garcia,1474.788549447429,3,0,3,1969-06-30,1971-08-02,6149
Reeka Szikszay,1474.7855591314533,13,4,9,1986-07-20,1990-07-21,6150
Anne Lloyd,1474.7810669577286,7,2,5,1969-07-14,1974-04-12,6151
Anique Snijders,1474.7748020249383,3,0,3,1994-06-13,1996-04-29,6152
Maria Christine Damas,1474.7424310598965,25,8,17,1987-07-06,1989-07-31,6153
Kyra Shroff,1474.7072143336404,3,0,3,2007-09-17,2013-02-08,6154
Anne Coleman,1474.6690227727327,33,9,24,1968-01-02,1972-05-29,6155
Helen Palmer,1474.6662099331568,3,0,3,1968-01-29,1969-02-14,6156
Tjasa Srimpf,1474.6576635612503,3,0,3,2013-02-07,2013-02-09,6157
Karin Herich,1474.6308331634577,3,0,3,1968-08-08,1969-08-04,6158
Diana Gherghi,1474.630359907653,21,9,12,1998-03-02,2001-03-05,6159
Sue Blakely,1474.5980018578796,3,0,3,1970-01-12,1971-02-01,6160
Alma Michelle Espinosa Rodriguez,1474.5969517959916,7,2,5,2009-04-23,2010-04-24,6161
Michelle Marie Valdez,1474.5743658110455,13,5,8,2011-05-16,2017-07-22,6162
Judy Congdon,1474.569169978615,83,34,49,1968-03-04,1978-07-17,6163
Fang Ying Xun,1474.566322378762,10,3,7,2016-09-19,2019-09-16,6164
Ekaterina Bychkova,1474.538582465574,100,33,67,2004-10-11,2013-02-11,6165
Shiho Hisamatsu,1474.5359186656754,20,8,12,1996-09-28,2005-05-16,6166
Tina Krizan,1474.5224902731172,83,34,49,1992-04-13,2005-04-22,6167
Sabina Sharipova,1474.4925953321965,46,20,26,2009-09-21,2020-03-07,6168
Alix Creek,1474.4911232222144,6,1,5,1988-11-07,1994-08-01,6169
Lutfiye Anbar,1474.4642513671884,3,0,3,1968-08-25,1970-07-06,6170
Adrienne Avis,1474.4452866261615,25,8,17,1968-01-08,1973-01-02,6171
Jill Bignell,1474.4154599065373,3,0,3,1968-01-28,1969-01-30,6172
Joanne Dukeshire,1474.3820345188255,5,1,4,1968-06-04,1969-07-28,6173
Diane Farrell,1474.3748615931008,5,1,4,1985-07-01,1986-06-23,6174
Susan Leo,1474.3221413466515,157,61,96,1977-12-05,1987-07-13,6175
Ingrid De Jonge,1474.2917683205853,3,0,3,1980-01-29,1981-07-13,6176
Aicha Ferjani,1474.2849806313686,6,1,5,1993-05-10,1996-03-27,6177
Maria Pavlidou,1474.2614408062623,5,1,4,2000-05-16,2002-04-26,6178
Silvia La Fratta,1474.2611095187085,46,17,29,1986-09-15,1991-04-15,6179
Rachael Dillon,1474.2452356241727,7,2,5,2006-04-27,2009-04-25,6180
Valeriya Strakhova,1474.1870657826325,3,0,3,2016-04-04,2025-09-08,6181
Annika Nydeus,1474.1665654344256,10,3,7,1968-01-29,1974-07-08,6182
Hana Kopeckova,1474.1234177474666,3,0,3,1979-07-16,1981-04-13,6183
Hana Hublerova,1474.0933860266039,16,5,11,1973-07-09,1974-03-25,6184
Katalin Marosi,1474.0746125134165,53,18,35,1997-04-22,2012-07-09,6185
Maria Jose Lopez Herrera,1474.0541056117052,3,0,3,2002-02-25,2005-02-21,6186
Natalia Baez,1474.0502105997405,11,4,7,2003-04-23,2008-04-26,6187
Guiomar Maristany Zuleta De Reales,1474.0151747156913,7,2,5,2024-11-25,2026-03-30,6188
Diane Parker,1474.014079964826,6,1,5,1972-08-01,1979-06-04,6189
Caroline Van Renterghem,1473.9813605581799,5,0,5,1988-07-11,1989-10-01,6190
Barbi Bramblett,1473.9780245345494,41,14,27,1982-04-19,1985-08-12,6191
Jenny Stapleton,1473.9672944303577,3,0,3,1970-04-13,1973-04-16,6192
Ana Timotic,1473.9457747329932,11,3,8,2001-07-23,2007-07-14,6193
Yasuko Nishimata,1473.9300996817067,5,1,4,1996-09-28,1998-09-07,6194
Janine Lieffrig,1473.914449808226,44,18,26,1968-02-09,1974-01-01,6195
Susanne Filipp,1473.9125788733593,3,0,3,2000-03-04,2000-03-04,6196
Erica Prelle,1473.9067557527749,3,0,3,1968-02-26,1971-02-25,6197
Fabienne Thill,1473.8824630715048,13,5,8,1996-03-25,2009-02-06,6198
Karen Huebner,1473.8810466604973,26,10,16,1980-06-16,1986-07-21,6199
Simone Pratt,1473.8746820400538,11,4,7,2010-04-19,2012-02-04,6200
Jesika Maleckova,1473.8737921160487,4,0,4,2016-04-04,2025-07-21,6201
Sonja Pachta,1473.863055185287,39,14,25,1968-08-26,1976-07-12,6202
Joanne Ward,1473.8605536188393,24,9,15,1994-06-20,2000-06-26,6203
Maria Calbeto,1473.8488846877688,3,0,3,2002-04-24,2004-04-24,6204
Emily Webley Smith,1473.8213313481951,6,1,5,2004-06-21,2016-08-01,6205
Cristiana Ferrando,1473.7828617907044,3,0,3,2016-09-19,2022-05-16,6206
Barbara Romano,1473.7702531208752,54,19,35,1982-07-26,1993-07-26,6207
Patricia King,1473.735607366741,3,0,3,1971-12-27,1972-02-01,6208
Dorothy Whitely,1473.66476097298,5,1,4,1968-01-02,1968-02-29,6209
Anne Moller,1473.6092645652284,3,0,3,1983-07-17,1985-10-06,6210
Patricia Segala,1473.5793902421976,5,1,4,1993-10-25,1995-04-14,6211
Janet Souto Garcia,1473.5690763271896,3,0,3,1988-04-25,1989-04-25,6212
Tarryn Rudman,1473.5177534942218,3,0,3,2008-01-31,2008-02-02,6213
Patsy Stevens,1473.5077615848863,9,3,6,1968-01-08,1971-01-18,6214
Lucia Henkle Gomez,1473.4928365834478,7,2,5,2000-05-13,2004-04-22,6215
Holly Parkinson,1473.4790801496176,27,7,20,2000-01-09,2001-02-19,6216
Daniela Ciobanu,1473.4374623540095,7,2,5,2011-05-02,2020-02-07,6217
Huguette Barat,1473.4066088089942,7,2,5,1973-04-16,1975-05-05,6218
Toni Novack,1473.4047224980432,16,5,11,1968-04-08,1975-06-30,6219
Shenelle Mohammed,1473.3667829652336,3,0,3,2007-04-17,2017-07-22,6220
Helena Dahlstrom,1473.3582183569742,33,14,19,1985-03-18,1988-08-08,6221
Varvara Lepchenko,1473.3419122531932,377,157,220,2001-06-11,2026-03-30,6222
Prariyawan Ratanakrong,1473.3415648773223,5,1,4,2001-04-10,2002-03-04,6223
Sharon Fichman,1473.2810345261687,44,16,28,2005-04-22,2015-09-14,6224
Jessica Pieri,1473.2542211004431,3,0,3,2019-07-22,2025-08-04,6225
Julia Matojan,1473.2366670613444,3,0,3,2013-04-17,2013-04-19,6226
Nina Stojanovic,1473.227933022182,72,26,46,2016-10-10,2025-10-27,6227
Ilona Vichnevskaya,1473.2155017374157,12,4,8,2001-03-05,2002-01-28,6228
C Fisher,1473.2127501087518,5,1,4,1975-04-14,1975-05-26,6229
Maria Alejandra Garcia,1473.208343258532,3,0,3,2000-04-25,2002-04-24,6230
Anastasia Grymalska,1473.1914111647438,4,0,4,2011-07-11,2014-04-21,6231
Raymonde Veber,1473.176379304688,16,6,10,1968-02-20,1970-07-06,6232
Gladys Imperial,1473.1722755137048,5,1,4,1976-08-22,1981-11-09,6233
Ipek Senoglu,1473.1226656670137,23,9,14,1996-03-25,2009-07-27,6234
Martha Wolf Peterdy,1473.1051407743637,3,0,3,1968-03-11,1970-04-06,6235
Jacque Tegland,1473.1049346169673,3,0,3,1968-04-01,1969-04-07,6236
Lesley OHalloran,1473.0806685511639,14,5,9,1986-07-20,1998-05-08,6237
Emma Gott,1473.0760675076162,5,1,4,1999-02-27,2000-03-04,6238
Hilkka Hannula,1473.0737826720303,3,0,3,1968-07-25,1969-01-27,6239
Dany Giordan,1473.058471254618,3,0,3,1968-03-11,1968-04-01,6240
N Tramacchi,1473.0421027109485,7,2,5,1978-04-24,1978-05-29,6241
Beatriz Del Corral,1473.027748378306,3,0,3,1968-03-04,1970-03-16,6242
Katharina Hobgarski,1473.0255314455474,4,0,4,2016-05-16,2022-05-16,6243
Irene Fraisse,1472.9673687439945,3,0,3,1968-05-27,1969-06-02,6244
Hyun Hui Hong,1472.9629415664153,3,0,3,2011-01-31,2012-09-17,6245
Lisa Sassano,1472.9348640855374,5,1,4,1982-06-21,1982-08-09,6246
Toni Moss,1472.9117100314809,3,0,3,1975-01-20,1977-07-31,6247
Varatchaya Wongteanchai,1472.902184707604,9,2,7,2009-02-07,2017-09-18,6248
Judy Newman,1472.8281640023092,3,0,3,1980-04-30,1987-07-27,6249
Alice Valentine,1472.8081356544055,4,0,4,1970-08-03,1971-07-26,6250
Dyan Castillejo,1472.8048159733344,20,7,13,1981-11-09,1989-10-01,6251
Kathleen Schuurmans,1472.8018255803668,5,1,4,1984-07-15,1987-07-06,6252
Cornelia Lechner,1472.7763792389783,8,2,6,1981-08-03,1985-09-23,6253
Miranda Yates,1472.7719285362543,18,7,11,1980-01-07,1982-07-12,6254
H Soobryan,1472.7703270207126,3,0,3,1978-04-24,1979-07-16,6255
Katherine Hoepelman,1472.7485827294236,3,0,3,2007-04-18,2009-04-24,6256
Yoryana Delgado Herrera,1472.7292402240437,5,1,4,2018-06-22,2019-04-20,6257
Amelie Cocheteux,1472.7090816987486,79,27,52,1995-05-29,2000-09-23,6258
Eva Pfaff,1472.6572891091207,357,155,202,1977-07-04,1992-02-03,6259
Idunn Hertzberg,1472.6476542714718,5,1,4,2005-04-29,2007-04-18,6260
Maria Ines Deheza,1472.626583567998,3,0,3,2009-04-23,2011-02-03,6261
Lara Giltinan,1472.6174740426611,3,0,3,2002-03-04,2003-03-03,6262
G Armstrong,1472.6160589443455,5,1,4,1970-05-04,1978-07-10,6263
Valeria Pulido Velasco,1472.597355822262,3,0,3,2008-01-30,2008-02-02,6264
Rebecca Bryant,1472.5855047694936,21,7,14,1983-03-31,1987-01-25,6265
Celine Cohen,1472.5757958894296,71,25,46,1981-07-13,1991-04-29,6266
Assia Halo,1472.5539849112563,9,3,6,2005-04-29,2011-05-05,6267
Suzelle Davin,1472.5508740622895,7,2,5,2005-04-27,2006-04-29,6268
Charlotte Bastin,1472.5273404498867,7,2,5,1975-04-14,1982-02-11,6269
Immaculada Varas Caro,1472.5083839349259,12,3,9,1986-05-05,1991-04-22,6270
Jovana Jaksic,1472.4857379446103,18,5,13,2013-04-01,2016-06-06,6271
Marlene Chumbez,1472.4772070018662,3,0,3,1984-07-15,1984-07-15,6272
Marketa Kochta,1472.475981109632,99,32,67,1990-04-30,1997-09-22,6273
Aliona Falei,1472.4583506853946,3,0,3,2024-07-22,2025-10-27,6274
Vanessa Boey,1472.4101205258323,5,1,4,2006-04-20,2008-02-02,6275
Christine Alford,1472.4022714566022,5,1,4,2002-03-04,2003-03-03,6276
Chantal Langanay,1472.3954926317767,6,1,5,1968-04-01,1968-09-30,6277
Cheryl Lewis,1472.3777315349485,3,0,3,1998-04-28,1998-04-30,6278
Karolina Jagieniak,1472.3689188570527,8,1,7,1997-05-26,2001-07-23,6279
Katherine Gabriela Miranda Chang,1472.357834899752,3,0,3,2013-02-06,2013-02-08,6280
Marlene Gerson,1472.3539368364172,11,3,8,1968-04-01,1973-06-11,6281
Andreea Ehritt Vanc,1472.3537593699018,13,4,9,1993-05-10,2004-02-16,6282
Lauren Anzalotta Kynoch,1472.3500133904683,3,0,3,2019-02-06,2019-02-09,6283
Nina Nittinger,1472.3358985887878,3,0,3,1999-02-27,1999-02-27,6284
Wukirasih Sawondari,1472.32753439996,8,2,6,1997-07-12,2000-04-29,6285
Tracy Houk,1472.3172745908598,11,4,7,1980-04-30,1980-06-16,6286
Sanaa Bhambri,1472.313572829455,3,0,3,2006-09-18,2009-02-06,6287
Carole Monnet,1472.3111870088385,7,1,6,2022-05-16,2026-03-30,6288
Dejana Radanovic,1472.3032304496583,8,2,6,2018-02-07,2022-04-12,6289
Kinnie Laisne,1472.2854126319735,3,0,3,2008-09-29,2009-05-25,6290
Natalia Nemchinova,1472.2695150645989,3,0,3,1997-04-22,1997-04-24,6291
Jelena Gencic,1472.2615856105529,3,0,3,1973-05-01,1974-09-23,6292
Conceicao Rio,1472.2488354779414,3,0,3,1977-06-13,1978-11-27,6293
Natalia Biletskaia,1472.2363416138776,5,1,4,1989-10-09,1993-05-14,6294
Mariela Haug,1472.2268610159113,3,0,3,2012-04-16,2012-04-20,6295
Corinne Vanier,1472.2053529429504,143,47,96,1979-12-08,1986-09-29,6296
Irma Novakova Spurny,1472.2044079913617,6,1,5,1981-08-24,1982-08-02,6297
Cathie Gagel,1472.1548374349222,18,5,13,1968-09-24,1982-05-03,6298
Azza Abbou,1472.1465492180832,5,1,4,2000-03-31,2001-05-17,6299
Mi Ra Jeon,1472.1307697007508,28,10,18,1994-04-11,2004-04-23,6300
Kim De Weille,1472.1286808371256,11,3,8,1994-04-25,1995-09-25,6301
Vajira Premaratne,1472.1191566398118,11,4,7,1990-07-21,2000-04-28,6302
Mimi Wheeler,1472.107960709043,33,16,17,1968-03-04,1976-12-13,6303
Amber Liu,1472.1054428376062,12,2,10,2001-08-27,2008-07-14,6304
Catalina Padilla Udaeta,1472.1009950377727,3,0,3,2023-04-12,2023-04-14,6305
Shuko Aoyama,1472.0984334049913,6,1,5,2011-06-06,2017-10-09,6306
Radka Jansa,1472.0957371728878,3,0,3,1972-04-17,1974-07-15,6307
Gail Baker,1472.0844458994206,3,0,3,1968-04-29,1968-11-04,6308
Silvana Belardinelli,1472.0811964601512,3,0,3,1974-05-25,1980-08-04,6309
Claudia Harrison,1472.0716684875056,3,0,3,1993-04-19,1993-04-23,6310
L Cooper,1472.0565674795564,11,3,8,1972-02-01,1980-01-07,6311
Alessandra Gobbo,1472.047386113769,9,3,6,1968-04-22,1969-08-21,6312
Sofia Finer,1472.0373861053918,3,0,3,1996-03-03,1996-03-03,6313
Mariana Ciogolea,1472.0194213304935,6,1,5,1968-04-15,1970-08-03,6314
Nicola Payne,1472.018772809526,3,0,3,2001-03-05,2001-03-05,6315
Katherine Camilleri,1472.0043503946977,5,1,4,1982-04-19,1990-07-21,6316
Akiko Kinebuchi,1472.0033364293572,11,4,7,1997-09-08,1999-09-06,6317
Marielle Lombard,1471.9936987285919,3,0,3,1968-05-06,1969-08-04,6318
Monica Pagni,1471.985867622561,3,0,3,1980-07-07,1980-08-04,6319
Tamara Bojanic,1471.9735128737616,3,0,3,2014-04-16,2014-04-19,6320
Marie Benoit,1471.9519523877127,3,0,3,2019-05-20,2024-11-15,6321
Lori Kosten,1471.9377151621838,6,1,5,1980-06-16,1983-02-28,6322
Mariola Prado,1471.9077478084278,5,1,4,1999-02-23,2001-05-19,6323
Ann Devries,1471.9035888832539,101,40,61,1985-10-06,1993-05-03,6324
Nivin Kezbari,1471.8977398859413,3,0,3,2000-04-28,2005-04-20,6325
Maggie Morris,1471.887946935589,5,1,4,1980-05-19,1980-06-09,6326
S Ellis,1471.8844383165188,3,0,3,1972-01-04,1973-07-23,6327
Nicole Melch,1471.8759341142988,19,7,12,1999-02-27,2003-03-03,6328
Carla Mel,1471.8758827870774,17,7,10,1978-04-10,1982-07-26,6329
Katarzyna Teodorowicz Lisowska,1471.875015056227,6,1,5,1993-06-07,1997-04-24,6330
Hong Yi Cody Wong,1471.8348907516406,3,0,3,2023-10-09,2025-10-27,6331
Jeri Ingram,1471.8300990272835,18,5,13,1988-02-22,1996-10-21,6332
A Gedge,1471.8117110590938,3,0,3,1978-04-17,1978-05-08,6333
Paulina Bakaite,1471.7833611851531,7,2,5,2016-04-13,2017-04-22,6334
Caitriona Ruane,1471.7815053160152,7,2,5,1980-05-19,1982-04-26,6335
Katarina Kachlikova,1471.7774327449436,3,0,3,2005-05-16,2006-02-13,6336
Regina Wieser,1471.7747621963078,3,0,3,1981-12-09,1985-05-13,6337
Melissa Dowse,1471.7358628460927,10,3,7,1997-05-10,2002-03-04,6338
Amanda Melgarejo,1471.7283857754517,3,0,3,2003-04-23,2005-04-20,6339
Eri Hozumi,1471.7279948761172,16,5,11,2014-04-14,2022-08-22,6340
Betsy Blaney,1471.7184541608494,8,2,6,1980-06-02,1981-07-20,6341
Beverly Corbie,1471.6729467774026,7,2,5,1990-07-21,1995-03-29,6342
Vija Vuskalns,1471.6652012077654,10,3,7,1968-05-27,1968-08-29,6343
Pavlina Akritas,1471.638190927576,5,1,4,2000-03-28,2000-04-01,6344
Karoline Steiro,1471.6311793111554,5,1,4,2005-04-29,2007-04-19,6345
Nicha Lertpitaksinchai,1471.6105640396763,13,4,9,2009-02-09,2018-02-09,6346
Ann Stevens,1471.6033122072888,7,1,6,1968-12-26,1971-03-03,6347
Janet Thomas,1471.6027557260738,4,0,4,1970-05-25,1973-07-09,6348
Wendy Hitt,1471.5909201976904,4,0,4,1970-03-31,1975-10-20,6349
Bev Barger,1471.5842883691903,3,0,3,1972-06-05,1974-07-15,6350
Margarita De Zuleta,1471.578469204579,4,0,4,1968-05-21,1969-10-06,6351
Ann Hulbert,1471.5688809331787,7,1,6,1983-03-07,1985-07-21,6352
Line Al Ghannam,1471.56485410453,3,0,3,2008-01-30,2008-02-02,6353
Selima Frioui,1471.5621506702676,3,0,3,2004-04-30,2005-04-30,6354
Yanet Nunez Mojarena,1471.5426174585318,39,17,22,2000-04-25,2008-04-26,6355
Chris Penn,1471.5406366341122,11,3,8,1977-01-17,1977-08-31,6356
Cheah Sui Kim,1471.5402427907197,3,0,3,1992-05-04,1992-05-06,6357
Hedda Odegaard,1471.5252081487236,3,0,3,2012-04-18,2012-04-21,6358
Hannah En Xin Chew,1471.5209751217512,5,1,4,2012-01-30,2012-02-04,6359
Alysia May,1471.5164127366727,15,2,13,1989-08-07,1992-08-10,6360
Shelby Madeiros,1471.5098449985792,3,0,3,2018-07-18,2018-07-20,6361
Molly Hannas,1471.4945351778479,9,2,7,1970-09-07,1977-03-07,6362
Patcharin Cheapchandej,1471.4696217849335,3,0,3,2018-02-08,2020-02-10,6363
Mary Ellen Seifred,1471.4641200720444,3,0,3,1968-05-27,1968-07-29,6364
Valeria Savinykh,1471.461341738126,31,10,21,2011-07-18,2023-10-16,6365
Ina Sartz,1471.4204511569612,11,4,7,2002-04-10,2005-04-28,6366
Karim Strohmeier Merino,1471.4165605957194,5,1,4,1987-07-26,1989-07-24,6367
Carole Lucarelli,1471.3683816127134,4,0,4,1993-02-15,1994-05-23,6368
Yuliana Lizarazo,1471.3664917633862,19,7,12,2008-04-26,2025-04-10,6369
Karla Contreras,1471.3547671603076,3,0,3,2014-04-09,2014-04-12,6370
Yevgenia Izopaitis,1471.3437184275524,37,16,21,1969-02-11,1973-07-05,6371
Esther Rosengarten,1471.3346811401914,5,1,4,1968-10-05,1972-09-25,6372
Jenny Dimond,1471.324670210636,88,35,53,1972-11-21,1980-12-01,6373
Suzanne Schmitt,1471.3209498141002,3,0,3,1968-04-22,1968-09-30,6374
D Kennett,1471.3166855470815,3,0,3,1978-04-17,1981-04-13,6375
Arina Folts,1471.2780300799625,3,0,3,2013-02-08,2016-02-06,6376
Charlene Tsangamwe,1471.2569205359398,3,0,3,2008-04-22,2008-04-25,6377
Yuka Yoshida,1471.2508611449766,111,42,69,1993-04-05,2005-02-14,6378
Yurika Sema,1471.2389140973848,9,2,7,2007-02-12,2012-02-27,6379
Emmanuelle Derly,1471.2259282003918,45,16,29,1985-05-27,1990-09-17,6380
Mette Iversen,1471.219007145454,3,0,3,2003-04-24,2004-04-20,6381
Melena Lopez,1471.2183644486386,3,0,3,2014-04-10,2019-04-17,6382
Heliane Steden,1471.213686638047,28,10,18,1981-04-27,1987-05-11,6383
Alicia Pillay,1471.2032818047917,4,0,4,2006-04-18,2006-04-22,6384
Maureen Ryan,1471.1881488833592,5,0,5,1968-07-08,1974-07-08,6385
Chen Yee Liaw,1471.1831038191724,17,7,10,2000-04-25,2003-04-25,6386
Riei Kawamata,1471.1815420569576,33,14,19,1996-09-28,2001-03-05,6387
Rachel Ann Jensen,1471.1746067271506,9,2,7,1991-12-02,1993-07-26,6388
Eleanora Dumitrescu,1471.1714255213367,9,3,6,1968-09-02,1972-07-25,6389
Jodi Saunders,1471.1605231412827,5,1,4,1998-04-28,1999-02-24,6390
Jane Hirsch,1471.1473138251806,3,0,3,1976-06-29,1980-05-26,6391
Jessica Sweeting,1471.1358989311384,3,0,3,2003-04-23,2003-04-25,6392
Ei Iida,1471.1279466554201,13,3,10,1988-01-11,1995-01-02,6393
Daphne Nicolatou,1471.12365068623,9,3,6,1997-05-05,1998-05-09,6394
Katariina Tuohimaa,1471.1201475391065,3,0,3,2006-04-17,2006-04-19,6395
Nicole Arosemena,1471.0942732753047,3,0,3,2006-04-17,2006-04-20,6396
Rosanna Valerio,1471.0590830141634,3,0,3,1992-04-22,1993-04-21,6397
Nabila Farah,1471.0590277150825,3,0,3,2012-01-31,2012-02-04,6398
Eleni Pilava Papanikolaou,1471.0573558430187,7,2,5,1995-05-10,1999-04-29,6399
Guljan Muhammetkuliyeva,1471.0375763966224,3,0,3,2017-07-20,2017-07-21,6400
Marina Spakova,1471.0017319304911,5,1,4,2003-04-21,2003-04-25,6401
Kaye Hallam,1470.9945204513147,55,19,36,1974-01-01,1979-12-24,6402
Susanne Schmid,1470.9742181765885,14,4,10,1981-07-13,1986-05-19,6403
Andrea Vieira,1470.9722857321526,90,32,58,1986-12-08,1995-05-22,6404
Masako Yanagi,1470.9663543476756,129,50,79,1980-10-13,1993-04-26,6405
Norzahara Zainal,1470.9527178538167,3,0,3,1993-05-03,1993-05-05,6406
Sofia Kvatsabaia,1470.9377721450169,5,1,4,2008-01-30,2014-04-17,6407
Renate Wachtler,1470.9277954188049,3,0,3,1994-04-11,1994-04-13,6408
Sharon Lutz,1470.9093681197953,3,0,3,1980-04-14,1981-05-18,6409
Helena Manset,1470.9033052078496,35,16,19,1981-08-11,1986-12-08,6410
Claudia Chabalgoity,1470.8998203200786,18,5,13,1988-11-07,1993-10-25,6411
Virginia Caceres,1470.8981395311173,27,11,16,1968-03-01,1968-09-02,6412
F Lim,1470.8882423161137,5,1,4,1978-05-01,1978-07-17,6413
Stina Almgren,1470.8838162700877,7,2,5,1982-06-21,1985-07-21,6414
Ana Cecilia Trevino,1470.8773165763268,5,1,4,2001-03-05,2003-03-03,6415
Lori Feingold,1470.8649168971378,3,0,3,1991-07-18,1994-04-15,6416
Bahar Toymyradova,1470.8623807167908,3,0,3,2020-02-04,2020-02-08,6417
Stefania Dalla Valle,1470.8617178847112,3,0,3,1988-07-11,1988-09-19,6418
Eliza Omirou,1470.85450002419,3,0,3,2014-02-05,2015-04-18,6419
Mira Panajotovic,1470.85450002419,3,0,3,1968-01-29,1969-05-05,6419
Sahar Najaei,1470.8544933862793,3,0,3,2012-01-31,2013-02-07,6421
Hiroko Mochizuki,1470.8542977329582,7,0,7,1993-09-28,1996-10-14,6422
Angelika Roesch,1470.8512402314511,37,10,27,2002-01-06,2007-05-07,6423
Kunykei Koichumananova,1470.8434686310825,3,0,3,2003-04-21,2003-04-24,6424
Alaa A A Ali,1470.8247267912702,3,0,3,2000-04-26,2000-04-29,6425
Andrea Galloway,1470.821804472253,3,0,3,1981-09-12,1981-11-02,6426
Katrina Sammut,1470.8136057593083,3,0,3,2014-02-06,2014-02-08,6427
Nicole Rottmann,1470.8041078082158,3,0,3,2011-09-19,2013-02-09,6428
Cynthia Dennis,1470.7831094312091,5,1,4,1980-07-28,1982-08-02,6429
Mrs Gene Russo,1470.7806040112914,9,3,6,1973-04-16,1973-06-04,6430
Erika Andreeva,1470.7636112332127,49,16,33,2022-07-11,2025-05-26,6431
Amanda Trail,1470.7595254050948,5,1,4,1994-05-02,1994-05-06,6432
Debbie Chesterton,1470.7585344531462,29,11,18,1980-04-27,1981-07-13,6433
G Livingstone,1470.7472577814979,3,0,3,1976-06-14,1980-07-07,6434
Julia Potterton,1470.7081136329023,9,3,6,1972-05-01,1978-07-17,6435
S Hawkins,1470.7022057137901,4,0,4,1978-04-17,1978-05-08,6436
Diane Asensio,1470.693858864039,3,0,3,1998-04-13,1998-04-13,6437
Shahira Tawfik,1470.6931004283365,6,1,5,1986-07-20,1995-05-11,6438
Madelaine Madelaire,1470.6914858394225,3,0,3,2005-04-20,2005-04-23,6439
Abigail Spears,1470.6849051873514,65,22,43,2001-03-05,2012-06-11,6440
Cristina Bengzon,1470.6792196018794,3,0,3,1996-02-20,1996-02-22,6441
Wilms,1470.6732499775712,3,0,3,1975-08-25,1977-07-04,6442
Khee Yen Wee,1470.6067098868125,3,0,3,2010-02-06,2015-04-17,6443
Elena Falappa,1470.595903038741,14,5,9,1980-07-07,1982-07-26,6444
Metasebeya Temesgen,1470.5949962803174,3,0,3,1997-05-05,1997-05-09,6445
Annika Karlsson,1470.5900586385426,3,0,3,1985-07-14,1985-09-23,6446
Parvin Afshar,1470.5845512206945,3,0,3,1972-03-20,1972-03-27,6447
Stephanie Green,1470.581584331383,3,0,3,1968-07-08,1969-08-03,6448
Pauline Chan,1470.5750112778453,3,0,3,1996-02-20,1996-02-22,6449
Julie Shiflet,1470.5705458015505,7,1,6,1991-02-11,1994-02-14,6450
Geri Shepard,1470.566966935336,3,0,3,1968-01-08,1968-05-06,6451
Amangul Mollayeva,1470.5596419753165,3,0,3,2011-01-31,2011-01-31,6452
Kerstin Gressmann,1470.5373905542156,5,1,4,2012-04-18,2014-02-08,6453
Arlene Karasick,1470.5369446235939,3,0,3,1968-01-29,1976-12-06,6454
Lyn Montgomery,1470.5343660704027,24,8,16,1969-04-01,1972-06-05,6455
Christine Vogt,1470.521635277761,5,1,4,1997-05-05,1997-05-09,6456
Karla Portalatin,1470.4928444832485,3,0,3,2012-04-19,2017-07-21,6457
Caroline Bhaguandas,1470.4879791451117,7,2,5,1981-04-13,1982-06-01,6458
C A Lewis,1470.4879230722956,4,0,4,1968-07-08,1970-07-06,6459
J Leach,1470.4782030907472,3,0,3,1979-07-09,1981-05-25,6460
Suzie Alberts,1470.448867887121,3,0,3,1968-04-01,1970-03-22,6461
Annette Steenkamp,1470.4263161752388,9,1,8,1970-12-28,1972-06-05,6462
Inge Weber,1470.4216683208583,3,0,3,1968-07-22,1969-08-03,6463
Alena Vaskova,1470.4145690966036,22,6,16,1995-07-24,2003-08-25,6464
Sybille Khayat,1470.4144884963532,3,0,3,2006-04-20,2006-04-21,6465
Hoda Habib,1470.4138915297394,3,0,3,2018-02-06,2018-02-09,6466
Sasha Fisher,1470.4002201131887,5,1,4,2001-05-17,2003-04-24,6467
Louise Stacey,1470.3885306794916,5,0,5,1989-01-16,1992-02-03,6468
Tu Dong,1470.3862281114875,5,1,4,1998-03-02,1999-02-27,6469
C Beaven,1470.3575051944945,3,0,3,1970-04-20,1971-05-31,6470
Mika Buchnik,1470.355286137386,3,0,3,2023-04-11,2023-04-15,6471
Marge Kilgus,1470.3250115213068,3,0,3,1968-01-22,1971-02-01,6472
Jane Poynder,1470.3221010650418,3,0,3,1968-04-08,1970-07-13,6473
Sally Mccann,1470.3193876504101,9,2,7,1986-12-29,1989-01-16,6474
Anna Soffia Gronholm,1470.3164220085005,3,0,3,2014-02-05,2015-04-17,6475
Maria Jose Pintos,1470.3078987115034,3,0,3,2012-04-19,2012-04-21,6476
Ella Haavisto,1470.2960119074467,3,0,3,2022-04-12,2022-04-14,6477
Alessandra Raiteri,1470.2428452198378,5,1,4,1980-07-07,1980-08-04,6478
Pamela Floro,1470.2119524202192,3,0,3,1998-02-17,1998-02-20,6479
Suzanie Pretorius,1470.2105932750007,5,1,4,2023-04-10,2023-04-15,6480
Joyce Kohler,1470.2060333836107,3,0,3,1980-01-07,1980-01-21,6481
Elna De Villiers,1470.2004772947992,3,0,3,2004-04-27,2004-04-30,6482
Yasmin Attia Abdalla,1470.1968986000195,3,0,3,1997-05-05,1997-05-07,6483
Christine George,1470.1961961070801,3,0,3,1968-04-29,1969-03-17,6484
Ishraq Salman,1470.1693126174823,3,0,3,1998-02-17,1998-02-19,6485
Melanie Schnell,1470.1692090711836,32,10,22,1994-11-14,2000-06-26,6486
Marilouise Van Zyl,1470.1594323765216,3,0,3,2023-04-12,2023-04-15,6487
Sandra Andriamarosoa,1470.1505253646326,3,0,3,2014-02-05,2014-02-08,6488
Erika Smith,1470.1498719607393,15,5,10,1980-01-07,1988-02-01,6489
Nicole Angat,1470.1466927102886,5,1,4,2000-04-26,2001-04-13,6490
Denise Cole,1470.138238593953,6,1,5,1980-01-07,1980-06-09,6491
Denisa Sobotkova,1470.131466754565,9,3,6,1997-03-01,1998-03-02,6492
Rosalind Kermode,1470.1256640125173,3,0,3,1981-08-17,1982-04-26,6493
Su Peng Ng,1470.118644883056,3,0,3,1990-07-21,1991-07-19,6494
Susan Mcculloch,1470.1168657218022,13,4,9,1980-04-07,1982-07-26,6495
Mrs D Grundy,1470.1110715380491,3,0,3,1975-04-28,1975-05-26,6496
Rurika Maruse,1470.1060832220014,3,0,3,1998-09-07,1998-09-07,6497
Vicki Nelson,1470.0991103356148,223,87,136,1980-05-26,1989-07-24,6498
Gulberk Gultekin,1470.088301600043,29,12,17,1991-07-21,2000-05-18,6499
Yulia Klimchenko,1470.087868250542,3,0,3,2003-04-21,2003-04-24,6500
Eva Hrdinova,1470.0847508996915,7,1,6,2005-09-26,2010-07-12,6501
Lisa Gebert,1470.0818075527845,3,0,3,2000-03-28,2000-03-31,6502
V Adams,1470.0799303057627,3,0,3,1981-02-27,1981-08-10,6503
Cherise Slocombe,1470.0769390254575,3,0,3,2017-07-19,2017-07-22,6504
Warren Piper,1470.076786915864,3,0,3,1978-05-01,1978-05-29,6505
Mia Nicole Eklund,1470.0479774568014,3,0,3,2016-04-14,2016-04-16,6506
Susan Illingworth,1470.0440819357182,3,0,3,1980-01-07,1980-01-27,6507
Lynn Lewis,1470.0439210233778,3,0,3,1981-09-12,1983-06-27,6508
Lusine Chobanyan,1470.0381376911118,3,0,3,2014-02-06,2015-04-17,6509
Daniela Cociorba,1470.0318738685987,3,0,3,2007-04-24,2007-04-27,6510
Tatevik Babayan,1470.0201104628281,3,0,3,1999-04-30,2001-05-17,6511
Marisa Howell,1469.986499763979,3,0,3,1998-04-28,1998-05-03,6512
Jeanette Amer,1469.9742851136639,5,0,5,1971-02-01,1973-01-09,6513
Nathalie Sienkob,1469.9585000221932,5,1,4,1997-05-05,1997-05-09,6514
Karin Moos,1469.9423102251315,24,8,16,1980-03-19,1985-07-14,6515
Ilina Kroushovski,1469.938246034642,3,0,3,2005-04-27,2005-04-30,6516
Jean Mcfarlane,1469.91820646932,7,1,6,1968-04-08,1969-05-12,6517
Michele Wheeler,1469.8991517002726,12,4,8,1980-06-09,1981-07-27,6518
Nelli Buyuklianova,1469.8715224643267,5,1,4,2016-04-11,2016-04-15,6519
Dania Navarro,1469.8547785874935,3,0,3,2011-05-17,2011-05-20,6520
Sarah Rafael,1469.8250965621614,3,0,3,1987-07-26,1988-12-04,6521
Masami Nakai,1469.8245900423872,3,0,3,1996-09-28,1996-09-28,6522
Branka Bojovic,1469.8216408843853,5,1,4,2001-03-05,2001-03-05,6523
Vera Komar,1469.816237582438,17,6,11,1973-06-25,1977-05-29,6524
Sue Green,1469.8061573339241,4,0,4,1970-04-06,1972-03-27,6525
Halla Alajeely,1469.7879261509274,3,0,3,2014-02-04,2014-02-07,6526
Elze Potgieter,1469.775407909169,3,0,3,2006-04-18,2006-04-22,6527
Marisa Sanchez,1469.7739028890499,8,2,6,1974-05-13,1981-11-09,6528
Geraldine Ang,1469.724923893953,12,4,8,2012-01-30,2014-02-07,6529
Carmen Chillida,1469.709840212638,5,1,4,1973-10-08,1980-07-21,6530
Nirupama Vasant,1469.7046423204583,13,4,9,1968-01-16,1971-07-26,6531
Basak Eraydin,1469.6954369620998,14,5,9,2010-07-26,2020-02-05,6532
Camilla Rosatello,1469.6760649110743,12,3,9,2018-05-14,2025-08-04,6533
Anne Grousbeck,1469.6758063895431,7,1,6,1988-10-17,1989-12-11,6534
Margaret Harris,1469.6646853263894,13,4,9,1968-04-08,1975-04-28,6535
Perrine Du Puy,1469.664484605532,9,2,7,1975-08-05,1978-04-17,6536
I Stadele,1469.6503739835798,3,0,3,1979-07-09,1981-05-25,6537
Heidi Narborough,1469.637416881407,3,0,3,1981-04-06,1982-04-08,6538
Julia Muir,1469.6157368073866,12,4,8,1987-07-26,1996-03-28,6539
Ana Almansa,1469.5488817698401,13,4,9,1978-10-09,1985-10-06,6540
Ya Yi Yang,1469.5242237113862,6,1,5,2020-03-03,2023-09-18,6541
Kimiyo Hatanaka,1469.5185261038464,24,8,16,1969-01-13,1977-05-29,6542
Lily Aguirre,1469.5161194164334,3,0,3,1993-04-20,1995-03-29,6543
Emilia Tenizbaeva,1469.5005863171689,3,0,3,2011-01-31,2011-01-31,6544
Barbora Palicova,1469.4996166463618,5,1,4,2022-07-25,2025-07-21,6545
Sabine Lohmann,1469.497449639693,4,0,4,1991-02-05,1993-08-01,6546
Lucia Sarno,1469.483201005396,3,0,3,1972-03-27,1972-07-25,6547
Bahia Mouhtassine,1469.4608381720482,23,9,14,1995-05-09,2007-05-14,6548
Juliet Drew,1469.460618321068,7,2,5,1996-03-03,1997-05-10,6549
Ann Keegan,1469.4451325448867,5,0,5,1970-07-06,1974-07-08,6550
Risa Ozaki,1469.4235951679218,58,19,39,2013-09-09,2019-09-09,6551
Varvara Flink,1469.3551581980714,18,5,13,2012-07-23,2020-03-02,6552
Jolanda Mens,1469.29443318317,3,0,3,2001-03-05,2001-03-05,6553
Jitka Horcickova,1469.2920693426336,18,6,12,1968-03-25,1973-07-23,6554
Karen Esther Contreras,1469.2807636086577,5,1,4,2017-07-19,2019-04-20,6555
Schroeder,1469.2644339716305,3,0,3,1972-03-20,1976-07-05,6556
Dea Herdzelas,1469.2521454762307,20,7,13,2013-02-07,2023-04-14,6557
Janine Michiels,1469.2409953396632,3,0,3,1968-02-29,1970-07-13,6558
Kaori Aoyama,1469.2342733568667,3,0,3,1997-09-08,1998-09-07,6559
Li Hua Yang,1469.1743893802868,3,0,3,1988-12-04,1997-03-01,6560
Valentina Sassi,1469.171647332021,4,0,4,2001-05-21,2006-02-20,6561
Janine Whyte,1469.1459328223061,36,13,23,1968-01-19,1972-12-26,6562
Marion Cristiani,1469.1122529345866,3,0,3,1968-02-09,1968-05-27,6563
Lisa Kearney,1469.1096901350259,4,0,4,1978-01-16,1978-03-13,6564
Petra Puheloinen,1469.1011401837911,4,0,4,2000-05-15,2000-05-19,6565
Mimi Henreid,1469.0651570600517,11,2,9,1968-05-06,1973-08-20,6566
Mariette Pakker,1469.0331006380634,7,1,6,1979-06-04,1980-07-21,6567
Annette Aksdal,1469.023119341532,3,0,3,2002-04-10,2002-04-12,6568
Rebecca Marino,1468.9845467025664,137,52,85,2008-10-27,2025-09-08,6569
Simonetta Masier,1468.9565070398044,3,0,3,1980-07-14,1980-08-04,6570
Anne Marie Ruegg,1468.9489437528216,19,6,13,1975-07-07,1982-07-26,6571
Barbel Kasler,1468.9453670539679,4,0,4,1973-06-11,1982-05-17,6572
A Loughrey,1468.941469481621,3,0,3,1980-06-09,1982-07-05,6573
Meng Yuan,1468.9248184350645,55,17,38,2005-09-26,2009-01-19,6574
Sophie Prouvost,1468.8643386752397,6,1,5,1970-02-23,1980-07-28,6575
Maria Irene Squillaci Sandoval,1468.789564378528,5,1,4,2003-04-23,2005-04-23,6576
Margaret Cooper,1468.7387613145074,54,16,38,1968-01-01,1973-07-09,6577
Francesca Jones,1468.7324886357746,46,17,29,2021-01-31,2026-05-18,6578
Kerry Ann Lim,1468.7233285285813,3,0,3,1989-10-01,1990-07-21,6579
Johanne Venturino,1468.7192888843026,43,19,24,1968-02-09,1978-04-17,6580
J Smith,1468.710254264922,3,0,3,1969-04-01,1971-04-05,6581
Laura Gatti,1468.7044500497198,5,1,4,1997-05-05,1997-05-09,6582
J Rayner,1468.691699354411,4,0,4,1973-05-14,1978-05-08,6583
Maram Mohamed Sharif,1468.6699158120855,3,0,3,2016-04-13,2016-04-16,6584
Carita Moolman,1468.6422711554399,3,0,3,2012-04-16,2012-04-19,6585
Iryna Bremond,1468.61348385748,10,2,8,2007-07-16,2012-04-09,6586
Tiiu Soome,1468.5976109559847,6,1,5,1968-06-03,1972-07-27,6587
Sharon Green,1468.5642468450321,3,0,3,1997-05-13,1997-05-16,6588
Audra Keller,1468.536595138427,130,42,88,1989-09-18,1995-08-28,6589
Tze May Lee,1468.520301759171,3,0,3,1990-07-21,1992-05-05,6590
Helena Laitinen,1468.5056471288935,3,0,3,1972-03-20,1972-03-27,6591
Keren Shlomo,1468.4891719893149,3,0,3,2010-02-04,2014-02-09,6592
Anca Alexia Todoni,1468.454630227571,16,4,12,2024-02-05,2025-06-30,6593
Susie Starrett,1468.4320669600386,8,2,6,1997-03-01,1997-04-12,6594
L Brooks,1468.3742048584538,3,0,3,1970-04-13,1971-04-12,6595
Beverley Vercoe,1468.3492142350265,57,26,31,1968-01-29,1975-01-20,6596
J Rowe,1468.327655091141,3,0,3,1974-07-08,1975-05-26,6597
Veronika Koch,1468.3240887541506,6,1,5,1968-09-02,1972-08-14,6598
Berit Bjork,1468.3216326821037,14,4,10,1979-11-26,1983-04-18,6599
Jo Sheridan,1468.3118823755576,6,1,5,1977-05-23,1980-07-07,6600
Ann Bostrom,1468.311601223309,3,0,3,1968-07-08,1974-07-15,6601
Barbara Wadsworth,1468.282066209117,4,0,4,1970-10-20,1974-06-03,6602
Keiko Ishida,1468.2683163656118,10,3,7,1995-09-12,1999-09-06,6603
Elina Durchman,1468.200872156598,5,1,4,1976-07-26,1978-08-16,6604
Sadaf Sadeghvaziri,1468.1797478799956,8,2,6,2014-02-05,2017-07-21,6605
Ecaterina Vasenina,1468.1708085721218,12,4,8,2007-04-24,2009-04-24,6606
Lenka Dlhopolcova,1468.1501465918784,5,0,5,2000-12-31,2002-01-06,6607
Katia Piccolini,1468.1316010672717,72,31,41,1989-05-01,1993-07-26,6608
Vicky Oosthuizen,1468.112679641896,7,1,6,1969-01-05,1973-11-19,6609
F Donnelly,1468.103777647255,3,0,3,1969-04-21,1971-04-12,6610
Rhona Howett,1468.095913642579,5,1,4,1980-07-07,1986-07-20,6611
C Lindsay,1468.0911206981632,3,0,3,1978-05-22,1981-05-25,6612
Buche,1468.0792451689151,3,0,3,1969-07-09,1969-08-28,6613
Katrina Scott,1468.0161788296186,7,1,6,2020-08-31,2025-08-17,6614
Linda Siegel,1468.0104506310086,23,4,19,1978-01-02,1982-05-03,6615
Ziggy Cornish,1467.99789329357,7,2,5,1968-04-08,1971-05-03,6616
Karla Golfin,1467.9911355731574,11,4,7,1992-04-21,2003-04-25,6617
Leonora Peralta,1467.9623642424576,6,0,6,1968-05-23,1982-07-19,6618
Niki Ninaus,1467.9540642102736,3,0,3,1996-08-05,1998-04-13,6619
Elaine Genovese,1467.9344423828716,21,8,13,2007-04-23,2023-04-15,6620
Helen Kayser,1467.9178974246915,26,8,18,1968-02-12,1974-12-16,6621
C Mchugo,1467.8710797289714,3,0,3,1975-04-14,1975-05-26,6622
Jo Griffiths,1467.8693292478586,6,1,5,1973-06-04,1988-12-04,6623
Patricia Ahern,1467.831507330668,3,0,3,1971-04-12,1971-05-03,6624
Nora Davies,1467.821858544666,5,0,5,1968-11-04,1972-11-06,6625
Kumiko Iijima,1467.8196673306823,5,1,4,1998-09-07,1999-09-06,6626
Jill Craybas,1467.7742206989844,424,163,261,1996-08-26,2013-04-08,6627
Camille Bann,1467.7546485941623,8,2,6,1981-03-06,1982-04-26,6628
Sarah Loosemore,1467.690820595472,61,23,38,1988-01-11,1992-06-22,6629
Carol Wendell Wood,1467.680305047745,4,0,4,1968-08-13,1969-10-27,6630
Yuliya Hatouka,1467.6625779702445,11,3,8,2021-05-24,2025-06-23,6631
J Swart,1467.6485571336043,4,0,4,1968-12-21,1970-04-06,6632
Karen Shin,1467.6200814067718,7,1,6,1989-07-24,1990-04-02,6633
Dawn Buth,1467.6027618872006,10,2,8,2000-08-22,2001-06-25,6634
Asha Jaja,1467.5882696628998,3,0,3,2000-05-09,2000-05-13,6635
C Gaskin,1467.5656969657734,3,0,3,1981-04-06,1982-04-19,6636
Rene Blount,1467.5236968765762,126,37,89,1975-10-13,1986-07-14,6637
Irina Letseva,1467.488026585545,3,0,3,2005-04-27,2005-04-30,6638
M Jafarey,1467.474625627528,4,0,4,1978-05-29,1980-02-12,6639
Helen Young,1467.4318545103097,4,0,4,1968-05-27,1972-12-26,6640
Rowena Sanders,1467.4312959533709,66,23,43,1968-06-04,1977-12-01,6641
Louise Gengler,1467.4185228461677,9,2,7,1970-04-27,1973-08-20,6642
Sally Ride,1467.404480572302,6,1,5,1970-05-04,1972-09-18,6643
Eugenia Camacho,1467.4016048559906,5,1,4,2016-02-05,2018-07-19,6644
Sobhini De Silva,1467.3695337549518,11,4,7,1997-03-11,2001-04-11,6645
Teresa Edgar,1467.3633946013597,9,2,7,1987-06-22,1988-06-20,6646
Jaslyn Hewitt,1467.3616330571124,5,0,5,2001-04-30,2005-01-03,6647
Neus Avila Bonastre,1467.3490208372104,22,6,16,1990-09-10,1995-07-10,6648
Belinda Orchard,1467.3340269798068,6,1,5,1968-04-08,1969-08-11,6649
Diane Matzner,1467.3283151947608,14,4,10,1968-07-01,1969-08-16,6650
Valerie Franta,1467.2937972667494,3,0,3,1976-12-06,1976-12-27,6651
Nikola Hofmanova,1467.2915999118338,6,1,5,2006-07-15,2011-07-11,6652
C King Hele,1467.2698617968515,3,0,3,1975-05-26,1978-05-29,6653
Antoaneta Pandjerova,1467.23361186578,11,3,8,1996-07-13,2001-04-27,6654
Maria Paula Deheza,1467.1402699572548,11,4,7,2008-04-23,2011-02-05,6655
Stacey Lock,1467.1083230742709,3,0,3,2008-04-23,2008-04-25,6656
Akiko Gooden,1467.0669206992832,8,2,6,1990-04-02,1991-08-05,6657
Monica Simmen,1467.0380018338049,32,11,21,1976-08-22,1981-04-20,6658
Suzanna Anggarkusuma,1467.0359910781754,38,14,24,1981-11-09,1991-07-26,6659
Ruth Pullar Lothian,1467.0025193854572,6,1,5,1976-06-14,1980-07-07,6660
Elena Krutko,1466.9901924122983,8,1,7,1998-04-14,2000-05-18,6661
Liezel Huber,1466.937231493989,18,4,14,1996-10-28,2001-11-05,6662
Tania Kokeza,1466.8383252820013,3,0,3,1970-07-06,1970-07-06,6663
Themis Zambrzycki,1466.8287050537094,6,1,5,1989-04-17,1990-04-23,6664
Arlinda Rushiti,1466.8195146801932,6,1,5,2023-04-10,2023-04-15,6665
Monica Acosta,1466.7999614893365,4,0,4,2002-04-22,2002-04-26,6666
Anne Meredith,1466.7994218840563,8,1,7,1988-06-20,1990-06-25,6667
Dagmar Stoltenberg,1466.7551922961625,26,8,18,1970-08-24,1980-05-22,6668
Julia Schruff,1466.748081809384,131,48,83,2003-04-07,2010-07-26,6669
Nicole Lorenzetti,1466.7391744158979,5,0,5,1978-02-20,1978-03-29,6670
Malou Ejdesgaard,1466.7341502430534,4,0,4,2010-02-06,2012-04-09,6671
Ansley Cargill,1466.7253771236446,24,6,18,2000-08-22,2005-10-31,6672
E Robb,1466.694222377129,4,0,4,1975-05-26,1980-05-26,6673
Charlotte Roemer,1466.6319087829868,16,6,10,2014-02-05,2022-04-16,6674
Valentina Mediorreal Arias,1466.5673128695132,4,0,4,2024-04-01,2026-03-30,6675
Jane Ohara,1466.534472834781,65,22,43,1968-07-01,1976-08-21,6676
Joy Schwikert,1466.5298019279583,56,17,39,1971-09-20,1975-10-06,6677
Michelle Ballheimer,1466.4967487872357,8,2,6,1975-04-14,1982-04-26,6678
Nanne Dahlman,1466.445328137992,127,48,79,1988-11-28,1999-04-19,6679
Madoka Kuki,1466.4267630195636,20,8,12,1996-03-03,1999-09-06,6680
Sara De Nigris,1466.4217339345503,4,0,4,1968-05-06,1969-09-22,6681
Kristina Kucova,1466.3788425037644,112,41,71,2008-04-26,2023-10-16,6682
Ingelise Driehuis,1466.2910228320493,5,0,5,1988-06-13,1994-06-13,6683
J A Timmis,1466.268204875458,4,0,4,1973-05-14,1982-04-26,6684
Alexandra Chong,1466.201661016871,8,2,6,1998-04-27,2001-05-16,6685
L Ristic,1466.0906444596271,5,1,4,1981-02-27,1982-04-26,6686
Amanda Pryor,1465.996506211322,14,5,9,1977-05-23,1981-01-12,6687
Fiona Moffitt,1465.9622234756314,19,6,13,1974-11-18,1981-04-06,6688
Bibiane Schoofs,1465.940437258708,21,7,14,2011-10-17,2020-02-10,6689
Jolene Watanabe,1465.922708745664,125,45,80,1991-02-25,2000-01-17,6690
Jessica Emmons,1465.9083889434733,25,6,19,1991-03-25,1993-11-01,6691
Mimma Chernovita,1465.8843144905263,5,0,5,1994-04-25,1997-09-22,6692
J V A Boothman,1465.8808035751572,6,1,5,1972-05-01,1978-05-01,6693
Heidi El Tabakh,1465.8776777017265,10,2,8,2003-04-28,2013-02-11,6694
Wendy Wood,1465.8290753879055,10,2,8,1985-07-08,1988-08-01,6695
Maider Laval,1465.8280275657055,36,11,25,1987-05-25,1991-07-08,6696
Jo Louis,1465.800636740948,20,7,13,1979-07-02,1989-07-03,6697
Sarah Wetz,1465.7977049505614,10,3,7,1996-03-29,2004-04-29,6698
Trude Schoenberger,1465.7639295128918,9,3,6,1968-08-15,1972-08-21,6699
Anne Kremer,1465.7559408874838,407,193,214,1991-07-19,2014-02-09,6700
Borka Majstorovic,1465.745538068843,10,3,7,1999-04-19,2002-01-28,6701
Shannan Mccarthy,1465.7309666858846,23,6,17,1991-11-04,1994-06-06,6702
Natalie Gabriela Espinal Sanchez,1465.712884404849,8,2,6,2016-02-03,2018-07-21,6703
Joan Wooley,1465.6830701900606,4,0,4,1971-05-31,1975-04-14,6704
Helena Wapler,1465.6333625423038,4,0,4,1980-03-17,1981-03-23,6705
Maluca Llamas,1465.6325161072803,6,1,5,1979-04-30,1981-11-09,6706
Emmanuelle Gagliardi,1465.6033685973448,318,128,190,1995-04-24,2008-04-26,6707
Sunitha Rao,1465.5943857610755,23,8,15,2002-09-09,2008-06-09,6708
Raluka Serban,1465.4920464349254,8,2,6,2022-07-25,2025-07-14,6709
Natasha Villarroel,1465.4760395833382,6,1,5,1991-07-19,1993-04-23,6710
Susan Das,1465.4460113278603,4,0,4,1968-12-21,1974-07-08,6711
Veronika Erjavec,1465.436363771903,15,4,11,2024-04-12,2026-04-10,6712
Carlota Martinez Cirez,1465.4221175748614,4,0,4,2025-04-22,2026-04-21,6713
Dianne Oakley Grundy,1465.4168000993352,10,2,8,1968-04-08,1970-05-25,6714
Tiffany Dabek,1465.3653700979578,4,0,4,2001-07-23,2005-08-29,6715
Erika Sema,1465.3086270521303,11,2,9,2011-09-26,2016-09-12,6716
Saira Sanchinelli,1465.2171990302008,8,2,6,1992-04-21,2002-05-18,6717
Jane Wood,1465.1912142651654,14,5,9,1986-06-30,1997-03-01,6718
Pam Hobbs,1465.1863677757692,6,1,5,1973-06-25,1975-06-02,6719
Kamila Dadakhodjaeva,1465.1717062884013,6,1,5,2000-06-12,2002-03-07,6720
C Williams,1465.1489707968785,4,0,4,1971-04-26,1978-07-10,6721
Marilen Laspe,1465.1453525658799,5,0,5,1968-03-25,1972-06-05,6722
Suvimol Duangchan,1465.129425275064,33,14,19,1991-07-19,1999-02-26,6723
Haruka Inoue,1465.0781682980069,41,15,26,1995-09-19,2001-09-24,6724
Kamilla Farhad,1465.0724716117488,4,0,4,2011-07-18,2013-07-22,6725
Betty Pratt,1465.0495616437088,13,4,9,1968-01-01,1970-01-12,6726
Ivana Lisjak,1465.0139805865283,28,8,20,2003-05-19,2010-10-18,6727
Pilar Vasquez,1464.908717211799,245,105,140,1980-06-09,1993-07-26,6728
Eleanor Compton,1464.8239410061317,4,0,4,1981-09-12,1982-08-02,6729
I Hsuan Hwang,1464.8108817436637,8,2,6,2004-04-20,2009-02-07,6730
Susan Gibson,1464.8101958123584,8,2,6,1980-05-11,1980-07-21,6731
Darja Vidmanova,1464.7689972619012,6,1,5,2025-09-08,2026-03-30,6732
Irena Pavlovic,1464.753708202516,7,1,6,2009-05-18,2013-05-27,6733
Olivia Gadecki,1464.7133064637753,38,10,28,2021-01-31,2026-01-04,6734
Patty Oreilly,1464.7105306888586,17,5,12,1985-09-09,1993-07-26,6735
Linda Stewart,1464.6497482527702,34,14,20,1980-01-01,1982-07-19,6736
L Jowett,1464.6216047790106,4,0,4,1971-01-11,1971-05-24,6737
Paula Coulter,1464.6102505624206,8,2,6,1979-10-15,1982-08-02,6738
Misaki Doi,1464.6089158404243,280,104,176,2010-05-24,2023-09-25,6739
Charlene Grafton,1464.5597560797999,4,0,4,1969-03-18,1977-09-19,6740
Anastasia Vdovenco,1464.5568273695797,4,0,4,2020-02-04,2020-02-07,6741
Yuxuan Zhang,1464.5336250177797,10,2,8,2013-01-14,2018-10-08,6742
Alejandra Gomez,1464.5288828463117,6,1,5,1993-04-19,1994-04-16,6743
Shirley Stapleton,1464.5138110977007,4,0,4,1969-04-21,1973-04-16,6744
Sandy Gumulya,1464.478005024011,16,5,11,2004-04-19,2010-02-04,6745
Mariam Bolkvadze,1464.4256727057264,22,7,15,2015-02-07,2025-06-09,6746
Karin Ionesco,1464.3634855529629,4,0,4,2001-03-05,2002-03-04,6747
Sofia Shapatava,1464.322032463429,41,17,24,2008-09-29,2023-04-15,6748
Renata Skrzypczynska,1464.284160957768,4,0,4,1986-07-20,1987-07-26,6749
Sheila Burley,1464.24191818948,5,0,5,1968-04-29,1970-05-25,6750
Miyu Kato,1464.1947646689343,26,8,18,2015-10-12,2019-04-01,6751
Alice Canepa,1464.1852932890097,10,2,8,1995-07-10,2006-07-17,6752
Anne Marie Studer,1464.1837488284239,30,10,20,1968-03-11,1971-03-21,6753
Siobhan Nicholson,1464.1449424749048,33,13,20,1981-04-13,1993-05-15,6754
Gabriela Lee,1464.1361774612888,7,1,6,2021-04-05,2024-04-01,6755
Robin Kahn,1464.1211494085849,11,3,8,1974-05-04,1977-09-19,6756
Nicola Hook,1464.0462378389982,12,4,8,1981-02-27,1982-04-26,6757
Jennifer Louis,1464.0404136940601,4,0,4,1970-02-09,1972-05-06,6758
Tatiana Prozorova,1464.0267761091943,9,1,8,2023-05-22,2025-10-27,6759
Gwynn Sammel,1463.9930735438043,39,13,26,1972-12-26,1979-11-26,6760
Annita Stylianidou,1463.9584178908278,4,0,4,2000-03-28,2000-03-31,6761
Sofia Managadze,1463.9121794954156,6,1,5,1996-04-22,1997-04-24,6762
Liga Dekmeijere,1463.89473263405,14,4,10,1998-04-15,2012-04-21,6763
Masika Williams,1463.872117127948,4,0,4,2002-05-14,2002-05-18,6764
Katriin Saar,1463.871041767908,4,0,4,2018-02-08,2022-04-15,6765
Olivia Fery,1463.8467784961235,4,0,4,1990-09-17,2000-04-28,6766
Annalisa Pesce,1463.8339165764057,6,1,5,1980-05-05,1980-07-28,6767
Dina Khalil,1463.8201471355474,8,2,6,1999-04-26,2002-04-12,6768
Hazar Sidki,1463.7466879236247,6,1,5,2000-04-28,2005-04-21,6769
Carmen Bustamante,1463.743819117706,10,2,8,1968-09-05,1974-10-07,6770
Jenny Wagstaff,1463.6793942565498,6,1,5,1968-04-08,1968-05-27,6771
L Browne,1463.675430067436,4,0,4,1981-05-25,1982-07-26,6772
Martina Muller,1463.6734536537663,178,64,114,2000-02-14,2008-08-18,6773
Leolia Jeanjean,1463.6665054261878,47,14,33,2022-05-23,2026-05-17,6774
Mallory Cecil,1463.6607771009526,5,0,5,2008-08-18,2010-04-12,6775
Danielle Cosgrove,1463.6392427569135,4,0,4,2003-04-23,2003-04-27,6776
S Thompson,1463.5673742784086,4,0,4,1970-07-13,1981-07-06,6777
Radka Pelikanova,1463.566058581576,7,1,6,1995-05-08,1999-10-18,6778
Hrafuhildur Hannesdotter,1463.562660370699,4,0,4,1996-03-25,1996-03-29,6779
Kiyomi Nakagawa,1463.540741782811,7,1,6,1974-10-07,1980-11-12,6780
Chiraz Bechri,1463.509880820904,8,2,6,2019-02-06,2024-09-09,6781
Shizu Katsumi,1463.378052120535,6,1,5,1996-09-28,1999-09-06,6782
Tamar Hayat,1463.327268810707,4,0,4,1968-04-16,1969-10-05,6783
Sue Boyle,1463.3237391145815,4,0,4,1970-11-09,1980-07-24,6784
Nazari Urbina,1463.3104349721054,4,0,4,2011-02-02,2011-02-05,6785
Carol Draper,1463.3062033378003,9,2,7,1974-12-21,1978-12-11,6786
Mary Wisnieski,1463.3028336373427,8,2,6,1969-02-14,1972-01-21,6787
Sona Saringulyan,1463.2763772888459,17,7,10,1997-05-05,2000-03-31,6788
Eva Birnerova,1463.27222819337,93,32,61,2003-04-28,2013-09-09,6789
Chiaki Nakajima,1463.2598377370766,8,2,6,1998-09-07,1999-09-06,6790
Maria Monami,1463.206010938704,4,0,4,1969-03-24,1970-09-28,6791
Julia Roca Valverde,1463.1997732534269,4,0,4,2003-04-23,2003-04-27,6792
Karin Benson,1463.190400049353,10,3,7,1971-05-28,1977-04-04,6793
Barbara Luz,1463.165952316487,5,0,5,2011-04-25,2014-02-09,6794
Sijia Wei,1463.1615096652347,15,4,11,2023-10-16,2025-10-27,6795
Pam Jeffreys,1463.1561158939658,4,0,4,1968-04-08,1969-05-05,6796
Sue Edgecombe,1463.1449635801337,4,0,4,1970-04-13,1973-05-14,6797
So Ra Lee,1463.1224861581725,11,3,8,2012-09-17,2018-02-10,6798
Kiyoko Yazawa,1463.1074899068635,19,7,12,1992-09-25,1999-09-06,6799
Vasilisa Bardina,1463.0907744338206,34,11,23,2006-06-26,2008-09-08,6800
Anne Mette Sorensen,1463.0540917564276,55,20,35,1971-06-16,1982-07-19,6801
Veronica Osogo Nabwire,1463.047680758118,4,0,4,2012-04-16,2012-04-21,6802
Roshenka Fernando,1463.0431650387904,4,0,4,2012-01-30,2017-07-21,6803
Maria Ines Fonte,1463.0071007615104,4,0,4,2019-02-06,2020-02-07,6804
Joanne Louis,1462.9875114694864,7,0,7,1984-06-25,1989-06-12,6805
Speidel,1462.987095669852,4,0,4,1975-08-25,1980-07-19,6806
Francesca Ciardi,1462.9588447577655,4,0,4,1980-05-07,1981-04-27,6807
Monica Rho,1462.8584627078194,20,7,13,1973-01-29,1974-06-03,6808
Penelope Abreu,1462.8257539421725,4,0,4,2016-02-01,2016-02-06,6809
A Cornelius,1462.8004236718818,6,1,5,1968-04-08,1969-05-26,6810
A Kree,1462.7830824754665,4,0,4,1968-07-25,1971-02-25,6811
Olga Dzuba,1462.7666315114564,6,1,5,2001-04-09,2002-03-08,6812
Isabelle Crudo,1462.7457485258801,4,0,4,1981-05-04,1987-11-30,6813
Nathalie Vierin,1462.7364661827612,29,9,20,2001-04-30,2009-07-20,6814
Angelika Bachmann,1462.7343238142348,26,7,19,1999-06-07,2008-05-05,6815
Maria Jose Gaidano,1462.7031431054538,66,19,47,1992-07-20,1999-04-05,6816
Melanie Marois,1462.6355778928325,12,3,9,1999-11-01,2004-11-01,6817
Natalia Nikitina,1462.5959063434661,9,2,7,1996-02-20,1999-02-26,6818
Lori Miller,1462.554980010422,4,0,4,1980-07-14,1981-07-27,6819
Marisela Aviles,1462.539083637186,6,1,5,2007-04-16,2008-04-26,6820
Cecilia Rosado,1462.5278635096765,12,3,9,1968-10-03,1971-04-05,6821
Barbara Haas,1462.496759587146,34,12,22,2012-06-11,2021-07-12,6822
Paola Ippoliti,1462.491924015373,6,1,5,1980-07-07,1982-07-26,6823
Mona Barthel,1462.4799680259412,333,153,180,2010-10-18,2026-02-01,6824
Hester Witvoet,1462.4703257196359,34,11,23,1988-01-04,1989-07-03,6825
Tara Wurth,1462.4628204042363,7,1,6,2022-09-12,2025-07-14,6826
Raluca Sandu,1462.3902984436747,36,12,24,1997-04-22,2002-02-18,6827
Yun Ling Ng,1462.3380384488357,4,0,4,2004-04-24,2006-04-21,6828
Nina Kalezic,1462.333768298731,4,0,4,2014-04-16,2015-04-17,6829
Yuliana Monroy,1462.2420396143998,4,0,4,2022-04-04,2025-04-10,6830
Sabrina Olimjanova,1462.2282189900845,4,0,4,2023-04-11,2023-04-15,6831
Henrike Kadzidroga,1462.2099015091871,4,0,4,1989-09-18,1990-09-17,6832
Nuria Niemes,1462.199640308636,9,2,7,1992-04-22,2001-04-24,6833
Steffi Menning,1462.1970216567445,11,2,9,1988-05-09,1990-10-08,6834
Agustine Limanto,1462.1721048448394,8,2,6,1995-10-02,2002-03-08,6835
Monica Aguero,1462.1637194902503,8,2,6,1992-04-21,1996-05-11,6836
Mina Abdul Rahman,1462.161542272134,4,0,4,1998-02-17,1998-02-21,6837
Lynette Mansfield,1462.1517066451706,4,0,4,1968-01-19,1972-12-26,6838
Sylvia Stott,1462.1447201282415,9,2,7,1968-04-01,1969-04-14,6839
Tessa Price,1462.1327672055745,32,8,24,1992-06-15,1995-09-25,6840
Debra Darrell,1462.097750241837,6,1,5,1997-05-12,1997-05-18,6841
Angela Kerek,1462.0961199997232,18,5,13,1990-07-16,1995-04-10,6842
Jaime Kaplan,1462.0811350969846,4,0,4,1982-08-02,1989-07-03,6843
Julia Cohen,1462.0754623798045,22,7,15,2012-02-13,2013-07-22,6844
Hanyu Guo,1462.063459808794,12,2,10,2017-04-17,2025-10-27,6845
Anna Tatishvili,1462.0516061522223,148,53,95,2005-03-23,2019-05-27,6846
Lucia De Santa Ana,1462.0309815228982,4,0,4,2019-04-16,2019-04-19,6847
Maria Paulina Perez Garcia,1462.028937637417,4,0,4,2015-04-13,2018-02-10,6848
Tangia Riley Codrington,1461.9619176435504,4,0,4,2018-06-21,2019-04-20,6849
Kaoru Shibata,1461.9035053420694,8,1,7,1994-02-08,1996-10-07,6850
Stephanie Gehrlein,1461.8593969025176,10,1,9,2003-07-28,2009-10-12,6851
Claudia Brause,1461.843889175319,23,9,14,1990-07-21,1998-04-16,6852
C Senn,1461.8369756419154,4,0,4,1975-04-14,1975-05-26,6853
Pamela Yates,1461.8362719414774,13,4,9,1979-07-16,1981-06-01,6854
Anna Christine Patrimonio,1461.8283057341152,6,1,5,2010-02-03,2011-01-31,6855
Ingrid Menke,1461.808247510288,5,0,5,1968-01-26,1970-08-24,6856
Alina Charaeva,1461.7813802422968,5,0,5,2025-02-24,2026-04-21,6857
Ola Abou Zekry,1461.737286762499,6,1,5,2010-04-21,2017-04-21,6858
Morya Peres,1461.7028375651414,6,1,5,1998-04-27,1998-05-03,6859
Laura Lissette Quezada Martinez,1461.6610039010839,6,1,5,2016-02-01,2019-04-16,6860
Zuzana Hejdova,1461.6480417160622,5,0,5,1999-02-27,2002-04-29,6861
Jana Fett,1461.6375639009095,70,24,46,2017-01-09,2025-07-14,6862
Robin Harris,1461.6272040965393,21,5,16,1974-09-30,1982-04-05,6863
Carolyn Gore,1461.5788877832088,4,0,4,1980-01-07,1980-01-27,6864
Neha Uberoi,1461.5768315284224,13,3,10,2004-02-16,2007-09-17,6865
Monica Reinach,1461.5754116915393,6,1,5,1980-11-24,1986-06-30,6866
Rediet Kefyalew,1461.5639624805067,4,0,4,1998-05-05,1998-05-08,6867
Michelle Rodriguez,1461.5465086241056,73,24,49,1968-03-04,1980-06-30,6868
Maureen Mccalman,1461.5406689869187,13,3,10,1968-10-03,1977-05-23,6869
Valeria Bondarenko,1461.5094998648278,4,0,4,2005-04-22,2006-04-20,6870
S Burgess,1461.5088651182311,4,0,4,1978-04-17,1982-04-26,6871
Olga Govortsova,1461.4342192961726,337,140,197,2006-10-02,2021-09-27,6872
Emina Bektas,1461.425814577212,27,8,19,2021-08-02,2025-08-07,6873
Libuse Prusova,1461.409721242827,26,7,19,2000-05-08,2005-09-19,6874
Sevil Yuldasheva,1461.3725825838146,4,0,4,2023-04-11,2023-04-14,6875
Irena Mihailova,1461.3461755333028,8,2,6,1995-05-08,1996-03-29,6876
Tamara Davis,1461.300053303029,6,1,5,1998-04-27,1999-02-24,6877
Renate Breuer,1461.2965744112091,14,4,10,1968-01-26,1970-01-19,6878
Alena Paulenkova,1461.244709925815,6,1,5,1997-04-12,1997-05-10,6879
Sarah Al Balushi,1461.2274164695505,6,1,5,2011-01-31,2018-02-08,6880
Lesedi Sheya Jacobs,1461.1957331956794,7,1,6,2012-04-16,2015-04-17,6881
Jenny Byrne,1461.062427630462,183,62,121,1983-11-14,1995-01-02,6882
Baba Lewis,1461.0257806034874,4,0,4,1968-07-25,1969-08-16,6883
Maribel Amadeo,1461.0218865533627,6,1,5,1992-04-21,1994-04-13,6884
Tomoko Yonemura,1461.009556457532,4,0,4,2005-09-12,2010-10-11,6885
Sophie Amiach,1460.9955223384675,151,58,93,1980-07-07,1995-06-19,6886
Salima Esmat Salman,1460.9527048997868,4,0,4,1998-02-21,2000-04-29,6887
Petra Rampre,1460.9234738563298,14,3,11,1998-04-14,2012-09-10,6888
Lisa Gould,1460.903132996968,7,1,6,1982-07-05,1989-07-24,6889
Gail Joss,1460.8903597992382,5,0,5,1979-05-12,1981-11-25,6890
Donna Faber,1460.879908739539,165,68,97,1987-03-30,1993-10-25,6891
Wendy Barlow,1460.845562310557,20,5,15,1977-05-29,1980-08-10,6892
Connie Schaefer,1460.7833799061118,4,0,4,1980-01-07,1980-08-28,6893
S Morris Mitchell,1460.7409805748555,7,1,6,1980-04-07,1981-08-17,6894
Assa Berthe,1460.7316909993808,4,0,4,1995-05-08,1995-05-12,6895
Jocelyn Davie,1460.71998528776,4,0,4,1968-04-01,1968-05-20,6896
Marion Hofer,1460.71393544947,5,0,5,1968-07-31,1974-05-29,6897
Louisa Chirico,1460.6602398416928,64,18,46,2015-02-23,2025-07-27,6898
Maria Eugenia Brito,1460.6574479609217,7,1,6,2001-03-05,2002-01-28,6899
Andrea Tiezzi,1460.646215032135,52,22,30,1980-06-09,1990-11-26,6900
Daysi Espinal,1460.6446638451505,8,2,6,1999-02-25,2011-05-19,6901
Kerryl Chute,1460.6189330738505,5,0,5,1969-01-01,1973-12-26,6902
Alison Scott,1460.5657834949627,13,3,10,1987-01-12,1989-07-24,6903
Kiyoko Nomura,1460.5492235017077,45,13,32,1972-12-26,1981-11-09,6904
Rebekka Petursdottir,1460.5312314316125,4,0,4,2005-04-27,2008-04-26,6905
Dia Evtimova,1460.5059069403674,30,11,19,2007-04-18,2025-09-15,6906
Janet Vogel,1460.498002793945,5,0,5,1981-06-01,1981-08-11,6907
Caitlin Gordon,1460.489095587428,6,1,5,2006-04-20,2010-04-23,6908
Ginette Huberty,1460.4675022443316,11,3,8,1983-07-17,1988-12-04,6909
Penny Johnson,1460.4332642083016,15,5,10,1978-05-14,1981-06-29,6910
Marta Varanda,1460.3824467753261,4,0,4,1983-07-17,1984-07-15,6911
Zdenka Videnova,1460.3558908971688,8,2,6,1997-05-07,1999-04-29,6912
Josiane Graas,1460.3300702620638,4,0,4,1972-03-20,1974-05-13,6913
Zsofia Gubacsi,1460.2834212181758,66,23,43,1998-04-14,2007-04-23,6914
Mehry Shawki,1460.2787176758934,4,0,4,1994-04-20,1995-05-12,6915
Wushuang Zheng,1460.2345205070917,9,2,7,2016-08-01,2025-10-27,6916
Arzuv Klycheva,1460.2270393401222,4,0,4,2020-02-04,2020-02-08,6917
Nora Blom,1460.1987302534058,28,7,21,1970-03-10,1981-07-06,6918
Erika Valdes,1460.1825121539841,17,5,12,1999-04-13,2002-04-23,6919
Peggy Moore,1460.1804636392803,10,2,8,1968-07-22,1970-08-27,6920
Gina Genovese,1460.1605456565555,4,0,4,1980-10-06,1982-06-14,6921
Marlene De Wouters,1460.138345968676,8,2,6,1982-05-03,1985-09-23,6922
Yaeko Matsuda,1460.1243330009167,7,1,6,1969-05-26,1971-07-12,6923
Alize Lim,1460.1010895047395,17,4,13,2011-07-04,2017-05-29,6924
Joyce Davenport,1460.0551897085554,14,3,11,1968-04-15,1969-08-16,6925
R Murphy,1460.043662306561,6,1,5,1969-11-17,1974-09-23,6926
Natalie Rodriguez,1459.9582922598515,4,0,4,1985-10-06,1986-07-20,6927
Fatima Santiago,1459.9359823596963,4,0,4,1983-07-17,1984-07-15,6928
Margit Ruutel,1459.9225843856088,23,8,15,1999-04-26,2012-02-01,6929
Michelle Bowrey,1459.881829773569,7,1,6,1987-01-12,1990-04-23,6930
Quirine Lemoine,1459.8147133991931,6,0,6,2015-07-27,2019-05-20,6931
Andrea Whitmore,1459.7630028306214,28,7,21,1978-05-14,1981-09-14,6932
Silvana Urroz,1459.7349008134781,54,19,35,1970-01-05,1981-08-18,6933
Cristina Andreea Mitu,1459.6879899136518,39,12,27,2014-06-23,2024-02-05,6934
Dodo Cheney,1459.658880663793,28,11,17,1968-07-04,1974-07-15,6935
Wendy Slaughter,1459.6439102929298,49,17,32,1968-06-04,1978-07-17,6936
Karolina Kosinska,1459.589321677471,9,2,7,2004-04-20,2006-09-18,6937
Samantha Murray,1459.5451769456984,6,0,6,2011-06-06,2021-07-12,6938
Tankiso Letseka,1459.525994326251,8,2,6,2000-03-28,2001-05-18,6939
Giulia Casoni,1459.518964737408,35,10,25,1995-07-10,2004-07-19,6940
Ryoko Fuda,1459.478289768792,12,2,10,2003-11-03,2011-07-25,6941
Lubomira Bacheva,1459.4619347243188,87,27,60,1991-09-30,2004-05-24,6942
Dee Ann Hansel,1459.421185493381,26,8,18,1981-07-27,1988-07-11,6943
Rewa Harriman,1459.4161321064687,22,7,15,1996-12-30,2000-04-25,6944
Alexandra Cadantu Ignatik,1459.3985170731187,98,36,62,2011-10-17,2022-07-25,6945
Jamie Golder,1459.385037833066,73,28,45,1982-06-14,1988-04-18,6946
Dorothy Knode,1459.2821063657739,6,1,5,1969-05-26,1971-10-18,6947
Maja Zivec Skulj,1459.2804377549696,41,11,30,1989-05-01,1996-08-05,6948
Petra Gaspar,1459.223297052535,7,1,6,1994-04-19,1998-04-16,6949
Stephanie Reece,1459.2120154787367,9,1,8,1987-10-25,1995-10-02,6950
Jo Harris,1459.1896906869235,11,3,8,1980-04-14,1982-04-26,6951
Czarina Mae Arevalo,1459.1824822394135,30,14,16,2000-04-25,2008-02-01,6952
Magali De Lattre,1459.1786013664014,11,3,8,2005-04-29,2011-04-25,6953
Lili Bell,1459.1532575367255,7,1,6,1979-10-22,1980-11-12,6954
Viktoria Milvidskaia,1459.1368058002427,13,2,11,1984-07-23,1992-08-31,6955
Carolina Aravena,1459.1279549907977,9,2,7,2000-04-27,2002-05-18,6956
Phorhathai Suksamran,1459.1124997783334,9,2,7,1996-02-20,1997-03-15,6957
Usue Maitane Arconada,1459.0790718715234,8,1,7,2016-07-18,2021-10-06,6958
Merrilyn Robinson,1459.0466858889324,17,5,12,1974-12-21,1978-12-11,6959
Sabine Bernegger,1459.0226662261716,10,1,9,1972-03-20,1977-06-13,6960
Yuliana Fedak,1458.9822182693524,115,41,74,2002-01-28,2010-09-20,6961
Berfu Cengiz,1458.9204356839252,11,3,8,2019-02-09,2026-05-18,6962
Alejandra Obando,1458.9172965190603,5,0,5,2016-02-03,2017-07-22,6963
Robin Tenney,1458.9075345094877,94,29,65,1972-05-06,1977-06-26,6964
Kate Glancy,1458.8906973507271,55,20,35,1975-04-14,1982-07-26,6965
Sabrina Vogt,1458.7966296595089,8,2,6,2000-03-28,2002-04-12,6966
Alison Stroud,1458.7406447485882,6,0,6,1968-05-06,1968-09-01,6967
D Murray,1458.7249836698472,5,0,5,1975-04-14,1978-05-08,6968
Nancy Weigel,1458.6905598336868,10,2,8,1977-05-29,1979-06-04,6969
Chantal Racicot,1458.639513652447,7,1,6,1980-05-11,1980-06-30,6970
Rosa Riboldi,1458.6176183672937,4,0,4,1980-07-14,1980-08-04,6971
Sue Garrett,1458.6073489122323,6,0,6,1969-05-05,1971-11-08,6972
Julija Gotovskyte,1458.5999192463444,4,0,4,2007-04-18,2007-04-21,6973
Almira Hallyeva,1458.5251443514796,4,0,4,2004-04-21,2005-04-21,6974
Sri Utaminingsih,1458.4695997409142,7,1,6,1982-07-19,1984-07-15,6975
Hanna Nooni,1458.3904625224536,11,2,9,2003-04-26,2007-07-30,6976
Monique Van Haver,1458.383509063583,93,37,56,1968-02-29,1981-03-29,6977
Tammy Whittington,1458.376116832526,16,5,11,1988-04-18,1993-07-26,6978
Sabine Krein Auer,1458.3505324436642,22,5,17,1988-03-14,1991-04-22,6979
Marion Lloyd Wronsley,1458.2475321760185,13,3,10,1971-04-05,1979-11-26,6980
Valeria Khazova,1458.220154008271,10,2,8,2000-04-25,2002-03-07,6981
Leigh Anne Eldredge,1458.2153784301754,28,8,20,1981-09-12,1989-10-30,6982
Suthasini Sirikaya,1458.185885054899,9,2,7,1978-07-17,1980-05-19,6983
Lesedi Ramocha,1458.1016013334738,7,1,6,2002-04-09,2005-04-30,6984
Rosa Bielsa Hierro,1458.0772211001308,5,0,5,1988-04-25,1990-07-16,6985
Mariya Kovaleva,1458.0345440671456,9,2,7,2005-04-20,2007-04-21,6986
Yimara Figueroa,1458.0127368635606,4,0,4,2000-05-12,2002-05-18,6987
J Sculthorpe,1457.9628588194305,7,1,6,1980-04-14,1982-04-26,6988
Ayla Aksu,1457.9429276434978,7,1,6,2016-04-18,2022-04-15,6989
Alejandra Rivero,1457.935300802731,9,2,7,2001-03-05,2002-01-28,6990
Aline Nenot,1457.8972612777077,5,0,5,1968-02-09,1968-09-30,6991
Malene Helgo,1457.8133537080737,23,7,16,2017-04-21,2026-01-05,6992
Teryn Ashley,1457.8047209675663,14,2,12,2003-07-21,2004-11-01,6993
Misa Eguchi,1457.8046013944931,22,7,15,2014-07-21,2018-01-15,6994
Ilze Hattingh,1457.7609387569344,10,3,7,2012-04-18,2017-04-22,6995
Ann Gabriel,1457.7271603784643,19,7,12,1981-11-09,1984-07-15,6996
Luisanna Rodriguez,1457.6968672294313,5,0,5,2012-04-17,2016-02-06,6997
Essi Laine,1457.6943228531698,11,3,8,2001-05-16,2007-04-18,6998
Leanne Baker,1457.677888814672,65,28,37,1997-03-15,2007-05-21,6999
Yekaterina Kryuchkova,1457.6473713567461,12,2,10,1968-02-19,1973-01-08,7000
Mariela Salinas,1457.613793164827,7,1,6,1997-04-28,2002-04-26,7001
Nadia Johnston,1457.598955837663,34,13,21,1997-04-12,2003-03-03,7002
Mimi Wikstedt,1457.584961587533,191,76,115,1972-05-01,1981-11-09,7003
Alex Rotas,1457.5625919371994,5,0,5,1968-04-01,1973-09-03,7004
Yulia Fedossova,1457.5493067571379,29,10,19,2004-10-04,2009-06-08,7005
Lauren Albanese,1457.4792643447247,8,1,7,2006-08-28,2016-07-18,7006
Leticia Sobral,1457.466788285235,13,4,9,2001-03-05,2003-03-03,7007
Birgit Wegemann,1457.3844587106091,7,1,6,1970-08-24,1977-08-04,7008
Siobhan Drake Brockman,1457.341243323733,15,3,12,1995-01-09,1998-01-19,7009
Ekaterine Gorgodze,1457.3246761192245,46,17,29,2008-01-31,2026-03-30,7010
Saba Aziz,1457.3206526389306,7,1,6,2012-01-30,2013-02-07,7011
Kiki Reuter,1457.3198667437337,13,3,10,1980-03-10,1982-07-22,7012
Svetlana Krivencheva,1457.3082672780847,10,1,9,1989-07-31,2002-06-10,7013
Maria Jose Aubet,1457.301726514991,18,5,13,1968-02-09,1972-10-16,7014
Karina Jarlkaganova,1457.2523741367957,5,0,5,2003-04-21,2003-04-25,7015
Annette Falkenberg,1457.204220573764,17,6,11,1992-04-21,1997-05-18,7016
Olga Savchuk,1457.115038222483,117,38,79,2004-10-11,2016-08-01,7017
Lara Howes,1457.1089465019172,4,0,4,1997-03-15,1997-05-10,7018
Sara Mansoor,1457.061439923791,11,3,8,2013-02-04,2018-02-08,7019
Stephanie Bardsley,1457.0302809291318,9,1,8,1970-01-05,1974-08-12,7020
Macarena Miranda,1457.0202910952316,5,0,5,1987-07-26,1991-07-20,7021
Mariana Mesa,1456.9720215909904,9,2,7,1998-02-16,2000-02-07,7022
Francine Harvey,1456.8686963470634,4,0,4,1997-05-18,2001-05-18,7023
Ginger Pfeiffer,1456.8680572825565,5,0,5,1968-09-13,1975-07-07,7024
Kimberly Kessaris,1456.8628471171933,26,7,19,1987-03-30,1990-01-15,7025
Jean Hepner,1456.826698744264,51,18,33,1978-01-30,1985-09-23,7026
Marion Maruska,1456.7945019846738,84,27,57,1989-07-31,2001-04-28,7027
Mary Puljak,1456.7854808836935,6,0,6,1970-10-27,1972-03-27,7028
Arati Ponnappa,1456.7733869278284,6,0,6,1994-05-02,1997-03-14,7029
Julia Grabher,1456.7570337795567,78,26,52,2015-02-07,2026-05-18,7030
Dalia El Sheikh,1456.754366122406,13,4,9,1995-05-11,2000-03-31,7031
Nida Waseem,1456.737451472674,13,4,9,1997-03-11,2000-04-28,7032
Ute Strakerjahn,1456.7231451451441,10,2,8,1980-05-22,1983-07-18,7033
Lenka Wienerova,1456.6608906563326,10,2,8,2008-09-22,2010-02-15,7034
Uta Lippold,1456.6591583577085,13,3,10,1977-06-28,1982-05-17,7035
Karin Boshoff,1456.6216511285318,10,1,9,1969-12-29,1981-11-25,7036
Kaisaran Siewrattan,1456.5921583244985,11,3,8,1992-04-21,1994-04-16,7037
Kim Sands,1456.518677134601,177,53,124,1976-06-29,1987-04-06,7038
Heather Middleton,1456.4966520904482,9,2,7,1980-01-07,1980-08-14,7039
Carla Guarino De Galeazzi,1456.4849445794728,7,1,6,1975-05-05,1978-11-27,7040
Pam Rogan,1456.4510998942835,7,1,6,1968-01-28,1969-02-03,7041
Glynis Coles,1456.4145675252157,378,160,218,1970-04-13,1986-06-30,7042
Evelyn Houseman,1456.3972225779505,10,2,8,1969-02-03,1974-05-04,7043
Ouarda Bouchabou,1456.3465827865912,7,1,6,1988-09-20,1999-04-30,7044
Janelle Watson,1456.3280916101608,6,1,5,1998-04-27,1998-05-03,7045
Diane Eastburn,1456.3102606664688,11,2,9,1974-04-15,1976-10-02,7046
Astrid Sunde,1456.2604383426626,10,2,8,1980-05-19,1986-07-20,7047
Irina Bara,1456.2486325737448,49,16,33,2017-07-17,2025-03-31,7048
Po Kuen Lam,1456.2088164500053,15,5,10,1999-02-24,2010-02-06,7049
Jessika Ponchet,1456.1995266555691,31,8,23,2018-01-15,2026-04-13,7050
Victoria Rodriguez,1456.178824381608,18,5,13,2016-02-03,2025-09-08,7051
Angela Longo,1456.170557084558,6,0,6,1982-02-11,1984-07-15,7052
Katrin Pohmann,1456.0974305570583,22,7,15,1973-07-02,1981-08-03,7053
Leticia Demichelli,1455.8935678346309,7,1,6,2008-01-30,2011-05-21,7054
Vanessa Kendall,1455.8548909199376,32,13,19,1997-03-01,1999-02-27,7055
Francesca Di Lorenzo,1455.840088193741,21,5,16,2018-04-02,2022-08-22,7056
Cammy Macgregor,1455.810532875689,138,50,88,1985-07-08,1993-10-05,7057
Leona Laskova,1455.809265305813,31,11,20,1988-05-16,1993-10-25,7058
Virag Csurgo,1455.7851473602693,14,2,12,1988-12-04,1998-05-04,7059
Archana Reddy,1455.782648319106,11,3,8,1999-02-22,2001-04-12,7060
Amy Schwartz,1455.7094519815955,41,14,27,1985-09-09,1993-10-25,7061
Zuzana Ondraskova,1455.6965154431934,98,31,67,2001-04-30,2012-06-11,7062
Cathy Canuti,1455.6815098231652,9,2,7,1980-05-19,1981-08-11,7063
Sylvie Rual,1455.6428336587985,20,6,14,1969-07-14,1980-11-03,7064
Daria Kopsic,1455.6396094137697,7,1,6,1973-11-18,1980-04-07,7065
Patty Murren,1455.6342210357216,10,2,8,1989-10-30,1999-02-27,7066
Natalie Dittmann,1455.6281102645105,13,4,9,1997-04-12,2000-03-04,7067
Paula Garcia,1455.5679998181663,5,0,5,2003-02-17,2006-02-20,7068
Flavia Filippi,1455.5555585327054,7,1,6,1980-05-07,1980-08-04,7069
Hanne Skak Jensen,1455.5541412849277,9,2,7,2007-04-18,2009-02-07,7070
Stephanie Sullivan,1455.5211966507513,7,1,6,2005-04-28,2009-04-25,7071
Yeniseik Gomez,1455.479037979414,5,0,5,2002-05-14,2010-04-22,7072
Eleni Daniilidou,1455.4715540594937,416,200,216,1998-04-14,2014-06-09,7073
J Lloyd,1455.460827470951,9,2,7,1970-11-02,1978-07-17,7074
Karen Denman,1455.423524367668,11,2,9,1980-04-14,1980-12-01,7075
Valeria Gorlats,1455.421333874409,7,1,6,2016-02-03,2019-02-09,7076
Meryem El Haddad,1455.4117325936181,11,3,8,1999-04-28,2002-07-08,7077
R Jafarey,1455.397238862616,10,2,8,1975-04-14,1982-04-26,7078
Olfa Dhaoui,1455.3567807140857,7,1,6,2005-04-27,2006-04-29,7079
Cissie Donigan,1455.3068983102144,10,2,8,1981-07-07,1982-07-26,7080
Kathy Keating,1455.2624272433316,7,1,6,1979-05-28,1982-04-05,7081
Romina Ccuno,1455.2586924961165,5,0,5,2020-02-05,2023-04-14,7082
Alison Fraser Black,1455.2578608414988,6,0,6,1969-05-12,1972-05-29,7083
Ana Cavadini,1455.2404851413671,27,9,18,1968-11-04,1970-10-31,7084
Michelle Turk,1455.2382771117968,5,0,5,1985-09-23,1987-01-25,7085
Olivia Sanchez,1455.2088714070883,21,5,16,2006-10-02,2011-05-23,7086
Katarzyna Straczy,1455.2079957019298,13,3,10,1996-09-16,2002-04-26,7087
K A Richards,1455.1581810128234,5,0,5,1971-04-26,1972-05-29,7088
Mercedes Paz,1455.1220854847604,347,153,194,1984-08-06,1996-08-05,7089
Marta Domachowska,1455.0215246967043,176,71,105,2002-05-06,2013-05-20,7090
Chalada Wattana,1455.0165030353196,9,2,7,1978-08-19,1985-10-06,7091
Tiffany Cornelius,1454.976371166921,5,0,5,2012-02-02,2020-02-08,7092
Moyuka Uchijima,1454.975980686592,91,30,61,2022-04-13,2026-05-18,7093
Paula Iversen,1454.9640170987482,13,4,9,1987-07-26,1996-03-28,7094
Michele Kahn,1454.9563024410606,15,4,11,1968-04-08,1970-07-13,7095
Sybille Niox Chateau,1454.9455376488738,51,16,35,1986-05-26,1992-07-06,7096
Agnes Graczol,1454.9272735609354,11,1,10,1970-03-24,1975-07-07,7097
Lara Alsamman,1454.7487411609322,7,1,6,2002-03-04,2004-04-24,7098
Sarah Tami Masi,1454.6920660939254,10,2,8,2000-04-26,2005-04-23,7099
Carina Bjornstrom,1454.6686757924274,5,0,5,2001-05-15,2004-04-30,7100
Nancy Spelman,1454.6519521943962,5,0,5,1980-11-03,1982-07-19,7101
Linda Wert,1454.5797593676791,11,2,9,1968-09-02,1976-06-29,7102
Tatiana Poutchek,1454.505110441182,169,60,109,1995-09-18,2010-04-26,7103
Gillian Kay,1454.3993404937153,7,1,6,1969-04-14,1973-07-16,7104
Tina Heath,1454.383531691153,13,4,9,1978-04-17,1981-04-13,7105
Alina Soltanici,1454.3201741769517,7,1,6,2011-05-03,2012-04-21,7106
Gisele Miro,1454.3078811796124,51,17,34,1986-06-30,1993-10-25,7107
Elke Clijsters,1454.2806618284246,8,0,8,2002-02-11,2004-02-16,7108
Jane Thomas,1454.275611335352,5,0,5,1987-10-25,1989-07-24,7109
Arianne Hartono,1454.2632737310714,24,7,17,2021-09-13,2025-10-27,7110
Sandra Reichel,1454.2442651224505,5,0,5,1990-09-10,1995-07-24,7111
Jo Anne Faull,1454.2251095495144,92,32,60,1970-01-05,1993-10-05,7112
Michelle Parun,1454.1849466220435,7,1,6,1985-07-08,1987-01-25,7113
Eirdis Ragnarsdottir,1454.1398777155925,5,0,5,2009-04-21,2009-04-25,7114
Ann Charlotte Dahlberg,1454.10157462791,5,0,5,1971-07-05,1973-09-03,7115
Katarina Zavatska,1454.091515681714,41,12,29,2017-02-27,2024-11-15,7116
Karin Oberleitner,1454.0616357104984,5,0,5,1986-12-01,1988-11-07,7117
Heather Ludloff,1454.043556497465,164,52,112,1978-01-30,1992-06-15,7118
Hagit Zubary,1454.0113551509064,10,2,8,1976-08-22,1980-05-19,7119
P Welsh,1453.9619989706205,5,0,5,1971-03-29,1971-05-31,7120
Christiane Sarrazin,1453.9610743636022,5,0,5,1969-02-27,1972-10-02,7121
Shizuka Tokiwa,1453.9488796729947,5,0,5,1996-09-28,1997-09-08,7122
Linda Kral,1453.9387831065621,5,0,5,1975-04-14,1976-04-26,7123
Karina Ildor Jacobsgaard,1453.93332443224,19,6,13,2000-03-29,2010-02-04,7124
Candice De La Torre,1453.8784564245227,5,0,5,1997-04-29,2001-04-27,7125
Maddison Inglis,1453.8423774134646,35,9,26,2016-01-11,2026-01-19,7126
Jacqueline Rees Lewis,1453.763298047733,20,6,14,1968-09-30,1972-10-02,7127
Kathinka Von Deichmann,1453.7509588238875,28,11,17,2009-04-21,2025-09-22,7128
Carol Fullerton,1453.732115555082,6,0,6,1981-08-11,1982-06-14,7129
Jennifer Saberon,1453.6533201591476,7,1,6,1985-10-06,1987-07-26,7130
Christiane Hofmann,1453.6496021032042,5,0,5,1988-08-08,1994-05-09,7131
Celine Francois,1453.6097358288523,6,0,6,2003-03-03,2003-04-24,7132
Joanne Haye,1453.54771093776,6,0,6,1969-04-21,1971-07-05,7133
Petra Van Oyen,1453.4768594300615,15,4,11,1977-07-04,1982-07-22,7134
Sandra Samir,1453.4272442962977,30,13,17,2014-04-16,2025-06-23,7135
Laura Bernstein,1453.393406267015,44,17,27,1980-11-10,1986-10-20,7136
Paula Smith,1453.3790506461062,187,62,125,1974-08-19,1988-04-04,7137
Ipek Oz,1453.3260073216372,17,5,12,2018-04-23,2025-08-04,7138
Linda Cassell,1453.3233723115895,23,8,15,1978-05-29,1983-03-24,7139
Pam Farmer,1453.2785794377114,9,1,8,1969-07-28,1972-09-18,7140
Barbara Grubb,1453.2730734665738,10,2,8,1968-01-29,1970-05-25,7141
Sue Williams,1453.2694752340774,6,0,6,1974-07-08,1977-05-23,7142
En Shuo Liang,1453.2669298585633,20,6,14,2018-07-23,2025-06-23,7143
Romy Farah,1453.2648160549786,6,0,6,2001-04-23,2003-04-26,7144
Jing Jing Lu,1453.1456996888385,20,5,15,2008-09-15,2018-07-23,7145
Jutta Wolff,1453.0753971765068,7,1,6,1974-04-15,1981-08-31,7146
Maya Tahan,1453.040541595793,5,0,5,2017-02-10,2019-02-09,7147
Wendy Hall,1453.017105905091,41,15,26,1968-04-22,1973-08-20,7148
Elena Malygina,1452.9936349023283,18,5,13,2019-02-07,2025-08-04,7149
Stephanie Kamberi,1452.979723461072,7,1,6,1998-05-05,1999-04-29,7150
Louise Field,1452.9542013974974,178,57,121,1982-11-10,1994-06-20,7151
Vanessa Webb,1452.9481720425417,33,8,25,1992-08-17,2003-06-09,7152
Monika Mastalirova,1452.7781833192535,5,0,5,1998-03-02,1998-04-13,7153
Nadia Kilani,1452.7743280605212,7,1,6,1998-05-08,2002-04-12,7154
Rauza Islanova,1452.7439064684359,23,7,16,1968-02-05,1974-02-18,7155
Andria Hadjioannou,1452.7153444456674,5,0,5,1996-03-26,1998-05-06,7156
Olga Lugina,1452.7000892158253,27,8,19,1993-05-10,1998-08-03,7157
Jane Fitzalan Howard,1452.6859160417828,7,1,6,1968-04-08,1969-05-12,7158
Helen Liebenberg,1452.6312893401785,18,4,14,1971-03-29,1977-12-01,7159
Ximena Mino,1452.6261843333427,5,0,5,2011-05-19,2012-04-20,7160
Nina Bratchikova,1452.5909588396003,49,14,35,2004-09-27,2013-07-15,7161
Maria Eugenia Roca Recarey,1452.5670198117186,12,3,9,2004-04-19,2008-02-01,7162
Angelique Olivier,1452.5630387376852,8,1,7,1992-05-25,1994-05-23,7163
Andjela Kankaras,1452.5345602114983,7,1,6,2007-04-23,2008-04-25,7164
Marissa Niroj,1452.523959255443,16,5,11,1997-04-12,1999-02-25,7165
Ann Moore,1452.5196825273063,10,2,8,1968-07-29,1974-11-14,7166
Suzanne Bakewell,1452.4992072507969,5,0,5,1974-11-18,1978-10-09,7167
Tessah Andrianjafitrimo,1452.4655034182408,6,0,6,2015-10-19,2023-07-17,7168
Jutta Diesslin,1452.4575904847072,15,4,11,1976-07-05,1981-08-03,7169
Olga Terteac,1452.4495968896565,12,3,9,2008-04-22,2010-04-24,7170
Elke Renz,1452.4424295828383,18,5,13,1978-10-23,1982-07-22,7171
Annette Smith,1452.3713247204198,11,3,8,1980-01-07,1987-01-25,7172
Amy Berthe,1452.3575943938679,7,1,6,1993-05-11,1995-05-12,7173
Orawan Thampensri,1452.3122706800316,5,0,5,1989-10-01,1991-04-15,7174
Nuria Brancaccio,1452.3079326056254,14,3,11,2021-07-19,2026-05-05,7175
C Whitehead,1452.2988848574414,5,0,5,1974-11-18,1977-05-23,7176
Mahin Qureshi,1452.2643821682225,7,1,6,2017-07-20,2020-02-08,7177
Charo Couder,1452.256456070784,6,0,6,1968-03-21,1974-10-07,7178
Laura Pigossi,1452.2404690261149,53,20,33,2014-02-17,2025-09-08,7179
Sung Hee Han,1452.1877173678388,11,2,9,2007-09-24,2013-09-16,7180
Shi Min Lin,1452.1845698254485,5,0,5,1986-10-06,1988-04-18,7181
Mehvish Chishtie,1452.178367957019,9,2,7,1997-03-11,2000-04-29,7182
Annette Gulley,1452.0977980793675,19,5,14,1980-12-08,1985-07-21,7183
Lamis Alhussein Abdel Aziz,1452.0865598297794,7,1,6,2016-04-14,2023-04-15,7184
Sylma Phillip,1452.0109693042243,5,0,5,2002-05-14,2002-05-18,7185
Mary Otoole,1451.9538946314633,6,0,6,1971-07-12,1978-07-17,7186
Jia Jing Lu,1451.9354183931132,8,1,7,2016-08-01,2024-10-28,7187
Lilly Cal Fong,1451.9109928677126,5,0,5,1999-02-24,2000-05-11,7188
Mariem Nissaf Bouchlaka,1451.9104420723663,7,1,6,2000-03-28,2002-04-10,7189
Esther Mbugua,1451.8871259028324,5,0,5,2000-03-29,2001-05-18,7190
Melanie Klaffner,1451.8316385404567,23,7,16,2006-07-15,2020-02-07,7191
Rita Krombach,1451.8209422551636,5,0,5,1979-04-30,1983-07-17,7192
Laura Gilbert,1451.8041112143328,6,0,6,1974-02-11,1974-04-15,7193
Nethmi Himashi Waduge,1451.7936137091078,16,5,11,2014-02-05,2018-02-09,7194
Jennifer Hopkins,1451.7894828078795,107,36,71,1999-08-30,2005-05-16,7195
Sylvia Hooks,1451.7261922669215,13,3,10,1968-06-16,1973-04-11,7196
Ankita Bhambri,1451.726116901362,18,6,12,2004-02-16,2009-02-07,7197
Sahar Al Disi,1451.6804062218632,5,0,5,2007-04-16,2007-04-21,7198
Benjamas Sangaram,1451.6230883666003,23,8,15,1991-07-19,2000-11-11,7199
Jacqueline Cabaj Awad,1451.6180640901055,7,1,6,2018-02-09,2023-04-15,7200
Chris Newton,1451.5295749085224,106,46,60,1975-01-13,1984-07-02,7201
Maria Ayala,1451.491399887068,11,1,10,1968-04-01,1974-03-25,7202
Kristen Lopez,1451.4801343883862,5,0,5,2007-04-16,2008-04-26,7203
Louise Allen,1451.4695651090706,167,67,100,1980-05-26,1993-11-01,7204
Frances Luff,1451.4502452747731,29,8,21,1968-11-23,1974-12-16,7205
Yeon Woo Ku,1451.3649388948963,7,0,7,2023-04-11,2025-09-15,7206
Cristina Dinu,1451.3341971364332,8,1,7,2013-02-06,2016-05-16,7207
Tina Jacob,1451.2747575493509,5,0,5,2000-04-25,2001-04-13,7208
Susan Morgan,1451.2698425335325,10,2,8,1968-04-08,1970-04-20,7209
Oksana Kalashnikova,1451.2533908092787,13,3,10,2007-04-17,2021-02-03,7210
Margaret Starr,1451.1690447502153,22,6,16,1968-01-19,1969-06-09,7211
Kym Hazzard,1451.1632975863108,10,2,8,1997-05-10,1999-02-27,7212
Nao Hibino,1451.1530775820293,216,89,127,2015-09-14,2025-10-27,7213
Judy Leong,1451.1214392545799,6,0,6,1968-09-24,1982-05-03,7214
D Gale,1451.0741313798885,7,1,6,1977-05-23,1980-04-07,7215
Sandrine Jaquet,1451.0591095145176,10,1,9,1987-05-18,1989-05-01,7216
Nicole Fossa Huergo,1451.050985120431,5,0,5,2024-11-25,2025-09-08,7217
Maliha Al Awaidy,1451.0326686288915,5,0,5,2011-01-31,2012-02-02,7218
Rita Bentley,1451.020799702312,45,15,30,1968-06-17,1981-06-01,7219
Susanne Boesser,1451.0141485989489,9,1,8,1977-06-28,1980-08-27,7220
Jean Forbes,1451.0045542806793,9,1,8,1968-04-01,1971-10-18,7221
Caterina Nozzoli,1450.883404746325,31,11,20,1984-05-21,1990-07-09,7222
Jelena Simic,1450.8762384756403,12,3,9,2013-02-08,2019-02-08,7223
Laila Pirila,1450.8652259224762,8,1,7,1968-08-06,1977-06-13,7224
C Charlton,1450.7742027040445,5,0,5,1973-05-14,1978-04-17,7225
Danielle Lao,1450.7364478099792,10,1,9,2016-09-12,2021-06-28,7226
Robyn Mawdsley,1450.6886309554445,14,4,10,1997-03-01,1997-05-10,7227
Amanda Grunfeld,1450.5659505219385,28,6,22,1986-06-23,1993-06-21,7228
Futaba Kubota,1450.5353796185975,9,2,7,1996-09-28,1997-09-08,7229
Daryl Gralka,1450.4234154588455,36,12,24,1970-09-21,1974-07-15,7230
Lisa Doherty,1450.420306060667,41,13,28,1978-03-29,1982-08-02,7231
Kim Steinmetz,1450.3807777924833,136,53,83,1978-02-13,1991-02-11,7232
Aleida Spex,1450.3561238594746,30,8,22,1974-02-27,1981-08-11,7233
Leen Irani,1450.3524977908662,5,0,5,2007-04-16,2007-04-21,7234
Celeste Behrmann,1450.240240874836,12,2,10,1968-12-21,1972-06-12,7235
Karin Seltenreich,1450.216296064315,16,4,12,1968-06-06,1977-08-04,7236
Helene Pelletier,1450.2113177432393,16,3,13,1977-05-23,1985-08-12,7237
Joanne Mchugo,1450.2018619122514,5,0,5,1972-05-01,1975-11-03,7238
Seble Woldegebriel,1450.194522934919,5,0,5,1998-05-05,1998-05-09,7239
Marisue Jacutin,1450.1694862133727,14,4,10,1995-04-18,1998-02-20,7240
Ruth Allan,1450.1001495086684,7,0,7,1974-04-22,1974-08-26,7241
Valerie Caulley,1450.0958133407119,8,1,7,1968-01-19,1973-05-28,7242
Barbara Castro,1449.9640125013977,30,11,19,1992-07-15,2000-04-28,7243
Elvina Kalieva,1449.9416729015138,11,1,10,2022-03-07,2026-04-21,7244
Tadeja Majeric,1449.9020836408138,18,4,14,2006-09-18,2015-02-07,7245
Ilke Gers,1449.887648966463,15,4,11,2001-03-05,2003-11-03,7246
Ingrid Loeys,1449.884935630623,39,14,25,1968-04-22,1970-05-23,7247
Toshiko Sade,1449.878621701739,13,2,11,1973-12-10,1975-11-03,7248
Heidi Sprung,1449.8308997316494,15,3,12,1987-01-25,1993-02-22,7249
Kirsten Andrea Weedon,1449.8140307596043,41,19,22,2009-04-23,2023-04-15,7250
Rosaline Zafir Chavez Tello,1449.7957353487668,12,3,9,2009-04-24,2017-07-21,7251
Lauren Cheung,1449.697681015588,10,2,8,2001-03-05,2003-03-03,7252
Ros Lewis,1449.6319858094807,24,8,16,1974-04-22,1982-05-17,7253
Eleni Rossides,1449.590878687261,23,6,17,1985-01-07,1995-10-02,7254
Paula Umana,1449.501116270369,26,9,17,1992-04-21,2000-05-12,7255
Carol Ford,1449.4891835417925,12,3,9,1969-01-27,1974-04-22,7256
Haleema Rahim,1449.4683471838086,11,3,8,1998-02-16,2000-04-29,7257
Caryn Copeland Wilson,1449.4496878826778,31,11,20,1980-06-16,1987-01-12,7258
Melanie Woodthorpe,1449.3267469247824,10,2,8,1980-06-09,1982-04-26,7259
Susan Alexander,1449.269021614097,53,18,35,1967-12-28,1972-04-09,7260
Kirsten Robsahm,1449.195144562576,13,3,10,1968-01-29,1977-06-13,7261
Karen Castiblanco,1449.1748904249152,8,1,7,2004-04-20,2012-02-13,7262
Niki Tippins,1449.1584815013696,24,8,16,1998-04-13,2000-04-29,7263
Maria Teresa Salvidea Diaz,1449.144932428999,10,2,8,1968-03-17,1973-07-16,7264
Elizabeth Mandlik,1449.061525410885,25,7,18,2022-08-01,2026-03-30,7265
Seda Noorlander,1449.0465704137334,85,27,58,1993-07-26,2005-02-14,7266
L Cameron,1448.9293270402793,6,0,6,1969-11-17,1980-07-07,7267
Shelley Monds,1448.857629278452,22,6,16,1969-01-06,1976-01-12,7268
Carol Sherriff,1448.8568796125799,71,24,47,1968-01-19,1977-01-03,7269
Ilse Buding,1448.8285930814914,22,6,16,1968-04-15,1970-08-31,7270
Elena Branker,1448.794933033042,8,1,7,2000-05-09,2001-05-18,7271
Claudia Monteiro,1448.6960475387987,166,62,104,1980-03-17,1987-12-07,7272
Susan Eastman,1448.659150606826,22,7,15,1968-07-01,1975-09-12,7273
Rozi Feldman,1448.6343146274019,6,0,6,1969-08-19,1974-07-29,7274
Adriana Szili,1448.6084219304992,6,0,6,2002-03-04,2003-03-03,7275
Candy Reynolds,1448.5802075694983,251,94,157,1973-06-25,1989-04-10,7276
Chanel Simmonds,1448.5562449800573,29,11,18,2010-04-29,2019-02-08,7277
Marie Christine Goy,1448.552709307639,14,4,10,1989-10-01,1993-05-14,7278
Nuala Dwyer,1448.4248903724879,12,3,9,1970-11-02,1973-07-09,7279
J Treacy,1448.3815302420371,5,0,5,1978-04-24,1978-05-29,7280
Dina Naffa,1448.3139322673564,5,0,5,2000-04-25,2000-04-29,7281
Carrie Fleming,1448.2686016962032,26,8,18,1972-05-22,1980-05-19,7282
Shilin Xu,1448.0130863986924,7,0,7,2014-09-22,2019-07-15,7283
Arina Rodionova,1448.0106789884233,67,19,48,2008-04-28,2025-10-27,7284
Ella Leivo,1447.9882700069509,6,0,6,2012-04-18,2016-04-15,7285
Yuki Fujii,1447.9721345464272,12,3,9,1996-09-28,1999-09-06,7286
Evelyn Fauth,1447.9410851325858,14,1,13,1994-07-26,2003-07-28,7287
Marianne Groat,1447.9387490941388,21,5,16,1982-07-19,1986-08-04,7288
Gabriela Mosca,1447.87598810954,18,4,14,1985-11-04,1991-04-15,7289
Remi Tezuka,1447.875663383427,12,3,9,1997-09-08,2000-03-04,7290
Camila Silva,1447.7918261620514,6,0,6,2008-02-11,2011-02-05,7291
Lucy Fendig,1447.729596470167,10,2,8,1977-06-26,1981-07-20,7292
Issem Essaies,1447.6156917593455,10,2,8,1992-04-13,1998-05-09,7293
Darya Ivanov,1447.5384642997356,6,0,6,2000-03-04,2003-03-03,7294
Vera Roberts,1447.5230914262725,13,3,10,1968-04-08,1968-07-15,7295
Johanne Christine Svendsen,1447.5004762528179,10,2,8,2022-04-11,2025-04-10,7296
Gail Hansen,1447.4525843567903,56,17,39,1968-03-25,1971-09-20,7297
Jahana Bayramova,1447.4017418400051,12,3,9,2013-02-04,2017-07-21,7298
Naoko Sato,1447.2946041190987,186,71,115,1972-02-28,1986-12-29,7299
Lenka Kodesova,1447.1620159261076,19,3,16,1968-07-22,1972-06-26,7300
Mamotebang Molise,1447.110705933099,8,1,7,2000-03-28,2001-05-18,7301
Nastja Kolar,1447.073611986607,9,1,8,2009-07-20,2015-04-13,7302
Barbara Brankovska,1447.0000629313636,18,4,14,1973-05-14,1978-10-09,7303
Pam Whytcross,1446.9728442562096,208,76,132,1971-12-27,1984-11-12,7304
Amy Holton,1446.8129258163146,89,27,62,1980-11-10,1987-03-30,7305
Hiroko Kuwata,1446.7836287708417,10,1,9,2014-07-28,2019-04-08,7306
Veronika Buche,1446.7803308989328,17,5,12,1972-03-27,1976-07-12,7307
Chris Safford,1446.7636689814815,7,0,7,1968-04-15,1974-08-19,7308
Kim Seddon,1446.6132899516715,17,5,12,1980-11-24,1983-07-18,7309
Lubka Radkova,1446.578714968642,9,0,9,1968-05-21,1975-05-05,7310
Junko Sawamatsu,1446.5186115022823,34,8,26,1968-06-10,1971-09-01,7311
Lynn Mcdonald,1446.4959692057448,8,0,8,1967-12-25,1971-03-29,7312
Sevil Aliyeva,1446.4301809243632,8,1,7,2006-04-26,2007-04-26,7313
Andrea Brenes,1446.2394234724125,8,1,7,2003-04-26,2014-04-12,7314
Kylie Copeland,1445.9407188515547,14,3,11,1981-07-07,1987-03-30,7315
Michele Golding,1445.9008654225665,6,0,6,1974-02-11,1974-04-01,7316
Ummarahmat Hummetova,1445.8595979172458,8,1,7,2004-04-20,2012-02-02,7317
Germaine Ohaco,1445.6501164246652,13,3,10,1980-05-19,1984-07-09,7318
Rebecca Munk Mortensen,1445.6336647155367,8,1,7,2022-04-13,2025-04-10,7319
Maria Boboedova,1445.5579737394146,6,0,6,1998-03-02,2001-03-05,7320
Sally Irvine,1445.553247592184,12,2,10,1970-01-12,1974-12-21,7321
Asimina Kaplani,1445.5532163898258,6,0,6,1999-04-20,2007-04-20,7322
Stephanie Meachen,1445.524230359646,8,1,7,1974-04-22,1975-05-26,7323
Bree Calderwood,1445.505213030116,12,3,9,1998-04-13,2003-03-03,7324
Anna Koumantou,1445.4800614563305,10,2,8,2005-04-20,2008-02-01,7325
Anori Fukuda,1445.4582374370502,8,1,7,1995-09-12,1997-09-08,7326
Vicki Abels,1445.3996097278934,6,0,6,1978-03-29,1978-05-29,7327
Julia Helbet,1445.320496507977,17,5,12,2006-04-26,2014-02-07,7328
Julie Coin,1445.3088165568265,48,12,36,2008-08-25,2015-10-19,7329
Jill Fraser,1445.2099494511094,26,8,18,1968-01-28,1973-01-09,7330
Yukie Koizumi,1445.1950858679256,32,10,22,1980-10-20,1991-01-29,7331
Mette Sigmundstad,1445.1376704504432,6,0,6,1994-04-18,1996-04-24,7332
Valisoa Rafolomanantsiatosika,1445.129305707581,6,0,6,1999-04-26,2000-04-01,7333
Eva Fridenzi,1445.049176471711,6,0,6,1970-07-20,1980-08-14,7334
Razalia Phethu,1445.0471772638925,8,1,7,1999-04-26,2002-04-12,7335
Lourdes Diaz Ponce,1445.0219152445811,10,2,8,1969-03-31,1974-08-19,7336
Peangtarn Plipuech,1445.014914302849,19,5,14,2014-01-27,2023-04-14,7337
Emma Flood,1445.0132913731795,10,2,8,2008-04-23,2012-04-20,7338
Barbara Cleary,1444.9486689917032,6,0,6,1970-04-13,1972-05-29,7339
Henrietta Harris,1444.8683681832802,6,0,6,1987-07-26,1992-04-21,7340
Misumi Miyauchi,1444.8217112299126,48,16,32,1990-04-23,1999-04-12,7341
Puleng Tlhophane,1444.763437644666,6,0,6,2005-04-28,2006-04-29,7342
Anne Marie Larue,1444.7170301428916,20,6,14,1968-02-09,1974-05-28,7343
Sally Greer,1444.6728276470528,85,26,59,1972-01-21,1978-06-05,7344
Maria Cristina Diaz,1444.6442272099907,8,1,7,1968-01-01,1968-09-02,7345
Wendy Brown,1444.5735400344442,6,0,6,1997-05-12,1997-05-17,7346
Camille Walter,1444.5554152382888,13,3,10,1989-10-01,1998-05-03,7347
Simone Schilder,1444.550917993267,24,7,17,1984-07-15,1990-02-05,7348
Siobhan Munro,1444.4850339712293,6,0,6,1997-04-12,1998-04-13,7349
Reka Luca Jani,1444.4668914981803,48,18,30,2010-02-03,2023-07-24,7350
Barbara Pollet,1444.394421269364,13,3,10,1981-08-24,1986-09-15,7351
Hamidan Bibi,1444.2524769163879,8,1,7,1999-02-22,2000-04-28,7352
Iesha Shepherd,1444.2206856577754,11,2,9,2014-02-06,2017-07-22,7353
Susanne Celik,1444.167638227203,7,0,7,2015-04-18,2016-07-18,7354
Tara Lambert,1444.1478282528665,8,1,7,1999-02-24,2010-04-24,7355
Laone Botshoma,1444.0610229746972,8,1,7,2004-04-28,2006-04-29,7356
Marwa El Wany,1444.0353591060928,8,1,7,1994-04-18,1999-04-19,7357
Carmen Coronado,1443.9292127662359,41,12,29,1967-12-25,1976-03-15,7358
Kayoko Fukuoka,1443.8280446170327,23,5,18,1970-12-30,1979-10-15,7359
Barbara Walsh,1443.7461709189229,27,8,19,1968-11-23,1971-05-31,7360
Florea De Maria Urrea,1443.7230874991815,18,6,12,1993-04-19,1997-05-18,7361
Noppawan Lertcheewakarn,1443.6594292685302,35,11,24,2007-02-05,2014-04-19,7362
Flore Wagner,1443.480690215708,9,1,8,1972-03-20,1977-06-13,7363
Amandine Hesse,1443.4119054383737,21,4,17,2014-05-26,2023-05-22,7364
Kay Mcdaniel,1443.3278736609411,65,21,44,1974-03-04,1987-03-23,7365
Dionne Lim,1443.3077379388515,6,0,6,1993-05-03,1994-05-04,7366
An Sophie Mestach,1443.2990733393542,14,2,12,2011-05-16,2015-09-14,7367
Patricia Rodriguez,1443.2577142380615,6,0,6,1991-07-18,1992-04-23,7368
Stephanie Schaer,1443.25328517414,14,3,11,2001-03-05,2003-04-26,7369
Lesley Pattinama Kerkhove,1443.2460274418177,39,10,29,2013-07-15,2023-06-12,7370
Donna Bradshaw,1443.2430526960231,6,0,6,1996-05-06,1996-05-12,7371
Sheila Moodie,1443.2061584120308,20,6,14,1968-04-08,1981-05-25,7372
Tzu Ting Weng,1443.1775291787144,24,8,16,1993-10-05,2000-03-04,7373
Lise Gregory,1443.0903863268318,22,6,16,1979-11-26,1990-09-24,7374
Hannah Collin,1443.0891685294782,9,1,8,1999-04-12,2002-06-24,7375
Hellas Ter Riet,1443.0566361869624,62,22,40,1986-07-07,1991-04-29,7376
Jill Smoller,1442.8534293294172,8,0,8,1988-01-11,1990-07-16,7377
Klara Bardoczy,1442.7265097450738,6,0,6,1968-08-15,1969-08-18,7378
Nicole Oomens,1442.719573851245,8,1,7,1996-03-03,1997-05-10,7379
Hilary Hodge,1442.7101462714024,13,1,12,1968-04-08,1972-11-06,7380
Senait Gebreail,1442.5979463402173,8,1,7,1996-03-26,1997-05-09,7381
Camila Giangreco Campiz,1442.4658199147252,6,0,6,2013-02-06,2016-02-06,7382
Rosemary Pearson,1442.4546952362055,31,11,20,1969-05-12,1974-06-03,7383
Judy Thompson,1442.4254643407028,11,2,9,1974-02-11,1974-04-15,7384
Marcela Evangelista,1442.3851846168207,6,0,6,2002-01-28,2003-03-03,7385
Anastasia Tikhonova,1442.2195446833437,7,0,7,2022-06-06,2026-03-30,7386
Baerbel Wuestl,1442.2030077335862,20,4,16,1968-02-26,1973-06-11,7387
Katerina Bohmova,1442.2021408248693,136,42,94,1978-05-15,2007-02-19,7388
Nadine Netter,1442.1692337171824,32,10,22,1968-03-18,1971-06-07,7389
Rosanne Dimech,1442.0792603696134,8,1,7,2002-04-09,2012-04-21,7390
Mimi Kanarek,1442.030763461446,23,7,16,1968-02-20,1975-08-18,7391
Patricia Shoolman,1442.0253615081656,17,3,14,1973-08-27,1977-04-11,7392
Grace Min,1441.9479546304565,45,12,33,2012-06-11,2023-09-18,7393
Hana Sromova,1441.8839433581159,43,13,30,1998-07-27,2008-08-25,7394
Shannon Gordon,1441.8351278662346,22,7,15,1977-06-26,1982-04-05,7395
Elya Constanta,1441.828603845254,6,0,6,1997-05-05,2000-04-01,7396
Patricia Montano,1441.7986488016875,25,8,17,1968-03-17,1972-05-22,7397
Kerry Wilkinson,1441.7543941440806,13,2,11,1968-01-08,1972-12-26,7398
Jaimee Fourlis,1441.7170835651405,20,4,16,2017-01-09,2023-06-19,7399
Roberta Zimman,1441.6814024737912,7,0,7,1968-02-16,1969-04-14,7400
Lisette Sliepen,1441.489512851895,6,0,6,1968-07-15,1970-08-10,7401
Yik Hui Leow,1441.4148715717333,9,1,8,1999-02-24,2001-04-12,7402
Jane Montague,1441.3703472370298,14,3,11,1980-04-14,1982-04-26,7403
Chieh Yu Hsu,1441.2437299773749,7,0,7,2007-07-16,2018-02-10,7404
Lee Chan,1441.2224480093619,18,5,13,1991-07-19,2000-04-29,7405
Sandra Dopfer,1441.1850416854854,104,31,73,1989-05-01,1999-04-19,7406
Antonella Serra Zanetti,1441.1624774491474,144,50,94,1996-07-15,2007-07-16,7407
Marianne Ward,1441.0622961667018,6,0,6,1990-07-21,1995-03-29,7408
Pamela Jung,1441.027648506915,20,6,14,1981-09-12,1988-11-28,7409
Emiko Okagawa,1440.9476828490735,59,19,40,1980-10-20,1992-09-25,7410
Maria Lindstrom,1440.804069370783,106,39,67,1982-05-17,1992-02-17,7411
Frances Candy,1440.7946613122472,24,6,18,1969-04-21,1974-04-22,7412
Carol Gay,1440.766758896237,7,0,7,1968-03-11,1969-03-17,7413
Heather Allen,1440.6684264598805,20,5,15,1968-04-08,1972-03-27,7414
Rushmi Chakravarthi,1440.587272268845,22,7,15,1994-05-04,2010-02-06,7415
Julie Ditty,1440.5270770241027,38,10,28,2005-02-21,2011-02-14,7416
Yvette Basting,1440.504501987721,15,2,13,1995-01-02,2001-06-25,7417
Sohyun Park,1440.4237280584705,9,0,9,2018-09-17,2025-09-15,7418
Hiromi Nagano,1440.4196579550987,15,2,13,1991-08-05,1995-06-12,7419
Jill Schwikert,1440.3858600863662,41,10,31,1970-09-21,1975-06-30,7420
Helina Lill,1440.2971719654238,9,1,8,1994-04-20,1997-05-08,7421
Carol Hunter,1440.2865417497046,11,2,9,1968-05-27,1968-08-29,7422
Denise Staniszewski,1440.1983340084503,19,4,15,1969-04-21,1972-08-07,7423
So Jung Kim,1440.1172286798255,17,3,14,2004-09-27,2012-02-03,7424
Denise Parnell,1439.9904595984717,27,8,19,1978-04-17,1986-06-30,7425
Nudnida Luangnam,1439.9331877194984,22,5,17,2006-10-09,2019-02-09,7426
Florence Guedy,1439.8115855299402,91,34,57,1970-07-13,1981-05-11,7427
Robyn Knobel,1439.6787631112154,8,0,8,1968-12-07,1972-07-17,7428
Yolanda Sumarno,1439.6296238368748,13,2,11,1976-08-22,1981-11-09,7429
Susana Maria Villaverde,1439.4858945459341,30,8,22,1972-10-26,1982-07-26,7430
Helen Luscombe,1439.4694429728045,24,7,17,1979-05-28,1981-06-01,7431
Renata Baranski,1439.2124334492328,64,19,45,1987-10-12,1991-12-02,7432
Rita Felix,1439.052152906187,18,4,14,1970-04-06,1974-07-15,7433
Chiu Mei Ho,1439.02773417755,18,4,14,1978-08-19,1993-05-04,7434
Jill Hetherington,1438.9545664572076,104,37,67,1983-08-15,1993-07-26,7435
Asa Flodin,1438.9288103840831,10,1,9,1979-12-02,1982-07-19,7436
Elizabeth Ernest,1438.844413812007,66,19,47,1968-04-08,1973-07-09,7437
Anais Marie Moreno,1438.8184620453121,6,0,6,2001-05-15,2002-05-15,7438
Jade Schiffman,1438.7989280517272,32,9,23,1968-01-01,1972-08-01,7439
Caroline Vis,1438.7478790086757,32,6,26,1990-02-05,1996-02-26,7440
Ellinore Lightbody,1438.562922999816,40,15,25,1976-10-11,1991-07-20,7441
Adriana Villagran Reami,1438.537298687955,192,70,122,1972-11-27,1990-04-23,7442
Isid Hernandez,1438.398935087147,9,1,8,2017-07-19,2019-04-20,7443
Jeanine Baillie,1438.390749232514,11,2,9,1996-05-06,1998-05-03,7444
Tish Adams,1438.3310630499757,28,9,19,1968-04-08,1972-06-26,7445
Joanna Sakowicz Kostecka,1438.3225033226881,23,6,17,2000-05-15,2005-04-23,7446
Lilia Biktyakova,1438.266039561874,12,2,10,1996-02-20,2000-06-12,7447
Susan Rimes,1438.1681006998683,33,9,24,1980-05-19,1987-03-23,7448
Lee Anne Lingo,1438.1564824470445,9,1,8,2008-04-25,2011-05-16,7449
Chie Nagano,1438.0965214354921,9,1,8,1996-09-28,1999-09-06,7450
Tamaryn Hendler,1438.0328507094023,9,0,9,2007-07-14,2012-05-21,7451
Liz Worner,1437.6412291059125,16,4,12,1972-01-04,1974-05-27,7452
Trey Lewis,1437.6173920995493,77,23,54,1978-02-13,1985-02-25,7453
Fatima Zorah Bouabdallah,1437.6035507584172,9,1,8,2009-04-21,2011-05-06,7454
Julie Peters,1437.5932254026363,9,1,8,1976-11-29,1980-06-09,7455
Gaobolae Seleka,1437.4989252495345,9,1,8,1995-05-09,1997-05-10,7456
Lela Zainal,1437.3707777040838,9,1,8,1989-10-01,1995-03-11,7457
Julie Filkoff,1437.1321687294635,33,11,22,1978-05-14,1982-08-02,7458
Adriana Serra Zanetti,1437.0306471008676,185,64,121,1991-12-02,2005-07-11,7459
Su Lin Lai,1436.9758680719456,18,5,13,1985-10-06,1990-07-21,7460
Darlene Williamson,1436.7073632609631,11,2,9,1980-05-11,1982-07-19,7461
Jan Hasse,1436.6977513122188,16,4,12,1968-05-06,1974-05-04,7462
Anastasia Pivovarova,1436.5837956708242,35,8,27,2008-03-10,2016-09-19,7463
Sally Geeves,1436.536409926123,18,4,14,1973-04-16,1978-05-29,7464
Satomi Kinjo,1436.4868739231379,20,6,14,1997-09-08,2000-03-04,7465
Carol Cassar Torreggiani,1436.480671270004,30,10,20,1986-07-20,2001-05-16,7466
Carol Zhao,1436.28542189417,27,5,22,2013-08-05,2024-09-16,7467
Isabella Ortiz,1436.2299305892527,11,1,10,1969-03-11,1974-07-15,7468
Alexa Glatch,1436.215083489166,65,18,47,2005-03-09,2021-08-23,7469
Nicky Phelan,1436.00040049935,11,1,10,1969-04-21,1973-07-15,7470
Alyssa Fuentes,1435.8813931637326,7,0,7,2007-04-16,2008-04-26,7471
Pemra Ozgen,1435.8525282927355,56,20,36,2002-04-24,2022-04-18,7472
Tina Samara,1435.7914875161036,10,1,9,1996-04-22,1998-05-09,7473
Ines Roget,1435.7249770868002,29,8,21,1968-11-04,1975-06-30,7474
Imen Ben Larbi,1435.687740154366,7,0,7,1994-04-18,2002-04-12,7475
B Chapman,1435.6761565417169,8,0,8,1979-06-05,1981-07-06,7476
Conny Perrin,1435.4768981466239,14,2,12,2011-06-06,2021-07-12,7477
S Preece,1435.454519035182,9,1,8,1973-04-16,1977-05-23,7478
Lea Antonoplis,1435.3650540863912,337,148,189,1973-05-05,1990-04-23,7479
Ashley Brooks,1435.3271309256015,15,4,11,2003-04-23,2018-07-20,7480
Nicole Hesse Cazaux,1435.261852674352,32,11,21,1968-01-16,1978-04-17,7481
Maria Irigoyen,1435.2038292654693,26,6,20,2008-02-18,2017-02-11,7482
Kayla Day,1435.137035320958,34,8,26,2016-08-22,2026-03-30,7483
Alejandra Vallejo,1435.1360515894835,13,1,12,1975-10-20,1980-05-19,7484
Sandra Zahlavova,1435.1060988111396,50,12,38,2007-01-15,2013-07-08,7485
Nadiya Kichenok,1434.9621486405322,25,6,19,2013-02-11,2022-04-04,7486
Lucinda Crosby,1434.8006194405611,11,1,10,1968-05-06,1972-12-12,7487
Adriana Thaggard,1434.779521920324,9,1,8,1995-03-08,2001-04-13,7488
Tereza Mrdeza,1434.5502794730658,25,7,18,2012-02-04,2021-09-13,7489
Noelle Van Lottum,1434.5299078593907,151,55,96,1988-05-23,1999-02-15,7490
Barbara Wanke,1434.4984950808853,9,0,9,1971-04-26,1975-05-26,7491
Kaori Kuki,1434.4285124577564,7,0,7,1996-09-28,1997-05-10,7492
Anita Husaric,1434.171855313052,12,2,10,2010-02-05,2019-02-09,7493
Nigina Abduraimova,1433.9807080270944,50,16,34,2008-09-29,2023-07-24,7494
Anna Anastasiou,1433.9167251439362,7,0,7,1995-05-08,1996-03-29,7495
Dena Garcia,1433.9162534481927,8,0,8,1968-07-01,1969-06-30,7496
Emilse Raponi Longo,1433.8001058749612,106,40,66,1973-11-18,1988-11-07,7497
Connie Pearson,1433.5111232764193,20,5,15,1971-09-28,1977-02-07,7498
Anna Luale,1433.352648361471,15,3,12,1980-07-07,1982-06-21,7499
Bente Kjolstad,1433.2879940532114,11,1,10,1974-05-13,1979-04-30,7500
S Martin,1433.2565805034242,7,0,7,1968-04-08,1981-07-06,7501
Sarah Stanley,1433.2302381552945,9,1,8,1997-03-01,1997-05-10,7502
Whitney Grant,1433.1534348305893,12,2,10,1968-05-06,1973-09-17,7503
Carolyn Camp,1433.1160486532378,17,3,14,1968-03-25,1971-08-09,7504
Astrid Suurbeek,1433.0943113696496,52,18,34,1968-01-19,1978-03-29,7505
Stephanie Hales,1432.93530269203,16,3,13,1980-05-19,1982-07-26,7506
Cathy Fink,1432.9340958192602,10,1,9,1980-06-09,1981-04-29,7507
Ana Maria Estalella Manso,1432.9172484850585,39,11,28,1967-12-28,1976-03-15,7508
Sheng Nan Sun,1432.8159952668668,10,0,10,2005-09-26,2011-09-19,7509
Andree Martin,1432.7758659075598,64,20,44,1968-05-27,1975-05-05,7510
Wendy Appleby,1432.546284622686,60,17,43,1969-05-05,1974-04-22,7511
Renata Voracova,1432.5353711673,78,24,54,2002-05-06,2017-06-05,7512
Asia Muhammad,1432.532228080897,22,4,18,2007-07-30,2023-09-18,7513
Lany Kaligis,1432.3660007241901,121,30,91,1968-01-08,1975-06-30,7514
Nicola Lusty,1432.357542010272,22,6,16,1980-04-14,1983-05-30,7515
Niki Williams,1432.274025123168,22,6,16,1997-05-12,2001-05-18,7516
Elviry Dry,1432.1462472819264,15,1,14,1968-01-08,1973-11-19,7517
Paula Alvarez,1432.014518173323,7,0,7,1992-04-21,1994-04-13,7518
Carol Watson,1431.9835781750269,25,7,18,1980-06-09,1985-09-23,7519
Sally Arnott,1431.9775206106083,8,0,8,1972-01-10,1974-06-03,7520
Xiaodi You,1431.967970991097,15,2,13,2016-09-19,2024-10-28,7521
Caroline Oduor,1431.6340326250547,7,0,7,2001-05-14,2012-04-21,7522
Vicky Smouse,1431.5268844808068,17,3,14,1969-05-05,1972-05-06,7523
Erika De Lone,1431.336791688204,141,42,99,1989-07-17,2002-04-15,7524
Ylena In Albon,1431.1865074868124,10,0,10,2019-04-08,2023-05-29,7525
Ushna Suhail,1431.0626609360795,33,12,21,2011-01-31,2020-02-08,7526
Giulia Gatto Monticone,1431.0090714173998,21,4,17,2013-07-08,2021-10-25,7527
Fumiko Furuhashi,1430.9738455874055,16,3,13,1978-10-23,1982-07-19,7528
S Butterfield,1430.9228829838864,8,0,8,1980-04-07,1982-04-26,7529
Vicky Berner,1430.910393833373,56,14,42,1968-05-06,1973-09-24,7530
Kerstin Seelbach,1430.8890171635524,47,17,30,1968-01-26,1981-12-09,7531
Eva Krapl,1430.6849887309363,109,39,70,1981-08-31,1990-09-10,7532
Anna Maria Fernandez,1430.5261694684623,155,55,100,1978-08-28,1988-07-11,7533
Yi Fan Xu,1430.498899199421,16,2,14,2007-09-17,2017-04-17,7534
Ellen Grindvold,1430.4808950817683,45,11,34,1968-01-26,1983-07-17,7535
Nancy Falkenberg,1430.4446471474723,8,0,8,1968-02-20,1969-05-15,7536
Anastasia Yakimova,1430.4431274812932,119,34,85,2004-04-22,2012-06-25,7537
Miriam Bianca Bulgaru,1430.2661453246444,13,2,11,2018-07-16,2026-02-01,7538
Marlie Buehler,1429.9685673911904,10,0,10,1977-03-07,1978-12-11,7539
Sarah Mahboob Khan,1429.9327267274753,12,2,10,2011-01-31,2020-02-06,7540
Olga Tsarbopoulou,1429.8550311190586,46,13,33,1983-07-17,1990-09-10,7541
Kristin Kinney,1429.8494959045477,60,16,44,1983-11-14,1987-03-30,7542
Akemi Nishiya,1429.7660534544257,40,10,30,1985-07-08,1991-07-15,7543
Feriel Esseghir,1429.706798590218,14,3,11,1998-05-07,2002-07-08,7544
Jean Nachand,1429.6097985242654,44,15,29,1972-09-18,1981-08-18,7545
Ya Hsuan Lee,1429.5897378946365,14,2,12,2015-10-12,2018-02-07,7546
Sally Reeves,1429.5823455091552,37,11,26,1980-04-07,1987-06-08,7547
Carlista Mohammed,1429.5238374273563,12,2,10,2007-04-18,2018-07-21,7548
Lisa Fung Kee Fung,1429.4955640191,12,2,10,2001-05-15,2003-04-27,7549
Katja Oeljeklaus,1429.4677662443296,22,3,19,1990-07-09,1994-04-18,7550
Adrienne Straub,1429.3148061635745,10,1,9,1974-02-11,1975-05-26,7551
Katharina Duell,1429.1595913425617,14,2,12,1987-09-21,1991-05-13,7552
Anna Danilina,1428.9307649185514,10,0,10,2019-09-09,2024-08-19,7553
Mary Mclean,1428.8905445639493,60,18,42,1968-07-01,1977-05-29,7554
I Ting Wang,1428.8900174771577,22,6,16,1998-09-07,2004-04-24,7555
Gabriela Dabrowski,1428.7530242476732,17,2,15,2014-07-14,2021-02-03,7556
Heidi Reetmeyer,1428.3972961250738,22,6,16,1970-08-24,1980-08-20,7557
Monique Krecke,1428.1560073528917,8,0,8,1973-05-02,1980-05-19,7558
Patricia Cody,1428.0519930863036,69,23,46,1968-05-06,1976-01-26,7559
Anna Patricia Santos,1428.0113602380907,8,0,8,2002-03-04,2004-04-24,7560
Keiko Tameishi,1427.9004622336781,8,0,8,1998-09-07,2002-03-04,7561
Elitsa Kostova,1427.856127377571,45,16,29,2008-02-02,2019-04-08,7562
Corinna Dentoni,1427.8240109332614,23,5,18,2008-04-14,2013-07-08,7563
Nancy Harris,1427.788674146918,25,7,18,1978-05-22,1982-06-01,7564
Lisette Senn,1427.7654781952194,22,5,17,1977-05-09,1980-01-01,7565
Giuliana Olmos,1427.428342749945,24,7,17,2010-04-19,2024-11-15,7566
Junri Namigata,1427.2828664557535,25,6,19,2005-09-19,2019-09-09,7567
Ana Maria Arias,1427.1351408472833,128,41,87,1968-11-04,1976-11-19,7568
Lisa Pennington,1427.0574538553897,35,13,22,1980-04-07,1988-11-07,7569
Whitney Osuigwe,1426.891700792795,19,3,16,2018-03-19,2026-02-23,7570
Rakel Petursdottir,1426.8313605961375,8,0,8,1998-05-05,1999-04-29,7571
Elaine Stephan,1426.7597569063748,14,2,12,1968-01-28,1973-01-09,7572
Ann Simons,1426.703431287919,8,0,8,1994-04-11,1996-05-12,7573
Susana Rojas,1426.68886944861,26,7,19,1981-03-23,1982-08-02,7574
Irina Khromacheva,1426.6857585259747,26,7,19,2014-02-08,2023-10-09,7575
Paula Kania,1426.6183000013946,20,4,16,2014-06-23,2016-07-11,7576
Sandra Kristjansdottir,1426.515749548164,8,0,8,2005-04-29,2009-04-25,7577
Nicole Bimes,1426.4410518607383,19,3,16,1969-05-26,1980-03-24,7578
Vivicca Andersson,1426.4126047113073,9,0,9,1973-07-09,1979-12-13,7579
Anne Grete Qvist,1426.3532286579332,8,0,8,1974-03-04,1974-04-22,7580
J Matthews,1426.2551339450606,12,1,11,1970-05-04,1976-10-25,7581
Maria Joao Koehler,1426.1662578939045,34,8,26,2009-05-04,2018-02-10,7582
Silvia Soler Espinosa,1426.0182724027757,172,60,112,2009-04-06,2019-02-09,7583
Yuliya Beygelzimer,1425.913992627539,68,20,48,2000-05-15,2015-10-12,7584
Marie Eve Pelletier,1425.7836762456639,60,16,44,1998-10-26,2012-09-10,7585
Patricia Billing,1425.7637164316575,16,3,13,1971-12-27,1973-09-03,7586
Ana Sofia Sanchez,1425.5947276310387,28,8,20,2012-04-16,2026-03-30,7587
Cathrine Instebo,1425.4706497078716,15,3,12,1990-07-21,1993-05-13,7588
Richele Le Saldo,1425.3847887972877,15,3,12,1997-05-13,2008-04-24,7589
Margot Schultze,1424.8893409699358,19,4,15,1968-07-08,1973-10-08,7590
Jeannine Niedhardt,1424.3617958105503,8,0,8,1996-03-25,2002-04-12,7591
Timea Babos,1423.9616040311755,319,134,185,2010-07-05,2024-07-15,7592
Isabella Shinikova,1423.9006643714945,39,12,27,2012-02-04,2025-08-04,7593
Maylis Burel,1423.8369924750336,9,0,9,1968-05-27,1974-04-02,7594
Nazli Nader Redha,1423.8142991978903,8,0,8,2016-04-12,2018-02-08,7595
Nikkita Fountain,1423.7900254744372,29,10,19,1999-02-25,2014-02-08,7596
Susan Vinton,1423.471541244915,42,11,31,1969-03-18,1976-08-21,7597
Ann Lebedeff,1423.3963969004399,44,12,32,1968-01-29,1972-09-18,7598
Carin Bakkum,1423.2511312456975,43,11,32,1985-11-04,1994-02-08,7599
Dominique Beillan,1423.2213168488988,22,4,18,1977-03-28,1981-06-24,7600
Lisa Oneill,1423.2050882212855,38,11,27,1985-07-21,1990-02-05,7601
Yomna Farid,1422.9745519379355,15,3,12,1999-04-27,2004-05-01,7602
Stephanie Grant,1422.9111739763416,47,16,31,1968-01-29,1973-09-17,7603
Jane Charlton,1422.9057889034284,14,2,12,1974-04-22,1978-05-29,7604
Jonna Jonerup,1422.3774886086708,18,3,15,1987-07-06,1989-10-01,7605
Shelby Torrance,1422.3462318720096,33,9,24,1973-04-09,1985-09-09,7606
Deborah Fiuza,1422.298707929468,14,1,13,1973-10-08,1982-07-19,7607
Sarah Huntington,1422.2887988902035,17,3,14,1968-04-01,1972-11-06,7608
Evagreth Emmenegger,1422.0975347102412,10,0,10,1969-07-22,1975-07-07,7609
Penelope Hardgrave,1422.0541017225514,23,5,18,1968-04-08,1972-11-06,7610
Kim Simmons,1421.8800659196672,11,1,10,1996-05-06,1997-05-18,7611
Eugenia Kulikovskaya,1421.716442720199,42,10,32,1995-09-18,2004-02-16,7612
Sue Oertel,1421.2236487393727,11,1,10,1974-02-11,1975-01-20,7613
Galina Misiuriova,1421.0577353552553,16,3,13,1992-04-13,1999-04-30,7614
Ebba Leijonhufvud,1420.957601294066,12,1,11,1968-04-08,1973-07-09,7615
Marina Bassols Ribera,1420.919690403697,16,1,15,2021-07-19,2024-09-09,7616
Marilyn Bevan,1420.9010607543164,17,3,14,1968-07-15,1971-05-31,7617
Sanda Lopez,1420.8479203135814,9,0,9,1980-05-22,1982-04-05,7618
Judy Dixon,1420.8279581221948,32,6,26,1968-07-14,1973-06-25,7619
J Griffiths,1420.5634049071693,12,1,11,1973-05-14,1982-07-12,7620
Doreen Irish,1420.4654099652519,14,2,12,1969-05-05,1973-09-17,7621
Gai Healey,1420.2426479081344,22,5,17,1969-02-13,1975-12-28,7622
Cynthia Ann Thomas,1420.1779214958153,25,6,19,1968-09-16,1977-10-17,7623
Tina Mochizuki,1420.0681684523888,222,85,137,1968-01-29,1988-11-28,7624
Lexie Kenny,1419.807042241945,29,7,22,1968-01-19,1970-07-27,7625
M Burrows,1419.6950451401851,9,0,9,1979-07-16,1982-04-26,7626
Sara Taweel,1419.6063748623442,13,2,11,1994-05-02,1998-02-20,7627
Karen Dewis,1419.5953319586865,19,3,16,1980-04-27,1987-08-17,7628
Mmaphala Letsatle,1419.1304374621136,11,1,10,1995-05-09,1998-05-09,7629
Sally Hudson Beck,1418.6333772492665,42,10,32,1971-05-31,1974-07-15,7630
Carol Gagliano,1418.5809874778547,12,1,11,1968-01-01,1974-02-11,7631
Danielle Paynter,1418.359584192283,21,5,16,1997-05-13,2002-05-18,7632
Stephanie Dubois,1418.1999855889248,104,35,69,2004-07-10,2014-09-08,7633
Betsy Butler,1417.885909853842,21,4,17,1972-07-10,1976-10-04,7634
Lana Scardigno,1417.7979182322783,16,3,13,1996-09-28,1997-05-10,7635
Luciana Corsato Owsianka,1417.6100156529901,62,19,43,1981-03-23,1993-10-25,7636
Jamie Loeb,1417.5402966592023,14,0,14,2015-08-31,2025-03-31,7637
Kyra Nagy,1417.512997363212,25,5,20,2000-08-22,2008-07-07,7638
Shaza Tinawi,1417.4467500307617,18,4,14,1998-02-21,2005-04-21,7639
Diana Marcinkevica,1417.2500054502075,34,10,24,2010-02-03,2023-04-14,7640
Jennifer Goodling,1417.0353129896346,22,5,17,1980-05-07,1988-02-01,7641
Christina Wheeler,1416.8115739546167,24,4,20,1999-02-27,2008-01-14,7642
Sandy Collins,1416.7072954319128,253,96,157,1973-09-17,1994-08-01,7643
Susanne Korpas,1416.434882213219,26,4,22,1969-07-14,1974-05-20,7644
Lorna Cornell,1416.2733863994451,24,6,18,1968-04-22,1975-05-26,7645
Ellen Perez,1415.9782298504867,15,1,14,2016-08-29,2023-10-09,7646
Ching Ling Chang,1415.8915211304668,53,14,39,1971-05-31,1975-10-13,7647
Erika Clarke Magana,1415.018547575392,12,1,11,2001-03-05,2007-04-21,7648
Kim Cartwright,1414.8440264845835,31,8,23,1990-07-21,1999-02-26,7649
Carly Gullickson,1414.8315199628596,26,4,22,2003-02-17,2010-04-12,7650
Daniela Munoz Gallegos,1414.584372265991,26,7,19,2003-03-03,2009-04-25,7651
Lizette Cabrera,1413.9406778541763,30,7,23,2017-01-09,2022-09-19,7652
Cathleen Farrell,1413.7841445711745,20,4,16,1980-05-11,1982-06-28,7653
Irina Selyutina,1413.563017684042,22,3,19,1995-04-18,2002-09-10,7654
Cecilie Fleming,1413.3671580427656,48,13,35,1968-04-08,1972-01-17,7655
Kim Hotston,1413.111974629252,28,8,20,1978-04-17,1982-07-12,7656
Sannie Gouws,1412.9885580466891,35,7,28,1969-01-05,1974-11-18,7657
Sandra Okin,1412.8302372873804,44,13,31,1968-04-08,1973-07-16,7658
Kathrin Woerle,1412.5475482633915,24,2,22,2006-01-16,2012-06-11,7659
Sandra Kloesel,1412.4611493522627,72,17,55,1996-04-29,2009-07-20,7660
Alina Jidkova,1412.3969468114822,159,47,112,2000-01-03,2009-07-27,7661
Valda Lake,1412.2835983002876,25,5,20,1987-06-08,1993-07-26,7662
Ekaterina Dzehalevich,1411.7114153335754,25,6,19,2005-04-22,2010-07-19,7663
Helen Sheedy,1411.5111355350011,29,7,22,1968-01-08,1971-01-25,7664
Ulrikke Eikeri,1411.5072027401002,44,16,28,2008-04-22,2023-10-16,7665
Pamela Austin,1411.1006302089593,128,37,91,1968-05-06,1975-03-17,7666
Andrea Betzner,1410.6414484997852,64,17,47,1981-08-03,1989-05-01,7667
Chloe Paquet,1410.4061083724866,66,17,49,2016-04-11,2026-04-13,7668
Stefanie Voegele,1410.1431306469115,289,105,184,2005-07-09,2022-04-04,7669
Alina Lazareva,1409.3208201709504,10,0,10,2014-02-05,2017-07-20,7670
Jan Blackstad,1409.0927700863533,15,2,13,1982-03-15,1987-01-25,7671
Sigurlaug Sigurdardottir,1408.6855082765856,10,0,10,2000-03-29,2006-04-29,7672
Kirsten Anden,1407.5216177507696,14,1,13,1968-06-06,1973-10-15,7673
Vitalia Diatchenko,1407.346747042344,60,13,47,2009-02-09,2025-09-08,7674
Cathy Griffiths,1407.2457342420025,27,6,21,1975-12-15,1981-01-12,7675
Shelley Stephens,1406.2705938775814,54,16,38,1995-04-19,2004-04-24,7676
Monika Pimentel,1406.0247359763923,13,1,12,1993-04-20,1998-05-02,7677
Belinda Borneo,1405.8928069675728,25,5,20,1981-03-06,1991-06-24,7678
Frances Maclennan,1405.4972616431294,73,23,50,1967-12-28,1975-07-07,7679
Erin Dignam,1405.449102633888,20,2,18,1969-05-05,1978-06-05,7680
Norma Eastburn,1405.4143869076056,26,5,21,1969-01-13,1975-06-09,7681
Marina Melnikova,1405.3346017126582,19,2,17,2015-04-20,2024-02-26,7682
Jacklyn Lambert,1404.738030042239,13,1,12,2006-04-17,2014-04-10,7683
Tam Oshaughnessy,1403.8067673172889,65,14,51,1968-01-29,1974-06-10,7684
Marianne Kindler,1403.60808765543,38,9,29,1968-05-23,1976-07-05,7685
Janet Fallis,1402.4194417332687,20,3,17,1969-12-03,1982-12-09,7686
Julie Richardson,1402.0158196969028,111,32,79,1985-07-01,1994-06-13,7687
Tracey Morton Rodgers,1401.675165447455,22,3,19,1985-11-11,1993-08-09,7688
Dionissia Asteri,1400.718455280863,18,2,16,1968-05-21,1977-06-13,7689
Mary Mcanally,1400.6725919765315,13,0,13,1967-12-28,1977-04-11,7690
Beverly Buckley,1400.609500903901,38,9,29,1971-04-05,1978-06-05,7691
Kago Phatshwane,1400.2619653596034,11,0,11,1999-04-26,2001-05-16,7692
Vlada Ekshibarova,1399.744141424758,14,1,13,2004-04-21,2020-02-05,7693
Zarah De Silva,1399.567190280505,18,3,15,1999-02-23,2003-04-27,7694
Daphne Pattison,1399.218060250969,85,21,64,1967-12-25,1975-11-24,7695
Isoke Perry,1399.097274062309,14,1,13,1998-04-27,2001-05-16,7696
Iris Staub,1399.0705031646378,17,2,15,1996-03-28,2008-04-25,7697
Penny Moor,1399.0525367786975,166,53,113,1968-11-04,1980-06-04,7698
Lesley Wellerman,1398.0843275180164,37,9,28,1968-05-06,1972-08-28,7699
Katie Obrien,1397.9095918771034,50,11,39,2004-06-21,2011-06-20,7700
Masa Zec Peskiric,1397.549280756292,46,12,34,2005-09-19,2014-02-09,7701
Di Riste,1396.7267114138424,34,8,26,1969-04-21,1975-06-02,7702
Charlotte Atwater,1395.913660175568,12,0,12,1968-07-01,1970-08-27,7703
Pepy Munslow,1395.8815457416472,21,3,18,1968-04-01,1971-11-08,7704
Clare Colman,1394.7256180830418,35,7,28,1968-11-11,1974-08-18,7705
Evelyn Otula,1394.3283599337547,15,1,14,1999-04-29,2005-04-30,7706
Graziella Perna,1394.0291986435486,23,4,19,1968-03-11,1970-09-28,7707
Olga Montano,1393.3827834733029,17,2,15,1968-03-17,1971-04-05,7708
Maricaye Christenson,1392.9099634112413,77,21,56,1968-01-29,1976-12-13,7709
Ulla Sandulf,1392.2026766148936,26,5,21,1968-01-29,1972-07-09,7710
Andrea Pesak,1391.5086093866128,42,12,30,1979-05-14,1985-07-21,7711
Annabel Ellwood,1391.2336957146013,76,20,56,1995-01-09,2002-01-06,7712
Kerry Ballard,1390.8177569803158,30,7,23,1968-01-19,1974-12-21,7713
Kyla Hunte,1390.3527744223186,15,1,14,1995-03-27,2001-05-18,7714
Irena Skulj,1389.5975146694082,33,6,27,1968-03-18,1970-09-21,7715
Ghazaleh Torkaman,1389.3150128356956,13,0,13,2009-02-04,2014-02-06,7716
Joni Van Ryck De Groot,1389.1155857509832,29,5,24,1980-05-11,1995-03-28,7717
Sophie Ferguson,1388.2186432239685,30,4,26,2002-03-04,2011-01-17,7718
Helen Lennon,1388.1338405119552,22,2,20,1969-07-07,1980-05-19,7719
Dianne Bridger,1388.1079846798461,23,3,20,1968-03-25,1970-05-11,7720
Bunny Smith,1386.1262554607763,33,7,26,1969-01-20,1980-11-10,7721
Kelesitse Makgale,1386.107085554571,16,1,15,1996-03-28,2003-04-30,7722
Jenny Helliar,1385.6597216688344,95,24,71,1968-04-22,1974-08-19,7723
Olivia Rogowska,1385.5899450345119,44,7,37,2009-01-12,2018-07-30,7724
Jennifer Carter,1383.4185105193756,13,0,13,1993-04-21,1997-05-18,7725
Mary Ann Colville,1381.9690851269,29,6,23,1977-03-28,1985-09-23,7726
Madeleine Pegel,1380.6978445348498,45,6,39,1968-07-08,1975-01-20,7727
Ana Catarina Nogueira,1376.3584466901405,38,9,29,1998-04-14,2008-02-02,7728
Stefania Stefansdottir,1373.3982560921775,16,0,16,1996-03-25,1999-04-29,7729
Roylee Bailey,1372.8625063634067,31,4,27,1968-03-04,1978-01-23,7730
Sue Hole,1371.230814494145,55,13,42,1968-02-12,1974-12-16,7731
Farah Dayoub,1368.9929972990378,23,3,20,1994-05-02,2001-04-13,7732
Shari Barman,1362.1041789573237,30,3,27,1969-07-05,1975-10-13,7733
Julie Salmon,1361.5856152636836,68,15,53,1981-02-27,1993-07-26,7734
Ann Phillips Moore,1351.0667460541572,22,0,22,1968-04-29,1972-08-15,7735
Carol Ann Kalogeropoulos,1316.5183932262544,54,7,47,1968-03-11,1973-05-07,7736
Sue Imhoff,1309.2757527899528,43,4,39,1968-04-08,1982-04-26,7737
