bootstrap_iteration,valid_players,rank_correlation_with_original,top_10_overlap_count,top_10_overlap_rate,top_20_overlap_count,top_20_overlap_rate
1,59,0.8341905318527179,8,0.8,16,0.8
2,59,0.8696668614845122,7,0.7,16,0.8
3,59,0.8734658094681473,5,0.5,17,0.85
4,59,0.8611922852133257,8,0.8,17,0.85
5,59,0.8844535359438925,7,0.7,19,0.95
6,59,0.932729398012858,8,0.8,18,0.9
7,59,0.8617182933956752,7,0.7,16,0.8
8,59,0.9153126826417302,7,0.7,15,0.75
9,59,0.862302746931619,8,0.8,16,0.8
10,59,0.9081823495032145,8,0.8,17,0.85
11,59,0.8727060198714204,8,0.8,17,0.85
12,59,0.8823495032144946,6,0.6,14,0.7
13,59,0.9052016364699008,8,0.8,16,0.8
14,59,0.886031560490941,8,0.8,15,0.75
15,59,0.9249561659848042,7,0.7,18,0.9
16,59,0.9112215078901229,8,0.8,17,0.85
17,59,0.8423728813559324,6,0.6,16,0.8
18,59,0.9330216247808301,9,0.9,16,0.8
19,59,0.9225599064874344,8,0.8,17,0.85
20,59,0.8027469316189364,8,0.8,15,0.75
21,59,0.9206312098188196,6,0.6,18,0.9
22,59,0.7848626534190534,7,0.7,16,0.8
23,59,0.8412039742840446,7,0.7,16,0.8
24,59,0.882407948568089,8,0.8,18,0.9
25,59,0.8926358854471073,4,0.4,17,0.85
26,59,0.9151957919345414,5,0.5,19,0.95
27,59,0.8914085330216249,7,0.7,16,0.8
28,59,0.8814728229105788,7,0.7,16,0.8
29,59,0.9065458796025717,5,0.5,19,0.95
30,59,0.8585622443015781,7,0.7,16,0.8
31,59,0.8911163062536529,8,0.8,17,0.85
32,59,0.8541203974284045,8,0.8,17,0.85
33,59,0.9057860900058446,7,0.7,18,0.9
34,59,0.8828170660432497,7,0.7,15,0.75
35,59,0.9132086499123321,8,0.8,17,0.85
36,59,0.9164231443600236,9,0.9,16,0.8
37,59,0.921449444769141,7,0.7,16,0.8
38,59,0.8992986557568675,7,0.7,17,0.85
39,59,0.9258328462887201,5,0.5,18,0.9
40,59,0.8715371127995327,7,0.7,17,0.85
41,59,0.9148451198129749,5,0.5,18,0.9
42,59,0.8611338398597314,6,0.6,17,0.85
43,59,0.9323787258912919,7,0.7,16,0.8
44,59,0.9041496201052017,8,0.8,16,0.8
45,59,0.9281706604324957,7,0.7,17,0.85
46,59,0.9341905318527179,7,0.7,17,0.85
47,59,0.9330216247808301,7,0.7,18,0.9
48,59,0.8540619520748102,7,0.7,16,0.8
49,59,0.8976621858562246,7,0.7,17,0.85
50,59,0.9177673874926945,8,0.8,18,0.9
51,59,0.8924021040327295,8,0.8,17,0.85
52,59,0.9378141437755699,7,0.7,16,0.8
53,59,0.8670368205727647,8,0.8,17,0.85
54,59,0.8642314436002339,6,0.6,16,0.8
55,59,0.8829924021040328,6,0.6,18,0.9
56,59,0.8502045587375804,8,0.8,15,0.75
57,59,0.8537112799532438,4,0.4,14,0.7
58,59,0.897428404441847,8,0.8,14,0.7
59,59,0.9099357101110462,7,0.7,18,0.9
60,59,0.8156049094097021,6,0.6,17,0.85
61,59,0.8530099357101112,6,0.6,16,0.8
62,59,0.8770309760374052,8,0.8,16,0.8
63,59,0.9095265926358856,6,0.6,17,0.85
64,59,0.9021624780829924,8,0.8,16,0.8
65,59,0.8184687317358271,7,0.7,16,0.8
66,59,0.8736411455289306,6,0.6,17,0.85
67,59,0.8802454704850965,8,0.8,17,0.85
68,59,0.931502045587376,7,0.7,19,0.95
69,59,0.925073056691993,7,0.7,17,0.85
70,59,0.8955581531268265,8,0.8,15,0.75
71,59,0.8666277030976038,7,0.7,16,0.8
72,59,0.9052016364699008,7,0.7,16,0.8
73,59,0.8565166569257744,6,0.6,18,0.9
74,59,0.9151957919345414,7,0.7,15,0.75
75,59,0.8808883693746348,6,0.6,16,0.8
76,59,0.9345996493278785,9,0.9,17,0.85
77,59,0.9110461718293398,7,0.7,16,0.8
78,59,0.866510812390415,7,0.7,14,0.7
79,59,0.8829924021040328,8,0.8,16,0.8
80,59,0.9113383985973117,6,0.6,17,0.85
81,59,0.9068965517241382,7,0.7,17,0.85
82,59,0.9219170075978961,8,0.8,18,0.9
83,59,0.829398012857978,6,0.6,13,0.65
84,59,0.9237872589129166,8,0.8,14,0.7
85,59,0.8790181180596145,7,0.7,16,0.8
86,59,0.8874926943308009,6,0.6,18,0.9
87,59,0.8839859731151375,7,0.7,17,0.85
88,59,0.8298071303331387,5,0.5,16,0.8
89,59,0.8880187025131503,7,0.7,16,0.8
90,59,0.8924021040327295,8,0.8,16,0.8
91,59,0.9120981881940388,7,0.7,16,0.8
92,59,0.9151957919345414,6,0.6,18,0.9
93,59,0.882115721800117,7,0.7,16,0.8
94,59,0.9016364699006431,7,0.7,17,0.85
95,59,0.915897136177674,7,0.7,17,0.85
96,59,0.8922852133255407,10,1.0,16,0.8
97,59,0.893687901811806,8,0.8,18,0.9
98,59,0.9281122150789014,7,0.7,18,0.9
99,59,0.9115721800116892,7,0.7,18,0.9
100,59,0.9001168907071889,9,0.9,18,0.9
101,59,0.8971946230274694,8,0.8,16,0.8
102,59,0.8932787843366454,6,0.6,16,0.8
103,59,0.927001753360608,7,0.7,17,0.85
104,59,0.9236703682057278,7,0.7,17,0.85
105,59,0.8745178258328464,6,0.6,16,0.8
106,59,0.8876095850379897,6,0.6,16,0.8
107,59,0.9135593220338984,6,0.6,17,0.85
108,59,0.9192285213325542,8,0.8,17,0.85
109,59,0.9063120981881941,8,0.8,16,0.8
110,59,0.8921683226183519,7,0.7,16,0.8
111,59,0.9006428988895384,7,0.7,15,0.75
112,59,0.8404441846873174,6,0.6,17,0.85
113,59,0.8679719462302748,6,0.6,18,0.9
114,59,0.8796610169491527,7,0.7,16,0.8
115,59,0.8683810637054354,8,0.8,14,0.7
116,59,0.8770894213909995,6,0.6,14,0.7
117,59,0.9177673874926945,9,0.9,17,0.85
118,59,0.8582700175336061,6,0.6,14,0.7
119,59,0.8766218585622445,7,0.7,16,0.8
120,59,0.8819403857393338,7,0.7,16,0.8
121,59,0.9138515488018705,7,0.7,17,0.85
122,59,0.8279368790181182,6,0.6,16,0.8
123,59,0.872939801285798,7,0.7,13,0.65
124,59,0.9375219170075981,8,0.8,18,0.9
125,59,0.9018118059614262,8,0.8,19,0.95
126,59,0.873699590882525,7,0.7,15,0.75
127,59,0.8834599649327879,7,0.7,17,0.85
128,59,0.8684979544126242,8,0.8,18,0.9
129,59,0.869199298655757,8,0.8,17,0.85
130,59,0.9148451198129749,8,0.8,15,0.75
131,59,0.9151957919345414,7,0.7,17,0.85
132,59,0.901344243132671,9,0.9,15,0.75
133,59,0.8992402104032732,8,0.8,15,0.75
134,59,0.9150204558737581,7,0.7,16,0.8
135,59,0.839158386908241,6,0.6,17,0.85
136,59,0.9315604909409705,7,0.7,18,0.9
137,59,0.9253068381063707,8,0.8,16,0.8
138,59,0.8793687901811806,6,0.6,17,0.85
139,59,0.8908825248392755,6,0.6,14,0.7
140,59,0.9199298655756868,8,0.8,19,0.95
141,59,0.9102279368790183,6,0.6,16,0.8
142,59,0.9065458796025717,7,0.7,17,0.85
143,59,0.8123319696084162,6,0.6,16,0.8
144,59,0.8908240794856811,8,0.8,17,0.85
145,59,0.8901227352425484,6,0.6,16,0.8
146,59,0.9310929281122152,9,0.9,17,0.85
147,59,0.8949736995908827,9,0.9,18,0.9
148,59,0.908825248392753,6,0.6,15,0.75
149,59,0.8514319111630626,8,0.8,16,0.8
150,59,0.8748684979544129,6,0.6,17,0.85
151,59,0.9009935710111048,6,0.6,15,0.75
152,59,0.9071887784921099,8,0.8,19,0.95
153,59,0.895616598480421,6,0.6,19,0.95
154,59,0.9075978959672707,7,0.7,17,0.85
155,59,0.8943308007013444,5,0.5,17,0.85
156,59,0.914669783752192,8,0.8,17,0.85
157,59,0.8926943308007016,6,0.6,16,0.8
158,59,0.8798363530099359,7,0.7,17,0.85
159,59,0.8522501461133841,6,0.6,17,0.85
160,59,0.9360023378141439,8,0.8,16,0.8
161,59,0.8469316189362948,5,0.5,15,0.75
162,59,0.9126826417299827,8,0.8,18,0.9
163,59,0.8962594973699591,6,0.6,18,0.9
164,59,0.8940385739333724,6,0.6,15,0.75
165,59,0.8843366452367037,6,0.6,16,0.8
166,59,0.8803039158386908,8,0.8,17,0.85
167,59,0.9258328462887201,6,0.6,17,0.85
168,59,0.8769725306838108,6,0.6,17,0.85
169,59,0.9258912916423144,7,0.7,17,0.85
170,59,0.8767971946230276,7,0.7,16,0.8
171,59,0.9098772647574518,8,0.8,17,0.85
172,59,0.9108708357685565,8,0.8,17,0.85
173,59,0.8925774400935128,7,0.7,17,0.85
174,59,0.8594973699590883,7,0.7,14,0.7
175,59,0.9336645236703682,8,0.8,18,0.9
176,59,0.8426066627703098,5,0.5,16,0.8
177,59,0.8978959672706021,5,0.5,16,0.8
178,59,0.906721215663355,8,0.8,18,0.9
179,59,0.8884278199883111,7,0.7,17,0.85
180,59,0.8966686148451201,7,0.7,18,0.9
181,59,0.9151957919345414,7,0.7,17,0.85
182,59,0.9054938632378726,7,0.7,15,0.75
183,59,0.90479251899474,7,0.7,16,0.8
184,59,0.9104032729398014,9,0.9,17,0.85
185,59,0.9148451198129749,7,0.7,17,0.85
186,59,0.8767387492694332,6,0.6,17,0.85
187,59,0.803272939801286,6,0.6,14,0.7
188,59,0.9306253652834602,8,0.8,18,0.9
189,59,0.8717124488603156,6,0.6,16,0.8
190,59,0.8809468147282292,7,0.7,14,0.7
191,59,0.8931618936294566,6,0.6,18,0.9
192,59,0.8851548801870252,8,0.8,17,0.85
193,59,0.9295733489187611,8,0.8,16,0.8
194,59,0.9382232612507307,9,0.9,18,0.9
195,59,0.9150204558737581,6,0.6,18,0.9
196,59,0.925073056691993,7,0.7,18,0.9
197,59,0.8661016949152543,6,0.6,17,0.85
198,59,0.9238457042665109,7,0.7,17,0.85
199,59,0.9210403272939802,6,0.6,16,0.8
200,59,0.9061952074810055,7,0.7,17,0.85
201,59,0.9051431911163065,9,0.9,17,0.85
202,59,0.8657510227936881,7,0.7,17,0.85
203,59,0.8746347165400352,7,0.7,15,0.75
204,59,0.8707188778492111,8,0.8,15,0.75
205,59,0.9130333138515491,7,0.7,15,0.75
206,59,0.9007597895967272,7,0.7,17,0.85
207,59,0.8959672706019873,8,0.8,17,0.85
208,59,0.9066627703097605,7,0.7,17,0.85
209,59,0.8985388661601406,8,0.8,16,0.8
210,59,0.8382817066043251,8,0.8,17,0.85
211,59,0.8737580362361194,8,0.8,15,0.75
212,59,0.9073056691992988,8,0.8,18,0.9
213,59,0.9109877264757453,9,0.9,14,0.7
214,59,0.9074225599064876,7,0.7,18,0.9
215,59,0.8357685563997663,6,0.6,14,0.7
216,59,0.7987142022209235,6,0.6,14,0.7
217,59,0.921449444769141,7,0.7,17,0.85
218,59,0.9160140268848628,6,0.6,17,0.85
219,59,0.8986557568673293,7,0.7,18,0.9
220,59,0.8774985388661601,8,0.8,17,0.85
221,59,0.9045002922267682,8,0.8,17,0.85
222,59,0.9181765049678552,7,0.7,18,0.9
223,59,0.9015780245470486,8,0.8,17,0.85
224,59,0.8752776154295735,6,0.6,15,0.75
225,59,0.8669199298655759,6,0.6,16,0.8
226,59,0.8448275862068967,7,0.7,15,0.75
227,59,0.9184687317358271,5,0.5,18,0.9
228,59,0.9083576855639979,8,0.8,16,0.8
229,59,0.8947983635300996,6,0.6,17,0.85
230,59,0.9344827586206896,7,0.7,19,0.95
231,59,0.8886031560490942,9,0.9,16,0.8
232,59,0.9091759205143193,7,0.7,18,0.9
233,59,0.9292226767971947,6,0.6,17,0.85
234,59,0.912448860315605,6,0.6,16,0.8
235,59,0.8994155464640563,6,0.6,18,0.9
236,59,0.9180011689070721,7,0.7,17,0.85
237,59,0.9116306253652835,7,0.7,16,0.8
238,59,0.9042665108123905,6,0.6,16,0.8
239,59,0.8892460549386326,9,0.9,17,0.85
240,59,0.8969023962594976,7,0.7,17,0.85
241,59,0.8908240794856811,6,0.6,16,0.8
242,59,0.8924605493863239,7,0.7,16,0.8
243,59,0.91437755698422,7,0.7,16,0.8
244,59,0.9272355347749855,8,0.8,17,0.85
245,59,0.8316189362945647,9,0.9,16,0.8
246,59,0.8945061367621275,8,0.8,17,0.85
247,59,0.9279953243717126,7,0.7,18,0.9
248,59,0.9271770894213912,7,0.7,17,0.85
249,59,0.9000000000000001,7,0.7,17,0.85
250,59,0.8723553477498541,5,0.5,16,0.8
251,59,0.9292226767971947,6,0.6,18,0.9
252,59,0.9133839859731152,6,0.6,17,0.85
253,59,0.9153126826417302,6,0.6,16,0.8
254,59,0.8531268264173,6,0.6,15,0.75
255,59,0.8983635300993572,8,0.8,17,0.85
256,59,0.8891876095850382,7,0.7,16,0.8
257,59,0.9072472238457043,8,0.8,18,0.9
258,59,0.8164815897136178,5,0.5,17,0.85
259,59,0.9275862068965518,8,0.8,17,0.85
260,59,0.9311513734658096,6,0.6,17,0.85
261,59,0.8869666861484513,7,0.7,18,0.9
262,59,0.9156633547632963,7,0.7,17,0.85
263,59,0.8990064289888955,7,0.7,17,0.85
264,59,0.9143191116306255,8,0.8,16,0.8
265,59,0.8940385739333724,6,0.6,16,0.8
266,59,0.8656341320864993,7,0.7,17,0.85
267,59,0.8421390999415547,8,0.8,15,0.75
268,59,0.8932787843366454,5,0.5,17,0.85
269,59,0.8749269433080072,7,0.7,16,0.8
270,59,0.8497369959088253,7,0.7,17,0.85
271,59,0.8759205143191117,8,0.8,17,0.85
272,59,0.916656925774401,7,0.7,17,0.85
273,59,0.9084161309175922,6,0.6,17,0.85
274,59,0.9531852717708943,6,0.6,17,0.85
275,59,0.8992986557568675,8,0.8,14,0.7
276,59,0.8483927527761544,5,0.5,16,0.8
277,59,0.9015195791934543,6,0.6,15,0.75
278,59,0.9291642314436005,7,0.7,18,0.9
279,59,0.8827001753360609,6,0.6,16,0.8
280,59,0.8616014026884864,8,0.8,16,0.8
281,59,0.8859146697837524,6,0.6,18,0.9
282,59,0.9229690239625952,6,0.6,19,0.95
283,59,0.9169491525423731,9,0.9,17,0.85
284,59,0.8619520748100528,8,0.8,15,0.75
285,59,0.904324956165985,8,0.8,16,0.8
286,59,0.8596142606662771,7,0.7,16,0.8
287,59,0.8770894213909995,5,0.5,15,0.75
288,59,0.8888369374634718,8,0.8,18,0.9
289,59,0.8448860315604911,6,0.6,15,0.75
290,59,0.9254821741671538,6,0.6,18,0.9
291,59,0.9154880187025134,6,0.6,16,0.8
292,59,0.9408533021624783,9,0.9,17,0.85
293,59,0.8666861484511983,6,0.6,18,0.9
294,59,0.9171829339567507,6,0.6,17,0.85
295,59,0.8883109292811223,6,0.6,16,0.8
296,59,0.8964348334307424,7,0.7,17,0.85
297,59,0.8942723553477501,6,0.6,15,0.75
298,59,0.847282291057861,6,0.6,16,0.8
299,59,0.8323787258912917,7,0.7,16,0.8
300,59,0.8956750438340153,8,0.8,17,0.85
301,59,0.8862068965517242,6,0.6,18,0.9
302,59,0.881063705435418,8,0.8,19,0.95
303,59,0.8915838690824082,8,0.8,19,0.95
304,59,0.8971946230274694,6,0.6,16,0.8
305,59,0.8711864406779662,7,0.7,18,0.9
306,59,0.9041496201052017,4,0.4,17,0.85
307,59,0.8921098772647575,6,0.6,16,0.8
308,59,0.8834599649327879,6,0.6,14,0.7
309,59,0.9194038573933374,8,0.8,16,0.8
310,59,0.9239625949736998,7,0.7,18,0.9
311,59,0.8773232028053772,6,0.6,17,0.85
312,59,0.9046756282875512,6,0.6,17,0.85
313,59,0.893687901811806,7,0.7,17,0.85
314,59,0.9323787258912919,8,0.8,17,0.85
315,59,0.8944476914085331,8,0.8,18,0.9
316,59,0.8926358854471073,7,0.7,14,0.7
317,59,0.8292226767971947,7,0.7,16,0.8
318,59,0.8991817650496787,7,0.7,16,0.8
319,59,0.8707773232028054,9,0.9,18,0.9
320,59,0.8719462302746933,6,0.6,17,0.85
321,59,0.9371712448860317,6,0.6,18,0.9
322,59,0.8791934541203975,6,0.6,15,0.75
323,59,0.8642898889538283,8,0.8,17,0.85
324,59,0.9036236119228523,8,0.8,17,0.85
325,59,0.8753945061367623,6,0.6,16,0.8
326,59,0.8822910578609002,5,0.5,17,0.85
327,59,0.9092343658679136,7,0.7,16,0.8
328,59,0.885856224430158,6,0.6,18,0.9
329,59,0.8846288720046758,7,0.7,16,0.8
330,59,0.8803039158386908,6,0.6,17,0.85
331,59,0.8683810637054354,7,0.7,15,0.75
332,59,0.910929281122151,6,0.6,17,0.85
333,59,0.8934541203974287,6,0.6,18,0.9
334,59,0.8615429573348921,7,0.7,14,0.7
335,59,0.9025715955581534,7,0.7,18,0.9
336,59,0.9016364699006431,7,0.7,18,0.9
337,59,0.9148451198129749,6,0.6,17,0.85
338,59,0.9212156633547635,8,0.8,18,0.9
339,59,0.9095850379894801,7,0.7,17,0.85
340,59,0.9016364699006431,8,0.8,18,0.9
341,59,0.8870251315020456,8,0.8,17,0.85
342,59,0.9134424313267097,9,0.9,17,0.85
343,59,0.9002922267679722,8,0.8,15,0.75
344,59,0.8906487434248979,8,0.8,17,0.85
345,59,0.885563997662186,7,0.7,17,0.85
346,59,0.8314436002337816,4,0.4,18,0.9
347,59,0.8829924021040328,7,0.7,18,0.9
348,59,0.8772063120981883,5,0.5,17,0.85
349,59,0.9236119228521333,6,0.6,17,0.85
350,59,0.9075394506136764,5,0.5,17,0.85
351,59,0.9089421390999416,6,0.6,16,0.8
352,59,0.8610753945061369,8,0.8,16,0.8
353,59,0.8562828755113969,7,0.7,15,0.75
354,59,0.9149035651665693,6,0.6,16,0.8
355,59,0.8778492109877266,8,0.8,18,0.9
356,59,0.8733489187609585,6,0.6,15,0.75
357,59,0.8860900058445353,9,0.9,17,0.85
358,59,0.8752776154295735,7,0.7,15,0.75
359,59,0.8880771478667447,8,0.8,18,0.9
360,59,0.8792518994739918,8,0.8,15,0.75
361,59,0.8931618936294566,6,0.6,15,0.75
362,59,0.8920514319111631,8,0.8,16,0.8
363,59,0.901168907071888,7,0.7,15,0.75
364,59,0.8744009351256575,6,0.6,16,0.8
365,59,0.9489772063120984,7,0.7,17,0.85
366,59,0.8323202805376974,8,0.8,16,0.8
367,59,0.9091174751607248,7,0.7,17,0.85
368,59,0.8429573348918762,7,0.7,15,0.75
369,59,0.9113383985973117,7,0.7,18,0.9
370,59,0.8967270601987144,6,0.6,17,0.85
371,59,0.8874342489772065,7,0.7,15,0.75
372,59,0.9391583869082409,8,0.8,16,0.8
373,59,0.881648158971362,5,0.5,16,0.8
374,59,0.9187609585037991,7,0.7,16,0.8
375,59,0.8909409701928699,8,0.8,16,0.8
376,59,0.8756282875511399,6,0.6,18,0.9
377,59,0.7600818234950323,6,0.6,16,0.8
378,59,0.8936294564582116,6,0.6,17,0.85
379,59,0.8766803039158387,7,0.7,16,0.8
380,59,0.9178258328462888,6,0.6,16,0.8
381,59,0.875219170075979,7,0.7,16,0.8
382,59,0.9077732320280539,7,0.7,18,0.9
383,59,0.8937463471654004,7,0.7,15,0.75
384,59,0.8869082407948569,8,0.8,16,0.8
385,59,0.8903565166569258,6,0.6,16,0.8
386,59,0.8386908240794858,8,0.8,16,0.8
387,59,0.8644652250146114,7,0.7,16,0.8
388,59,0.9101694915254238,8,0.8,19,0.95
389,59,0.9063120981881941,9,0.9,16,0.8
390,59,0.8980128579777908,7,0.7,17,0.85
391,59,0.8720046756282877,8,0.8,16,0.8
392,59,0.8788427819988313,9,0.9,16,0.8
393,59,0.9189947399181768,7,0.7,16,0.8
394,59,0.9018118059614262,8,0.8,15,0.75
395,59,0.9171829339567507,8,0.8,17,0.85
396,59,0.934073641145529,8,0.8,17,0.85
397,59,0.8454120397428406,5,0.5,15,0.75
398,59,0.8957919345412041,7,0.7,16,0.8
399,59,0.8875511396843953,7,0.7,16,0.8
400,59,0.9125073056691995,7,0.7,16,0.8
401,59,0.9017533606078318,6,0.6,17,0.85
402,59,0.8856224430157804,7,0.7,16,0.8
403,59,0.9047340736411457,6,0.6,17,0.85
404,59,0.8112799532437173,8,0.8,15,0.75
405,59,0.8632378725891293,6,0.6,16,0.8
406,59,0.8305084745762713,5,0.5,16,0.8
407,59,0.877907656341321,6,0.6,18,0.9
408,59,0.9036236119228523,7,0.7,18,0.9
409,59,0.8476329631794274,7,0.7,16,0.8
410,59,0.8954997077732321,6,0.6,14,0.7
411,59,0.9165984804208066,6,0.6,17,0.85
412,59,0.8876680303915839,5,0.5,16,0.8
413,59,0.8963179427235535,7,0.7,17,0.85
414,59,0.8434248977206313,7,0.7,15,0.75
415,59,0.8936294564582116,7,0.7,18,0.9
416,59,0.8804792518994741,6,0.6,17,0.85
417,59,0.944243132670953,7,0.7,18,0.9
418,59,0.9219170075978961,7,0.7,17,0.85
419,59,0.9265341905318529,7,0.7,17,0.85
420,59,0.8997077732320281,7,0.7,18,0.9
421,59,0.9056691992986559,5,0.5,15,0.75
422,59,0.8764465225014613,8,0.8,17,0.85
423,59,0.9275862068965518,7,0.7,16,0.8
424,59,0.8773816481589716,7,0.7,16,0.8
425,59,0.7830508474576272,6,0.6,15,0.75
426,59,0.9030976037405027,7,0.7,17,0.85
427,59,0.8921683226183519,8,0.8,15,0.75
428,59,0.9310344827586208,8,0.8,18,0.9
429,59,0.8867913500876683,7,0.7,17,0.85
430,59,0.8426651081239043,6,0.6,16,0.8
431,59,0.9017533606078318,6,0.6,18,0.9
432,59,0.9019286966686151,5,0.5,18,0.9
433,59,0.8537112799532438,8,0.8,14,0.7
434,59,0.8475160724722386,8,0.8,14,0.7
435,59,0.9156049094097022,5,0.5,16,0.8
436,59,0.9407364114552895,8,0.8,18,0.9
437,59,0.9054354178842784,7,0.7,17,0.85
438,59,0.8885447106954998,7,0.7,16,0.8
439,59,0.9147282291057863,6,0.6,19,0.95
440,59,0.906136762127411,7,0.7,17,0.85
441,59,0.9033898305084748,6,0.6,16,0.8
442,59,0.91198129748685,7,0.7,18,0.9
443,59,0.8393921683226185,8,0.8,16,0.8
444,59,0.9160140268848628,7,0.7,16,0.8
445,59,0.9183518410286383,7,0.7,16,0.8
446,59,0.8736411455289306,7,0.7,16,0.8
447,59,0.8832846288720049,4,0.4,17,0.85
448,59,0.9156633547632963,8,0.8,14,0.7
449,59,0.8678550555230861,8,0.8,16,0.8
450,59,0.886732904734074,6,0.6,18,0.9
451,59,0.8942723553477501,8,0.8,16,0.8
452,59,0.8963179427235535,6,0.6,17,0.85
453,59,0.9215663354763297,8,0.8,18,0.9
454,59,0.8556399766218588,8,0.8,15,0.75
455,59,0.8999415546464057,7,0.7,17,0.85
456,59,0.8177089421391001,7,0.7,15,0.75
457,59,0.9112215078901229,7,0.7,16,0.8
458,59,0.8378725891291643,5,0.5,17,0.85
459,59,0.9018702513150206,6,0.6,17,0.85
460,59,0.862887200467563,6,0.6,17,0.85
461,59,0.8355932203389832,7,0.7,16,0.8
462,59,0.8424897720631211,8,0.8,15,0.75
463,59,0.8571595558153129,8,0.8,16,0.8
464,59,0.8908825248392755,8,0.8,17,0.85
465,59,0.9343658679135008,8,0.8,17,0.85
466,59,0.9261835184102865,8,0.8,18,0.9
467,59,0.8560490940970195,6,0.6,15,0.75
468,59,0.9136177673874929,6,0.6,18,0.9
469,59,0.8610169491525426,7,0.7,14,0.7
470,59,0.8877849210987727,8,0.8,18,0.9
471,59,0.9210403272939802,9,0.9,18,0.9
472,59,0.9113383985973117,7,0.7,16,0.8
473,59,0.9085914669783755,8,0.8,15,0.75
474,59,0.8785505552308592,6,0.6,17,0.85
475,59,0.869491525423729,8,0.8,17,0.85
476,59,0.9077732320280539,6,0.6,15,0.75
477,59,0.9191116306253654,9,0.9,17,0.85
478,59,0.855990648743425,8,0.8,15,0.75
479,59,0.8924605493863239,7,0.7,18,0.9
480,59,0.9266510812390416,6,0.6,17,0.85
481,59,0.9163646990064291,8,0.8,16,0.8
482,59,0.8914669783752193,6,0.6,17,0.85
483,59,0.8805376972530685,8,0.8,17,0.85
484,59,0.9322033898305087,7,0.7,17,0.85
485,59,0.8633547632963181,7,0.7,16,0.8
486,59,0.8620105201636472,7,0.7,15,0.75
487,59,0.8419637638807717,7,0.7,16,0.8
488,59,0.8439509059029808,4,0.4,16,0.8
489,59,0.8978375219170076,8,0.8,17,0.85
490,59,0.9319696084161311,7,0.7,17,0.85
491,59,0.8775569842197546,7,0.7,17,0.85
492,59,0.818293395675044,6,0.6,15,0.75
493,59,0.9497954412624197,9,0.9,17,0.85
494,59,0.8414377556984222,6,0.6,19,0.95
495,59,0.805669199298656,7,0.7,14,0.7
496,59,0.8953243717124489,8,0.8,16,0.8
497,59,0.8466393921683227,6,0.6,17,0.85
498,59,0.9067796610169493,8,0.8,17,0.85
499,59,0.8645236703682059,8,0.8,17,0.85
500,59,0.8297486849795443,8,0.8,16,0.8
501,59,0.8067796610169492,7,0.7,13,0.65
502,59,0.8958503798947985,7,0.7,15,0.75
503,59,0.8405026300409119,6,0.6,15,0.75
504,59,0.8844535359438925,7,0.7,15,0.75
505,59,0.8869666861484513,8,0.8,16,0.8
506,59,0.9062536528345998,9,0.9,18,0.9
507,59,0.8940385739333724,6,0.6,15,0.75
508,59,0.8995908825248393,7,0.7,16,0.8
509,59,0.9346580946814729,9,0.9,17,0.85
510,59,0.8960257159555817,8,0.8,17,0.85
511,59,0.8691408533021626,8,0.8,16,0.8
512,59,0.9052600818234953,7,0.7,14,0.7
513,59,0.8637638807714788,7,0.7,18,0.9
514,59,0.8838106370543543,5,0.5,16,0.8
515,59,0.8345412039742841,9,0.9,17,0.85
516,59,0.926709526592636,7,0.7,16,0.8
517,59,0.8600233781414378,6,0.6,16,0.8
518,59,0.8260081823495034,8,0.8,15,0.75
519,59,0.8865575686732906,7,0.7,16,0.8
520,59,0.9358854471069553,8,0.8,18,0.9
521,59,0.8985388661601406,7,0.7,16,0.8
522,59,0.928053769725307,7,0.7,16,0.8
523,59,0.9398597311513737,8,0.8,16,0.8
524,59,0.9189947399181768,8,0.8,17,0.85
525,59,0.8638223261250731,7,0.7,15,0.75
526,59,0.8793103448275863,7,0.7,14,0.7
527,59,0.8378725891291643,9,0.9,16,0.8
528,59,0.8894213909994156,7,0.7,15,0.75
529,59,0.8854471069549972,7,0.7,16,0.8
530,59,0.8943892460549389,7,0.7,17,0.85
531,59,0.8549970777323205,7,0.7,18,0.9
532,59,0.9331385154880188,8,0.8,18,0.9
533,59,0.8991233196960843,5,0.5,18,0.9
534,59,0.8742255990648744,7,0.7,17,0.85
535,59,0.9206896551724141,9,0.9,15,0.75
536,59,0.9065458796025717,8,0.8,16,0.8
537,59,0.9014026884862655,7,0.7,16,0.8
538,59,0.8990648743424899,8,0.8,16,0.8
539,59,0.8978375219170076,6,0.6,17,0.85
540,59,0.8574517825832847,7,0.7,17,0.85
541,59,0.8632378725891293,7,0.7,14,0.7
542,59,0.9001753360607834,8,0.8,16,0.8
543,59,0.8914669783752193,7,0.7,15,0.75
544,59,0.9034482758620691,7,0.7,16,0.8
545,59,0.8803623611922853,6,0.6,17,0.85
546,59,0.9168322618351843,8,0.8,18,0.9
547,59,0.9371127995324373,5,0.5,17,0.85
548,59,0.9175920514319112,5,0.5,17,0.85
549,59,0.9127995324371715,8,0.8,16,0.8
550,59,0.8623611922852135,7,0.7,15,0.75
551,59,0.8832261835184105,8,0.8,18,0.9
552,59,0.9360607831677383,6,0.6,17,0.85
553,59,0.9014026884862655,6,0.6,16,0.8
554,59,0.847282291057861,8,0.8,16,0.8
555,59,0.9195791934541205,7,0.7,17,0.85
556,59,0.889012273524255,6,0.6,17,0.85
557,59,0.8548217416715372,7,0.7,14,0.7
558,59,0.928053769725307,7,0.7,18,0.9
559,59,0.8936294564582116,7,0.7,16,0.8
560,59,0.8934541203974287,8,0.8,16,0.8
561,59,0.8890707188778494,6,0.6,17,0.85
562,59,0.9297486849795443,8,0.8,18,0.9
563,59,0.8846288720046758,7,0.7,16,0.8
564,59,0.8462887200467565,6,0.6,17,0.85
565,59,0.8695499707773233,7,0.7,16,0.8
566,59,0.9268264172998247,8,0.8,17,0.85
567,59,0.9273524254821743,6,0.6,16,0.8
568,59,0.8887784921098774,7,0.7,17,0.85
569,59,0.9056691992986559,7,0.7,16,0.8
570,59,0.9257159555815315,8,0.8,15,0.75
571,59,0.8904149620105202,5,0.5,16,0.8
572,59,0.8938047925189948,9,0.9,16,0.8
573,59,0.9082992402104033,6,0.6,15,0.75
574,59,0.8963763880771479,7,0.7,17,0.85
575,59,0.8679135008766805,7,0.7,17,0.85
576,59,0.8513734658094684,8,0.8,16,0.8
577,59,0.8454704850964351,7,0.7,15,0.75
578,59,0.9261250730566921,7,0.7,17,0.85
579,59,0.9102863822326126,7,0.7,17,0.85
580,59,0.9194623027469317,8,0.8,18,0.9
581,59,0.9015195791934543,7,0.7,16,0.8
582,59,0.9204558737580365,8,0.8,16,0.8
583,59,0.8997077732320281,6,0.6,18,0.9
584,59,0.8934541203974287,8,0.8,17,0.85
585,59,0.830917592051432,7,0.7,16,0.8
586,59,0.9183518410286383,8,0.8,16,0.8
587,59,0.8685563997662187,7,0.7,15,0.75
588,59,0.8727060198714204,8,0.8,15,0.75
589,59,0.9132086499123321,7,0.7,18,0.9
590,59,0.901344243132671,7,0.7,16,0.8
591,59,0.910052600818235,5,0.5,17,0.85
592,59,0.8863822326125074,6,0.6,16,0.8
593,59,0.9019871420222094,8,0.8,16,0.8
594,59,0.8651665692577442,8,0.8,17,0.85
595,59,0.8882524839275279,8,0.8,14,0.7
596,59,0.8613091759205145,8,0.8,15,0.75
597,59,0.9224430157802456,7,0.7,18,0.9
598,59,0.9029222676797195,8,0.8,19,0.95
599,59,0.8873173582700177,7,0.7,15,0.75
600,59,0.8335476329631796,8,0.8,17,0.85
601,59,0.9387492694330801,8,0.8,19,0.95
602,59,0.8728813559322036,6,0.6,16,0.8
603,59,0.9396843950905905,8,0.8,18,0.9
604,59,0.8943892460549389,7,0.7,17,0.85
605,59,0.8630040911747517,7,0.7,16,0.8
606,59,0.8395675043834017,6,0.6,17,0.85
607,59,0.8568088836937465,6,0.6,16,0.8
608,59,0.8795441262419639,5,0.5,15,0.75
609,59,0.8513734658094684,8,0.8,17,0.85
610,59,0.8395675043834017,5,0.5,15,0.75
611,59,0.9015195791934543,7,0.7,17,0.85
612,59,0.9066627703097605,6,0.6,19,0.95
613,59,0.9227352425482176,7,0.7,17,0.85
614,59,0.8989479836353012,9,0.9,14,0.7
615,59,0.8912331969608417,6,0.6,18,0.9
616,59,0.9555815312682643,8,0.8,17,0.85
617,59,0.8947983635300996,6,0.6,16,0.8
618,59,0.8918760958503801,7,0.7,17,0.85
619,59,0.9015195791934543,6,0.6,17,0.85
620,59,0.8447691408533022,7,0.7,16,0.8
621,59,0.7893629456458213,6,0.6,14,0.7
622,59,0.9206896551724141,7,0.7,16,0.8
623,59,0.8985973115137349,8,0.8,15,0.75
624,59,0.9208065458796026,7,0.7,16,0.8
625,59,0.9156049094097022,7,0.7,16,0.8
626,59,0.8912331969608417,7,0.7,17,0.85
627,59,0.8735242548217418,5,0.5,17,0.85
628,59,0.8782583284628874,8,0.8,17,0.85
629,59,0.9091174751607248,7,0.7,17,0.85
630,59,0.9222092343658681,10,1.0,17,0.85
631,59,0.8945645821157219,6,0.6,15,0.75
632,59,0.9177673874926945,9,0.9,17,0.85
633,59,0.8933956750438342,7,0.7,17,0.85
634,59,0.9089421390999416,7,0.7,17,0.85
635,59,0.8621858562244302,7,0.7,17,0.85
636,59,0.8831092928112217,6,0.6,16,0.8
637,59,0.9251899473991819,8,0.8,17,0.85
638,59,0.9164815897136178,7,0.7,17,0.85
639,59,0.8747516072472241,6,0.6,16,0.8
640,59,0.9162478082992404,7,0.7,18,0.9
641,59,0.8683810637054354,7,0.7,17,0.85
642,59,0.9158386908240795,7,0.7,16,0.8
643,59,0.8875511396843953,7,0.7,16,0.8
644,59,0.8928696668614846,5,0.5,16,0.8
645,59,0.9186440677966103,7,0.7,17,0.85
646,59,0.9139099941554648,6,0.6,17,0.85
647,59,0.8728813559322036,7,0.7,15,0.75
648,59,0.9113383985973117,7,0.7,17,0.85
649,59,0.9154880187025134,7,0.7,17,0.85
650,59,0.8139099941554647,8,0.8,17,0.85
651,59,0.8760374050263005,8,0.8,15,0.75
652,59,0.9129748684979546,7,0.7,16,0.8
653,59,0.9155464640561077,5,0.5,16,0.8
654,59,0.8643483343074226,8,0.8,16,0.8
655,59,0.8669783752191703,6,0.6,17,0.85
656,59,0.8978375219170076,8,0.8,15,0.75
657,59,0.9212741087083579,6,0.6,18,0.9
658,59,0.8866160140268851,8,0.8,17,0.85
659,59,0.8606078316773818,6,0.6,15,0.75
660,59,0.9136177673874929,8,0.8,17,0.85
661,59,0.8782583284628874,6,0.6,15,0.75
662,59,0.876855639976622,7,0.7,15,0.75
663,59,0.9189362945645824,7,0.7,17,0.85
664,59,0.8402688486265343,6,0.6,16,0.8
665,59,0.8960257159555817,6,0.6,17,0.85
666,59,0.9023378141437757,8,0.8,17,0.85
667,59,0.9384570426651083,8,0.8,17,0.85
668,59,0.8625949736995909,5,0.5,14,0.7
669,59,0.9002922267679722,8,0.8,17,0.85
670,59,0.9281706604324957,7,0.7,17,0.85
671,59,0.8477498538866162,7,0.7,17,0.85
672,59,0.8924605493863239,6,0.6,17,0.85
673,59,0.8435417884278201,6,0.6,15,0.75
674,59,0.8854471069549972,7,0.7,17,0.85
675,59,0.9253068381063707,8,0.8,17,0.85
676,59,0.8926943308007016,8,0.8,15,0.75
677,59,0.8899473991817652,9,0.9,15,0.75
678,59,0.8938047925189948,6,0.6,16,0.8
679,59,0.8524254821741672,6,0.6,16,0.8
680,59,0.897720631209819,7,0.7,17,0.85
681,59,0.8507890122735244,6,0.6,16,0.8
682,59,0.8754529514903567,6,0.6,16,0.8
683,59,0.9450613676212744,7,0.7,17,0.85
684,59,0.9222676797194624,9,0.9,16,0.8
685,59,0.8976621858562246,8,0.8,17,0.85
686,59,0.906136762127411,6,0.6,16,0.8
687,59,0.885856224430158,7,0.7,17,0.85
688,59,0.9150204558737581,7,0.7,16,0.8
689,59,0.9221507890122737,8,0.8,17,0.85
690,59,0.8703097603740504,6,0.6,17,0.85
691,59,0.8514319111630626,8,0.8,15,0.75
692,59,0.9482174167153713,8,0.8,17,0.85
693,59,0.8857977790765637,7,0.7,16,0.8
694,59,0.9041496201052017,7,0.7,17,0.85
695,59,0.8906487434248979,8,0.8,18,0.9
696,59,0.9121566335476331,7,0.7,17,0.85
697,59,0.8097019286966688,7,0.7,15,0.75
698,59,0.921624780829924,7,0.7,18,0.9
699,59,0.9076563413208651,9,0.9,18,0.9
700,59,0.8965517241379313,9,0.9,18,0.9
701,59,0.9063705435417886,7,0.7,18,0.9
702,59,0.9319111630625366,7,0.7,19,0.95
703,59,0.8689655172413796,7,0.7,14,0.7
704,59,0.8827586206896553,6,0.6,17,0.85
705,59,0.8962010520163647,7,0.7,14,0.7
706,59,0.8165984804208066,7,0.7,16,0.8
707,59,0.889772063120982,6,0.6,18,0.9
708,59,0.8836353009935711,7,0.7,16,0.8
709,59,0.8746931618936297,7,0.7,16,0.8
710,59,0.8917592051431913,7,0.7,17,0.85
711,59,0.9199883109292811,7,0.7,16,0.8
712,59,0.8428404441846874,6,0.6,17,0.85
713,59,0.8460549386323788,6,0.6,14,0.7
714,59,0.8731735827001755,7,0.7,17,0.85
715,59,0.913968439509059,9,0.9,18,0.9
716,59,0.8973699590882526,8,0.8,17,0.85
717,59,0.8318527177089423,8,0.8,14,0.7
718,59,0.8845704266510814,7,0.7,17,0.85
719,59,0.8784336645236703,7,0.7,16,0.8
720,59,0.9195791934541205,7,0.7,16,0.8
721,59,0.8481005260081824,9,0.9,15,0.75
722,59,0.8153711279953246,7,0.7,16,0.8
723,59,0.8996493278784338,7,0.7,17,0.85
724,59,0.8987726475745179,7,0.7,17,0.85
725,59,0.8999415546464057,7,0.7,16,0.8
726,59,0.9087083576855642,7,0.7,19,0.95
727,59,0.920397428404442,9,0.9,17,0.85
728,59,0.9165984804208066,8,0.8,16,0.8
729,59,0.8752776154295735,7,0.7,17,0.85
730,59,0.8682641729982467,6,0.6,17,0.85
731,59,0.9357101110461721,7,0.7,17,0.85
732,59,0.8697253068381066,8,0.8,15,0.75
733,59,0.9081823495032145,7,0.7,18,0.9
734,59,0.9002922267679722,7,0.7,18,0.9
735,59,0.9168322618351843,8,0.8,17,0.85
736,59,0.8560490940970195,7,0.7,16,0.8
737,59,0.9005844535359441,4,0.4,16,0.8
738,59,0.910637054354179,9,0.9,18,0.9
739,59,0.8661016949152543,8,0.8,16,0.8
740,59,0.8817650496785506,8,0.8,19,0.95
741,59,0.9095850379894801,8,0.8,16,0.8
742,59,0.9239625949736998,8,0.8,19,0.95
743,59,0.8739918176504969,8,0.8,18,0.9
744,59,0.8831677381648161,8,0.8,16,0.8
745,59,0.9461718293395674,9,0.9,17,0.85
746,59,0.9287551139684397,7,0.7,18,0.9
747,59,0.9052600818234953,8,0.8,17,0.85
748,59,0.92250146113384,7,0.7,16,0.8
749,59,0.8935710111046175,7,0.7,16,0.8
750,59,0.8717124488603156,8,0.8,17,0.85
751,59,0.9222676797194624,7,0.7,16,0.8
752,59,0.8627118644067797,7,0.7,15,0.75
753,59,0.9026300409117477,7,0.7,16,0.8
754,59,0.8894213909994156,7,0.7,16,0.8
755,59,0.863179427235535,7,0.7,17,0.85
756,59,0.8351841028638225,6,0.6,12,0.6
757,59,0.893980128579778,8,0.8,18,0.9
758,59,0.893980128579778,8,0.8,17,0.85
759,59,0.8822910578609002,8,0.8,16,0.8
760,59,0.8518994739918178,6,0.6,15,0.75
761,59,0.900876680303916,7,0.7,16,0.8
762,59,0.8091174751607249,6,0.6,15,0.75
763,59,0.8580362361192286,6,0.6,16,0.8
764,59,0.9181180596142609,7,0.7,19,0.95
765,59,0.9209234365867914,7,0.7,16,0.8
766,59,0.8621274108708359,7,0.7,16,0.8
767,59,0.8941554646405612,8,0.8,17,0.85
768,59,0.916656925774401,7,0.7,16,0.8
769,59,0.9098772647574518,7,0.7,17,0.85
770,59,0.9173582700175337,7,0.7,16,0.8
771,59,0.8424897720631211,7,0.7,17,0.85
772,59,0.8928696668614846,8,0.8,16,0.8
773,59,0.8518410286382234,7,0.7,16,0.8
774,59,0.8714786674459383,8,0.8,17,0.85
775,59,0.9399766218585625,8,0.8,16,0.8
776,59,0.8957334891876098,7,0.7,15,0.75
777,59,0.8727644652250148,7,0.7,17,0.85
778,59,0.8965517241379313,8,0.8,16,0.8
779,59,0.900876680303916,8,0.8,17,0.85
780,59,0.897720631209819,8,0.8,17,0.85
781,59,0.8434248977206313,7,0.7,18,0.9
782,59,0.9170660432495619,7,0.7,18,0.9
783,59,0.8624780829924021,7,0.7,17,0.85
784,59,0.9111046171829341,7,0.7,17,0.85
785,59,0.8783167738164818,7,0.7,16,0.8
786,59,0.9234950321449445,7,0.7,15,0.75
787,59,0.889772063120982,7,0.7,16,0.8
788,59,0.8904734073641147,8,0.8,16,0.8
789,59,0.8559322033898307,6,0.6,16,0.8
790,59,0.9485096434833433,7,0.7,17,0.85
791,59,0.8837521917007599,7,0.7,15,0.75
792,59,0.8762127410870837,6,0.6,17,0.85
793,59,0.9261835184102865,8,0.8,18,0.9
794,59,0.9084161309175922,7,0.7,17,0.85
795,59,0.9237288135593221,6,0.6,16,0.8
796,59,0.9174751607247225,9,0.9,17,0.85
797,59,0.9085914669783755,7,0.7,16,0.8
798,59,0.8340151957919347,5,0.5,16,0.8
799,59,0.8611922852133257,6,0.6,16,0.8
800,59,0.9089421390999416,9,0.9,18,0.9
801,59,0.893687901811806,8,0.8,16,0.8
802,59,0.8759789596727061,8,0.8,16,0.8
803,59,0.8655172413793104,8,0.8,15,0.75
804,59,0.8209818819403859,8,0.8,15,0.75
805,59,0.9099941554646407,8,0.8,18,0.9
806,59,0.923261250730567,7,0.7,17,0.85
807,59,0.8945061367621275,8,0.8,16,0.8
808,59,0.8755113968439511,8,0.8,18,0.9
809,59,0.8897136177673876,8,0.8,16,0.8
810,59,0.9009351256575104,8,0.8,18,0.9
811,59,0.8999415546464057,6,0.6,16,0.8
812,59,0.8987142022209236,6,0.6,15,0.75
813,59,0.9203389830508477,8,0.8,19,0.95
814,59,0.9344243132670953,7,0.7,17,0.85
815,59,0.8722969023962597,8,0.8,17,0.85
816,59,0.8645821157218001,4,0.4,16,0.8
817,59,0.8963763880771479,8,0.8,17,0.85
818,59,0.8760374050263005,8,0.8,16,0.8
819,59,0.9109877264757453,8,0.8,17,0.85
820,59,0.8770894213909995,8,0.8,16,0.8
821,59,0.8215078901227354,7,0.7,14,0.7
822,59,0.9246054938632381,6,0.6,17,0.85
823,59,0.8777907656341322,8,0.8,15,0.75
824,59,0.8928112215078902,5,0.5,16,0.8
825,59,0.9218001168907073,6,0.6,18,0.9
826,59,0.9099357101110462,8,0.8,17,0.85
827,59,0.9132086499123321,7,0.7,17,0.85
828,59,0.8742840444184687,7,0.7,14,0.7
829,59,0.8422559906487436,6,0.6,16,0.8
830,59,0.9254237288135595,7,0.7,17,0.85
831,59,0.8668614845119814,6,0.6,17,0.85
832,59,0.8893629456458212,8,0.8,16,0.8
833,59,0.862887200467563,7,0.7,15,0.75
834,59,0.9229105786090007,7,0.7,17,0.85
835,59,0.921449444769141,7,0.7,16,0.8
836,59,0.8869666861484513,6,0.6,17,0.85
837,59,0.921157218001169,6,0.6,17,0.85
838,59,0.9003506721215665,8,0.8,17,0.85
839,59,0.879076563413209,8,0.8,15,0.75
840,59,0.8591466978375221,8,0.8,15,0.75
841,59,0.8191700759789599,6,0.6,17,0.85
842,59,0.8724722384570427,5,0.5,17,0.85
843,59,0.9357101110461721,7,0.7,17,0.85
844,59,0.8743424897720632,7,0.7,17,0.85
845,59,0.8530099357101112,8,0.8,16,0.8
846,59,0.9019871420222094,6,0.6,17,0.85
847,59,0.8983050847457629,8,0.8,15,0.75
848,59,0.8407364114552894,7,0.7,15,0.75
849,59,0.9295733489187611,7,0.7,18,0.9
850,59,0.8964932787843368,7,0.7,18,0.9
851,59,0.955815312682642,7,0.7,16,0.8
852,59,0.869199298655757,8,0.8,17,0.85
853,59,0.8414962010520165,7,0.7,16,0.8
854,59,0.8421975452951491,7,0.7,17,0.85
855,59,0.9069549970777325,9,0.9,17,0.85
856,59,0.8724722384570427,8,0.8,15,0.75
857,59,0.9111046171829341,8,0.8,16,0.8
858,59,0.8999415546464057,6,0.6,17,0.85
859,59,0.8606078316773818,7,0.7,15,0.75
860,59,0.7907071887784922,8,0.8,15,0.75
861,59,0.8899473991817652,5,0.5,16,0.8
862,59,0.8829924021040328,7,0.7,16,0.8
863,59,0.8950321449444771,8,0.8,17,0.85
864,59,0.918585622443016,8,0.8,16,0.8
865,59,0.9308007013442434,6,0.6,16,0.8
866,59,0.9234365867913502,6,0.6,17,0.85
867,59,0.9221507890122737,6,0.6,17,0.85
868,59,0.8937463471654004,6,0.6,17,0.85
869,59,0.9267679719462304,6,0.6,18,0.9
870,59,0.9218585622443016,7,0.7,17,0.85
871,59,0.884511981297487,6,0.6,16,0.8
872,59,0.9197545295149038,7,0.7,17,0.85
873,59,0.891700759789597,7,0.7,18,0.9
874,59,0.8353594389246056,8,0.8,17,0.85
875,59,0.9228521332554064,6,0.6,18,0.9
876,59,0.8604324956165985,7,0.7,17,0.85
877,59,0.9096434833430744,7,0.7,16,0.8
878,59,0.9022793687901812,6,0.6,16,0.8
879,59,0.8901227352425484,6,0.6,16,0.8
880,59,0.9016949152542374,7,0.7,17,0.85
881,59,0.9233196960841613,7,0.7,16,0.8
882,59,0.8476329631794274,7,0.7,17,0.85
883,59,0.9331385154880188,8,0.8,19,0.95
884,59,0.9136762127410872,8,0.8,17,0.85
885,59,0.8904149620105202,6,0.6,16,0.8
886,59,0.8851548801870252,7,0.7,17,0.85
887,59,0.9323202805376974,7,0.7,19,0.95
888,59,0.8964348334307424,7,0.7,17,0.85
889,59,0.9201052016364699,7,0.7,17,0.85
890,59,0.8812974868497956,7,0.7,17,0.85
891,59,0.8817066043249564,7,0.7,18,0.9
892,59,0.8720046756282877,6,0.6,15,0.75
893,59,0.8648743424897722,8,0.8,17,0.85
894,59,0.9303331385154882,7,0.7,16,0.8
895,59,0.8939216832261836,7,0.7,18,0.9
896,59,0.8466978375219171,8,0.8,15,0.75
897,59,0.8706604324956168,7,0.7,17,0.85
898,59,0.871303331385155,8,0.8,15,0.75
899,59,0.9378141437755699,8,0.8,18,0.9
900,59,0.8798363530099359,7,0.7,16,0.8
901,59,0.9045587375803626,7,0.7,18,0.9
902,59,0.8439509059029808,6,0.6,15,0.75
903,59,0.916656925774401,7,0.7,17,0.85
904,59,0.9087083576855642,8,0.8,17,0.85
905,59,0.8704266510812392,7,0.7,16,0.8
906,59,0.9111046171829341,7,0.7,17,0.85
907,59,0.9139099941554648,7,0.7,18,0.9
908,59,0.9033898305084748,5,0.5,17,0.85
909,59,0.8889538281706606,8,0.8,17,0.85
910,59,0.9351256575102281,7,0.7,17,0.85
911,59,0.927001753360608,6,0.6,16,0.8
912,59,0.8938047925189948,7,0.7,16,0.8
913,59,0.9428988895382817,8,0.8,18,0.9
914,59,0.8791934541203975,8,0.8,16,0.8
915,59,0.8855055523085916,6,0.6,15,0.75
916,59,0.9111630625365286,7,0.7,15,0.75
917,59,0.8898889538281708,7,0.7,15,0.75
918,59,0.8578609000584454,8,0.8,16,0.8
919,59,0.8530683810637056,7,0.7,14,0.7
920,59,0.9244301578024549,8,0.8,17,0.85
921,59,0.9283459964932789,8,0.8,17,0.85
922,59,0.910344827586207,7,0.7,17,0.85
923,59,0.9433080070134428,8,0.8,18,0.9
924,59,0.8647574517825835,8,0.8,15,0.75
925,59,0.9400935125657514,7,0.7,18,0.9
926,59,0.8974868497954415,7,0.7,17,0.85
927,59,0.887960257159556,7,0.7,15,0.75
928,59,0.9135593220338984,7,0.7,18,0.9
929,59,0.8841028638223263,9,0.9,18,0.9
930,59,0.8798947983635302,8,0.8,17,0.85
931,59,0.8278199883109294,10,1.0,17,0.85
932,59,0.9115721800116892,6,0.6,17,0.85
933,59,0.8974868497954415,7,0.7,16,0.8
934,59,0.9286382232612509,8,0.8,18,0.9
935,59,0.9037989479836354,8,0.8,17,0.85
936,59,0.87895967270602,8,0.8,17,0.85
937,59,0.8732904734073642,7,0.7,16,0.8
938,59,0.9076563413208651,6,0.6,16,0.8
939,59,0.923261250730567,6,0.6,17,0.85
940,59,0.9077147866744595,7,0.7,18,0.9
941,59,0.8873173582700177,7,0.7,16,0.8
942,59,0.8821741671537114,6,0.6,16,0.8
943,59,0.9108123904149621,7,0.7,14,0.7
944,59,0.9265926358854474,7,0.7,18,0.9
945,59,0.8210987726475747,6,0.6,14,0.7
946,59,0.8780829924021042,4,0.4,16,0.8
947,59,0.8988310929281124,7,0.7,15,0.75
948,59,0.8431326709526594,8,0.8,17,0.85
949,59,0.877147866744594,7,0.7,18,0.9
950,59,0.9362945645821159,8,0.8,16,0.8
951,59,0.9000000000000001,7,0.7,15,0.75
952,59,0.9274108708357688,8,0.8,17,0.85
953,59,0.8533021624780831,5,0.5,16,0.8
954,59,0.8805376972530685,8,0.8,18,0.9
955,59,0.9077732320280539,6,0.6,16,0.8
956,59,0.8988895382817067,8,0.8,16,0.8
957,59,0.9360607831677383,9,0.9,16,0.8
958,59,0.8982466393921684,6,0.6,15,0.75
959,59,0.8523670368205728,8,0.8,18,0.9
960,59,0.9084745762711867,7,0.7,16,0.8
961,59,0.8832261835184105,8,0.8,17,0.85
962,59,0.8717124488603156,7,0.7,15,0.75
963,59,0.7880187025131503,6,0.6,16,0.8
964,59,0.8904734073641147,7,0.7,16,0.8
965,59,0.8707773232028054,8,0.8,16,0.8
966,59,0.8524839275277616,6,0.6,15,0.75
967,59,0.8977790765634134,6,0.6,17,0.85
968,59,0.8487434248977207,6,0.6,16,0.8
969,59,0.9104032729398014,8,0.8,16,0.8
970,59,0.9207481005260083,8,0.8,16,0.8
971,59,0.8401519579193455,7,0.7,16,0.8
972,59,0.8724137931034482,7,0.7,15,0.75
973,59,0.8994155464640563,7,0.7,15,0.75
974,59,0.9323787258912919,6,0.6,17,0.85
975,59,0.9060198714202222,7,0.7,17,0.85
976,59,0.8998246639392169,7,0.7,15,0.75
977,59,0.901344243132671,8,0.8,17,0.85
978,59,0.8863822326125074,6,0.6,16,0.8
979,59,0.9108123904149621,6,0.6,16,0.8
980,59,0.8812390414962011,5,0.5,16,0.8
981,59,0.9164815897136178,8,0.8,17,0.85
982,59,0.9228521332554064,7,0.7,18,0.9
983,59,0.8625949736995909,7,0.7,15,0.75
984,59,0.925073056691993,9,0.9,17,0.85
985,59,0.8789012273524257,5,0.5,16,0.8
986,59,0.9118644067796612,8,0.8,17,0.85
987,59,0.8617182933956752,7,0.7,15,0.75
988,59,0.9061952074810055,6,0.6,17,0.85
989,59,0.8508474576271189,6,0.6,17,0.85
990,59,0.917416715371128,9,0.9,17,0.85
991,59,0.9038573933372297,8,0.8,17,0.85
992,59,0.9187609585037991,8,0.8,15,0.75
993,59,0.8846873173582702,6,0.6,15,0.75
994,59,0.9004091174751608,8,0.8,17,0.85
995,59,0.92729398012858,6,0.6,17,0.85
996,59,0.8767387492694332,6,0.6,16,0.8
997,59,0.9233196960841613,7,0.7,17,0.85
998,59,0.8471069549970779,8,0.8,17,0.85
999,59,0.8509059029807132,6,0.6,17,0.85
1000,59,0.8681472822910581,7,0.7,17,0.85
1001,59,0.8911747516072474,6,0.6,16,0.8
1002,59,0.9184102863822328,7,0.7,17,0.85
1003,59,0.8940970192869668,7,0.7,16,0.8
1004,59,0.8958503798947985,7,0.7,17,0.85
1005,59,0.8367621274108709,7,0.7,15,0.75
1006,59,0.928053769725307,7,0.7,18,0.9
1007,59,0.9247808299240212,8,0.8,15,0.75
1008,59,0.9162478082992404,8,0.8,16,0.8
1009,59,0.8817650496785506,6,0.6,19,0.95
1010,59,0.8842197545295151,6,0.6,15,0.75
1011,59,0.9164231443600236,8,0.8,16,0.8
1012,59,0.8760958503798949,6,0.6,17,0.85
1013,59,0.9246639392168324,7,0.7,17,0.85
1014,59,0.9128579777907658,8,0.8,18,0.9
1015,59,0.9206312098188196,6,0.6,18,0.9
1016,59,0.9062536528345998,6,0.6,17,0.85
1017,59,0.9014611338398598,6,0.6,17,0.85
1018,59,0.913968439509059,7,0.7,17,0.85
1019,59,0.886732904734074,7,0.7,18,0.9
1020,59,0.8466393921683227,7,0.7,15,0.75
1021,59,0.9087083576855642,8,0.8,15,0.75
1022,59,0.8710111046171831,6,0.6,16,0.8
1023,59,0.9338983050847459,7,0.7,17,0.85
1024,59,0.8898889538281708,8,0.8,16,0.8
1025,59,0.8808299240210405,6,0.6,17,0.85
1026,59,0.8740502630040914,7,0.7,15,0.75
1027,59,0.9281706604324957,8,0.8,18,0.9
1028,59,0.8706019871420224,8,0.8,17,0.85
1029,59,0.8856808883693748,6,0.6,15,0.75
1030,59,0.8888953828170663,6,0.6,15,0.75
1031,59,0.8885447106954998,7,0.7,16,0.8
1032,59,0.8760958503798949,9,0.9,17,0.85
1033,59,0.9029222676797195,6,0.6,16,0.8
1034,59,0.915429573348919,8,0.8,16,0.8
1035,59,0.9436586791350089,7,0.7,17,0.85
1036,59,0.9060783167738167,7,0.7,17,0.85
1037,59,0.8802454704850965,7,0.7,16,0.8
1038,59,0.9374634716540037,8,0.8,16,0.8
1039,59,0.9192869666861485,7,0.7,17,0.85
1040,59,0.9241963763880773,7,0.7,17,0.85
1041,59,0.9163646990064291,9,0.9,17,0.85
1042,59,0.8901227352425484,6,0.6,16,0.8
1043,59,0.8796610169491527,5,0.5,16,0.8
1044,59,0.8682641729982467,6,0.6,16,0.8
1045,59,0.9209234365867914,7,0.7,18,0.9
1046,59,0.9247223845704269,6,0.6,16,0.8
1047,59,0.9032144944476915,7,0.7,16,0.8
1048,59,0.9115137346580947,7,0.7,15,0.75
1049,59,0.9041496201052017,7,0.7,16,0.8
1050,59,0.8942139099941556,8,0.8,18,0.9
1051,59,0.9217416715371128,7,0.7,15,0.75
1052,59,0.9060198714202222,8,0.8,17,0.85
1053,59,0.8945061367621275,8,0.8,14,0.7
1054,59,0.890064289888954,7,0.7,16,0.8
1055,59,0.8714786674459383,7,0.7,16,0.8
1056,59,0.8675043834015198,6,0.6,17,0.85
1057,59,0.8781414377556986,7,0.7,17,0.85
1058,59,0.8515488018702514,5,0.5,16,0.8
1059,59,0.888720046756283,8,0.8,17,0.85
1060,59,0.8835768556399767,9,0.9,17,0.85
1061,59,0.8678550555230861,8,0.8,16,0.8
1062,59,0.8952074810052603,7,0.7,16,0.8
1063,59,0.9022209234365868,8,0.8,17,0.85
1064,59,0.8859146697837524,6,0.6,16,0.8
1065,59,0.9023378141437757,7,0.7,16,0.8
1066,59,0.8812974868497956,7,0.7,19,0.95
1067,59,0.8843950905902981,7,0.7,18,0.9
1068,59,0.9184687317358271,8,0.8,17,0.85
1069,59,0.8713617767387495,7,0.7,17,0.85
1070,59,0.9202805376972533,7,0.7,17,0.85
1071,59,0.9345996493278785,8,0.8,19,0.95
1072,59,0.8867913500876683,7,0.7,16,0.8
1073,59,0.8690824079485682,7,0.7,14,0.7
1074,59,0.9258912916423144,8,0.8,18,0.9
1075,59,0.9218001168907073,7,0.7,17,0.85
1076,59,0.8503798947983636,7,0.7,15,0.75
1077,59,0.9062536528345998,6,0.6,19,0.95
1078,59,0.8855055523085916,7,0.7,17,0.85
1079,59,0.889772063120982,8,0.8,15,0.75
1080,59,0.8757451782583286,5,0.5,16,0.8
1081,59,0.8963179427235535,7,0.7,17,0.85
1082,59,0.8534774985388663,8,0.8,17,0.85
1083,59,0.8964932787843368,7,0.7,17,0.85
1084,59,0.9110461718293398,8,0.8,17,0.85
1085,59,0.9118059614260667,9,0.9,16,0.8
1086,59,0.8898889538281708,6,0.6,16,0.8
1087,59,0.8563413208649914,6,0.6,17,0.85
1088,59,0.9189362945645824,7,0.7,16,0.8
1089,59,0.9079485680888372,7,0.7,16,0.8
1090,59,0.9345412039742841,5,0.5,18,0.9
1091,59,0.9056691992986559,8,0.8,16,0.8
1092,59,0.8289304500292228,6,0.6,16,0.8
1093,59,0.9263588544710698,7,0.7,16,0.8
1094,59,0.9155464640561077,7,0.7,16,0.8
1095,59,0.8807130333138518,7,0.7,15,0.75
1096,59,0.8938047925189948,6,0.6,13,0.65
1097,59,0.921449444769141,6,0.6,17,0.85
1098,59,0.9101110461718295,6,0.6,17,0.85
1099,59,0.902104032729398,8,0.8,16,0.8
1100,59,0.9079485680888372,8,0.8,18,0.9
1101,59,0.8571011104617184,6,0.6,14,0.7
1102,59,0.8934541203974287,8,0.8,17,0.85
1103,59,0.9431911163062539,7,0.7,18,0.9
1104,59,0.8997662185856226,8,0.8,18,0.9
1105,59,0.8860900058445353,7,0.7,16,0.8
1106,59,0.8690824079485682,6,0.6,16,0.8
1107,59,0.906136762127411,6,0.6,16,0.8
1108,59,0.9060783167738167,8,0.8,16,0.8
1109,59,0.9142022209234366,9,0.9,16,0.8
1110,59,0.9257744009351259,6,0.6,15,0.75
1111,59,0.9092928112215081,8,0.8,17,0.85
1112,59,0.8849210987726478,6,0.6,17,0.85
1113,59,0.8665692577440095,9,0.9,17,0.85
1114,59,0.9113968439509059,7,0.7,17,0.85
1115,59,0.9342489772063123,7,0.7,19,0.95
1116,59,0.8924021040327295,7,0.7,17,0.85
1117,59,0.8826417299824665,7,0.7,16,0.8
1118,59,0.8857977790765637,8,0.8,16,0.8
1119,59,0.9167153711279955,8,0.8,17,0.85
1120,59,0.9000000000000001,6,0.6,18,0.9
1121,59,0.9074225599064876,7,0.7,17,0.85
1122,59,0.9219170075978961,8,0.8,17,0.85
1123,59,0.9180011689070721,7,0.7,15,0.75
1124,59,0.9413793103448277,8,0.8,18,0.9
1125,59,0.9045587375803626,6,0.6,16,0.8
1126,59,0.9006428988895384,8,0.8,17,0.85
1127,59,0.908533021624781,6,0.6,16,0.8
1128,59,0.9098188194038574,7,0.7,16,0.8
1129,59,0.9139099941554648,7,0.7,17,0.85
1130,59,0.9336060783167739,7,0.7,17,0.85
1131,59,0.9108708357685565,8,0.8,16,0.8
1132,59,0.9153126826417302,7,0.7,17,0.85
1133,59,0.8937463471654004,8,0.8,17,0.85
1134,59,0.9258328462887201,9,0.9,15,0.75
1135,59,0.9342489772063123,7,0.7,16,0.8
1136,59,0.9035651665692579,8,0.8,18,0.9
1137,59,0.8617182933956752,7,0.7,17,0.85
1138,59,0.9298071303331387,7,0.7,16,0.8
1139,59,0.8610753945061369,6,0.6,16,0.8
1140,59,0.9241379310344828,7,0.7,18,0.9
1141,59,0.8393921683226185,9,0.9,16,0.8
1142,59,0.9340151957919347,7,0.7,18,0.9
1143,59,0.7862068965517243,7,0.7,14,0.7
1144,59,0.8951490356516659,9,0.9,17,0.85
1145,59,0.9348918760958504,6,0.6,18,0.9
1146,59,0.9111046171829341,8,0.8,17,0.85
1147,59,0.8749853886616015,7,0.7,15,0.75
1148,59,0.9247223845704269,5,0.5,18,0.9
1149,59,0.8241379310344829,7,0.7,16,0.8
1150,59,0.8979544126241964,7,0.7,16,0.8
1151,59,0.9055523085914671,7,0.7,16,0.8
1152,59,0.8563413208649914,8,0.8,16,0.8
1153,59,0.908825248392753,6,0.6,18,0.9
1154,59,0.884511981297487,5,0.5,16,0.8
1155,59,0.8670952659263591,8,0.8,15,0.75
1156,59,0.8825248392752778,8,0.8,15,0.75
1157,59,0.8966686148451201,8,0.8,15,0.75
1158,59,0.8822326125073058,8,0.8,15,0.75
1159,59,0.9001753360607834,7,0.7,17,0.85
1160,59,0.9033313851548803,7,0.7,16,0.8
1161,59,0.92250146113384,7,0.7,16,0.8
1162,59,0.8622443015780247,7,0.7,16,0.8
1163,59,0.8080654587960259,8,0.8,14,0.7
1164,59,0.8973115137346582,7,0.7,18,0.9
1165,59,0.8817650496785506,7,0.7,16,0.8
1166,59,0.9331385154880188,6,0.6,17,0.85
1167,59,0.9021624780829924,6,0.6,17,0.85
1168,59,0.8976037405026303,8,0.8,18,0.9
1169,59,0.9084745762711867,7,0.7,18,0.9
1170,59,0.8739918176504969,7,0.7,15,0.75
1171,59,0.8836937463471655,8,0.8,17,0.85
1172,59,0.872939801285798,8,0.8,18,0.9
1173,59,0.9238457042665109,7,0.7,18,0.9
1174,59,0.8689070718877852,7,0.7,15,0.75
1175,59,0.8883109292811223,6,0.6,15,0.75
1176,59,0.8808883693746348,7,0.7,15,0.75
1177,59,0.8950321449444771,7,0.7,16,0.8
1178,59,0.8469316189362948,7,0.7,17,0.85
1179,59,0.9372881355932204,9,0.9,16,0.8
1180,59,0.8811221507890123,6,0.6,14,0.7
1181,59,0.9078901227352427,7,0.7,17,0.85
1182,59,0.9300993571011106,8,0.8,17,0.85
1183,59,0.9243717124488605,9,0.9,17,0.85
1184,59,0.8949736995908827,7,0.7,17,0.85
1185,59,0.8959672706019873,6,0.6,16,0.8
1186,59,0.8349503214494449,6,0.6,17,0.85
1187,59,0.9171829339567507,9,0.9,15,0.75
1188,59,0.8951490356516659,7,0.7,17,0.85
1189,59,0.8917592051431913,6,0.6,17,0.85
1190,59,0.8920514319111631,6,0.6,17,0.85
1191,59,0.8836353009935711,8,0.8,18,0.9
1192,59,0.8671537112799533,7,0.7,14,0.7
1193,59,0.9229105786090007,8,0.8,17,0.85
1194,59,0.8912331969608417,7,0.7,18,0.9
1195,59,0.9070718877849213,8,0.8,16,0.8
1196,59,0.8241963763880773,6,0.6,15,0.75
1197,59,0.8707773232028054,7,0.7,17,0.85
1198,59,0.8915838690824082,7,0.7,17,0.85
1199,59,0.8967270601987144,6,0.6,15,0.75
1200,59,0.876271186440678,8,0.8,17,0.85
1201,59,0.8490940970192872,7,0.7,16,0.8
1202,59,0.9099357101110462,8,0.8,17,0.85
1203,59,0.8845704266510814,8,0.8,15,0.75
1204,59,0.8843950905902981,8,0.8,15,0.75
1205,59,0.8949152542372883,6,0.6,17,0.85
1206,59,0.8670952659263591,7,0.7,17,0.85
1207,59,0.9088836937463473,8,0.8,17,0.85
1208,59,0.9035651665692579,7,0.7,18,0.9
1209,59,0.889304500292227,7,0.7,17,0.85
1210,59,0.9118644067796612,7,0.7,16,0.8
1211,59,0.9306838106370546,5,0.5,19,0.95
1212,59,0.91437755698422,7,0.7,18,0.9
1213,59,0.9006428988895384,8,0.8,18,0.9
1214,59,0.8490940970192872,7,0.7,16,0.8
1215,59,0.8807714786674462,9,0.9,17,0.85
1216,59,0.8197545295149037,7,0.7,16,0.8
1217,59,0.8312682641729984,7,0.7,16,0.8
1218,59,0.873407364114553,9,0.9,17,0.85
1219,59,0.8759789596727061,8,0.8,14,0.7
1220,59,0.9054938632378726,8,0.8,17,0.85
1221,59,0.9091759205143193,7,0.7,16,0.8
1222,59,0.8159555815312683,7,0.7,16,0.8
1223,59,0.921157218001169,6,0.6,18,0.9
1224,59,0.8396843950905905,7,0.7,17,0.85
1225,59,0.8925774400935128,7,0.7,16,0.8
1226,59,0.9241963763880773,7,0.7,18,0.9
1227,59,0.9113383985973117,7,0.7,17,0.85
1228,59,0.9225599064874344,8,0.8,17,0.85
1229,59,0.9168907071887786,7,0.7,18,0.9
1230,59,0.9088836937463473,7,0.7,16,0.8
1231,59,0.9116306253652835,8,0.8,18,0.9
1232,59,0.8982466393921684,8,0.8,17,0.85
1233,59,0.9206896551724141,7,0.7,18,0.9
1234,59,0.9331385154880188,7,0.7,17,0.85
1235,59,0.8347165400350673,7,0.7,14,0.7
1236,59,0.9189362945645824,7,0.7,18,0.9
1237,59,0.9171244886031562,8,0.8,17,0.85
1238,59,0.8698421975452953,6,0.6,17,0.85
1239,59,0.9310929281122152,8,0.8,19,0.95
1240,59,0.8728229105786092,7,0.7,13,0.65
1241,59,0.8749269433080072,7,0.7,17,0.85
1242,59,0.8540619520748102,8,0.8,16,0.8
1243,59,0.9146113383985975,6,0.6,17,0.85
1244,59,0.9364699006428991,7,0.7,17,0.85
1245,59,0.8843366452367037,7,0.7,17,0.85
1246,59,0.820397428404442,8,0.8,16,0.8
1247,59,0.8983050847457629,8,0.8,18,0.9
1248,59,0.878199883109293,8,0.8,15,0.75
1249,59,0.9037405026300411,8,0.8,18,0.9
1250,59,0.9037405026300411,6,0.6,17,0.85
1251,59,0.8646990064289891,7,0.7,15,0.75
1252,59,0.9120981881940388,7,0.7,17,0.85
1253,59,0.9286966686148452,8,0.8,18,0.9
1254,59,0.9194038573933374,6,0.6,18,0.9
1255,59,0.8985388661601406,7,0.7,16,0.8
1256,59,0.8982466393921684,7,0.7,17,0.85
1257,59,0.8860900058445353,8,0.8,16,0.8
1258,59,0.8938047925189948,8,0.8,15,0.75
1259,59,0.9188194038573936,6,0.6,18,0.9
1260,59,0.8721800116890709,6,0.6,17,0.85
1261,59,0.8642898889538283,8,0.8,17,0.85
1262,59,0.8939216832261836,6,0.6,18,0.9
1263,59,0.9113383985973117,8,0.8,17,0.85
1264,59,0.8600233781414378,8,0.8,16,0.8
1265,59,0.88947983635301,7,0.7,18,0.9
1266,59,0.8677381648158973,5,0.5,15,0.75
1267,59,0.8988310929281124,8,0.8,17,0.85
1268,59,0.8943892460549389,7,0.7,16,0.8
1269,59,0.8900058445353596,6,0.6,16,0.8
1270,59,0.9161893629456459,8,0.8,17,0.85
1271,59,0.8652834599649329,6,0.6,14,0.7
1272,59,0.8956750438340153,7,0.7,19,0.95
1273,59,0.8778492109877266,6,0.6,18,0.9
1274,59,0.9245470485096436,8,0.8,18,0.9
1275,59,0.8842781998831093,7,0.7,17,0.85
1276,59,0.9295149035651666,8,0.8,18,0.9
1277,59,0.8838690824079487,7,0.7,16,0.8
1278,59,0.8880771478667447,5,0.5,17,0.85
1279,59,0.9062536528345998,7,0.7,15,0.75
1280,59,0.8606662770309762,5,0.5,14,0.7
1281,59,0.8843950905902981,5,0.5,18,0.9
1282,59,0.885563997662186,6,0.6,16,0.8
1283,59,0.9158386908240795,7,0.7,17,0.85
1284,59,0.9037989479836354,6,0.6,17,0.85
1285,59,0.8862653419053186,7,0.7,15,0.75
1286,59,0.9293395675043835,8,0.8,17,0.85
1287,59,0.9138515488018705,7,0.7,17,0.85
1288,59,0.8555815312682643,6,0.6,15,0.75
1289,59,0.8914085330216249,8,0.8,16,0.8
1290,59,0.8458796025715958,6,0.6,15,0.75
1291,59,0.8656925774400936,9,0.9,17,0.85
1292,59,0.8945061367621275,7,0.7,17,0.85
1293,59,0.9065458796025717,8,0.8,15,0.75
1294,59,0.9084745762711867,7,0.7,19,0.95
1295,59,0.9053185271770896,8,0.8,17,0.85
1296,59,0.923261250730567,6,0.6,16,0.8
1297,59,0.9298071303331387,8,0.8,16,0.8
1298,59,0.8734658094681473,7,0.7,15,0.75
1299,59,0.9030976037405027,8,0.8,16,0.8
1300,59,0.9145528930450032,9,0.9,14,0.7
1301,59,0.8913500876680305,8,0.8,17,0.85
1302,59,0.9122735242548219,8,0.8,15,0.75
1303,59,0.8569257744009353,7,0.7,15,0.75
1304,59,0.9195207481005262,7,0.7,15,0.75
1305,59,0.9088836937463473,6,0.6,17,0.85
1306,59,0.8911163062536529,5,0.5,17,0.85
1307,59,0.9117475160724724,9,0.9,15,0.75
1308,59,0.9258328462887201,8,0.8,16,0.8
1309,59,0.9126826417299827,6,0.6,18,0.9
1310,59,0.9054938632378726,7,0.7,17,0.85
1311,59,0.8796025715955583,7,0.7,17,0.85
1312,59,0.8893629456458212,8,0.8,17,0.85
1313,59,0.8292226767971947,6,0.6,17,0.85
1314,59,0.876855639976622,7,0.7,16,0.8
1315,59,0.8869082407948569,6,0.6,15,0.75
1316,59,0.8617182933956752,6,0.6,16,0.8
1317,59,0.9223261250730569,6,0.6,17,0.85
1318,59,0.8335476329631796,5,0.5,16,0.8
1319,59,0.9254237288135595,7,0.7,16,0.8
1320,59,0.9379310344827587,5,0.5,18,0.9
1321,59,0.859731151373466,6,0.6,17,0.85
1322,59,0.8818819403857394,6,0.6,16,0.8
1323,59,0.9136177673874929,7,0.7,17,0.85
1324,59,0.9064874342489774,8,0.8,17,0.85
1325,59,0.818760958503799,7,0.7,17,0.85
1326,59,0.9116306253652835,7,0.7,16,0.8
1327,59,0.9432495616598483,8,0.8,18,0.9
1328,59,0.8208065458796027,7,0.7,17,0.85
1329,59,0.906136762127411,6,0.6,18,0.9
1330,59,0.8817650496785506,8,0.8,17,0.85
1331,59,0.8934541203974287,6,0.6,18,0.9
1332,59,0.9244301578024549,7,0.7,17,0.85
1333,59,0.914669783752192,7,0.7,18,0.9
1334,59,0.8511981297486851,8,0.8,15,0.75
1335,59,0.8598480420806548,5,0.5,18,0.9
1336,59,0.8916423144360025,8,0.8,17,0.85
1337,59,0.8976621858562246,7,0.7,16,0.8
1338,59,0.869783752191701,6,0.6,16,0.8
1339,59,0.889772063120982,5,0.5,16,0.8
1340,59,0.908240794856809,8,0.8,17,0.85
1341,59,0.9042080654587962,8,0.8,17,0.85
1342,59,0.9215078901227355,6,0.6,17,0.85
1343,59,0.9177673874926945,8,0.8,16,0.8
1344,59,0.8780829924021042,7,0.7,15,0.75
1345,59,0.8917592051431913,8,0.8,16,0.8
1346,59,0.8538281706604326,6,0.6,15,0.75
1347,59,0.9306838106370546,7,0.7,17,0.85
1348,59,0.8988310929281124,8,0.8,17,0.85
1349,59,0.8706604324956168,8,0.8,15,0.75
1350,59,0.8067796610169492,7,0.7,15,0.75
1351,59,0.8517241379310346,6,0.6,15,0.75
1352,59,0.9071303331385158,8,0.8,16,0.8
1353,59,0.8970777323202807,7,0.7,15,0.75
1354,59,0.8759789596727061,8,0.8,17,0.85
1355,59,0.8228521332554063,6,0.6,16,0.8
1356,59,0.9118059614260667,8,0.8,17,0.85
1357,59,0.8697253068381066,6,0.6,17,0.85
1358,59,0.9248977206312101,7,0.7,17,0.85
1359,59,0.9257744009351259,7,0.7,17,0.85
1360,59,0.8582115721800118,5,0.5,16,0.8
1361,59,0.887843366452367,8,0.8,16,0.8
1362,59,0.9377556984219755,6,0.6,16,0.8
1363,59,0.9049678550555232,7,0.7,18,0.9
1364,59,0.9182349503214495,7,0.7,15,0.75
1365,59,0.9399181765049681,7,0.7,19,0.95
1366,59,0.9005844535359441,6,0.6,17,0.85
1367,59,0.8699590882524839,6,0.6,16,0.8
1368,59,0.918585622443016,5,0.5,16,0.8
1369,59,0.9060198714202222,6,0.6,17,0.85
1370,59,0.9130333138515491,8,0.8,16,0.8
1371,59,0.8968439509059032,6,0.6,17,0.85
1372,59,0.8725306838106371,9,0.9,17,0.85
1373,59,0.8794856808883695,7,0.7,17,0.85
1374,59,0.8167153711279954,7,0.7,14,0.7
1375,59,0.8724722384570427,6,0.6,17,0.85
1376,59,0.8769725306838108,8,0.8,18,0.9
1377,59,0.840970192869667,8,0.8,14,0.7
1378,59,0.9099941554646407,7,0.7,17,0.85
1379,59,0.852542372881356,5,0.5,17,0.85
1380,59,0.9222092343658681,8,0.8,16,0.8
1381,59,0.8758036236119229,8,0.8,15,0.75
1382,59,0.8614260666277033,6,0.6,14,0.7
1383,59,0.9054938632378726,8,0.8,16,0.8
1384,59,0.8336645236703683,6,0.6,15,0.75
1385,59,0.8704850964348335,4,0.4,17,0.85
1386,59,0.885856224430158,7,0.7,16,0.8
1387,59,0.9014026884862655,9,0.9,17,0.85
1388,59,0.9209234365867914,6,0.6,18,0.9
1389,59,0.9095850379894801,9,0.9,17,0.85
1390,59,0.8986557568673293,9,0.9,16,0.8
1391,59,0.87895967270602,7,0.7,16,0.8
1392,59,0.8975452951490358,7,0.7,16,0.8
1393,59,0.8664523670368207,8,0.8,14,0.7
1394,59,0.893512565751023,7,0.7,16,0.8
1395,59,0.9181180596142609,6,0.6,17,0.85
1396,59,0.9184102863822328,8,0.8,16,0.8
1397,59,0.9260666277030977,6,0.6,18,0.9
1398,59,0.880187025131502,8,0.8,17,0.85
1399,59,0.8497954412624197,8,0.8,17,0.85
1400,59,0.9392168322618353,9,0.9,17,0.85
1401,59,0.9297486849795443,7,0.7,18,0.9
1402,59,0.8569257744009353,6,0.6,15,0.75
1403,59,0.8928696668614846,9,0.9,17,0.85
1404,59,0.8678550555230861,9,0.9,16,0.8
1405,59,0.8853302162478084,7,0.7,18,0.9
1406,59,0.8793103448275863,7,0.7,16,0.8
1407,59,0.8934541203974287,6,0.6,17,0.85
1408,59,0.9371127995324373,6,0.6,15,0.75
1409,59,0.8836937463471655,7,0.7,17,0.85
1410,59,0.928053769725307,8,0.8,15,0.75
1411,59,0.8659848042080656,6,0.6,15,0.75
1412,59,0.8835184102863823,6,0.6,16,0.8
1413,59,0.9174751607247225,6,0.6,19,0.95
1414,59,0.9109877264757453,7,0.7,17,0.85
1415,59,0.8634716540035069,6,0.6,16,0.8
1416,59,0.9167153711279955,6,0.6,18,0.9
1417,59,0.9319111630625366,7,0.7,18,0.9
1418,59,0.8504383401519581,6,0.6,16,0.8
1419,59,0.9365283459964935,7,0.7,17,0.85
1420,59,0.8363530099357102,7,0.7,13,0.65
1421,59,0.8880771478667447,8,0.8,14,0.7
1422,59,0.9175920514319112,7,0.7,17,0.85
1423,59,0.9331385154880188,7,0.7,18,0.9
1424,59,0.8516072472238458,7,0.7,17,0.85
1425,59,0.916656925774401,6,0.6,15,0.75
1426,59,0.9049678550555232,7,0.7,17,0.85
1427,59,0.8794856808883695,8,0.8,16,0.8
1428,59,0.8972530683810638,7,0.7,18,0.9
1429,59,0.9238457042665109,7,0.7,17,0.85
1430,59,0.9279368790181182,7,0.7,15,0.75
1431,59,0.8603156049094098,8,0.8,16,0.8
1432,59,0.9196960841613093,5,0.5,17,0.85
1433,59,0.8941554646405612,7,0.7,16,0.8
1434,59,0.932729398012858,8,0.8,19,0.95
1435,59,0.9045002922267682,7,0.7,15,0.75
1436,59,0.8676797194623028,7,0.7,17,0.85
1437,59,0.8644652250146114,8,0.8,17,0.85
1438,59,0.9170660432495619,8,0.8,18,0.9
1439,59,0.8735242548217418,6,0.6,18,0.9
1440,59,0.9241963763880773,8,0.8,17,0.85
1441,59,0.9239041496201054,8,0.8,15,0.75
1442,59,0.9068965517241382,6,0.6,16,0.8
1443,59,0.87323202805377,7,0.7,17,0.85
1444,59,0.8149035651665694,8,0.8,14,0.7
1445,59,0.9395675043834018,8,0.8,19,0.95
1446,59,0.87656341320865,6,0.6,19,0.95
1447,59,0.9045002922267682,8,0.8,17,0.85
1448,59,0.9403272939801287,7,0.7,16,0.8
1449,59,0.897428404441847,9,0.9,15,0.75
1450,59,0.8590298071303334,7,0.7,15,0.75
1451,59,0.9131502045587376,8,0.8,17,0.85
1452,59,0.9050263004091176,7,0.7,17,0.85
1453,59,0.9019286966686151,6,0.6,15,0.75
1454,59,0.8745762711864408,7,0.7,17,0.85
1455,59,0.8492694330800703,6,0.6,14,0.7
1456,59,0.9223261250730569,7,0.7,18,0.9
1457,59,0.9057860900058446,7,0.7,17,0.85
1458,59,0.9074225599064876,8,0.8,17,0.85
1459,59,0.9059029807130334,8,0.8,17,0.85
1460,59,0.9006428988895384,8,0.8,17,0.85
1461,59,0.8979544126241964,7,0.7,15,0.75
1462,59,0.890064289888954,6,0.6,16,0.8
1463,59,0.8890707188778494,7,0.7,16,0.8
1464,59,0.8817650496785506,7,0.7,16,0.8
1465,59,0.8753360607831678,7,0.7,16,0.8
1466,59,0.8962010520163647,6,0.6,15,0.75
1467,59,0.8821741671537114,6,0.6,16,0.8
1468,59,0.9197545295149038,8,0.8,15,0.75
1469,59,0.7954997077732322,6,0.6,15,0.75
1470,59,0.8947983635300996,6,0.6,18,0.9
1471,59,0.9485680888369377,8,0.8,18,0.9
1472,59,0.9254821741671538,8,0.8,16,0.8
1473,59,0.8951490356516659,7,0.7,15,0.75
1474,59,0.8290473407364116,6,0.6,15,0.75
1475,59,0.8931618936294566,8,0.8,17,0.85
1476,59,0.7967855055523086,5,0.5,15,0.75
1477,59,0.8603156049094098,7,0.7,16,0.8
1478,59,0.8709526592635887,6,0.6,17,0.85
1479,59,0.8965517241379313,7,0.7,15,0.75
1480,59,0.8957334891876098,6,0.6,17,0.85
1481,59,0.8708357685563999,7,0.7,17,0.85
1482,59,0.9111630625365286,8,0.8,18,0.9
1483,59,0.9002922267679722,6,0.6,15,0.75
1484,59,0.8513150204558739,7,0.7,16,0.8
1485,59,0.8562828755113969,7,0.7,17,0.85
1486,59,0.9118059614260667,8,0.8,17,0.85
1487,59,0.8964348334307424,7,0.7,17,0.85
1488,59,0.9212156633547635,8,0.8,17,0.85
1489,59,0.9172413793103451,5,0.5,17,0.85
1490,59,0.9061952074810055,8,0.8,16,0.8
1491,59,0.9051431911163065,7,0.7,18,0.9
1492,59,0.8625365283459966,4,0.4,17,0.85
1493,59,0.9173582700175337,8,0.8,16,0.8
1494,59,0.8654003506721217,6,0.6,15,0.75
1495,59,0.9153711279953246,8,0.8,16,0.8
1496,59,0.9019286966686151,5,0.5,16,0.8
1497,59,0.8870835768556401,7,0.7,16,0.8
1498,59,0.9129748684979546,6,0.6,17,0.85
1499,59,0.8347749853886617,7,0.7,16,0.8
1500,59,0.9564582115721801,6,0.6,16,0.8
1501,59,0.8680888369374636,8,0.8,16,0.8
1502,59,0.9459380479251901,7,0.7,18,0.9
1503,59,0.9369959088252485,7,0.7,19,0.95
1504,59,0.8682057276446523,8,0.8,17,0.85
1505,59,0.8803623611922853,6,0.6,17,0.85
1506,59,0.8971946230274694,6,0.6,18,0.9
1507,59,0.92729398012858,5,0.5,16,0.8
1508,59,0.9136177673874929,7,0.7,16,0.8
1509,59,0.9207481005260083,5,0.5,18,0.9
1510,59,0.9295149035651666,7,0.7,17,0.85
1511,59,0.9108708357685565,9,0.9,15,0.75
1512,59,0.9114552893045004,6,0.6,18,0.9
1513,59,0.8895382817066044,4,0.4,16,0.8
1514,59,0.9386908240794857,8,0.8,18,0.9
1515,59,0.8956750438340153,7,0.7,16,0.8
1516,59,0.9031560490940971,7,0.7,17,0.85
1517,59,0.8777323202805378,8,0.8,16,0.8
1518,59,0.8969023962594976,7,0.7,16,0.8
1519,59,0.8550555230859148,7,0.7,16,0.8
1520,59,0.8944476914085331,8,0.8,14,0.7
1521,59,0.885271770894214,6,0.6,16,0.8
1522,59,0.9087083576855642,6,0.6,18,0.9
1523,59,0.8665692577440095,6,0.6,16,0.8
1524,59,0.9038573933372297,7,0.7,17,0.85
1525,59,0.8533606078316776,6,0.6,16,0.8
1526,59,0.8826417299824665,8,0.8,17,0.85
1527,59,0.9012273524254822,9,0.9,14,0.7
1528,59,0.9473991817650499,6,0.6,17,0.85
1529,59,0.9035067212156636,7,0.7,17,0.85
1530,59,0.8976621858562246,7,0.7,17,0.85
1531,59,0.8875511396843953,7,0.7,17,0.85
1532,59,0.8997077732320281,7,0.7,17,0.85
1533,59,0.8930450029222678,6,0.6,16,0.8
1534,59,0.885096434833431,8,0.8,18,0.9
1535,59,0.8776154295733489,9,0.9,17,0.85
1536,59,0.9277030976037406,8,0.8,16,0.8
1537,59,0.923261250730567,6,0.6,18,0.9
1538,59,0.8854471069549972,7,0.7,16,0.8
1539,59,0.8632963179427237,7,0.7,17,0.85
1540,59,0.8960841613091761,7,0.7,16,0.8
1541,59,0.9168907071887786,8,0.8,16,0.8
1542,59,0.9028053769725309,8,0.8,18,0.9
1543,59,0.898480420806546,7,0.7,17,0.85
1544,59,0.910344827586207,7,0.7,17,0.85
1545,59,0.8995324371712449,7,0.7,17,0.85
1546,59,0.8985388661601406,7,0.7,17,0.85
1547,59,0.8207481005260083,7,0.7,16,0.8
1548,59,0.8770894213909995,7,0.7,17,0.85
1549,59,0.9156633547632963,7,0.7,17,0.85
1550,59,0.9176504967855057,7,0.7,16,0.8
1551,59,0.8979544126241964,8,0.8,18,0.9
1552,59,0.8922267679719463,7,0.7,15,0.75
1553,59,0.9001753360607834,6,0.6,17,0.85
1554,59,0.8893629456458212,8,0.8,16,0.8
1555,59,0.8948568088836939,7,0.7,16,0.8
1556,59,0.8617182933956752,6,0.6,15,0.75
1557,59,0.8708942139099942,7,0.7,16,0.8
1558,59,0.8614845119812976,6,0.6,15,0.75
1559,59,0.9119228521332555,7,0.7,16,0.8
1560,59,0.8773816481589716,7,0.7,14,0.7
1561,59,0.8814143775569844,7,0.7,18,0.9
1562,59,0.9080070134424313,6,0.6,17,0.85
1563,59,0.871303331385155,7,0.7,16,0.8
1564,59,0.8508474576271189,6,0.6,15,0.75
1565,59,0.901168907071888,8,0.8,16,0.8
1566,59,0.8638223261250731,8,0.8,14,0.7
1567,59,0.9322618351841031,7,0.7,17,0.85
1568,59,0.9019286966686151,8,0.8,16,0.8
1569,59,0.8928112215078902,6,0.6,18,0.9
1570,59,0.8995908825248393,7,0.7,15,0.75
1571,59,0.8940385739333724,7,0.7,17,0.85
1572,59,0.9305084745762714,7,0.7,16,0.8
1573,59,0.8872004675628289,7,0.7,15,0.75
1574,59,0.9434833430742259,8,0.8,17,0.85
1575,59,0.8900058445353596,8,0.8,17,0.85
1576,59,0.886031560490941,7,0.7,16,0.8
1577,59,0.9090590298071305,6,0.6,18,0.9
1578,59,0.9037989479836354,6,0.6,17,0.85
1579,59,0.7955581531268265,6,0.6,13,0.65
1580,59,0.8957919345412041,6,0.6,16,0.8
1581,59,0.9334891876095851,7,0.7,18,0.9
1582,59,0.8872004675628289,8,0.8,17,0.85
1583,59,0.9039742840444185,6,0.6,18,0.9
1584,59,0.8888953828170663,9,0.9,18,0.9
1585,59,0.8461718293395676,7,0.7,16,0.8
1586,59,0.918293395675044,7,0.7,17,0.85
1587,59,0.9161309175920516,7,0.7,17,0.85
1588,59,0.8775569842197546,6,0.6,17,0.85
1589,59,0.8545295149035652,7,0.7,16,0.8
1590,59,0.9188778492109879,7,0.7,16,0.8
1591,59,0.8717124488603156,7,0.7,15,0.75
1592,59,0.9490356516656927,8,0.8,18,0.9
1593,59,0.8849210987726478,7,0.7,16,0.8
1594,59,0.9116306253652835,7,0.7,16,0.8
1595,59,0.9183518410286383,6,0.6,17,0.85
1596,59,0.9236119228521333,7,0.7,19,0.95
1597,59,0.9157218001168907,7,0.7,17,0.85
1598,59,0.9002337814143777,7,0.7,16,0.8
1599,59,0.846522501461134,8,0.8,17,0.85
1600,59,0.8593804792518996,7,0.7,15,0.75
1601,59,0.9190531852717709,8,0.8,17,0.85
1602,59,0.9259497369959089,8,0.8,17,0.85
1603,59,0.9148451198129749,8,0.8,15,0.75
1604,59,0.8689655172413796,7,0.7,17,0.85
1605,59,0.9322033898305087,7,0.7,17,0.85
1606,59,0.8899473991817652,7,0.7,16,0.8
1607,59,0.8500876680303917,7,0.7,13,0.65
1608,59,0.8767387492694332,6,0.6,16,0.8
1609,59,0.9074810052600819,7,0.7,18,0.9
1610,59,0.8753945061367623,7,0.7,16,0.8
1611,59,0.9105786090005845,8,0.8,18,0.9
1612,59,0.9085914669783755,7,0.7,16,0.8
1613,59,0.9093512565751024,7,0.7,17,0.85
1614,59,0.8709526592635887,9,0.9,18,0.9
1615,59,0.9234950321449445,8,0.8,17,0.85
1616,59,0.9158386908240795,8,0.8,16,0.8
1617,59,0.8719462302746933,7,0.7,16,0.8
1618,59,0.9241379310344828,7,0.7,17,0.85
1619,59,0.8814728229105788,6,0.6,17,0.85
1620,59,0.8999415546464057,8,0.8,15,0.75
1621,59,0.9030976037405027,8,0.8,17,0.85
1622,59,0.8183518410286383,8,0.8,15,0.75
1623,59,0.9285213325540621,7,0.7,16,0.8
1624,59,0.8888953828170663,7,0.7,16,0.8
1625,59,0.8285797779076564,6,0.6,15,0.75
1626,59,0.9025131502045589,5,0.5,16,0.8
1627,59,0.9199298655756868,9,0.9,16,0.8
1628,59,0.8862068965517242,6,0.6,15,0.75
1629,59,0.902980713033314,7,0.7,15,0.75
1630,59,0.9129164231443603,8,0.8,17,0.85
1631,59,0.9082992402104033,7,0.7,17,0.85
1632,59,0.8845704266510814,6,0.6,16,0.8
1633,59,0.8485096434833431,7,0.7,17,0.85
1634,59,0.8818819403857394,6,0.6,16,0.8
1635,59,0.9066043249561662,9,0.9,17,0.85
1636,59,0.9088836937463473,7,0.7,19,0.95
1637,59,0.9045002922267682,7,0.7,16,0.8
1638,59,0.8976037405026303,8,0.8,18,0.9
1639,59,0.9075978959672707,8,0.8,16,0.8
1640,59,0.8286966686148451,6,0.6,17,0.85
1641,59,0.9180011689070721,7,0.7,18,0.9
1642,59,0.8836353009935711,7,0.7,17,0.85
1643,59,0.8963763880771479,7,0.7,14,0.7
1644,59,0.8789012273524257,6,0.6,17,0.85
1645,59,0.9170075978959674,6,0.6,17,0.85
1646,59,0.8895967270601988,7,0.7,14,0.7
1647,59,0.9224430157802456,7,0.7,17,0.85
1648,59,0.898480420806546,9,0.9,17,0.85
1649,59,0.8994155464640563,7,0.7,15,0.75
1650,59,0.9335476329631794,7,0.7,18,0.9
1651,59,0.8940970192869668,8,0.8,16,0.8
1652,59,0.8780245470485097,9,0.9,18,0.9
1653,59,0.8853886616014028,8,0.8,16,0.8
1654,59,0.8880187025131503,7,0.7,17,0.85
1655,59,0.9092928112215081,6,0.6,18,0.9
1656,59,0.9012273524254822,8,0.8,16,0.8
1657,59,0.8939216832261836,6,0.6,15,0.75
1658,59,0.8655756867329049,7,0.7,16,0.8
1659,59,0.9094097019286969,7,0.7,17,0.85
1660,59,0.9234365867913502,6,0.6,17,0.85
1661,59,0.9275277615429574,7,0.7,17,0.85
1662,59,0.9092343658679136,7,0.7,17,0.85
1663,59,0.8800116890707191,6,0.6,15,0.75
1664,59,0.869199298655757,8,0.8,17,0.85
1665,59,0.8732904734073642,7,0.7,18,0.9
1666,59,0.9037405026300411,7,0.7,17,0.85
1667,59,0.910344827586207,6,0.6,17,0.85
1668,59,0.9004091174751608,6,0.6,15,0.75
1669,59,0.8900058445353596,8,0.8,16,0.8
1670,59,0.897720631209819,7,0.7,18,0.9
1671,59,0.8557568673290474,9,0.9,17,0.85
1672,59,0.8655756867329049,6,0.6,16,0.8
1673,59,0.8700759789596728,7,0.7,18,0.9
1674,59,0.841554646405611,8,0.8,15,0.75
1675,59,0.8784336645236703,9,0.9,16,0.8
1676,59,0.9257159555815315,8,0.8,18,0.9
1677,59,0.9286382232612509,8,0.8,16,0.8
1678,59,0.8590882524839276,7,0.7,15,0.75
1679,59,0.8717708942139101,7,0.7,16,0.8
1680,59,0.8860900058445353,8,0.8,17,0.85
1681,59,0.8104032729398014,6,0.6,17,0.85
1682,59,0.8827586206896553,7,0.7,17,0.85
1683,59,0.9085914669783755,5,0.5,16,0.8
1684,59,0.9045002922267682,7,0.7,19,0.95
1685,59,0.9271770894213912,7,0.7,17,0.85
1686,59,0.8834015195791937,9,0.9,16,0.8
1687,59,0.9130333138515491,5,0.5,18,0.9
1688,59,0.9081239041496202,6,0.6,16,0.8
1689,59,0.9095850379894801,7,0.7,17,0.85
1690,59,0.8924605493863239,7,0.7,14,0.7
1691,59,0.8738164815897138,7,0.7,16,0.8
1692,59,0.897428404441847,7,0.7,18,0.9
1693,59,0.9107539450613678,6,0.6,16,0.8
1694,59,0.8690824079485682,6,0.6,14,0.7
1695,59,0.9150204558737581,7,0.7,16,0.8
1696,59,0.9057860900058446,7,0.7,16,0.8
1697,59,0.8329631794272357,7,0.7,15,0.75
1698,59,0.879076563413209,7,0.7,16,0.8
1699,59,0.9135593220338984,7,0.7,16,0.8
1700,59,0.8414962010520165,5,0.5,18,0.9
1701,59,0.8471654003506723,8,0.8,17,0.85
1702,59,0.9045587375803626,5,0.5,16,0.8
1703,59,0.9239041496201054,9,0.9,17,0.85
1704,59,0.8688486265341908,7,0.7,16,0.8
1705,59,0.9036820572764467,9,0.9,17,0.85
1706,59,0.8464056107539452,8,0.8,15,0.75
1707,59,0.9354763296317945,6,0.6,18,0.9
1708,59,0.8888369374634718,8,0.8,16,0.8
1709,59,0.9148451198129749,7,0.7,16,0.8
1710,59,0.9213325540619522,8,0.8,18,0.9
1711,59,0.8886031560490942,6,0.6,17,0.85
1712,59,0.899357101110462,7,0.7,16,0.8
1713,59,0.9175336060783168,6,0.6,16,0.8
1714,59,0.8892460549386326,6,0.6,18,0.9
1715,59,0.8510227936879019,6,0.6,15,0.75
1716,59,0.87323202805377,7,0.7,17,0.85
1717,59,0.9222676797194624,7,0.7,17,0.85
1718,59,0.9016364699006431,7,0.7,16,0.8
1719,59,0.8611338398597314,7,0.7,18,0.9
1720,59,0.8661601402688488,6,0.6,17,0.85
1721,59,0.8656925774400936,7,0.7,17,0.85
1722,59,0.8966686148451201,8,0.8,18,0.9
1723,59,0.8778492109877266,7,0.7,16,0.8
1724,59,0.8606078316773818,6,0.6,15,0.75
1725,59,0.8523085914669785,7,0.7,16,0.8
1726,59,0.8786674459380481,6,0.6,15,0.75
1727,59,0.843074225599065,6,0.6,16,0.8
1728,59,0.8962594973699591,8,0.8,17,0.85
1729,59,0.9002922267679722,6,0.6,15,0.75
1730,59,0.8923436586791351,5,0.5,14,0.7
1731,59,0.8931034482758622,8,0.8,17,0.85
1732,59,0.8846873173582702,6,0.6,16,0.8
1733,59,0.9229690239625952,6,0.6,16,0.8
1734,59,0.8773232028053772,7,0.7,16,0.8
1735,59,0.8714786674459383,7,0.7,17,0.85
1736,59,0.9200467562828756,9,0.9,16,0.8
1737,59,0.8952659263588547,9,0.9,15,0.75
1738,59,0.9288135593220341,7,0.7,17,0.85
1739,59,0.9175920514319112,7,0.7,16,0.8
1740,59,0.87323202805377,6,0.6,17,0.85
1741,59,0.8914669783752193,6,0.6,16,0.8
1742,59,0.9072472238457043,6,0.6,17,0.85
1743,59,0.8897136177673876,7,0.7,17,0.85
1744,59,0.8767387492694332,7,0.7,16,0.8
1745,59,0.8756867329047343,6,0.6,17,0.85
1746,59,0.8031560490940971,5,0.5,16,0.8
1747,59,0.9233196960841613,8,0.8,16,0.8
1748,59,0.9046171829339569,7,0.7,15,0.75
1749,59,0.9291642314436005,8,0.8,17,0.85
1750,59,0.8562828755113969,8,0.8,14,0.7
1751,59,0.8592051431911164,8,0.8,17,0.85
1752,59,0.8709526592635887,7,0.7,16,0.8
1753,59,0.8883109292811223,8,0.8,17,0.85
1754,59,0.8651081239041498,6,0.6,17,0.85
1755,59,0.9244886031560493,8,0.8,18,0.9
1756,59,0.9407948568088839,9,0.9,16,0.8
1757,59,0.9097019286966687,7,0.7,17,0.85
1758,59,0.8759205143191117,8,0.8,16,0.8
1759,59,0.8556399766218588,7,0.7,15,0.75
1760,59,0.8487434248977207,7,0.7,15,0.75
1761,59,0.9054938632378726,6,0.6,17,0.85
1762,59,0.8950905902980715,6,0.6,17,0.85
1763,59,0.7819403857393339,8,0.8,14,0.7
1764,59,0.9219754529514904,7,0.7,19,0.95
1765,59,0.8952659263588547,7,0.7,14,0.7
1766,59,0.8808299240210405,6,0.6,16,0.8
1767,59,0.890064289888954,7,0.7,17,0.85
1768,59,0.8797194623027471,6,0.6,16,0.8
1769,59,0.9144944476914088,8,0.8,18,0.9
1770,59,0.8689070718877852,7,0.7,16,0.8
1771,59,0.8713617767387495,7,0.7,16,0.8
1772,59,0.9207481005260083,8,0.8,18,0.9
1773,59,0.8831677381648161,7,0.7,18,0.9
1774,59,0.8657510227936881,7,0.7,17,0.85
1775,59,0.9208649912331971,8,0.8,17,0.85
1776,59,0.8828170660432497,8,0.8,16,0.8
1777,59,0.9001168907071889,7,0.7,20,1.0
1778,59,0.9246639392168324,7,0.7,16,0.8
1779,59,0.8977790765634134,10,1.0,17,0.85
1780,59,0.9048509643483345,7,0.7,17,0.85
1781,59,0.9394506136762129,6,0.6,18,0.9
1782,59,0.8952074810052603,6,0.6,18,0.9
1783,59,0.9219754529514904,7,0.7,16,0.8
1784,59,0.9002337814143777,6,0.6,16,0.8
1785,59,0.8595558153126828,6,0.6,17,0.85
1786,59,0.8942723553477501,7,0.7,15,0.75
1787,59,0.9449444769140855,8,0.8,18,0.9
1788,59,0.9219754529514904,8,0.8,17,0.85
1789,59,0.9006428988895384,8,0.8,15,0.75
1790,59,0.902980713033314,7,0.7,17,0.85
1791,59,0.9223261250730569,5,0.5,18,0.9
1792,59,0.8919929865575688,6,0.6,16,0.8
1793,59,0.8749269433080072,6,0.6,15,0.75
1794,59,0.8738749269433082,7,0.7,16,0.8
1795,59,0.916656925774401,7,0.7,17,0.85
1796,59,0.920397428404442,6,0.6,16,0.8
1797,59,0.9257744009351259,8,0.8,17,0.85
1798,59,0.943074225599065,7,0.7,19,0.95
1799,59,0.8895967270601988,6,0.6,16,0.8
1800,59,0.8985388661601406,6,0.6,18,0.9
1801,59,0.9137346580946817,6,0.6,16,0.8
1802,59,0.8711279953243719,7,0.7,14,0.7
1803,59,0.8926943308007016,6,0.6,16,0.8
1804,59,0.9004675628287552,6,0.6,17,0.85
1805,59,0.8926943308007016,7,0.7,17,0.85
1806,59,0.8258328462887202,8,0.8,16,0.8
1807,59,0.9222676797194624,7,0.7,18,0.9
1808,59,0.8467562828755115,7,0.7,16,0.8
1809,59,0.9108708357685565,9,0.9,17,0.85
1810,59,0.8915838690824082,7,0.7,15,0.75
1811,59,0.8749853886616015,6,0.6,15,0.75
1812,59,0.8253068381063707,7,0.7,15,0.75
1813,59,0.9033313851548803,7,0.7,17,0.85
1814,59,0.8521332554061953,6,0.6,15,0.75
1815,59,0.8973115137346582,8,0.8,16,0.8
1816,59,0.8832846288720049,8,0.8,16,0.8
1817,59,0.8904734073641147,6,0.6,16,0.8
1818,59,0.8130333138515489,9,0.9,15,0.75
1819,59,0.900876680303916,8,0.8,17,0.85
1820,59,0.905084745762712,7,0.7,18,0.9
1821,59,0.887960257159556,8,0.8,18,0.9
1822,59,0.8842781998831093,7,0.7,17,0.85
1823,59,0.8790181180596145,8,0.8,16,0.8
1824,59,0.9148451198129749,7,0.7,17,0.85
1825,59,0.9072472238457043,7,0.7,16,0.8
1826,59,0.8933372296902398,5,0.5,15,0.75
1827,59,0.9254821741671538,6,0.6,19,0.95
1828,59,0.9092343658679136,8,0.8,18,0.9
1829,59,0.885096434833431,9,0.9,16,0.8
1830,59,0.7818819403857395,6,0.6,15,0.75
1831,59,0.8916423144360025,6,0.6,18,0.9
1832,59,0.8908825248392755,6,0.6,17,0.85
1833,59,0.9144944476914088,8,0.8,18,0.9
1834,59,0.9129164231443603,7,0.7,17,0.85
1835,59,0.8706604324956168,9,0.9,14,0.7
1836,59,0.8776738749269434,7,0.7,18,0.9
1837,59,0.8926358854471073,6,0.6,15,0.75
1838,59,0.8759205143191117,6,0.6,17,0.85
1839,59,0.8918760958503801,7,0.7,16,0.8
1840,59,0.8621274108708359,6,0.6,16,0.8
1841,59,0.9259497369959089,8,0.8,16,0.8
1842,59,0.8806545879602574,6,0.6,14,0.7
1843,59,0.899357101110462,6,0.6,17,0.85
1844,59,0.8894213909994156,8,0.8,14,0.7
1845,59,0.8540035067212157,8,0.8,15,0.75
1846,59,0.8980128579777908,7,0.7,18,0.9
1847,59,0.9134424313267097,8,0.8,17,0.85
1848,59,0.9122150789012275,7,0.7,16,0.8
1849,59,0.9146113383985975,7,0.7,17,0.85
1850,59,0.8597895967270603,8,0.8,15,0.75
1851,59,0.8482174167153712,7,0.7,17,0.85
1852,59,0.9030391583869083,7,0.7,16,0.8
1853,59,0.9085914669783755,7,0.7,17,0.85
1854,59,0.8981297486849796,7,0.7,15,0.75
1855,59,0.8785505552308592,7,0.7,17,0.85
1856,59,0.8422559906487436,5,0.5,16,0.8
1857,59,0.9117475160724724,8,0.8,15,0.75
1858,59,0.8818819403857394,8,0.8,17,0.85
1859,59,0.8283459964932789,7,0.7,16,0.8
1860,59,0.8561075394506138,8,0.8,15,0.75
1861,59,0.8929865575686734,7,0.7,17,0.85
1862,59,0.8633547632963181,9,0.9,17,0.85
1863,59,0.9099941554646407,6,0.6,18,0.9
1864,59,0.8888953828170663,6,0.6,17,0.85
1865,59,0.8702513150204559,6,0.6,18,0.9
1866,59,0.8552893045002924,5,0.5,16,0.8
1867,59,0.8874342489772065,8,0.8,18,0.9
1868,59,0.8846873173582702,6,0.6,15,0.75
1869,59,0.9240210403272942,7,0.7,16,0.8
1870,59,0.8916423144360025,5,0.5,17,0.85
1871,59,0.9077147866744595,8,0.8,18,0.9
1872,59,0.9243717124488605,7,0.7,16,0.8
1873,59,0.9246639392168324,7,0.7,17,0.85
1874,59,0.9192869666861485,7,0.7,17,0.85
1875,59,0.915429573348919,5,0.5,17,0.85
1876,59,0.8442431326709527,7,0.7,14,0.7
1877,59,0.8914669783752193,8,0.8,15,0.75
1878,59,0.8839859731151375,6,0.6,17,0.85
1879,59,0.8798947983635302,7,0.7,16,0.8
1880,59,0.9111046171829341,8,0.8,18,0.9
1881,59,0.9140853302162478,9,0.9,16,0.8
1882,59,0.8429573348918762,8,0.8,15,0.75
1883,59,0.9053185271770896,6,0.6,17,0.85
1884,59,0.8883693746347167,7,0.7,16,0.8
1885,59,0.9247223845704269,6,0.6,17,0.85
1886,59,0.8749853886616015,7,0.7,16,0.8
1887,59,0.8978959672706021,7,0.7,17,0.85
1888,59,0.914669783752192,6,0.6,17,0.85
1889,59,0.8944476914085331,8,0.8,15,0.75
1890,59,0.9069549970777325,8,0.8,16,0.8
1891,59,0.878199883109293,7,0.7,16,0.8
1892,59,0.882407948568089,7,0.7,17,0.85
1893,59,0.908825248392753,6,0.6,18,0.9
1894,59,0.8914085330216249,7,0.7,17,0.85
1895,59,0.8602571595558155,6,0.6,15,0.75
1896,59,0.8331385154880189,8,0.8,16,0.8
1897,59,0.8662185856224431,8,0.8,19,0.95
1898,59,0.8970777323202807,8,0.8,16,0.8
1899,59,0.9244301578024549,7,0.7,19,0.95
1900,59,0.9296902396259499,7,0.7,16,0.8
1901,59,0.8960841613091761,6,0.6,17,0.85
1902,59,0.9122150789012275,8,0.8,16,0.8
1903,59,0.9168322618351843,6,0.6,16,0.8
1904,59,0.9323787258912919,8,0.8,18,0.9
1905,59,0.8553477498538867,7,0.7,18,0.9
1906,59,0.8895382817066044,7,0.7,14,0.7
1907,59,0.9078316773816484,7,0.7,17,0.85
1908,59,0.8996493278784338,6,0.6,17,0.85
1909,59,0.8900058445353596,7,0.7,17,0.85
1910,59,0.9035067212156636,10,1.0,17,0.85
1911,59,0.8604324956165985,8,0.8,16,0.8
1912,59,0.9155464640561077,6,0.6,16,0.8
1913,59,0.881063705435418,5,0.5,17,0.85
1914,59,0.9327878433664525,8,0.8,16,0.8
1915,59,0.890239625949737,8,0.8,18,0.9
1916,59,0.8948568088836939,6,0.6,18,0.9
1917,59,0.9023962594973701,8,0.8,16,0.8
1918,59,0.8932787843366454,7,0.7,17,0.85
1919,59,0.914669783752192,9,0.9,18,0.9
1920,59,0.8845704266510814,9,0.9,16,0.8
1921,59,0.9367036820572767,7,0.7,19,0.95
1922,59,0.9060198714202222,7,0.7,17,0.85
1923,59,0.8744009351256575,5,0.5,17,0.85
1924,59,0.8991233196960843,7,0.7,14,0.7
1925,59,0.8178842781998833,8,0.8,16,0.8
1926,59,0.8874342489772065,8,0.8,17,0.85
1927,59,0.8890707188778494,8,0.8,16,0.8
1928,59,0.8912916423144361,8,0.8,18,0.9
1929,59,0.8770894213909995,6,0.6,16,0.8
1930,59,0.9113968439509059,7,0.7,17,0.85
1931,59,0.8874926943308009,7,0.7,18,0.9
1932,59,0.9114552893045004,8,0.8,17,0.85
1933,59,0.9388661601402689,8,0.8,19,0.95
1934,59,0.9015195791934543,5,0.5,16,0.8
1935,59,0.9089421390999416,8,0.8,18,0.9
1936,59,0.8879018118059615,8,0.8,17,0.85
1937,59,0.9309760374050263,7,0.7,16,0.8
1938,59,0.923085914669784,7,0.7,15,0.75
1939,59,0.849386323787259,6,0.6,15,0.75
1940,59,0.8289304500292228,8,0.8,17,0.85
1941,59,0.909760374050263,7,0.7,17,0.85
1942,59,0.9197545295149038,7,0.7,17,0.85
1943,59,0.9434833430742259,7,0.7,18,0.9
1944,59,0.9007597895967272,6,0.6,17,0.85
1945,59,0.8762127410870837,6,0.6,16,0.8
1946,59,0.9433080070134428,7,0.7,18,0.9
1947,59,0.8742255990648744,7,0.7,15,0.75
1948,59,0.8619520748100528,6,0.6,17,0.85
1949,59,0.9129748684979546,7,0.7,16,0.8
1950,59,0.9039742840444185,7,0.7,17,0.85
1951,59,0.890239625949737,7,0.7,17,0.85
1952,59,0.9300993571011106,6,0.6,17,0.85
1953,59,0.9250146113383987,7,0.7,18,0.9
1954,59,0.9084745762711867,6,0.6,18,0.9
1955,59,0.8624780829924021,7,0.7,15,0.75
1956,59,0.8804208065458797,6,0.6,17,0.85
1957,59,0.8765049678550557,7,0.7,15,0.75
1958,59,0.9224430157802456,5,0.5,17,0.85
1959,59,0.9170660432495619,6,0.6,15,0.75
1960,59,0.8637054354178845,6,0.6,15,0.75
1961,59,0.9057860900058446,7,0.7,18,0.9
1962,59,0.8700759789596728,6,0.6,17,0.85
1963,59,0.8439509059029808,7,0.7,16,0.8
1964,59,0.9263588544710698,9,0.9,16,0.8
1965,59,0.8950321449444771,7,0.7,16,0.8
1966,59,0.898188194038574,7,0.7,16,0.8
1967,59,0.8901227352425484,5,0.5,17,0.85
1968,59,0.8983050847457629,6,0.6,16,0.8
1969,59,0.9187025131502048,6,0.6,18,0.9
1970,59,0.8677966101694916,7,0.7,16,0.8
1971,59,0.9461718293395674,7,0.7,17,0.85
1972,59,0.8404441846873174,6,0.6,18,0.9
1973,59,0.8854471069549972,8,0.8,16,0.8
1974,59,0.8402688486265343,7,0.7,16,0.8
1975,59,0.8814143775569844,7,0.7,16,0.8
1976,59,0.8184102863822327,6,0.6,15,0.75
1977,59,0.9202220923436587,7,0.7,16,0.8
1978,59,0.8964348334307424,5,0.5,16,0.8
1979,59,0.8671537112799533,6,0.6,18,0.9
1980,59,0.9098188194038574,8,0.8,17,0.85
1981,59,0.9364114552893047,6,0.6,18,0.9
1982,59,0.9149035651665693,6,0.6,17,0.85
1983,59,0.8814728229105788,8,0.8,16,0.8
1984,59,0.9055523085914671,8,0.8,15,0.75
1985,59,0.9157802454704852,6,0.6,16,0.8
1986,59,0.831502045587376,8,0.8,17,0.85
1987,59,0.9105201636469904,7,0.7,17,0.85
1988,59,0.895616598480421,8,0.8,17,0.85
1989,59,0.8803039158386908,7,0.7,16,0.8
1990,59,0.902980713033314,9,0.9,17,0.85
1991,59,0.8795441262419639,6,0.6,19,0.95
1992,59,0.9009935710111048,8,0.8,15,0.75
1993,59,0.8734658094681473,8,0.8,16,0.8
1994,59,0.8874342489772065,7,0.7,17,0.85
1995,59,0.9350087668030392,9,0.9,19,0.95
1996,59,0.8514319111630626,5,0.5,16,0.8
1997,59,0.9062536528345998,6,0.6,16,0.8
1998,59,0.901168907071888,8,0.8,17,0.85
1999,59,0.9178842781998833,8,0.8,17,0.85
2000,59,0.930742255990649,8,0.8,16,0.8
2001,59,0.8651081239041498,8,0.8,16,0.8
2002,59,0.8910578609000585,7,0.7,17,0.85
2003,59,0.9044418468731737,7,0.7,17,0.85
2004,59,0.9071303331385158,7,0.7,16,0.8
2005,59,0.9011104617182937,6,0.6,16,0.8
2006,59,0.8663939216832263,7,0.7,17,0.85
2007,59,0.8669199298655759,8,0.8,15,0.75
2008,59,0.820397428404442,7,0.7,17,0.85
2009,59,0.8740502630040914,6,0.6,17,0.85
2010,59,0.8712448860315607,8,0.8,16,0.8
2011,59,0.8368790181180598,6,0.6,17,0.85
2012,59,0.9104032729398014,7,0.7,16,0.8
2013,59,0.906721215663355,8,0.8,18,0.9
2014,59,0.8648743424897722,7,0.7,15,0.75
2015,59,0.9283459964932789,9,0.9,16,0.8
2016,59,0.9063705435417886,8,0.8,16,0.8
2017,59,0.906136762127411,6,0.6,15,0.75
2018,59,0.8637054354178845,8,0.8,16,0.8
2019,59,0.8834599649327879,6,0.6,15,0.75
2020,59,0.9251899473991819,7,0.7,16,0.8
2021,59,0.8595558153126828,7,0.7,14,0.7
2022,59,0.9178842781998833,7,0.7,17,0.85
2023,59,0.9137346580946817,8,0.8,16,0.8
2024,59,0.8710111046171831,7,0.7,16,0.8
2025,59,0.8481005260081824,6,0.6,17,0.85
2026,59,0.9143191116306255,6,0.6,18,0.9
2027,59,0.9225599064874344,8,0.8,17,0.85
2028,59,0.8957919345412041,9,0.9,17,0.85
2029,59,0.9191700759789597,10,1.0,17,0.85
2030,59,0.8746931618936297,8,0.8,17,0.85
2031,59,0.8955581531268265,7,0.7,16,0.8
2032,59,0.912448860315605,8,0.8,16,0.8
2033,59,0.8592635885447109,7,0.7,16,0.8
2034,59,0.9128579777907658,8,0.8,18,0.9
2035,59,0.9202805376972533,8,0.8,15,0.75
2036,59,0.8326709526592637,8,0.8,15,0.75
2037,59,0.8875511396843953,9,0.9,17,0.85
2038,59,0.860490940970193,8,0.8,15,0.75
2039,59,0.8834015195791937,7,0.7,14,0.7
2040,59,0.9075394506136764,8,0.8,18,0.9
2041,59,0.8985973115137349,7,0.7,17,0.85
2042,59,0.8596727060198716,7,0.7,17,0.85
2043,59,0.9196960841613093,8,0.8,16,0.8
2044,59,0.8959088252483929,6,0.6,17,0.85
2045,59,0.921624780829924,8,0.8,16,0.8
2046,59,0.8371712448860317,8,0.8,16,0.8
2047,59,0.9106954997077733,7,0.7,15,0.75
2048,59,0.9012273524254822,7,0.7,17,0.85
2049,59,0.8683810637054354,6,0.6,16,0.8
2050,59,0.9347749853886617,8,0.8,16,0.8
2051,59,0.9382817066043251,7,0.7,18,0.9
2052,59,0.8642898889538283,5,0.5,16,0.8
2053,59,0.8825248392752778,6,0.6,18,0.9
2054,59,0.9074810052600819,7,0.7,17,0.85
2055,59,0.9212156633547635,6,0.6,16,0.8
2056,59,0.8748100526008185,6,0.6,17,0.85
2057,59,0.9297486849795443,7,0.7,18,0.9
2058,59,0.8910578609000585,6,0.6,16,0.8
2059,59,0.9159555815312683,7,0.7,17,0.85
2060,59,0.8112799532437173,8,0.8,15,0.75
2061,59,0.8808883693746348,6,0.6,15,0.75
2062,59,0.869491525423729,8,0.8,16,0.8
2063,59,0.8857393337229692,8,0.8,16,0.8
2064,59,0.908825248392753,7,0.7,16,0.8
2065,59,0.9007597895967272,7,0.7,16,0.8
2066,59,0.9026300409117477,7,0.7,17,0.85
2067,59,0.9304500292226769,7,0.7,18,0.9
2068,59,0.8649327878433667,6,0.6,15,0.75
2069,59,0.8839859731151375,8,0.8,16,0.8
2070,59,0.9098188194038574,6,0.6,17,0.85
2071,59,0.9009935710111048,9,0.9,17,0.85
2072,59,0.8894213909994156,8,0.8,15,0.75
2073,59,0.900876680303916,6,0.6,17,0.85
2074,59,0.8952074810052603,7,0.7,16,0.8
2075,59,0.9105786090005845,8,0.8,15,0.75
2076,59,0.9064289888953829,7,0.7,16,0.8
2077,59,0.9441262419637642,8,0.8,16,0.8
2078,59,0.8975452951490358,7,0.7,16,0.8
2079,59,0.8353594389246056,8,0.8,16,0.8
2080,59,0.9092343658679136,6,0.6,17,0.85
2081,59,0.9004675628287552,7,0.7,17,0.85
2082,59,0.9084745762711867,9,0.9,15,0.75
2083,59,0.9065458796025717,7,0.7,17,0.85
2084,59,0.8814143775569844,7,0.7,15,0.75
2085,59,0.885563997662186,7,0.7,15,0.75
2086,59,0.8648743424897722,6,0.6,15,0.75
2087,59,0.9137346580946817,8,0.8,17,0.85
2088,59,0.9026884862653421,8,0.8,16,0.8
2089,59,0.9153126826417302,10,1.0,16,0.8
2090,59,0.8447691408533022,7,0.7,16,0.8
2091,59,0.8956750438340153,7,0.7,17,0.85
2092,59,0.9040911747516074,7,0.7,18,0.9
2093,59,0.8631209818819405,5,0.5,17,0.85
2094,59,0.9010520163646992,6,0.6,17,0.85
2095,59,0.9215663354763297,6,0.6,18,0.9
2096,59,0.889012273524255,7,0.7,18,0.9
2097,59,0.8780829924021042,7,0.7,17,0.85
2098,59,0.8784921098772648,7,0.7,16,0.8
2099,59,0.9157218001168907,7,0.7,17,0.85
2100,59,0.9059029807130334,8,0.8,17,0.85
2101,59,0.9338398597311515,7,0.7,17,0.85
2102,59,0.9055523085914671,8,0.8,16,0.8
2103,59,0.921449444769141,8,0.8,18,0.9
2104,59,0.9189362945645824,8,0.8,18,0.9
2105,59,0.8871420222092345,7,0.7,18,0.9
2106,59,0.8463471654003507,6,0.6,14,0.7
2107,59,0.8972530683810638,7,0.7,16,0.8
2108,59,0.9091174751607248,6,0.6,17,0.85
2109,59,0.9130917592051433,9,0.9,15,0.75
2110,59,0.9133255406195209,8,0.8,16,0.8
2111,59,0.8719462302746933,7,0.7,14,0.7
2112,59,0.8953828170660433,8,0.8,16,0.8
2113,59,0.9099357101110462,8,0.8,17,0.85
2114,59,0.9054938632378726,9,0.9,17,0.85
2115,59,0.9075978959672707,8,0.8,16,0.8
2116,59,0.8523085914669785,6,0.6,16,0.8
2117,59,0.9087083576855642,6,0.6,18,0.9
2118,59,0.9051431911163065,7,0.7,17,0.85
2119,59,0.9000584453535945,8,0.8,17,0.85
2120,59,0.90479251899474,6,0.6,17,0.85
2121,59,0.9287551139684397,9,0.9,16,0.8
2122,59,0.9082992402104033,6,0.6,17,0.85
2123,59,0.8804792518994741,6,0.6,16,0.8
2124,59,0.8492694330800703,6,0.6,17,0.85
2125,59,0.8208065458796027,5,0.5,14,0.7
2126,59,0.8635885447106957,7,0.7,16,0.8
2127,59,0.8915254237288137,6,0.6,18,0.9
2128,59,0.9054938632378726,7,0.7,17,0.85
2129,59,0.9188194038573936,7,0.7,15,0.75
2130,59,0.9052600818234953,6,0.6,18,0.9
2131,59,0.9168322618351843,7,0.7,16,0.8
2132,59,0.8937463471654004,6,0.6,17,0.85
2133,59,0.8699006428988896,7,0.7,14,0.7
2134,59,0.9271186440677968,6,0.6,17,0.85
2135,59,0.8639976621858564,8,0.8,17,0.85
2136,59,0.8961426066627703,7,0.7,14,0.7
2137,59,0.9278199883109294,6,0.6,18,0.9
2138,59,0.9188778492109879,7,0.7,17,0.85
2139,59,0.8456458211572181,6,0.6,16,0.8
2140,59,0.8753945061367623,6,0.6,16,0.8
2141,59,0.854646405610754,6,0.6,17,0.85
2142,59,0.8606078316773818,7,0.7,15,0.75
2143,59,0.8676797194623028,8,0.8,16,0.8
2144,59,0.9012857977790766,6,0.6,16,0.8
2145,59,0.8922267679719463,9,0.9,17,0.85
2146,59,0.9378141437755699,8,0.8,18,0.9
2147,59,0.8635885447106957,8,0.8,15,0.75
2148,59,0.9077732320280539,7,0.7,18,0.9
2149,59,0.9063705435417886,7,0.7,16,0.8
2150,59,0.901168907071888,8,0.8,17,0.85
2151,59,0.884804208065459,8,0.8,17,0.85
2152,59,0.875219170075979,8,0.8,17,0.85
2153,59,0.8941554646405612,8,0.8,15,0.75
2154,59,0.9476914085330219,6,0.6,19,0.95
2155,59,0.8776154295733489,6,0.6,18,0.9
2156,59,0.8607247223845705,7,0.7,15,0.75
2157,59,0.8798363530099359,5,0.5,16,0.8
2158,59,0.87656341320865,5,0.5,19,0.95
2159,59,0.872939801285798,7,0.7,16,0.8
2160,59,0.9156633547632963,8,0.8,16,0.8
2161,59,0.8883109292811223,7,0.7,18,0.9
2162,59,0.8230274693161895,7,0.7,16,0.8
2163,59,0.8617767387492695,7,0.7,17,0.85
2164,59,0.9167738164815898,9,0.9,19,0.95
2165,59,0.885856224430158,8,0.8,18,0.9
2166,59,0.9177673874926945,7,0.7,17,0.85
2167,59,0.8931034482758622,8,0.8,16,0.8
2168,59,0.9185271770894216,8,0.8,18,0.9
2169,59,0.8800116890707191,7,0.7,17,0.85
2170,59,0.8659263588544711,9,0.9,16,0.8
2171,59,0.8905318527177091,7,0.7,16,0.8
2172,59,0.9395090590298073,6,0.6,17,0.85
2173,59,0.9082992402104033,8,0.8,16,0.8
2174,59,0.9024547048509646,6,0.6,17,0.85
2175,59,0.9118644067796612,7,0.7,17,0.85
2176,59,0.908533021624781,7,0.7,17,0.85
2177,59,0.8969023962594976,8,0.8,16,0.8
2178,59,0.8724722384570427,8,0.8,15,0.75
2179,59,0.8080654587960259,6,0.6,17,0.85
2180,59,0.9056107539450614,7,0.7,15,0.75
2181,59,0.9337814143775571,8,0.8,16,0.8
2182,59,0.8507890122735244,6,0.6,16,0.8
2183,59,0.9083576855639979,6,0.6,16,0.8
2184,59,0.9053185271770896,6,0.6,18,0.9
2185,59,0.9102279368790183,8,0.8,15,0.75
2186,59,0.8966686148451201,6,0.6,15,0.75
2187,59,0.8715371127995327,7,0.7,17,0.85
2188,59,0.8869082407948569,8,0.8,18,0.9
2189,59,0.8230274693161895,7,0.7,16,0.8
2190,59,0.8738164815897138,7,0.7,15,0.75
2191,59,0.8875511396843953,7,0.7,16,0.8
2192,59,0.8151957919345414,5,0.5,14,0.7
2193,59,0.8717708942139101,7,0.7,17,0.85
2194,59,0.8935710111046175,7,0.7,18,0.9
2195,59,0.8980713033313852,6,0.6,18,0.9
2196,59,0.8979544126241964,8,0.8,16,0.8
2197,59,0.9154880187025134,7,0.7,16,0.8
2198,59,0.8656925774400936,8,0.8,15,0.75
2199,59,0.9045587375803626,6,0.6,16,0.8
2200,59,0.8876095850379897,7,0.7,17,0.85
2201,59,0.91198129748685,8,0.8,17,0.85
2202,59,0.9336060783167739,9,0.9,17,0.85
2203,59,0.8872589129164233,8,0.8,16,0.8
2204,59,0.8907071887784923,6,0.6,18,0.9
2205,59,0.8844535359438925,8,0.8,15,0.75
2206,59,0.8849795441262422,6,0.6,17,0.85
2207,59,0.8841613091759207,5,0.5,17,0.85
2208,59,0.8378725891291643,6,0.6,16,0.8
2209,59,0.9293395675043835,8,0.8,19,0.95
2210,59,0.8476329631794274,7,0.7,17,0.85
2211,59,0.8780245470485097,5,0.5,16,0.8
2212,59,0.9306838106370546,7,0.7,18,0.9
2213,59,0.8684395090590299,6,0.6,15,0.75
2214,59,0.8698421975452953,5,0.5,15,0.75
2215,59,0.8938632378725893,8,0.8,17,0.85
2216,59,0.8376972530683812,6,0.6,15,0.75
2217,59,0.9035067212156636,7,0.7,16,0.8
2218,59,0.898188194038574,9,0.9,15,0.75
2219,59,0.8312682641729984,9,0.9,17,0.85
2220,59,0.8776738749269434,9,0.9,16,0.8
2221,59,0.9081239041496202,8,0.8,15,0.75
2222,59,0.9016364699006431,8,0.8,16,0.8
2223,59,0.886732904734074,7,0.7,17,0.85
2224,59,0.8571595558153129,6,0.6,16,0.8
2225,59,0.9148451198129749,7,0.7,19,0.95
2226,59,0.9104032729398014,7,0.7,16,0.8
2227,59,0.8980713033313852,6,0.6,17,0.85
2228,59,0.9206896551724141,7,0.7,16,0.8
2229,59,0.8190531852717711,6,0.6,15,0.75
2230,59,0.8782583284628874,7,0.7,15,0.75
2231,59,0.9251315020455875,7,0.7,19,0.95
2232,59,0.9147866744593806,8,0.8,17,0.85
2233,59,0.8308007013442432,6,0.6,16,0.8
2234,59,0.8840444184687319,7,0.7,17,0.85
2235,59,0.9135593220338984,8,0.8,16,0.8
2236,59,0.8072472238457045,5,0.5,15,0.75
2237,59,0.8973115137346582,6,0.6,16,0.8
2238,59,0.9047340736411457,7,0.7,18,0.9
2239,59,0.9178258328462888,7,0.7,18,0.9
2240,59,0.8329047340736413,6,0.6,16,0.8
2241,59,0.8825832846288721,7,0.7,15,0.75
2242,59,0.889012273524255,6,0.6,17,0.85
2243,59,0.8930450029222678,6,0.6,17,0.85
2244,59,0.8586791350087669,7,0.7,17,0.85
2245,59,0.8720046756282877,7,0.7,15,0.75
2246,59,0.9062536528345998,8,0.8,16,0.8
2247,59,0.8658679135008768,7,0.7,15,0.75
2248,59,0.8521332554061953,8,0.8,15,0.75
2249,59,0.8657510227936881,9,0.9,15,0.75
2250,59,0.8493278784336646,6,0.6,14,0.7
2251,59,0.8834015195791937,7,0.7,18,0.9
2252,59,0.9261835184102865,7,0.7,16,0.8
2253,59,0.8915254237288137,7,0.7,17,0.85
2254,59,0.8720046756282877,7,0.7,16,0.8
2255,59,0.9002337814143777,7,0.7,17,0.85
2256,59,0.9052016364699008,5,0.5,17,0.85
2257,59,0.9255406195207483,8,0.8,17,0.85
2258,59,0.8337229690239627,7,0.7,14,0.7
2259,59,0.8977790765634134,6,0.6,18,0.9
2260,59,0.893512565751023,8,0.8,18,0.9
2261,59,0.8978375219170076,8,0.8,17,0.85
2262,59,0.897428404441847,6,0.6,16,0.8
2263,59,0.8715371127995327,7,0.7,15,0.75
2264,59,0.9205143191116308,8,0.8,17,0.85
2265,59,0.846522501461134,8,0.8,15,0.75
2266,59,0.8125073056691994,4,0.4,14,0.7
2267,59,0.8773816481589716,8,0.8,16,0.8
2268,59,0.9089421390999416,7,0.7,16,0.8
2269,59,0.8942723553477501,7,0.7,16,0.8
2270,59,0.873407364114553,7,0.7,18,0.9
2271,59,0.9125073056691995,7,0.7,18,0.9
2272,59,0.8517241379310346,6,0.6,16,0.8
2273,59,0.9065458796025717,7,0.7,16,0.8
2274,59,0.9009935710111048,6,0.6,17,0.85
2275,59,0.9308591466978378,8,0.8,17,0.85
2276,59,0.9373465809468149,9,0.9,17,0.85
2277,59,0.8973699590882526,7,0.7,16,0.8
2278,59,0.8512565751022796,7,0.7,17,0.85
2279,59,0.8703097603740504,7,0.7,14,0.7
2280,59,0.8836937463471655,6,0.6,16,0.8
2281,59,0.9293980128579779,6,0.6,18,0.9
2282,59,0.9226183518410288,7,0.7,16,0.8
2283,59,0.8901227352425484,8,0.8,17,0.85
2284,59,0.8633547632963181,5,0.5,16,0.8
2285,59,0.9035067212156636,7,0.7,17,0.85
2286,59,0.8724722384570427,7,0.7,17,0.85
2287,59,0.871303331385155,7,0.7,14,0.7
2288,59,0.8905902980713035,9,0.9,16,0.8
2289,59,0.9026300409117477,8,0.8,17,0.85
2290,59,0.9261835184102865,6,0.6,17,0.85
2291,59,0.8970192869666862,6,0.6,18,0.9
2292,59,0.8720631209818821,6,0.6,13,0.65
2293,59,0.9266510812390416,7,0.7,16,0.8
2294,59,0.9099941554646407,8,0.8,17,0.85
2295,59,0.9275862068965518,7,0.7,18,0.9
2296,59,0.8242548217416716,7,0.7,14,0.7
2297,59,0.9240794856808886,8,0.8,17,0.85
2298,59,0.8664523670368207,7,0.7,16,0.8
2299,59,0.8677966101694916,7,0.7,16,0.8
2300,59,0.8992402104032732,8,0.8,19,0.95
2301,59,0.8593804792518996,6,0.6,15,0.75
2302,59,0.8709526592635887,8,0.8,17,0.85
2303,59,0.8066627703097604,8,0.8,16,0.8
2304,59,0.8885447106954998,7,0.7,16,0.8
2305,59,0.8888953828170663,7,0.7,15,0.75
2306,59,0.8728813559322036,8,0.8,16,0.8
2307,59,0.9020455873758039,8,0.8,17,0.85
2308,59,0.9024547048509646,7,0.7,16,0.8
2309,59,0.8872004675628289,8,0.8,15,0.75
2310,59,0.9217416715371128,9,0.9,17,0.85
2311,59,0.9223845704266512,8,0.8,16,0.8
2312,59,0.8088836937463473,6,0.6,15,0.75
2313,59,0.9226767971946231,5,0.5,17,0.85
2314,59,0.9020455873758039,7,0.7,16,0.8
2315,59,0.873407364114553,8,0.8,16,0.8
2316,59,0.876271186440678,6,0.6,18,0.9
2317,59,0.8414962010520165,7,0.7,15,0.75
2318,59,0.9194038573933374,6,0.6,18,0.9
2319,59,0.9199883109292811,8,0.8,18,0.9
2320,59,0.9291642314436005,7,0.7,18,0.9
2321,59,0.8967270601987144,7,0.7,14,0.7
2322,59,0.8637054354178845,6,0.6,17,0.85
2323,59,0.9354763296317945,7,0.7,18,0.9
2324,59,0.8450613676212744,7,0.7,16,0.8
2325,59,0.9336060783167739,9,0.9,16,0.8
2326,59,0.8544710695499709,7,0.7,16,0.8
2327,59,0.8361192285213327,7,0.7,14,0.7
2328,59,0.8919345412039743,7,0.7,14,0.7
2329,59,0.8644067796610171,6,0.6,17,0.85
2330,59,0.9179427235534776,8,0.8,17,0.85
2331,59,0.9026300409117477,7,0.7,14,0.7
2332,59,0.8384570426651082,8,0.8,16,0.8
2333,59,0.8925774400935128,8,0.8,19,0.95
2334,59,0.8980713033313852,6,0.6,17,0.85
2335,59,0.9113383985973117,7,0.7,16,0.8
2336,59,0.9212156633547635,6,0.6,16,0.8
2337,59,0.8519579193454121,6,0.6,16,0.8
2338,59,0.9074225599064876,6,0.6,19,0.95
2339,59,0.880187025131502,8,0.8,16,0.8
2340,59,0.8584453535943893,6,0.6,16,0.8
2341,59,0.8367621274108709,6,0.6,14,0.7
2342,59,0.8877849210987727,7,0.7,17,0.85
2343,59,0.9012273524254822,7,0.7,16,0.8
2344,59,0.9169491525423731,6,0.6,17,0.85
2345,59,0.8637638807714788,7,0.7,16,0.8
2346,59,0.9227936879018119,7,0.7,20,1.0
2347,59,0.9126241963763883,8,0.8,18,0.9
2348,59,0.9275862068965518,7,0.7,18,0.9
2349,59,0.8888953828170663,7,0.7,17,0.85
2350,59,0.8410870835768558,7,0.7,14,0.7
2351,59,0.8639392168322619,6,0.6,16,0.8
2352,59,0.9202805376972533,7,0.7,17,0.85
2353,59,0.9060783167738167,6,0.6,17,0.85
2354,59,0.9272355347749855,8,0.8,17,0.85
2355,59,0.8999415546464057,7,0.7,17,0.85
2356,59,0.9180011689070721,8,0.8,17,0.85
2357,59,0.8500876680303917,6,0.6,17,0.85
2358,59,0.8891291642314438,9,0.9,16,0.8
2359,59,0.8866744593804795,6,0.6,16,0.8
2360,59,0.8791934541203975,6,0.6,16,0.8
2361,59,0.903272939801286,6,0.6,16,0.8
2362,59,0.8337814143775572,7,0.7,14,0.7
2363,59,0.9096434833430744,5,0.5,17,0.85
2364,59,0.9121566335476331,6,0.6,17,0.85
2365,59,0.8526008182349505,7,0.7,16,0.8
2366,59,0.9282291057860902,7,0.7,17,0.85
2367,59,0.9010520163646992,6,0.6,15,0.75
2368,59,0.8843950905902981,8,0.8,17,0.85
2369,59,0.8785505552308592,7,0.7,16,0.8
2370,59,0.8468731735827003,7,0.7,15,0.75
2371,59,0.8509643483343077,5,0.5,16,0.8
2372,59,0.8928112215078902,6,0.6,16,0.8
2373,59,0.8681472822910581,8,0.8,16,0.8
2374,59,0.8533606078316776,7,0.7,16,0.8
2375,59,0.9156633547632963,7,0.7,15,0.75
2376,59,0.8840444184687319,6,0.6,16,0.8
2377,59,0.8569842197545297,7,0.7,16,0.8
2378,59,0.9251315020455875,8,0.8,16,0.8
2379,59,0.8981297486849796,7,0.7,15,0.75
2380,59,0.9313267095265928,7,0.7,17,0.85
2381,59,0.7819988310929282,7,0.7,16,0.8
2382,59,0.9167738164815898,8,0.8,16,0.8
2383,59,0.86125073056692,8,0.8,16,0.8
2384,59,0.8571595558153129,8,0.8,15,0.75
2385,59,0.880187025131502,7,0.7,15,0.75
2386,59,0.8947399181765051,8,0.8,16,0.8
2387,59,0.8544126241963764,7,0.7,16,0.8
2388,59,0.9167738164815898,7,0.7,17,0.85
2389,59,0.8949152542372883,8,0.8,17,0.85
2390,59,0.907013442431327,8,0.8,16,0.8
2391,59,0.9009935710111048,6,0.6,17,0.85
2392,59,0.8641145528930452,6,0.6,16,0.8
2393,59,0.907013442431327,8,0.8,18,0.9
2394,59,0.8869082407948569,7,0.7,16,0.8
2395,59,0.9094681472822912,9,0.9,15,0.75
2396,59,0.8843950905902981,6,0.6,15,0.75
2397,59,0.8713617767387495,7,0.7,16,0.8
2398,59,0.8433080070134427,6,0.6,16,0.8
2399,59,0.8328462887200468,7,0.7,15,0.75
2400,59,0.9200467562828756,8,0.8,18,0.9
2401,59,0.8997662185856226,5,0.5,16,0.8
2402,59,0.9279953243717126,8,0.8,18,0.9
2403,59,0.9029222676797195,8,0.8,15,0.75
2404,59,0.9005844535359441,6,0.6,17,0.85
2405,59,0.8930450029222678,8,0.8,17,0.85
2406,59,0.8848626534190533,6,0.6,15,0.75
2407,59,0.8502630040911748,8,0.8,15,0.75
2408,59,0.8510227936879019,8,0.8,16,0.8
2409,59,0.9279368790181182,8,0.8,14,0.7
2410,59,0.9118644067796612,6,0.6,16,0.8
2411,59,0.8347749853886617,8,0.8,15,0.75
2412,59,0.8396843950905905,6,0.6,16,0.8
2413,59,0.9411455289304501,9,0.9,18,0.9
2414,59,0.8734658094681473,8,0.8,18,0.9
2415,59,0.930157802454705,7,0.7,18,0.9
2416,59,0.869491525423729,6,0.6,17,0.85
2417,59,0.9042665108123905,8,0.8,16,0.8
2418,59,0.8668030391583871,7,0.7,15,0.75
2419,59,0.920397428404442,6,0.6,16,0.8
2420,59,0.8987726475745179,7,0.7,17,0.85
2421,59,0.9002922267679722,7,0.7,18,0.9
2422,59,0.8406195207481006,5,0.5,16,0.8
2423,59,0.860198714202221,7,0.7,16,0.8
2424,59,0.9127995324371715,9,0.9,16,0.8
2425,59,0.86364699006429,9,0.9,15,0.75
2426,59,0.9071303331385158,6,0.6,17,0.85
2427,59,0.8807130333138518,5,0.5,16,0.8
2428,59,0.9267679719462304,8,0.8,18,0.9
2429,59,0.889304500292227,8,0.8,16,0.8
2430,59,0.8428404441846874,6,0.6,17,0.85
2431,59,0.9343074225599065,7,0.7,18,0.9
2432,59,0.8513150204558739,7,0.7,16,0.8
2433,59,0.8745178258328464,8,0.8,15,0.75
2434,59,0.8633547632963181,7,0.7,16,0.8
2435,59,0.9254237288135595,8,0.8,16,0.8
2436,59,0.8766218585622445,7,0.7,15,0.75
2437,59,0.8611338398597314,6,0.6,15,0.75
2438,59,0.8594389246054941,5,0.5,15,0.75
2439,59,0.9055523085914671,7,0.7,18,0.9
2440,59,0.9071303331385158,8,0.8,18,0.9
2441,59,0.8971946230274694,6,0.6,18,0.9
2442,59,0.9152542372881357,9,0.9,16,0.8
2443,59,0.9073056691992988,7,0.7,16,0.8
2444,59,0.8784336645236703,7,0.7,14,0.7
2445,59,0.9176504967855057,7,0.7,18,0.9
2446,59,0.8836353009935711,8,0.8,17,0.85
2447,59,0.8548217416715372,6,0.6,15,0.75
2448,59,0.9160140268848628,8,0.8,17,0.85
2449,59,0.9501461133839861,8,0.8,18,0.9
2450,59,0.8914085330216249,7,0.7,17,0.85
2451,59,0.918585622443016,5,0.5,17,0.85
2452,59,0.9234365867913502,8,0.8,17,0.85
2453,59,0.8703097603740504,6,0.6,18,0.9
2454,59,0.9164815897136178,7,0.7,18,0.9
2455,59,0.913793103448276,5,0.5,18,0.9
2456,59,0.912448860315605,8,0.8,17,0.85
2457,59,0.885563997662186,7,0.7,16,0.8
2458,59,0.8662770309760375,7,0.7,15,0.75
2459,59,0.8510227936879019,6,0.6,17,0.85
2460,59,0.8199298655756869,7,0.7,16,0.8
2461,59,0.9404441846873175,7,0.7,17,0.85
2462,59,0.8903565166569258,6,0.6,15,0.75
2463,59,0.9317942723553478,7,0.7,17,0.85
2464,59,0.9020455873758039,7,0.7,17,0.85
2465,59,0.9182349503214495,6,0.6,18,0.9
2466,59,0.9074225599064876,7,0.7,15,0.75
2467,59,0.8802454704850965,8,0.8,17,0.85
2468,59,0.9155464640561077,8,0.8,15,0.75
2469,59,0.902980713033314,6,0.6,16,0.8
2470,59,0.8986557568673293,7,0.7,15,0.75
2471,59,0.8929865575686734,6,0.6,15,0.75
2472,59,0.883927527761543,8,0.8,16,0.8
2473,59,0.873699590882525,4,0.4,16,0.8
2474,59,0.910052600818235,7,0.7,18,0.9
2475,59,0.7797194623027471,6,0.6,15,0.75
2476,59,0.9080654587960257,6,0.6,16,0.8
2477,59,0.9267679719462304,7,0.7,18,0.9
2478,59,0.8880187025131503,7,0.7,16,0.8
2479,59,0.9038573933372297,7,0.7,18,0.9
2480,59,0.8658094681472824,7,0.7,16,0.8
2481,59,0.888720046756283,6,0.6,16,0.8
2482,59,0.8949736995908827,7,0.7,15,0.75
2483,59,0.8892460549386326,7,0.7,16,0.8
2484,59,0.8748684979544129,8,0.8,18,0.9
2485,59,0.8395090590298073,7,0.7,15,0.75
2486,59,0.8777907656341322,7,0.7,15,0.75
2487,59,0.9112799532437174,7,0.7,16,0.8
2488,59,0.904324956165985,7,0.7,17,0.85
2489,59,0.9073641145528931,8,0.8,16,0.8
2490,59,0.8633547632963181,7,0.7,16,0.8
2491,59,0.8178258328462888,7,0.7,15,0.75
2492,59,0.8779661016949154,8,0.8,17,0.85
2493,59,0.8684395090590299,7,0.7,17,0.85
2494,59,0.9210403272939802,7,0.7,17,0.85
2495,59,0.8772063120981883,8,0.8,15,0.75
2496,59,0.8648743424897722,8,0.8,17,0.85
2497,59,0.9325540619520751,8,0.8,18,0.9
2498,59,0.9076563413208651,7,0.7,19,0.95
2499,59,0.8795441262419639,8,0.8,15,0.75
2500,59,0.8825248392752778,7,0.7,15,0.75
2501,59,0.9108123904149621,8,0.8,16,0.8
2502,59,0.86364699006429,8,0.8,16,0.8
2503,59,0.9149035651665693,7,0.7,16,0.8
2504,59,0.9114552893045004,8,0.8,16,0.8
2505,59,0.9276446522501461,6,0.6,18,0.9
2506,59,0.9110461718293398,8,0.8,17,0.85
2507,59,0.897720631209819,7,0.7,15,0.75
2508,59,0.881823495032145,6,0.6,17,0.85
2509,59,0.8854471069549972,7,0.7,15,0.75
2510,59,0.9337229690239627,7,0.7,16,0.8
2511,59,0.9260081823495032,7,0.7,18,0.9
2512,59,0.8706019871420224,6,0.6,16,0.8
2513,59,0.8745762711864408,8,0.8,17,0.85
2514,59,0.9144944476914088,8,0.8,19,0.95
2515,59,0.9461133839859733,8,0.8,17,0.85
2516,59,0.897136177673875,8,0.8,17,0.85
2517,59,0.8696668614845122,7,0.7,15,0.75
2518,59,0.8880187025131503,8,0.8,15,0.75
2519,59,0.8910578609000585,5,0.5,18,0.9
2520,59,0.9136177673874929,8,0.8,16,0.8
2521,59,0.8598480420806548,7,0.7,17,0.85
2522,59,0.8818819403857394,8,0.8,17,0.85
2523,59,0.9361192285213327,7,0.7,18,0.9
2524,59,0.887960257159556,8,0.8,17,0.85
2525,59,0.925365283459965,6,0.6,17,0.85
2526,59,0.8981297486849796,6,0.6,18,0.9
2527,59,0.9351256575102281,6,0.6,17,0.85
2528,59,0.8024547048509645,7,0.7,13,0.65
2529,59,0.9195791934541205,5,0.5,17,0.85
2530,59,0.9270601987142024,7,0.7,16,0.8
2531,59,0.9136762127410872,7,0.7,16,0.8
2532,59,0.8250730566919932,7,0.7,16,0.8
2533,59,0.8983635300993572,6,0.6,16,0.8
2534,59,0.8724137931034482,8,0.8,17,0.85
2535,59,0.8819988310929282,5,0.5,18,0.9
2536,59,0.8448275862068967,7,0.7,16,0.8
2537,59,0.8562244301578026,5,0.5,19,0.95
2538,59,0.8877849210987727,6,0.6,16,0.8
2539,59,0.8632378725891293,6,0.6,16,0.8
2540,59,0.9186440677966103,7,0.7,16,0.8
2541,59,0.8811805961426068,7,0.7,17,0.85
2542,59,0.9385739333722969,7,0.7,18,0.9
2543,59,0.8891876095850382,8,0.8,15,0.75
2544,59,0.8908240794856811,7,0.7,16,0.8
2545,59,0.8940385739333724,7,0.7,17,0.85
2546,59,0.9007597895967272,8,0.8,17,0.85
2547,59,0.8784336645236703,6,0.6,19,0.95
2548,59,0.8687317358270019,7,0.7,18,0.9
2549,59,0.8836353009935711,5,0.5,16,0.8
2550,59,0.8738164815897138,4,0.4,16,0.8
2551,59,0.9000000000000001,8,0.8,19,0.95
2552,59,0.8980128579777908,7,0.7,16,0.8
2553,59,0.8701344243132672,7,0.7,15,0.75
2554,59,0.9222676797194624,7,0.7,17,0.85
2555,59,0.8810052600818236,8,0.8,16,0.8
2556,59,0.8649912331969609,7,0.7,19,0.95
2557,59,0.9034482758620691,7,0.7,16,0.8
2558,59,0.8708357685563999,8,0.8,15,0.75
2559,59,0.9049678550555232,6,0.6,15,0.75
2560,59,0.9321449444769143,7,0.7,18,0.9
2561,59,0.9099357101110462,8,0.8,16,0.8
2562,59,0.8513734658094684,6,0.6,17,0.85
2563,59,0.8940970192869668,7,0.7,16,0.8
2564,59,0.8779661016949154,5,0.5,17,0.85
2565,59,0.8662770309760375,6,0.6,17,0.85
2566,59,0.9045587375803626,8,0.8,17,0.85
2567,59,0.8500292226767974,7,0.7,15,0.75
2568,59,0.8907071887784923,7,0.7,16,0.8
2569,59,0.9306253652834602,8,0.8,19,0.95
2570,59,0.9241379310344828,7,0.7,17,0.85
2571,59,0.9236703682057278,8,0.8,17,0.85
2572,59,0.8718293395675045,7,0.7,14,0.7
2573,59,0.8927527761542958,8,0.8,18,0.9
2574,59,0.8744009351256575,8,0.8,16,0.8
2575,59,0.8919345412039743,7,0.7,16,0.8
2576,59,0.8571595558153129,8,0.8,17,0.85
2577,59,0.8827001753360609,8,0.8,18,0.9
2578,59,0.9128579777907658,8,0.8,18,0.9
2579,59,0.8826417299824665,5,0.5,14,0.7
2580,59,0.9217416715371128,8,0.8,18,0.9
2581,59,0.8881355932203391,7,0.7,16,0.8
2582,59,0.9109877264757453,6,0.6,17,0.85
2583,59,0.9087083576855642,9,0.9,19,0.95
2584,59,0.8952659263588547,6,0.6,17,0.85
2585,59,0.877907656341321,8,0.8,18,0.9
2586,59,0.8708942139099942,6,0.6,15,0.75
2587,59,0.9133255406195209,7,0.7,16,0.8
2588,59,0.8992402104032732,6,0.6,18,0.9
2589,59,0.9217416715371128,9,0.9,16,0.8
2590,59,0.8764465225014613,7,0.7,16,0.8
2591,59,0.899357101110462,5,0.5,16,0.8
2592,59,0.8302746931618937,7,0.7,15,0.75
2593,59,0.8897136177673876,8,0.8,17,0.85
2594,59,0.9101694915254238,7,0.7,18,0.9
2595,59,0.8651665692577442,6,0.6,16,0.8
2596,59,0.9029222676797195,4,0.4,18,0.9
2597,59,0.7943308007013443,6,0.6,16,0.8
2598,59,0.9295733489187611,7,0.7,18,0.9
2599,59,0.925365283459965,8,0.8,17,0.85
2600,59,0.9039158386908241,7,0.7,17,0.85
2601,59,0.9136177673874929,8,0.8,16,0.8
2602,59,0.8509059029807132,6,0.6,15,0.75
2603,59,0.8864406779661018,7,0.7,16,0.8
2604,59,0.881823495032145,6,0.6,15,0.75
2605,59,0.9154880187025134,7,0.7,15,0.75
2606,59,0.8590882524839276,9,0.9,16,0.8
2607,59,0.9266510812390416,6,0.6,16,0.8
2608,59,0.890064289888954,9,0.9,17,0.85
2609,59,0.8801285797779077,8,0.8,16,0.8
2610,59,0.8823495032144946,6,0.6,17,0.85
2611,59,0.9000000000000001,8,0.8,16,0.8
2612,59,0.9288720046756285,7,0.7,17,0.85
2613,59,0.9073056691992988,7,0.7,16,0.8
2614,59,0.8366452367036821,6,0.6,15,0.75
2615,59,0.9019871420222094,7,0.7,16,0.8
2616,59,0.8754529514903567,8,0.8,17,0.85
2617,59,0.8518994739918178,7,0.7,16,0.8
2618,59,0.9393337229690243,7,0.7,18,0.9
2619,59,0.8475160724722386,6,0.6,15,0.75
2620,59,0.8915254237288137,7,0.7,17,0.85
2621,59,0.9401519579193457,7,0.7,19,0.95
2622,59,0.8518410286382234,6,0.6,16,0.8
2623,59,0.9004091174751608,7,0.7,19,0.95
2624,59,0.868614845119813,7,0.7,16,0.8
2625,59,0.9035067212156636,6,0.6,16,0.8
2626,59,0.8144360023378143,7,0.7,16,0.8
2627,59,0.8920514319111631,6,0.6,14,0.7
2628,59,0.859731151373466,7,0.7,15,0.75
2629,59,0.8426651081239043,7,0.7,14,0.7
2630,59,0.9034482758620691,6,0.6,18,0.9
2631,59,0.9067796610169493,6,0.6,17,0.85
2632,59,0.8668614845119814,7,0.7,16,0.8
2633,59,0.8683226183518411,8,0.8,14,0.7
2634,59,0.8976621858562246,7,0.7,18,0.9
2635,59,0.9086499123319698,8,0.8,19,0.95
2636,59,0.8761542957334892,9,0.9,16,0.8
2637,59,0.9421975452951491,6,0.6,18,0.9
2638,59,0.9417884278199885,6,0.6,18,0.9
2639,59,0.8746347165400352,6,0.6,18,0.9
2640,59,0.8927527761542958,7,0.7,16,0.8
2641,59,0.8884278199883111,9,0.9,15,0.75
2642,59,0.9205143191116308,6,0.6,17,0.85
2643,59,0.8585622443015781,8,0.8,18,0.9
2644,59,0.9201052016364699,7,0.7,18,0.9
2645,59,0.8927527761542958,7,0.7,16,0.8
2646,59,0.8901227352425484,6,0.6,17,0.85
2647,59,0.8857393337229692,6,0.6,16,0.8
2648,59,0.8745178258328464,7,0.7,14,0.7
2649,59,0.8965517241379313,7,0.7,17,0.85
2650,59,0.9109877264757453,7,0.7,18,0.9
2651,59,0.9194038573933374,7,0.7,16,0.8
2652,59,0.8721800116890709,7,0.7,18,0.9
2653,59,0.8712448860315607,9,0.9,16,0.8
2654,59,0.913968439509059,10,1.0,16,0.8
2655,59,0.8409117475160727,7,0.7,17,0.85
2656,59,0.8812390414962011,8,0.8,16,0.8
2657,59,0.8953828170660433,7,0.7,17,0.85
2658,59,0.8857977790765637,7,0.7,17,0.85
2659,59,0.9079485680888372,7,0.7,17,0.85
2660,59,0.9276446522501461,7,0.7,17,0.85
2661,59,0.8375803623611924,6,0.6,18,0.9
2662,59,0.8369959088252487,6,0.6,17,0.85
2663,59,0.8836353009935711,6,0.6,14,0.7
2664,59,0.906136762127411,7,0.7,18,0.9
2665,59,0.8195207481005262,6,0.6,16,0.8
2666,59,0.8698421975452953,7,0.7,16,0.8
2667,59,0.9025715955581534,6,0.6,15,0.75
2668,59,0.9330800701344245,8,0.8,16,0.8
2669,59,0.830917592051432,7,0.7,16,0.8
2670,59,0.8828170660432497,8,0.8,17,0.85
2671,59,0.9044418468731737,7,0.7,16,0.8
2672,59,0.8864406779661018,7,0.7,15,0.75
2673,59,0.8611922852133257,8,0.8,16,0.8
2674,59,0.9163062536528348,5,0.5,16,0.8
2675,59,0.9097019286966687,9,0.9,16,0.8
2676,59,0.9037989479836354,7,0.7,17,0.85
2677,59,0.849386323787259,7,0.7,16,0.8
2678,59,0.8983635300993572,7,0.7,16,0.8
2679,59,0.9303915838690826,9,0.9,16,0.8
2680,59,0.9201636469900644,8,0.8,17,0.85
2681,59,0.8954412624196377,8,0.8,15,0.75
2682,59,0.8880771478667447,6,0.6,17,0.85
2683,59,0.8999415546464057,8,0.8,13,0.65
2684,59,0.8642898889538283,9,0.9,18,0.9
2685,59,0.9012857977790766,7,0.7,17,0.85
2686,59,0.8263588544710697,6,0.6,13,0.65
2687,59,0.905376972530684,7,0.7,18,0.9
2688,59,0.8879018118059615,7,0.7,15,0.75
2689,59,0.9159555815312683,7,0.7,15,0.75
2690,59,0.8992986557568675,7,0.7,17,0.85
2691,59,0.9353594389246057,6,0.6,18,0.9
2692,59,0.8805376972530685,6,0.6,18,0.9
2693,59,0.8808299240210405,7,0.7,18,0.9
2694,59,0.9064874342489774,7,0.7,16,0.8
2695,59,0.8996493278784338,7,0.7,18,0.9
2696,59,0.8906487434248979,6,0.6,14,0.7
2697,59,0.9192285213325542,8,0.8,16,0.8
2698,59,0.9268264172998247,8,0.8,19,0.95
2699,59,0.919637638807715,9,0.9,17,0.85
2700,59,0.8472238457042667,6,0.6,17,0.85
2701,59,0.9267679719462304,7,0.7,16,0.8
2702,59,0.8744009351256575,7,0.7,17,0.85
2703,59,0.9030976037405027,7,0.7,17,0.85
2704,59,0.8766803039158387,7,0.7,17,0.85
2705,59,0.8843366452367037,8,0.8,14,0.7
2706,59,0.821449444769141,4,0.4,16,0.8
2707,59,0.9228521332554064,8,0.8,17,0.85
2708,59,0.9310344827586208,8,0.8,16,0.8
2709,59,0.881063705435418,8,0.8,17,0.85
2710,59,0.8918176504967857,6,0.6,17,0.85
2711,59,0.9026300409117477,5,0.5,15,0.75
2712,59,0.8421975452951491,6,0.6,14,0.7
2713,59,0.9031560490940971,7,0.7,17,0.85
2714,59,0.8599649327878435,7,0.7,16,0.8
2715,59,0.9180596142606665,5,0.5,17,0.85
2716,59,0.9384570426651083,7,0.7,18,0.9
2717,59,0.9239625949736998,8,0.8,15,0.75
2718,59,0.8936294564582116,6,0.6,16,0.8
2719,59,0.9161309175920516,9,0.9,18,0.9
2720,59,0.9226183518410288,8,0.8,17,0.85
2721,59,0.8602571595558155,6,0.6,16,0.8
2722,59,0.9255990648743426,8,0.8,16,0.8
2723,59,0.9003506721215665,6,0.6,16,0.8
2724,59,0.8919929865575688,7,0.7,14,0.7
2725,59,0.8088836937463473,7,0.7,14,0.7
2726,59,0.9386323787258913,8,0.8,17,0.85
2727,59,0.8751607247223847,6,0.6,16,0.8
2728,59,0.8981297486849796,7,0.7,15,0.75
2729,59,0.8809468147282292,8,0.8,18,0.9
2730,59,0.8313851548801872,8,0.8,17,0.85
2731,59,0.8849795441262422,6,0.6,16,0.8
2732,59,0.8856808883693748,8,0.8,16,0.8
2733,59,0.9012273524254822,8,0.8,18,0.9
2734,59,0.8808299240210405,6,0.6,15,0.75
2735,59,0.898188194038574,7,0.7,17,0.85
2736,59,0.8436002337814146,6,0.6,16,0.8
2737,59,0.9236119228521333,8,0.8,17,0.85
2738,59,0.9325540619520751,8,0.8,15,0.75
2739,59,0.8901227352425484,8,0.8,19,0.95
2740,59,0.9323202805376974,8,0.8,16,0.8
2741,59,0.8896551724137932,6,0.6,15,0.75
2742,59,0.9012857977790766,8,0.8,16,0.8
2743,59,0.8912331969608417,7,0.7,16,0.8
2744,59,0.9148451198129749,6,0.6,17,0.85
2745,59,0.8938632378725893,8,0.8,16,0.8
2746,59,0.8760374050263005,8,0.8,16,0.8
2747,59,0.8527177089421393,8,0.8,17,0.85
2748,59,0.9101694915254238,7,0.7,16,0.8
2749,59,0.8948568088836939,7,0.7,17,0.85
2750,59,0.8688486265341908,7,0.7,17,0.85
2751,59,0.8915838690824082,8,0.8,17,0.85
2752,59,0.9244301578024549,8,0.8,17,0.85
2753,59,0.8379310344827587,7,0.7,15,0.75
2754,59,0.9125073056691995,7,0.7,17,0.85
2755,59,0.8959088252483929,8,0.8,17,0.85
2756,59,0.8798947983635302,8,0.8,16,0.8
2757,59,0.8436586791350089,7,0.7,14,0.7
2758,59,0.9060783167738167,5,0.5,16,0.8
2759,59,0.8814143775569844,7,0.7,16,0.8
2760,59,0.889304500292227,6,0.6,16,0.8
2761,59,0.9039158386908241,7,0.7,16,0.8
2762,59,0.8485096434833431,7,0.7,15,0.75
2763,59,0.9137346580946817,6,0.6,19,0.95
2764,59,0.905376972530684,6,0.6,17,0.85
2765,59,0.930917592051432,7,0.7,17,0.85
2766,59,0.8801285797779077,7,0.7,15,0.75
2767,59,0.7770309760374051,5,0.5,17,0.85
2768,59,0.8477498538866162,6,0.6,14,0.7
2769,59,0.8439509059029808,9,0.9,16,0.8
2770,59,0.900876680303916,8,0.8,18,0.9
2771,59,0.9101110461718295,7,0.7,18,0.9
2772,59,0.867387492694331,7,0.7,16,0.8
2773,59,0.904324956165985,5,0.5,15,0.75
2774,59,0.8773232028053772,7,0.7,16,0.8
2775,59,0.9255990648743426,8,0.8,16,0.8
2776,59,0.8730566919929867,7,0.7,16,0.8
2777,59,0.8846873173582702,6,0.6,15,0.75
2778,59,0.9081823495032145,7,0.7,17,0.85
2779,59,0.8865575686732906,7,0.7,15,0.75
2780,59,0.8934541203974287,7,0.7,15,0.75
2781,59,0.9160140268848628,9,0.9,17,0.85
2782,59,0.8334891876095852,6,0.6,16,0.8
2783,59,0.9254821741671538,6,0.6,18,0.9
2784,59,0.8859146697837524,6,0.6,16,0.8
2785,59,0.8548801870251317,7,0.7,17,0.85
2786,59,0.8722384570426652,6,0.6,17,0.85
2787,59,0.8481589713617769,5,0.5,16,0.8
2788,59,0.9315604909409705,7,0.7,18,0.9
2789,59,0.8751607247223847,7,0.7,18,0.9
2790,59,0.9282875511396845,7,0.7,17,0.85
2791,59,0.9310344827586208,6,0.6,17,0.85
2792,59,0.8807130333138518,6,0.6,16,0.8
2793,59,0.8624196376388079,6,0.6,17,0.85
2794,59,0.919637638807715,7,0.7,18,0.9
2795,59,0.9023378141437757,6,0.6,16,0.8
2796,59,0.8736411455289306,8,0.8,18,0.9
2797,59,0.9160724722384571,7,0.7,16,0.8
2798,59,0.8700759789596728,8,0.8,17,0.85
2799,59,0.8613091759205145,9,0.9,17,0.85
2800,59,0.8843950905902981,7,0.7,14,0.7
2801,59,0.9331969608416133,8,0.8,16,0.8
2802,59,0.9246639392168324,7,0.7,17,0.85
2803,59,0.9362945645821159,7,0.7,17,0.85
2804,59,0.9060783167738167,7,0.7,16,0.8
2805,59,0.8602571595558155,7,0.7,16,0.8
2806,59,0.944243132670953,8,0.8,16,0.8
2807,59,0.9134424313267097,9,0.9,16,0.8
2808,59,0.8848626534190533,8,0.8,16,0.8
2809,59,0.9023378141437757,6,0.6,16,0.8
2810,59,0.8327878433664525,6,0.6,15,0.75
2811,59,0.9133839859731152,6,0.6,17,0.85
2812,59,0.9457627118644069,7,0.7,17,0.85
2813,59,0.9227352425482176,7,0.7,17,0.85
2814,59,0.8706019871420224,6,0.6,18,0.9
2815,59,0.8876680303915839,6,0.6,17,0.85
2816,59,0.882115721800117,6,0.6,16,0.8
2817,59,0.8753945061367623,6,0.6,16,0.8
2818,59,0.9204558737580365,6,0.6,16,0.8
2819,59,0.8834015195791937,9,0.9,17,0.85
2820,59,0.8767971946230276,8,0.8,16,0.8
2821,59,0.9222676797194624,7,0.7,19,0.95
2822,59,0.8805376972530685,6,0.6,16,0.8
2823,59,0.8658094681472824,7,0.7,17,0.85
2824,59,0.833606078316774,5,0.5,15,0.75
2825,59,0.8378725891291643,7,0.7,15,0.75
2826,59,0.8842197545295151,6,0.6,18,0.9
2827,59,0.9005260081823496,6,0.6,18,0.9
2828,59,0.896960841613092,6,0.6,18,0.9
2829,59,0.8611922852133257,6,0.6,16,0.8
2830,59,0.8991817650496787,9,0.9,17,0.85
2831,59,0.9112799532437174,9,0.9,17,0.85
2832,59,0.830157802454705,7,0.7,16,0.8
2833,59,0.8731151373465812,7,0.7,18,0.9
2834,59,0.8791350087668033,7,0.7,16,0.8
2835,59,0.8867913500876683,7,0.7,18,0.9
2836,59,0.8700175336060784,7,0.7,16,0.8
2837,59,0.8565166569257744,5,0.5,17,0.85
2838,59,0.8144360023378143,6,0.6,17,0.85
2839,59,0.8290473407364116,7,0.7,16,0.8
2840,59,0.9079485680888372,7,0.7,18,0.9
2841,59,0.8720046756282877,7,0.7,17,0.85
2842,59,0.891700759789597,8,0.8,17,0.85
2843,59,0.9286382232612509,8,0.8,18,0.9
2844,59,0.9191116306253654,7,0.7,16,0.8
2845,59,0.8669199298655759,7,0.7,16,0.8
2846,59,0.8841613091759207,7,0.7,18,0.9
2847,59,0.9081239041496202,7,0.7,17,0.85
2848,59,0.8678550555230861,7,0.7,16,0.8
2849,59,0.8742255990648744,5,0.5,15,0.75
2850,59,0.9264757451782586,6,0.6,17,0.85
2851,59,0.8385154880187026,8,0.8,16,0.8
2852,59,0.8976621858562246,7,0.7,17,0.85
2853,59,0.9201636469900644,8,0.8,16,0.8
2854,59,0.9161893629456459,7,0.7,17,0.85
2855,59,0.8793103448275863,6,0.6,18,0.9
2856,59,0.9053185271770896,7,0.7,17,0.85
2857,59,0.8372296902396261,7,0.7,17,0.85
2858,59,0.8659263588544711,8,0.8,17,0.85
2859,59,0.9282291057860902,6,0.6,16,0.8
2860,59,0.8853302162478084,6,0.6,17,0.85
2861,59,0.8773816481589716,8,0.8,16,0.8
2862,59,0.8434248977206313,5,0.5,16,0.8
2863,59,0.8497369959088253,8,0.8,17,0.85
2864,59,0.8261250730566921,8,0.8,16,0.8
2865,59,0.7936879018118062,6,0.6,15,0.75
2866,59,0.8915254237288137,8,0.8,16,0.8
2867,59,0.8422559906487436,6,0.6,14,0.7
2868,59,0.9116306253652835,8,0.8,17,0.85
2869,59,0.8790181180596145,7,0.7,17,0.85
2870,59,0.9068381063705437,6,0.6,18,0.9
2871,59,0.9244301578024549,9,0.9,17,0.85
2872,59,0.9278199883109294,7,0.7,19,0.95
2873,59,0.9185271770894216,9,0.9,16,0.8
2874,59,0.8034482758620691,8,0.8,16,0.8
2875,59,0.9040911747516074,8,0.8,16,0.8
2876,59,0.9012273524254822,8,0.8,16,0.8
2877,59,0.897720631209819,9,0.9,16,0.8
2878,59,0.900876680303916,7,0.7,15,0.75
2879,59,0.8917592051431913,9,0.9,16,0.8
2880,59,0.9015780245470486,8,0.8,16,0.8
2881,59,0.9150789012273526,7,0.7,16,0.8
2882,59,0.8866744593804795,8,0.8,16,0.8
2883,59,0.8563413208649914,7,0.7,18,0.9
2884,59,0.9217416715371128,8,0.8,19,0.95
2885,59,0.9125073056691995,8,0.8,17,0.85
2886,59,0.8617182933956752,8,0.8,17,0.85
2887,59,0.9099941554646407,8,0.8,17,0.85
2888,59,0.877907656341321,7,0.7,17,0.85
2889,59,0.8513734658094684,6,0.6,16,0.8
2890,59,0.8995324371712449,8,0.8,16,0.8
2891,59,0.9222092343658681,7,0.7,19,0.95
2892,59,0.9226183518410288,6,0.6,16,0.8
2893,59,0.9334307422559907,7,0.7,18,0.9
2894,59,0.880187025131502,7,0.7,15,0.75
2895,59,0.9099941554646407,6,0.6,18,0.9
2896,59,0.8874926943308009,9,0.9,16,0.8
2897,59,0.9149035651665693,6,0.6,17,0.85
2898,59,0.8708357685563999,7,0.7,15,0.75
2899,59,0.9104032729398014,7,0.7,17,0.85
2900,59,0.8943308007013444,7,0.7,17,0.85
2901,59,0.8831092928112217,6,0.6,15,0.75
2902,59,0.9110461718293398,7,0.7,17,0.85
2903,59,0.9145528930450032,7,0.7,19,0.95
2904,59,0.8968439509059032,8,0.8,17,0.85
2905,59,0.908533021624781,8,0.8,17,0.85
2906,59,0.9000584453535945,6,0.6,17,0.85
2907,59,0.8700175336060784,7,0.7,16,0.8
2908,59,0.8178258328462888,8,0.8,16,0.8
2909,59,0.8865575686732906,6,0.6,16,0.8
2910,59,0.8904734073641147,8,0.8,17,0.85
2911,59,0.8703097603740504,6,0.6,17,0.85
2912,59,0.8826417299824665,6,0.6,18,0.9
2913,59,0.882115721800117,8,0.8,17,0.85
2914,59,0.8877849210987727,9,0.9,18,0.9
2915,59,0.855230859146698,6,0.6,16,0.8
2916,59,0.9004675628287552,6,0.6,16,0.8
2917,59,0.8646990064289891,6,0.6,17,0.85
2918,59,0.8722384570426652,8,0.8,17,0.85
2919,59,0.8417884278199884,7,0.7,16,0.8
2920,59,0.9040911747516074,7,0.7,17,0.85
2921,59,0.916656925774401,7,0.7,16,0.8
2922,59,0.8882524839275279,7,0.7,16,0.8
2923,59,0.8976621858562246,5,0.5,17,0.85
2924,59,0.8611338398597314,6,0.6,15,0.75
2925,59,0.9209818819403859,6,0.6,18,0.9
2926,59,0.9039742840444185,8,0.8,15,0.75
2927,59,0.9018702513150206,7,0.7,17,0.85
2928,59,0.8673290473407366,7,0.7,15,0.75
2929,59,0.8924021040327295,7,0.7,17,0.85
2930,59,0.8721800116890709,7,0.7,16,0.8
2931,59,0.805669199298656,6,0.6,14,0.7
2932,59,0.8752776154295735,7,0.7,16,0.8
2933,59,0.8419053185271772,6,0.6,15,0.75
2934,59,0.8972530683810638,8,0.8,19,0.95
2935,59,0.877147866744594,7,0.7,18,0.9
2936,59,0.905844535359439,7,0.7,17,0.85
2937,59,0.8955581531268265,7,0.7,18,0.9
2938,59,0.8978959672706021,7,0.7,17,0.85
2939,59,0.9369959088252485,8,0.8,16,0.8
2940,59,0.8787843366452369,7,0.7,17,0.85
2941,59,0.9210987726475747,7,0.7,18,0.9
2942,59,0.8650496785505554,5,0.5,15,0.75
2943,59,0.9343658679135008,7,0.7,16,0.8
2944,59,0.9284628872004677,6,0.6,16,0.8
2945,59,0.9028053769725309,8,0.8,15,0.75
2946,59,0.9147282291057863,9,0.9,17,0.85
2947,59,0.8514319111630626,6,0.6,17,0.85
2948,59,0.9045587375803626,6,0.6,17,0.85
2949,59,0.8185856224430159,8,0.8,16,0.8
2950,59,0.8911747516072474,7,0.7,17,0.85
2951,59,0.8827586206896553,8,0.8,16,0.8
2952,59,0.9112215078901229,6,0.6,17,0.85
2953,59,0.8769725306838108,6,0.6,17,0.85
2954,59,0.9033898305084748,7,0.7,16,0.8
2955,59,0.9117475160724724,6,0.6,17,0.85
2956,59,0.8964932787843368,7,0.7,17,0.85
2957,59,0.8942139099941556,7,0.7,16,0.8
2958,59,0.8281706604324957,6,0.6,16,0.8
2959,59,0.903272939801286,8,0.8,17,0.85
2960,59,0.8672706019871421,6,0.6,15,0.75
2961,59,0.9023378141437757,8,0.8,16,0.8
2962,59,0.8955581531268265,7,0.7,18,0.9
2963,59,0.9243132670952661,7,0.7,16,0.8
2964,59,0.8872004675628289,6,0.6,18,0.9
2965,59,0.8144360023378143,7,0.7,14,0.7
2966,59,0.8872004675628289,7,0.7,18,0.9
2967,59,0.8838106370543543,6,0.6,16,0.8
2968,59,0.8885447106954998,7,0.7,17,0.85
2969,59,0.9393337229690243,6,0.6,18,0.9
2970,59,0.87416715371128,6,0.6,17,0.85
2971,59,0.8725306838106371,7,0.7,14,0.7
2972,59,0.8732904734073642,7,0.7,16,0.8
2973,59,0.8534190531852719,7,0.7,15,0.75
2974,59,0.8534774985388663,8,0.8,16,0.8
2975,59,0.8911747516072474,6,0.6,18,0.9
2976,59,0.8753360607831678,8,0.8,16,0.8
2977,59,0.8655172413793104,8,0.8,16,0.8
2978,59,0.8110461718293397,7,0.7,15,0.75
2979,59,0.8575686732904736,7,0.7,16,0.8
2980,59,0.8648743424897722,7,0.7,17,0.85
2981,59,0.8923436586791351,8,0.8,17,0.85
2982,59,0.8989479836353012,7,0.7,15,0.75
2983,59,0.876855639976622,6,0.6,14,0.7
2984,59,0.8791934541203975,7,0.7,16,0.8
2985,59,0.8933956750438342,7,0.7,17,0.85
2986,59,0.9073641145528931,8,0.8,17,0.85
2987,59,0.9041496201052017,8,0.8,16,0.8
2988,59,0.8708357685563999,7,0.7,16,0.8
2989,59,0.8728813559322036,7,0.7,16,0.8
2990,59,0.885563997662186,6,0.6,16,0.8
2991,59,0.9265341905318529,8,0.8,17,0.85
2992,59,0.8533606078316776,8,0.8,16,0.8
2993,59,0.923261250730567,7,0.7,15,0.75
2994,59,0.897428404441847,7,0.7,15,0.75
2995,59,0.9209818819403859,7,0.7,16,0.8
2996,59,0.9083576855639979,8,0.8,17,0.85
2997,59,0.8701928696668616,6,0.6,16,0.8
2998,59,0.9419053185271771,7,0.7,18,0.9
2999,59,0.9170075978959674,8,0.8,17,0.85
3000,59,0.9210403272939802,6,0.6,17,0.85
3001,59,0.908825248392753,9,0.9,16,0.8
3002,59,0.841729982466394,6,0.6,15,0.75
3003,59,0.8846288720046758,6,0.6,18,0.9
3004,59,0.9090590298071305,8,0.8,17,0.85
3005,59,0.8625365283459966,5,0.5,18,0.9
3006,59,0.9201636469900644,7,0.7,17,0.85
3007,59,0.9283459964932789,7,0.7,19,0.95
3008,59,0.8625365283459966,6,0.6,16,0.8
3009,59,0.8914085330216249,7,0.7,16,0.8
3010,59,0.8852133255406196,7,0.7,16,0.8
3011,59,0.9324956165984807,8,0.8,17,0.85
3012,59,0.8845704266510814,7,0.7,17,0.85
3013,59,0.8883693746347167,7,0.7,17,0.85
3014,59,0.9032144944476915,7,0.7,15,0.75
3015,59,0.9203389830508477,7,0.7,17,0.85
3016,59,0.8762127410870837,6,0.6,18,0.9
3017,59,0.8738749269433082,7,0.7,16,0.8
3018,59,0.9017533606078318,8,0.8,16,0.8
3019,59,0.8751022793687903,5,0.5,17,0.85
3020,59,0.9111046171829341,6,0.6,16,0.8
3021,59,0.9241379310344828,7,0.7,18,0.9
3022,59,0.8747516072472241,8,0.8,18,0.9
3023,59,0.8642898889538283,8,0.8,17,0.85
3024,59,0.9537112799532439,7,0.7,19,0.95
3025,59,0.8759789596727061,5,0.5,17,0.85
3026,59,0.885096434833431,7,0.7,15,0.75
3027,59,0.9163062536528348,5,0.5,18,0.9
3028,59,0.9302746931618938,8,0.8,18,0.9
3029,59,0.889012273524255,6,0.6,16,0.8
3030,59,0.8804208065458797,7,0.7,17,0.85
3031,59,0.8759205143191117,8,0.8,16,0.8
3032,59,0.9048509643483345,7,0.7,19,0.95
3033,59,0.9055523085914671,8,0.8,16,0.8
3034,59,0.8907656341320868,8,0.8,17,0.85
3035,59,0.9043834015195793,8,0.8,17,0.85
3036,59,0.8880187025131503,6,0.6,18,0.9
3037,59,0.9223261250730569,6,0.6,16,0.8
3038,59,0.8954997077732321,8,0.8,16,0.8
3039,59,0.9000000000000001,7,0.7,16,0.8
3040,59,0.9085914669783755,7,0.7,16,0.8
3041,59,0.9094097019286969,6,0.6,18,0.9
3042,59,0.908825248392753,8,0.8,15,0.75
3043,59,0.8627703097603743,6,0.6,17,0.85
3044,59,0.9410286382232615,9,0.9,17,0.85
3045,59,0.9412624196376389,6,0.6,16,0.8
3046,59,0.9255990648743426,6,0.6,17,0.85
3047,59,0.8436586791350089,8,0.8,16,0.8
3048,59,0.8457042665108125,6,0.6,16,0.8
3049,59,0.8868497954412625,8,0.8,18,0.9
3050,59,0.8879018118059615,7,0.7,17,0.85
3051,59,0.9156049094097022,7,0.7,16,0.8
3052,59,0.8912331969608417,6,0.6,16,0.8
3053,59,0.920397428404442,7,0.7,18,0.9
3054,59,0.8760958503798949,7,0.7,17,0.85
3055,59,0.8920514319111631,7,0.7,17,0.85
3056,59,0.8838106370543543,8,0.8,16,0.8
3057,59,0.9025715955581534,8,0.8,17,0.85
3058,59,0.9188194038573936,7,0.7,17,0.85
3059,59,0.9157218001168907,8,0.8,18,0.9
3060,59,0.910929281122151,8,0.8,17,0.85
3061,59,0.9282291057860902,7,0.7,17,0.85
3062,59,0.8998246639392169,6,0.6,16,0.8
3063,59,0.9228521332554064,8,0.8,18,0.9
3064,59,0.8987726475745179,6,0.6,16,0.8
3065,59,0.8548217416715372,7,0.7,15,0.75
3066,59,0.9036820572764467,7,0.7,14,0.7
3067,59,0.8942723553477501,7,0.7,16,0.8
3068,59,0.8730566919929867,6,0.6,16,0.8
3069,59,0.8844535359438925,6,0.6,16,0.8
3070,59,0.9165984804208066,6,0.6,19,0.95
3071,59,0.8434248977206313,6,0.6,15,0.75
3072,59,0.9265341905318529,9,0.9,17,0.85
3073,59,0.9056107539450614,7,0.7,17,0.85
3074,59,0.9263588544710698,8,0.8,16,0.8
3075,59,0.867562828755114,7,0.7,17,0.85
3076,59,0.8657510227936881,7,0.7,17,0.85
3077,59,0.8895382817066044,7,0.7,17,0.85
3078,59,0.8749853886616015,6,0.6,17,0.85
3079,59,0.8431911163062539,7,0.7,18,0.9
3080,59,0.9139099941554648,6,0.6,16,0.8
3081,59,0.8746347165400352,6,0.6,16,0.8
3082,59,0.8946230274693163,6,0.6,18,0.9
3083,59,0.8753360607831678,8,0.8,16,0.8
3084,59,0.9268264172998247,8,0.8,18,0.9
3085,59,0.9016949152542374,6,0.6,18,0.9
3086,59,0.8815897136177676,9,0.9,16,0.8
3087,59,0.8408533021624782,6,0.6,16,0.8
3088,59,0.9118059614260667,7,0.7,18,0.9
3089,59,0.914669783752192,8,0.8,16,0.8
3090,59,0.923261250730567,8,0.8,16,0.8
3091,59,0.893512565751023,9,0.9,17,0.85
3092,59,0.9232028053769727,9,0.9,16,0.8
3093,59,0.8730566919929867,8,0.8,17,0.85
3094,59,0.8992986557568675,8,0.8,16,0.8
3095,59,0.8966101694915256,8,0.8,18,0.9
3096,59,0.8918176504967857,6,0.6,16,0.8
3097,59,0.8826417299824665,5,0.5,17,0.85
3098,59,0.9246639392168324,8,0.8,17,0.85
3099,59,0.8655172413793104,8,0.8,16,0.8
3100,59,0.9164815897136178,9,0.9,17,0.85
3101,59,0.905084745762712,6,0.6,17,0.85
3102,59,0.911689070718878,6,0.6,18,0.9
3103,59,0.9056691992986559,7,0.7,17,0.85
3104,59,0.8957334891876098,6,0.6,17,0.85
3105,59,0.9382232612507307,7,0.7,18,0.9
3106,59,0.9072472238457043,8,0.8,17,0.85
3107,59,0.8524839275277616,7,0.7,14,0.7
3108,59,0.910637054354179,8,0.8,16,0.8
3109,59,0.8869082407948569,8,0.8,17,0.85
3110,59,0.9130917592051433,8,0.8,17,0.85
3111,59,0.9092928112215081,7,0.7,18,0.9
3112,59,0.8812974868497956,7,0.7,16,0.8
3113,59,0.8574517825832847,6,0.6,16,0.8
3114,59,0.9007597895967272,7,0.7,16,0.8
3115,59,0.8460549386323788,8,0.8,17,0.85
3116,59,0.8726475745178259,7,0.7,15,0.75
3117,59,0.8814728229105788,7,0.7,16,0.8
3118,59,0.8725891291642316,8,0.8,18,0.9
3119,59,0.9091759205143193,7,0.7,18,0.9
3120,59,0.9248977206312101,7,0.7,17,0.85
3121,59,0.9181180596142609,7,0.7,17,0.85
3122,59,0.8632378725891293,8,0.8,17,0.85
3123,59,0.9012857977790766,7,0.7,17,0.85
3124,59,0.8958503798947985,8,0.8,16,0.8
3125,59,0.9246639392168324,8,0.8,16,0.8
3126,59,0.9135593220338984,7,0.7,17,0.85
3127,59,0.9171244886031562,7,0.7,17,0.85
3128,59,0.931209818819404,8,0.8,19,0.95
3129,59,0.9198714202220923,8,0.8,18,0.9
3130,59,0.8753360607831678,6,0.6,17,0.85
3131,59,0.9059029807130334,7,0.7,18,0.9
3132,59,0.8736411455289306,6,0.6,15,0.75
3133,59,0.8711279953243719,7,0.7,17,0.85
3134,59,0.8912916423144361,7,0.7,18,0.9
3135,59,0.9133839859731152,6,0.6,16,0.8
3136,59,0.9304500292226769,7,0.7,17,0.85
3137,59,0.8791934541203975,8,0.8,16,0.8
3138,59,0.9022793687901812,8,0.8,15,0.75
3139,59,0.9210987726475747,7,0.7,16,0.8
3140,59,0.8766218585622445,8,0.8,19,0.95
3141,59,0.8205727644652251,9,0.9,16,0.8
3142,59,0.835710111046172,7,0.7,17,0.85
3143,59,0.9220923436586793,6,0.6,18,0.9
3144,59,0.8898305084745765,7,0.7,15,0.75
3145,59,0.9093512565751024,8,0.8,17,0.85
3146,59,0.9167738164815898,7,0.7,17,0.85
3147,59,0.9078316773816484,8,0.8,16,0.8
3148,59,0.8915838690824082,8,0.8,16,0.8
3149,59,0.9117475160724724,10,1.0,18,0.9
3150,59,0.9078901227352427,6,0.6,18,0.9
3151,59,0.847282291057861,7,0.7,17,0.85
3152,59,0.903272939801286,6,0.6,16,0.8
3153,59,0.9163646990064291,5,0.5,17,0.85
3154,59,0.9000000000000001,8,0.8,16,0.8
3155,59,0.9353009935710113,8,0.8,17,0.85
3156,59,0.88135593220339,7,0.7,18,0.9
3157,59,0.9037405026300411,9,0.9,16,0.8
3158,59,0.8815897136177676,7,0.7,16,0.8
3159,59,0.8375803623611924,6,0.6,17,0.85
3160,59,0.8917592051431913,8,0.8,15,0.75
3161,59,0.873699590882525,6,0.6,17,0.85
3162,59,0.9203389830508477,8,0.8,16,0.8
3163,59,0.9461133839859733,7,0.7,19,0.95
3164,59,0.8669199298655759,6,0.6,16,0.8
3165,59,0.8992986557568675,7,0.7,17,0.85
3166,59,0.9023962594973701,7,0.7,18,0.9
3167,59,0.8773816481589716,6,0.6,14,0.7
3168,59,0.8750438340151959,6,0.6,15,0.75
3169,59,0.9072472238457043,7,0.7,17,0.85
3170,59,0.8679719462302748,6,0.6,17,0.85
3171,59,0.8750438340151959,6,0.6,16,0.8
3172,59,0.8569842197545297,8,0.8,15,0.75
3173,59,0.8496201052016367,6,0.6,14,0.7
3174,59,0.9109877264757453,7,0.7,16,0.8
3175,59,0.8934541203974287,7,0.7,14,0.7
3176,59,0.9438924605493865,8,0.8,18,0.9
3177,59,0.9046756282875512,7,0.7,17,0.85
3178,59,0.9330216247808301,7,0.7,16,0.8
3179,59,0.9257744009351259,7,0.7,17,0.85
3180,59,0.8995908825248393,6,0.6,17,0.85
3181,59,0.9051431911163065,8,0.8,18,0.9
3182,59,0.8592051431911164,6,0.6,16,0.8
3183,59,0.8918760958503801,7,0.7,17,0.85
3184,59,0.949503214494448,8,0.8,17,0.85
3185,59,0.8750438340151959,8,0.8,17,0.85
3186,59,0.8989479836353012,8,0.8,14,0.7
3187,59,0.8880187025131503,7,0.7,15,0.75
3188,59,0.9413793103448277,8,0.8,18,0.9
3189,59,0.8750438340151959,8,0.8,16,0.8
3190,59,0.8872004675628289,7,0.7,17,0.85
3191,59,0.8892460549386326,6,0.6,17,0.85
3192,59,0.8970192869666862,8,0.8,16,0.8
3193,59,0.8192285213325543,8,0.8,14,0.7
3194,59,0.8980128579777908,9,0.9,16,0.8
3195,59,0.9292226767971947,8,0.8,16,0.8
3196,59,0.9091759205143193,6,0.6,16,0.8
3197,59,0.8588544710695502,7,0.7,15,0.75
3198,59,0.9018702513150206,7,0.7,18,0.9
3199,59,0.8445353594389248,8,0.8,15,0.75
3200,59,0.8914669783752193,7,0.7,16,0.8
3201,59,0.8973699590882526,7,0.7,15,0.75
3202,59,0.9025131502045589,7,0.7,19,0.95
3203,59,0.9005260081823496,7,0.7,17,0.85
3204,59,0.8425482174167154,6,0.6,17,0.85
3205,59,0.9041496201052017,8,0.8,16,0.8
3206,59,0.843366452367037,8,0.8,17,0.85
3207,59,0.9037989479836354,8,0.8,17,0.85
3208,59,0.9156633547632963,6,0.6,17,0.85
3209,59,0.8950905902980715,7,0.7,15,0.75
3210,59,0.8808299240210405,7,0.7,18,0.9
3211,59,0.8399766218585624,6,0.6,17,0.85
3212,59,0.8568088836937465,6,0.6,15,0.75
3213,59,0.8565751022793688,7,0.7,16,0.8
3214,59,0.8594973699590883,8,0.8,16,0.8
3215,59,0.8841613091759207,7,0.7,17,0.85
3216,59,0.9303915838690826,6,0.6,18,0.9
3217,59,0.8959088252483929,7,0.7,16,0.8
3218,59,0.9050263004091176,6,0.6,18,0.9
3219,59,0.8916423144360025,6,0.6,17,0.85
3220,59,0.9098188194038574,6,0.6,18,0.9
3221,59,0.9055523085914671,6,0.6,16,0.8
3222,59,0.8643483343074226,5,0.5,17,0.85
3223,59,0.8696084161309178,8,0.8,18,0.9
3224,59,0.9309760374050263,7,0.7,16,0.8
3225,59,0.861835184102864,7,0.7,15,0.75
3226,59,0.8812974868497956,7,0.7,16,0.8
3227,59,0.8650496785505554,7,0.7,16,0.8
3228,59,0.9002922267679722,7,0.7,15,0.75
3229,59,0.8977790765634134,8,0.8,17,0.85
3230,59,0.9147282291057863,8,0.8,17,0.85
3231,59,0.9074810052600819,8,0.8,16,0.8
3232,59,0.85552308591467,8,0.8,18,0.9
3233,59,0.9281122150789014,7,0.7,16,0.8
3234,59,0.8908240794856811,7,0.7,17,0.85
3235,59,0.8772063120981883,7,0.7,17,0.85
3236,59,0.9153711279953246,7,0.7,17,0.85
3237,59,0.9008182349503217,8,0.8,18,0.9
3238,59,0.9030391583869083,7,0.7,15,0.75
3239,59,0.8642898889538283,8,0.8,15,0.75
3240,59,0.8467562828755115,7,0.7,16,0.8
3241,59,0.8781414377556986,7,0.7,16,0.8
3242,59,0.8537697253068383,7,0.7,17,0.85
3243,59,0.8856808883693748,6,0.6,17,0.85
3244,59,0.8701344243132672,8,0.8,17,0.85
3245,59,0.8648743424897722,8,0.8,15,0.75
3246,59,0.8596727060198716,7,0.7,17,0.85
3247,59,0.8871420222092345,6,0.6,17,0.85
3248,59,0.913793103448276,8,0.8,19,0.95
3249,59,0.8535359438924608,7,0.7,16,0.8
3250,59,0.8800116890707191,5,0.5,16,0.8
3251,59,0.8929281122150791,8,0.8,17,0.85
3252,59,0.8719462302746933,5,0.5,15,0.75
3253,59,0.9025131502045589,8,0.8,15,0.75
3254,59,0.8980713033313852,6,0.6,14,0.7
3255,59,0.9020455873758039,7,0.7,16,0.8
3256,59,0.9265926358854474,6,0.6,17,0.85
3257,59,0.8963179427235535,7,0.7,15,0.75
3258,59,0.8992402104032732,8,0.8,18,0.9
3259,59,0.9196960841613093,7,0.7,18,0.9
3260,59,0.8970777323202807,7,0.7,17,0.85
3261,59,0.8429573348918762,6,0.6,15,0.75
3262,59,0.8609585037989481,7,0.7,16,0.8
3263,59,0.9057276446522502,7,0.7,17,0.85
3264,59,0.8885447106954998,8,0.8,16,0.8
3265,59,0.8695499707773233,6,0.6,16,0.8
3266,59,0.9172998246639394,9,0.9,17,0.85
3267,59,0.9223261250730569,8,0.8,16,0.8
3268,59,0.8929865575686734,8,0.8,17,0.85
3269,59,0.8751022793687903,8,0.8,14,0.7
3270,59,0.9310929281122152,9,0.9,17,0.85
3271,59,0.8589713617767389,7,0.7,15,0.75
3272,59,0.8748100526008185,8,0.8,14,0.7
3273,59,0.9142022209234366,7,0.7,17,0.85
3274,59,0.8908240794856811,7,0.7,15,0.75
3275,59,0.9277615429573349,8,0.8,16,0.8
3276,59,0.9526592635885449,8,0.8,18,0.9
3277,59,0.8784921098772648,6,0.6,16,0.8
3278,59,0.9258328462887201,6,0.6,19,0.95
3279,59,0.8302746931618937,6,0.6,15,0.75
3280,59,0.9354178842782,7,0.7,17,0.85
3281,59,0.871303331385155,7,0.7,17,0.85
3282,59,0.8611338398597314,6,0.6,17,0.85
3283,59,0.8932787843366454,5,0.5,18,0.9
3284,59,0.872939801285798,5,0.5,17,0.85
3285,59,0.9097019286966687,7,0.7,16,0.8
3286,59,0.9233196960841613,7,0.7,16,0.8
3287,59,0.887960257159556,6,0.6,17,0.85
3288,59,0.925365283459965,7,0.7,17,0.85
3289,59,0.9436586791350089,7,0.7,17,0.85
3290,59,0.8536528345996495,7,0.7,15,0.75
3291,59,0.9190531852717709,7,0.7,19,0.95
3292,59,0.9374050263004093,8,0.8,19,0.95
3293,59,0.8826417299824665,6,0.6,14,0.7
3294,59,0.9246054938632381,7,0.7,17,0.85
3295,59,0.9040911747516074,6,0.6,17,0.85
3296,59,0.8474576271186443,7,0.7,16,0.8
3297,59,0.9202805376972533,8,0.8,18,0.9
3298,59,0.9087668030391587,8,0.8,16,0.8
3299,59,0.8302746931618937,7,0.7,15,0.75
3300,59,0.9105201636469904,7,0.7,16,0.8
3301,59,0.9184102863822328,9,0.9,18,0.9
3302,59,0.8545879602571597,6,0.6,14,0.7
3303,59,0.8589129164231446,8,0.8,17,0.85
3304,59,0.8892460549386326,7,0.7,15,0.75
3305,59,0.9236703682057278,7,0.7,16,0.8
3306,59,0.9369959088252485,7,0.7,18,0.9
3307,59,0.9040327293980129,7,0.7,17,0.85
3308,59,0.8804792518994741,7,0.7,17,0.85
3309,59,0.8702513150204559,6,0.6,16,0.8
3310,59,0.8532437171244888,5,0.5,17,0.85
3311,59,0.8065458796025716,7,0.7,16,0.8
3312,59,0.8635300993571012,7,0.7,15,0.75
3313,59,0.8873758036236121,5,0.5,16,0.8
3314,59,0.9028638223261254,6,0.6,17,0.85
3315,59,0.9014611338398598,7,0.7,17,0.85
3316,59,0.9069549970777325,6,0.6,17,0.85
3317,59,0.9054354178842784,7,0.7,19,0.95
3318,59,0.8609000584453538,7,0.7,17,0.85
3319,59,0.9136177673874929,7,0.7,17,0.85
3320,59,0.9010520163646992,7,0.7,17,0.85
3321,59,0.8317358270017535,8,0.8,16,0.8
3322,59,0.893980128579778,6,0.6,15,0.75
3323,59,0.9178258328462888,6,0.6,16,0.8
3324,59,0.9053185271770896,8,0.8,16,0.8
3325,59,0.9199298655756868,6,0.6,16,0.8
3326,59,0.8651665692577442,8,0.8,17,0.85
3327,59,0.8951490356516659,8,0.8,17,0.85
3328,59,0.884804208065459,8,0.8,17,0.85
3329,59,0.8561659848042081,8,0.8,16,0.8
3330,59,0.8968439509059032,7,0.7,17,0.85
3331,59,0.8737580362361194,8,0.8,16,0.8
3332,59,0.8732904734073642,6,0.6,17,0.85
3333,59,0.8976037405026303,8,0.8,15,0.75
3334,59,0.9283459964932789,7,0.7,17,0.85
3335,59,0.9140268848626535,7,0.7,15,0.75
3336,59,0.8901227352425484,8,0.8,16,0.8
3337,59,0.9293980128579779,6,0.6,17,0.85
3338,59,0.8909994155464643,7,0.7,17,0.85
3339,59,0.8558737580362362,7,0.7,17,0.85
3340,59,0.9036820572764467,8,0.8,17,0.85
3341,59,0.8742840444184687,5,0.5,17,0.85
3342,59,0.8790181180596145,9,0.9,18,0.9
3343,59,0.8811221507890123,7,0.7,15,0.75
3344,59,0.888720046756283,8,0.8,17,0.85
3345,59,0.8928696668614846,6,0.6,16,0.8
3346,59,0.925365283459965,8,0.8,16,0.8
3347,59,0.905084745762712,8,0.8,17,0.85
3348,59,0.8781414377556986,7,0.7,17,0.85
3349,59,0.9120981881940388,7,0.7,17,0.85
3350,59,0.9002922267679722,9,0.9,17,0.85
3351,59,0.9175336060783168,7,0.7,16,0.8
3352,59,0.8593220338983053,6,0.6,15,0.75
3353,59,0.8547632963179428,6,0.6,14,0.7
3354,59,0.8441846873173584,9,0.9,16,0.8
3355,59,0.8930450029222678,6,0.6,17,0.85
3356,59,0.8633547632963181,6,0.6,16,0.8
3357,59,0.9118644067796612,7,0.7,16,0.8
3358,59,0.9172413793103451,7,0.7,16,0.8
3359,59,0.8977790765634134,7,0.7,16,0.8
3360,59,0.898188194038574,5,0.5,16,0.8
3361,59,0.8203389830508476,6,0.6,16,0.8
3362,59,0.9111046171829341,7,0.7,18,0.9
3363,59,0.8979544126241964,7,0.7,15,0.75
3364,59,0.8985388661601406,8,0.8,17,0.85
3365,59,0.8887784921098774,8,0.8,17,0.85
3366,59,0.8718293395675045,7,0.7,14,0.7
3367,59,0.8728813559322036,6,0.6,14,0.7
3368,59,0.8665692577440095,8,0.8,16,0.8
3369,59,0.8883109292811223,8,0.8,17,0.85
3370,59,0.874459380479252,7,0.7,18,0.9
3371,59,0.8997662185856226,8,0.8,16,0.8
3372,59,0.9060198714202222,7,0.7,16,0.8
3373,59,0.8706019871420224,8,0.8,16,0.8
3374,59,0.8798947983635302,8,0.8,16,0.8
3375,59,0.8998246639392169,6,0.6,17,0.85
3376,59,0.8745178258328464,6,0.6,15,0.75
3377,59,0.877440093512566,6,0.6,16,0.8
3378,59,0.9462302746931619,7,0.7,18,0.9
3379,59,0.8683810637054354,7,0.7,16,0.8
3380,59,0.9056107539450614,7,0.7,17,0.85
3381,59,0.8992986557568675,7,0.7,15,0.75
3382,59,0.9114552893045004,9,0.9,18,0.9
3383,59,0.9194038573933374,7,0.7,19,0.95
3384,59,0.877907656341321,6,0.6,17,0.85
3385,59,0.85073056691993,8,0.8,18,0.9
3386,59,0.9059614260666279,8,0.8,16,0.8
3387,59,0.9260081823495032,7,0.7,17,0.85
3388,59,0.8803623611922853,6,0.6,15,0.75
3389,59,0.9169491525423731,7,0.7,17,0.85
3390,59,0.889772063120982,6,0.6,16,0.8
3391,59,0.8451198129748686,6,0.6,15,0.75
3392,59,0.8889538281706606,6,0.6,17,0.85
3393,59,0.8435417884278201,7,0.7,16,0.8
3394,59,0.9344827586206896,8,0.8,19,0.95
3395,59,0.9011104617182937,8,0.8,15,0.75
3396,59,0.9104032729398014,6,0.6,17,0.85
3397,59,0.9219754529514904,9,0.9,17,0.85
3398,59,0.9212156633547635,8,0.8,18,0.9
3399,59,0.912741087083577,7,0.7,18,0.9
3400,59,0.8928112215078902,7,0.7,15,0.75
3401,59,0.9071303331385158,7,0.7,17,0.85
3402,59,0.8997077732320281,8,0.8,17,0.85
3403,59,0.886031560490941,8,0.8,16,0.8
3404,59,0.8707188778492111,8,0.8,14,0.7
3405,59,0.8960257159555817,7,0.7,17,0.85
3406,59,0.908825248392753,5,0.5,17,0.85
3407,59,0.9093512565751024,6,0.6,17,0.85
3408,59,0.9169491525423731,6,0.6,17,0.85
3409,59,0.884511981297487,7,0.7,17,0.85
3410,59,0.8413208649912333,7,0.7,18,0.9
3411,59,0.8327293980128581,6,0.6,14,0.7
3412,59,0.8175336060783169,8,0.8,17,0.85
3413,59,0.9073641145528931,9,0.9,17,0.85
3414,59,0.8118059614260668,6,0.6,17,0.85
3415,59,0.8668030391583871,7,0.7,17,0.85
3416,59,0.9455873758036237,8,0.8,17,0.85
3417,59,0.905084745762712,7,0.7,18,0.9
3418,59,0.8908240794856811,8,0.8,16,0.8
3419,59,0.928053769725307,8,0.8,18,0.9
3420,59,0.8750438340151959,7,0.7,17,0.85
3421,59,0.8972530683810638,7,0.7,18,0.9
3422,59,0.9187025131502048,7,0.7,14,0.7
3423,59,0.9208065458796026,8,0.8,17,0.85
3424,59,0.9182349503214495,7,0.7,17,0.85
3425,59,0.9111630625365286,9,0.9,17,0.85
3426,59,0.9197545295149038,7,0.7,18,0.9
3427,59,0.919637638807715,9,0.9,15,0.75
3428,59,0.9186440677966103,8,0.8,17,0.85
3429,59,0.8881940385739335,7,0.7,18,0.9
3430,59,0.9216832261835185,8,0.8,16,0.8
3431,59,0.8782583284628874,7,0.7,16,0.8
3432,59,0.8744009351256575,6,0.6,17,0.85
3433,59,0.9278199883109294,8,0.8,20,1.0
3434,59,0.915429573348919,7,0.7,16,0.8
3435,59,0.8880771478667447,7,0.7,16,0.8
3436,59,0.9048509643483345,8,0.8,17,0.85
3437,59,0.8919929865575688,8,0.8,15,0.75
3438,59,0.9075394506136764,7,0.7,19,0.95
3439,59,0.8590298071303334,6,0.6,16,0.8
3440,59,0.9175336060783168,6,0.6,17,0.85
3441,59,0.927001753360608,6,0.6,17,0.85
3442,59,0.8007597895967271,6,0.6,16,0.8
3443,59,0.849386323787259,6,0.6,14,0.7
3444,59,0.9232028053769727,6,0.6,17,0.85
3445,59,0.877907656341321,8,0.8,15,0.75
3446,59,0.9047340736411457,6,0.6,16,0.8
3447,59,0.930917592051432,7,0.7,16,0.8
3448,59,0.9149620105201638,8,0.8,16,0.8
3449,59,0.8940970192869668,6,0.6,16,0.8
3450,59,0.9075394506136764,6,0.6,17,0.85
3451,59,0.8654587960257161,7,0.7,16,0.8
3452,59,0.8606662770309762,6,0.6,15,0.75
3453,59,0.911689070718878,5,0.5,17,0.85
3454,59,0.9153126826417302,7,0.7,17,0.85
3455,59,0.9238457042665109,8,0.8,18,0.9
3456,59,0.9247808299240212,9,0.9,17,0.85
3457,59,0.8870251315020456,5,0.5,14,0.7
3458,59,0.8310929281122154,8,0.8,14,0.7
3459,59,0.8859146697837524,5,0.5,15,0.75
3460,59,0.9378725891291643,8,0.8,18,0.9
3461,59,0.8568088836937465,6,0.6,16,0.8
3462,59,0.7950905902980714,6,0.6,16,0.8
3463,59,0.9613091759205146,7,0.7,19,0.95
3464,59,0.8861484511981298,7,0.7,19,0.95
3465,59,0.8505552308591469,6,0.6,17,0.85
3466,59,0.8994155464640563,5,0.5,18,0.9
3467,59,0.8431326709526594,7,0.7,17,0.85
3468,59,0.8395090590298073,4,0.4,15,0.75
3469,59,0.8892460549386326,7,0.7,17,0.85
3470,59,0.8946814728229107,7,0.7,16,0.8
3471,59,0.8602571595558155,8,0.8,16,0.8
3472,59,0.9156049094097022,8,0.8,17,0.85
3473,59,0.8765049678550557,8,0.8,17,0.85
3474,59,0.8912916423144361,7,0.7,18,0.9
3475,59,0.8960257159555817,8,0.8,16,0.8
3476,59,0.8550555230859148,6,0.6,16,0.8
3477,59,0.8873173582700177,9,0.9,16,0.8
3478,59,0.8687901811805964,6,0.6,15,0.75
3479,59,0.8791934541203975,6,0.6,17,0.85
3480,59,0.8140268848626536,6,0.6,14,0.7
3481,59,0.9036820572764467,7,0.7,17,0.85
3482,59,0.8599649327878435,8,0.8,15,0.75
3483,59,0.8662770309760375,6,0.6,18,0.9
3484,59,0.8907656341320868,7,0.7,16,0.8
3485,59,0.9252483927527763,7,0.7,17,0.85
3486,59,0.9052600818234953,7,0.7,17,0.85
3487,59,0.9128579777907658,8,0.8,16,0.8
3488,59,0.8825248392752778,7,0.7,17,0.85
3489,59,0.8383401519579194,7,0.7,15,0.75
3490,59,0.8263588544710697,7,0.7,15,0.75
3491,59,0.8835184102863823,10,1.0,16,0.8
3492,59,0.899357101110462,7,0.7,18,0.9
3493,59,0.8672121566335478,8,0.8,16,0.8
3494,59,0.8758620689655173,7,0.7,17,0.85
3495,59,0.8898305084745765,8,0.8,16,0.8
3496,59,0.9288135593220341,8,0.8,18,0.9
3497,59,0.8191700759789599,7,0.7,16,0.8
3498,59,0.8874342489772065,7,0.7,16,0.8
3499,59,0.8898889538281708,8,0.8,17,0.85
3500,59,0.8679719462302748,6,0.6,17,0.85
3501,59,0.8896551724137932,7,0.7,16,0.8
3502,59,0.9142022209234366,8,0.8,17,0.85
3503,59,0.9096434833430744,8,0.8,16,0.8
3504,59,0.9299240210403275,6,0.6,16,0.8
3505,59,0.9075978959672707,9,0.9,16,0.8
3506,59,0.919345412039743,8,0.8,18,0.9
3507,59,0.9002922267679722,6,0.6,16,0.8
3508,59,0.9179427235534776,8,0.8,17,0.85
3509,59,0.9329631794272357,8,0.8,17,0.85
3510,59,0.8353594389246056,6,0.6,14,0.7
3511,59,0.9029222676797195,8,0.8,16,0.8
3512,59,0.8753360607831678,6,0.6,17,0.85
3513,59,0.9283459964932789,7,0.7,18,0.9
3514,59,0.8561075394506138,7,0.7,17,0.85
3515,59,0.9264757451782586,6,0.6,16,0.8
3516,59,0.9122150789012275,6,0.6,18,0.9
3517,59,0.9006428988895384,8,0.8,17,0.85
3518,59,0.9006428988895384,8,0.8,16,0.8
3519,59,0.9154880187025134,8,0.8,17,0.85
3520,59,0.8625365283459966,6,0.6,16,0.8
3521,59,0.9292226767971947,7,0.7,17,0.85
3522,59,0.8815312682641732,6,0.6,17,0.85
3523,59,0.9055523085914671,8,0.8,14,0.7
3524,59,0.8451198129748686,6,0.6,17,0.85
3525,59,0.9182349503214495,6,0.6,18,0.9
3526,59,0.8497954412624197,8,0.8,16,0.8
3527,59,0.8665692577440095,7,0.7,16,0.8
3528,59,0.876855639976622,8,0.8,17,0.85
3529,59,0.8797779076563415,7,0.7,16,0.8
3530,59,0.906721215663355,7,0.7,18,0.9
3531,59,0.9075978959672707,7,0.7,16,0.8
3532,59,0.9037405026300411,8,0.8,17,0.85
3533,59,0.8663354763296318,6,0.6,16,0.8
3534,59,0.9144360023378143,6,0.6,17,0.85
3535,59,0.9165984804208066,8,0.8,19,0.95
3536,59,0.910637054354179,9,0.9,18,0.9
3537,59,0.893512565751023,7,0.7,15,0.75
3538,59,0.8987142022209236,8,0.8,17,0.85
3539,59,0.9021624780829924,8,0.8,17,0.85
3540,59,0.8682057276446523,6,0.6,16,0.8
3541,59,0.8714202220923438,7,0.7,16,0.8
3542,59,0.9160140268848628,7,0.7,16,0.8
3543,59,0.9315604909409705,6,0.6,18,0.9
3544,59,0.9118644067796612,8,0.8,16,0.8
3545,59,0.9206896551724141,7,0.7,19,0.95
3546,59,0.842022209234366,7,0.7,15,0.75
3547,59,0.8859731151373466,8,0.8,14,0.7
3548,59,0.9188194038573936,8,0.8,17,0.85
3549,59,0.8995324371712449,8,0.8,17,0.85
3550,59,0.8997662185856226,6,0.6,16,0.8
3551,59,0.8720631209818821,6,0.6,16,0.8
3552,59,0.9162478082992404,8,0.8,18,0.9
3553,59,0.8990648743424899,7,0.7,16,0.8
3554,59,0.8625365283459966,7,0.7,16,0.8
3555,59,0.8303331385154881,6,0.6,15,0.75
3556,59,0.8589129164231446,6,0.6,15,0.75
3557,59,0.8530683810637056,7,0.7,17,0.85
3558,59,0.8764465225014613,7,0.7,17,0.85
3559,59,0.8718293395675045,7,0.7,19,0.95
3560,59,0.9071887784921099,7,0.7,16,0.8
3561,59,0.919637638807715,7,0.7,18,0.9
3562,59,0.9174751607247225,8,0.8,16,0.8
3563,59,0.9207481005260083,7,0.7,17,0.85
3564,59,0.8966686148451201,7,0.7,18,0.9
3565,59,0.8916423144360025,6,0.6,18,0.9
3566,59,0.8752776154295735,7,0.7,15,0.75
3567,59,0.8952659263588547,7,0.7,17,0.85
3568,59,0.893220338983051,7,0.7,17,0.85
3569,59,0.878199883109293,6,0.6,18,0.9
3570,59,0.9239625949736998,6,0.6,16,0.8
3571,59,0.8920514319111631,9,0.9,17,0.85
3572,59,0.8668030391583871,6,0.6,17,0.85
3573,59,0.860783167738165,7,0.7,15,0.75
3574,59,0.8157802454704852,7,0.7,15,0.75
3575,59,0.9028053769725309,6,0.6,17,0.85
3576,59,0.90479251899474,8,0.8,16,0.8
3577,59,0.8742255990648744,7,0.7,16,0.8
3578,59,0.9069549970777325,4,0.4,16,0.8
3579,59,0.8303331385154881,6,0.6,16,0.8
3580,59,0.8967270601987144,8,0.8,17,0.85
3581,59,0.9045587375803626,7,0.7,15,0.75
3582,59,0.8872004675628289,6,0.6,16,0.8
3583,59,0.8825832846288721,9,0.9,17,0.85
3584,59,0.8950321449444771,6,0.6,17,0.85
3585,59,0.8661016949152543,6,0.6,16,0.8
3586,59,0.8767971946230276,7,0.7,17,0.85
3587,59,0.9016364699006431,8,0.8,17,0.85
3588,59,0.899357101110462,5,0.5,17,0.85
3589,59,0.9250146113383987,5,0.5,17,0.85
3590,59,0.9370543541788429,8,0.8,17,0.85
3591,59,0.8710695499707775,7,0.7,17,0.85
3592,59,0.8700759789596728,5,0.5,17,0.85
3593,59,0.8669199298655759,8,0.8,16,0.8
3594,59,0.8528930450029224,7,0.7,17,0.85
3595,59,0.9025715955581534,7,0.7,19,0.95
3596,59,0.8931034482758622,9,0.9,18,0.9
3597,59,0.8852133255406196,7,0.7,18,0.9
3598,59,0.909760374050263,8,0.8,18,0.9
3599,59,0.9303331385154882,7,0.7,17,0.85
3600,59,0.9202805376972533,8,0.8,17,0.85
3601,59,0.8846288720046758,5,0.5,16,0.8
3602,59,0.9005844535359441,6,0.6,16,0.8
3603,59,0.9215078901227355,7,0.7,17,0.85
3604,59,0.9263004091174754,6,0.6,17,0.85
3605,59,0.9144944476914088,8,0.8,17,0.85
3606,59,0.8891291642314438,7,0.7,16,0.8
3607,59,0.8690239625949737,7,0.7,18,0.9
3608,59,0.9051431911163065,6,0.6,14,0.7
3609,59,0.881063705435418,8,0.8,17,0.85
3610,59,0.9148451198129749,7,0.7,17,0.85
3611,59,0.9085914669783755,6,0.6,18,0.9
3612,59,0.8783167738164818,7,0.7,17,0.85
3613,59,0.8455289304500293,7,0.7,17,0.85
3614,59,0.8834599649327879,7,0.7,16,0.8
3615,59,0.8721800116890709,8,0.8,16,0.8
3616,59,0.8708942139099942,7,0.7,16,0.8
3617,59,0.8669199298655759,6,0.6,17,0.85
3618,59,0.8524839275277616,8,0.8,16,0.8
3619,59,0.9096434833430744,6,0.6,18,0.9
3620,59,0.9068381063705437,6,0.6,18,0.9
3621,59,0.8668614845119814,8,0.8,16,0.8
3622,59,0.8605493863237873,6,0.6,15,0.75
3623,59,0.8938632378725893,7,0.7,15,0.75
3624,59,0.9326125073056692,8,0.8,17,0.85
3625,59,0.8458211572180013,6,0.6,16,0.8
3626,59,0.869491525423729,7,0.7,15,0.75
3627,59,0.8712448860315607,7,0.7,16,0.8
3628,59,0.8657510227936881,7,0.7,15,0.75
3629,59,0.9362361192285215,7,0.7,17,0.85
3630,59,0.9233781414377558,7,0.7,18,0.9
3631,59,0.9234950321449445,6,0.6,17,0.85
3632,59,0.8618936294564583,9,0.9,17,0.85
3633,59,0.8198714202220925,5,0.5,15,0.75
3634,59,0.9319696084161311,7,0.7,18,0.9
3635,59,0.8487434248977207,9,0.9,16,0.8
3636,59,0.8454704850964351,5,0.5,16,0.8
3637,59,0.9059029807130334,7,0.7,17,0.85
3638,59,0.8922852133255407,6,0.6,18,0.9
3639,59,0.9156049094097022,8,0.8,18,0.9
3640,59,0.8598480420806548,7,0.7,16,0.8
3641,59,0.9178842781998833,6,0.6,17,0.85
3642,59,0.9091759205143193,8,0.8,16,0.8
3643,59,0.9045587375803626,7,0.7,16,0.8
3644,59,0.9366452367036823,7,0.7,18,0.9
3645,59,0.9016949152542374,7,0.7,18,0.9
3646,59,0.8973699590882526,6,0.6,16,0.8
3647,59,0.9196960841613093,7,0.7,18,0.9
3648,59,0.8105201636469902,7,0.7,15,0.75
3649,59,0.9057860900058446,7,0.7,18,0.9
3650,59,0.8904149620105202,8,0.8,17,0.85
3651,59,0.9140268848626535,7,0.7,18,0.9
3652,59,0.9073056691992988,7,0.7,18,0.9
3653,59,0.8880187025131503,7,0.7,18,0.9
3654,59,0.9255990648743426,8,0.8,18,0.9
3655,59,0.852542372881356,7,0.7,17,0.85
3656,59,0.8841613091759207,9,0.9,15,0.75
3657,59,0.9203389830508477,7,0.7,16,0.8
3658,59,0.8510227936879019,7,0.7,14,0.7
3659,59,0.9260081823495032,7,0.7,17,0.85
3660,59,0.8758620689655173,9,0.9,17,0.85
3661,59,0.8783167738164818,8,0.8,16,0.8
3662,59,0.8238457042665109,6,0.6,15,0.75
3663,59,0.8542957334891877,8,0.8,17,0.85
3664,59,0.8504967855055524,7,0.7,15,0.75
3665,59,0.9264757451782586,8,0.8,16,0.8
3666,59,0.8239041496201053,8,0.8,14,0.7
3667,59,0.886732904734074,8,0.8,15,0.75
3668,59,0.8759205143191117,7,0.7,17,0.85
3669,59,0.8941554646405612,8,0.8,16,0.8
3670,59,0.8907071887784923,6,0.6,17,0.85
3671,59,0.8376972530683812,7,0.7,17,0.85
3672,59,0.8627703097603743,8,0.8,17,0.85
3673,59,0.8869082407948569,8,0.8,17,0.85
3674,59,0.9094097019286969,6,0.6,17,0.85
3675,59,0.8975452951490358,7,0.7,17,0.85
3676,59,0.9192869666861485,6,0.6,18,0.9
3677,59,0.8884278199883111,7,0.7,17,0.85
3678,59,0.8482174167153712,6,0.6,16,0.8
3679,59,0.8690239625949737,8,0.8,17,0.85
3680,59,0.9475160724722387,8,0.8,18,0.9
3681,59,0.8688486265341908,7,0.7,16,0.8
3682,59,0.9339567504383403,8,0.8,16,0.8
3683,59,0.8918760958503801,6,0.6,16,0.8
3684,59,0.8718293395675045,7,0.7,17,0.85
3685,59,0.869199298655757,7,0.7,16,0.8
3686,59,0.8929281122150791,6,0.6,14,0.7
3687,59,0.9251899473991819,7,0.7,18,0.9
3688,59,0.8756282875511399,8,0.8,17,0.85
3689,59,0.901168907071888,8,0.8,16,0.8
3690,59,0.8910578609000585,8,0.8,16,0.8
3691,59,0.8616598480420807,6,0.6,17,0.85
3692,59,0.8548801870251317,6,0.6,16,0.8
3693,59,0.8504383401519581,9,0.9,15,0.75
3694,59,0.842898889538282,5,0.5,15,0.75
3695,59,0.8857977790765637,7,0.7,17,0.85
3696,59,0.9167738164815898,9,0.9,16,0.8
3697,59,0.9189362945645824,7,0.7,17,0.85
3698,59,0.8924021040327295,7,0.7,18,0.9
3699,59,0.8915254237288137,9,0.9,16,0.8
3700,59,0.9010520163646992,8,0.8,17,0.85
3701,59,0.904324956165985,7,0.7,16,0.8
3702,59,0.9026884862653421,8,0.8,18,0.9
3703,59,0.8857977790765637,9,0.9,17,0.85
3704,59,0.8517241379310346,7,0.7,16,0.8
3705,59,0.8606078316773818,6,0.6,15,0.75
3706,59,0.9362361192285215,7,0.7,16,0.8
3707,59,0.9374050263004093,7,0.7,18,0.9
3708,59,0.8701344243132672,7,0.7,17,0.85
3709,59,0.9105786090005845,7,0.7,19,0.95
3710,59,0.9257744009351259,7,0.7,18,0.9
3711,59,0.9120397428404443,9,0.9,17,0.85
3712,59,0.9128579777907658,7,0.7,17,0.85
3713,59,0.909760374050263,9,0.9,15,0.75
3714,59,0.80958503798948,7,0.7,16,0.8
3715,59,0.9096434833430744,8,0.8,16,0.8
3716,59,0.87656341320865,8,0.8,15,0.75
3717,59,0.8707188778492111,5,0.5,16,0.8
3718,59,0.8706604324956168,6,0.6,16,0.8
3719,59,0.9125657510227938,8,0.8,17,0.85
3720,59,0.9057860900058446,7,0.7,17,0.85
3721,59,0.8642314436002339,5,0.5,18,0.9
3722,59,0.835242548217417,6,0.6,15,0.75
3723,59,0.9567504383401522,6,0.6,17,0.85
3724,59,0.9055523085914671,8,0.8,17,0.85
3725,59,0.8877849210987727,7,0.7,17,0.85
3726,59,0.8979544126241964,9,0.9,17,0.85
3727,59,0.9345996493278785,9,0.9,17,0.85
3728,59,0.8513150204558739,7,0.7,17,0.85
3729,59,0.8991817650496787,8,0.8,17,0.85
3730,59,0.9138515488018705,7,0.7,17,0.85
3731,59,0.9057276446522502,6,0.6,17,0.85
3732,59,0.8472238457042667,6,0.6,15,0.75
3733,59,0.8931034482758622,7,0.7,16,0.8
3734,59,0.901168907071888,7,0.7,17,0.85
3735,59,0.900876680303916,7,0.7,15,0.75
3736,59,0.8789012273524257,8,0.8,16,0.8
3737,59,0.9263004091174754,6,0.6,17,0.85
3738,59,0.9067796610169493,6,0.6,17,0.85
3739,59,0.8429573348918762,7,0.7,17,0.85
3740,59,0.9084745762711867,7,0.7,16,0.8
3741,59,0.9345412039742841,8,0.8,17,0.85
3742,59,0.9130917592051433,8,0.8,18,0.9
3743,59,0.9371127995324373,7,0.7,18,0.9
3744,59,0.8988895382817067,7,0.7,17,0.85
3745,59,0.9163646990064291,7,0.7,18,0.9
3746,59,0.8903565166569258,7,0.7,16,0.8
3747,59,0.8966686148451201,9,0.9,17,0.85
3748,59,0.91437755698422,8,0.8,17,0.85
3749,59,0.8859146697837524,7,0.7,17,0.85
3750,59,0.9028053769725309,6,0.6,17,0.85
3751,59,0.8513150204558739,7,0.7,16,0.8
3752,59,0.852542372881356,7,0.7,15,0.75
3753,59,0.8334307422559908,7,0.7,17,0.85
3754,59,0.9000584453535945,7,0.7,14,0.7
3755,59,0.8523085914669785,7,0.7,16,0.8
3756,59,0.8928696668614846,8,0.8,15,0.75
3757,59,0.8859146697837524,7,0.7,16,0.8
3758,59,0.8643483343074226,7,0.7,16,0.8
3759,59,0.9069549970777325,7,0.7,17,0.85
3760,59,0.8898889538281708,8,0.8,16,0.8
3761,59,0.8253652834599651,6,0.6,17,0.85
3762,59,0.9180596142606665,7,0.7,17,0.85
3763,59,0.8254237288135595,7,0.7,18,0.9
3764,59,0.918293395675044,7,0.7,16,0.8
3765,59,0.9186440677966103,8,0.8,16,0.8
3766,59,0.9336060783167739,7,0.7,16,0.8
3767,59,0.9094097019286969,7,0.7,18,0.9
3768,59,0.8756867329047343,7,0.7,16,0.8
3769,59,0.9179427235534776,8,0.8,17,0.85
3770,59,0.8431911163062539,6,0.6,15,0.75
3771,59,0.9175336060783168,8,0.8,17,0.85
3772,59,0.9179427235534776,7,0.7,18,0.9
3773,59,0.8582115721800118,5,0.5,15,0.75
3774,59,0.9149620105201638,5,0.5,18,0.9
3775,59,0.9023378141437757,6,0.6,17,0.85
3776,59,0.8714786674459383,8,0.8,15,0.75
3777,59,0.8929281122150791,7,0.7,17,0.85
3778,59,0.9349503214494449,8,0.8,16,0.8
3779,59,0.895616598480421,6,0.6,15,0.75
3780,59,0.9310344827586208,7,0.7,17,0.85
3781,59,0.8992986557568675,8,0.8,16,0.8
3782,59,0.905376972530684,7,0.7,16,0.8
3783,59,0.917416715371128,8,0.8,16,0.8
3784,59,0.8747516072472241,6,0.6,17,0.85
3785,59,0.9329047340736413,7,0.7,18,0.9
3786,59,0.8529514903565169,8,0.8,16,0.8
3787,59,0.8534774985388663,7,0.7,18,0.9
3788,59,0.849386323787259,7,0.7,17,0.85
3789,59,0.908240794856809,6,0.6,17,0.85
3790,59,0.9087668030391587,8,0.8,15,0.75
3791,59,0.8949736995908827,8,0.8,16,0.8
3792,59,0.9000000000000001,7,0.7,17,0.85
3793,59,0.9153126826417302,9,0.9,17,0.85
3794,59,0.9023378141437757,6,0.6,18,0.9
3795,59,0.9261250730566921,6,0.6,16,0.8
3796,59,0.8912331969608417,8,0.8,17,0.85
3797,59,0.8503798947983636,7,0.7,16,0.8
3798,59,0.8803039158386908,7,0.7,19,0.95
3799,59,0.9245470485096436,8,0.8,17,0.85
3800,59,0.9002337814143777,6,0.6,17,0.85
3801,59,0.889012273524255,8,0.8,14,0.7
3802,59,0.8787258912916425,8,0.8,16,0.8
3803,59,0.9028053769725309,8,0.8,16,0.8
3804,59,0.9298071303331387,8,0.8,16,0.8
3805,59,0.9194623027469317,8,0.8,16,0.8
3806,59,0.8591466978375221,7,0.7,17,0.85
3807,59,0.886323787258913,7,0.7,17,0.85
3808,59,0.8987726475745179,8,0.8,15,0.75
3809,59,0.8888369374634718,6,0.6,17,0.85
3810,59,0.9239041496201054,7,0.7,18,0.9
3811,59,0.9049094097019288,6,0.6,15,0.75
3812,59,0.9199298655756868,8,0.8,16,0.8
3813,59,0.8926358854471073,6,0.6,18,0.9
3814,59,0.8437755698421977,8,0.8,16,0.8
3815,59,0.8633547632963181,7,0.7,18,0.9
3816,59,0.9030976037405027,7,0.7,18,0.9
3817,59,0.9066043249561662,9,0.9,16,0.8
3818,59,0.9177089421391,5,0.5,18,0.9
3819,59,0.8884278199883111,8,0.8,16,0.8
3820,59,0.8772063120981883,7,0.7,15,0.75
3821,59,0.9048509643483345,8,0.8,17,0.85
3822,59,0.8798947983635302,6,0.6,15,0.75
3823,59,0.9184687317358271,6,0.6,18,0.9
3824,59,0.8904734073641147,8,0.8,17,0.85
3825,59,0.9120981881940388,8,0.8,18,0.9
3826,59,0.9079485680888372,9,0.9,17,0.85
3827,59,0.905084745762712,7,0.7,16,0.8
3828,59,0.9491525423728815,7,0.7,16,0.8
3829,59,0.8625365283459966,6,0.6,16,0.8
3830,59,0.8849210987726478,7,0.7,17,0.85
3831,59,0.8647574517825835,5,0.5,16,0.8
3832,59,0.9158386908240795,6,0.6,17,0.85
3833,59,0.8917592051431913,7,0.7,16,0.8
3834,59,0.9027469316189365,7,0.7,19,0.95
3835,59,0.8369959088252487,8,0.8,15,0.75
3836,59,0.8764465225014613,6,0.6,17,0.85
3837,59,0.9006428988895384,7,0.7,18,0.9
3838,59,0.8652834599649329,6,0.6,16,0.8
3839,59,0.9427235534774987,8,0.8,18,0.9
3840,59,0.8904734073641147,7,0.7,19,0.95
3841,59,0.9205143191116308,7,0.7,20,1.0
3842,59,0.8887784921098774,6,0.6,17,0.85
3843,59,0.8654003506721217,5,0.5,16,0.8
3844,59,0.8897136177673876,7,0.7,16,0.8
3845,59,0.8831092928112217,7,0.7,17,0.85
3846,59,0.7981297486849797,7,0.7,16,0.8
3847,59,0.7802454704850966,8,0.8,15,0.75
3848,59,0.8673290473407366,6,0.6,17,0.85
3849,59,0.9123319696084162,8,0.8,17,0.85
3850,59,0.8895967270601988,7,0.7,17,0.85
3851,59,0.8967270601987144,8,0.8,17,0.85
3852,59,0.9310929281122152,8,0.8,18,0.9
3853,59,0.8649912331969609,7,0.7,15,0.75
3854,59,0.9181765049678552,6,0.6,16,0.8
3855,59,0.9184102863822328,8,0.8,17,0.85
3856,59,0.9046756282875512,6,0.6,18,0.9
3857,59,0.8800701344243133,7,0.7,17,0.85
3858,59,0.8852133255406196,8,0.8,15,0.75
3859,59,0.8953243717124489,6,0.6,19,0.95
3860,59,0.8327878433664525,7,0.7,17,0.85
3861,59,0.9091759205143193,8,0.8,16,0.8
3862,59,0.8364699006428991,8,0.8,16,0.8
3863,59,0.918293395675044,7,0.7,17,0.85
3864,59,0.9282291057860902,7,0.7,18,0.9
3865,59,0.8756867329047343,8,0.8,17,0.85
3866,59,0.8957919345412041,7,0.7,16,0.8
3867,59,0.9064874342489774,9,0.9,15,0.75
3868,59,0.8803623611922853,6,0.6,18,0.9
3869,59,0.8802454704850965,8,0.8,15,0.75
3870,59,0.9180596142606665,8,0.8,19,0.95
3871,59,0.9538281706604326,7,0.7,17,0.85
3872,59,0.9234365867913502,8,0.8,18,0.9
3873,59,0.8482174167153712,5,0.5,16,0.8
3874,59,0.8556399766218588,7,0.7,18,0.9
3875,59,0.8992986557568675,7,0.7,17,0.85
3876,59,0.9351841028638225,6,0.6,17,0.85
3877,59,0.908825248392753,6,0.6,16,0.8
3878,59,0.8898889538281708,9,0.9,16,0.8
3879,59,0.8684979544126242,6,0.6,16,0.8
3880,59,0.8915254237288137,7,0.7,17,0.85
3881,59,0.8928696668614846,9,0.9,16,0.8
3882,59,0.9120397428404443,6,0.6,18,0.9
3883,59,0.8770894213909995,6,0.6,16,0.8
3884,59,0.9165400350672123,7,0.7,16,0.8
3885,59,0.9302162478082994,6,0.6,17,0.85
3886,59,0.8781414377556986,8,0.8,15,0.75
3887,59,0.8516072472238458,7,0.7,13,0.65
3888,59,0.8942139099941556,9,0.9,16,0.8
3889,59,0.8765049678550557,8,0.8,17,0.85
3890,59,0.9437755698421977,7,0.7,19,0.95
3891,59,0.9064874342489774,8,0.8,14,0.7
3892,59,0.8953828170660433,8,0.8,16,0.8
3893,59,0.9044418468731737,6,0.6,16,0.8
3894,59,0.9113383985973117,6,0.6,16,0.8
3895,59,0.8720631209818821,6,0.6,13,0.65
3896,59,0.9150789012273526,6,0.6,16,0.8
3897,59,0.8216247808299242,6,0.6,18,0.9
3898,59,0.9153711279953246,8,0.8,17,0.85
3899,59,0.8852133255406196,7,0.7,17,0.85
3900,59,0.9250146113383987,7,0.7,17,0.85
3901,59,0.8666861484511983,8,0.8,15,0.75
3902,59,0.8592635885447109,6,0.6,16,0.8
3903,59,0.8659263588544711,8,0.8,16,0.8
3904,59,0.8868497954412625,7,0.7,19,0.95
3905,59,0.8317358270017535,7,0.7,16,0.8
3906,59,0.8623611922852135,7,0.7,16,0.8
3907,59,0.886732904734074,6,0.6,17,0.85
3908,59,0.9073641145528931,7,0.7,17,0.85
3909,59,0.9174751607247225,7,0.7,18,0.9
3910,59,0.9004675628287552,8,0.8,17,0.85
3911,59,0.849210987726476,8,0.8,15,0.75
3912,59,0.8812974868497956,7,0.7,16,0.8
3913,59,0.8758620689655173,6,0.6,18,0.9
3914,59,0.8704266510812392,6,0.6,17,0.85
3915,59,0.9394506136762129,8,0.8,18,0.9
3916,59,0.8947983635300996,9,0.9,16,0.8
3917,59,0.8562828755113969,7,0.7,15,0.75
3918,59,0.9093512565751024,8,0.8,15,0.75
3919,59,0.8929281122150791,6,0.6,17,0.85
3920,59,0.8713617767387495,7,0.7,16,0.8
3921,59,0.8592051431911164,6,0.6,16,0.8
3922,59,0.8707773232028054,7,0.7,17,0.85
3923,59,0.884511981297487,7,0.7,18,0.9
3924,59,0.9105786090005845,7,0.7,18,0.9
3925,59,0.8591466978375221,8,0.8,16,0.8
3926,59,0.8554646405610755,8,0.8,16,0.8
3927,59,0.9071887784921099,6,0.6,16,0.8
3928,59,0.8922267679719463,8,0.8,18,0.9
3929,59,0.9002337814143777,6,0.6,18,0.9
3930,59,0.8736411455289306,6,0.6,17,0.85
3931,59,0.8593220338983053,7,0.7,16,0.8
3932,59,0.9248392752776157,5,0.5,17,0.85
3933,59,0.9199883109292811,7,0.7,17,0.85
3934,59,0.881063705435418,8,0.8,15,0.75
3935,59,0.8550555230859148,7,0.7,17,0.85
3936,59,0.8488603156049096,6,0.6,14,0.7
3937,59,0.9038573933372297,8,0.8,16,0.8
3938,59,0.8251315020455876,7,0.7,15,0.75
3939,59,0.880187025131502,8,0.8,17,0.85
3940,59,0.8887784921098774,8,0.8,17,0.85
3941,59,0.9128579777907658,5,0.5,18,0.9
3942,59,0.9197545295149038,7,0.7,17,0.85
3943,59,0.9160140268848628,6,0.6,17,0.85
3944,59,0.9115137346580947,6,0.6,17,0.85
3945,59,0.8647574517825835,6,0.6,17,0.85
3946,59,0.9137346580946817,8,0.8,15,0.75
3947,59,0.8926358854471073,7,0.7,16,0.8
3948,59,0.8967270601987144,7,0.7,16,0.8
3949,59,0.8005844535359441,6,0.6,14,0.7
3950,59,0.9128579777907658,9,0.9,16,0.8
3951,59,0.8063120981881942,6,0.6,16,0.8
3952,59,0.8810052600818236,8,0.8,17,0.85
3953,59,0.9104032729398014,5,0.5,17,0.85
3954,59,0.9197545295149038,8,0.8,18,0.9
3955,59,0.8777323202805378,8,0.8,16,0.8
3956,59,0.9260666277030977,6,0.6,18,0.9
3957,59,0.8970777323202807,5,0.5,17,0.85
3958,59,0.9222676797194624,7,0.7,16,0.8
3959,59,0.8981297486849796,7,0.7,19,0.95
3960,59,0.8973699590882526,8,0.8,17,0.85
3961,59,0.8688486265341908,7,0.7,16,0.8
3962,59,0.9254821741671538,8,0.8,18,0.9
3963,59,0.9028638223261254,7,0.7,17,0.85
3964,59,0.9202220923436587,9,0.9,15,0.75
3965,59,0.87416715371128,8,0.8,15,0.75
3966,59,0.8830508474576273,8,0.8,16,0.8
3967,59,0.8587960257159557,8,0.8,15,0.75
3968,59,0.885271770894214,6,0.6,17,0.85
3969,59,0.9227352425482176,7,0.7,16,0.8
3970,59,0.8987142022209236,8,0.8,15,0.75
3971,59,0.887843366452367,8,0.8,15,0.75
3972,59,0.9048509643483345,5,0.5,18,0.9
3973,59,0.8968439509059032,8,0.8,17,0.85
3974,59,0.890239625949737,8,0.8,17,0.85
3975,59,0.884511981297487,8,0.8,16,0.8
3976,59,0.8109877264757452,7,0.7,14,0.7
3977,59,0.8809468147282292,8,0.8,17,0.85
3978,59,0.9052016364699008,7,0.7,18,0.9
3979,59,0.9143191116306255,7,0.7,16,0.8
3980,59,0.9385739333722969,6,0.6,17,0.85
3981,59,0.8737580362361194,6,0.6,16,0.8
3982,59,0.8672121566335478,6,0.6,16,0.8
3983,59,0.9122735242548219,9,0.9,17,0.85
3984,59,0.9187609585037991,6,0.6,17,0.85
3985,59,0.8983635300993572,5,0.5,16,0.8
3986,59,0.8791350087668033,6,0.6,14,0.7
3987,59,0.8847457627118646,8,0.8,16,0.8
3988,59,0.9037989479836354,8,0.8,16,0.8
3989,59,0.8941554646405612,7,0.7,18,0.9
3990,59,0.9265926358854474,7,0.7,18,0.9
3991,59,0.897720631209819,6,0.6,16,0.8
3992,59,0.8857393337229692,8,0.8,16,0.8
3993,59,0.9126241963763883,7,0.7,16,0.8
3994,59,0.8955581531268265,7,0.7,16,0.8
3995,59,0.8785505552308592,8,0.8,16,0.8
3996,59,0.8510812390414964,7,0.7,15,0.75
3997,59,0.8894213909994156,7,0.7,18,0.9
3998,59,0.8862653419053186,7,0.7,17,0.85
3999,59,0.9149620105201638,8,0.8,18,0.9
4000,59,0.909760374050263,8,0.8,18,0.9
4001,59,0.9267679719462304,8,0.8,16,0.8
4002,59,0.8156049094097021,9,0.9,17,0.85
4003,59,0.9105786090005845,7,0.7,16,0.8
4004,59,0.814085330216248,7,0.7,13,0.65
4005,59,0.9249561659848042,6,0.6,16,0.8
4006,59,0.9399766218585625,8,0.8,18,0.9
4007,59,0.9157218001168907,6,0.6,18,0.9
4008,59,0.7697837521917009,4,0.4,14,0.7
4009,59,0.9175336060783168,8,0.8,18,0.9
4010,59,0.8972530683810638,7,0.7,16,0.8
4011,59,0.9057860900058446,6,0.6,18,0.9
4012,59,0.9111630625365286,7,0.7,18,0.9
4013,59,0.8641145528930452,8,0.8,17,0.85
4014,59,0.8479836353009937,5,0.5,16,0.8
4015,59,0.8961426066627703,7,0.7,17,0.85
4016,59,0.9170660432495619,7,0.7,17,0.85
4017,59,0.8001753360607833,6,0.6,16,0.8
4018,59,0.902104032729398,7,0.7,17,0.85
4019,59,0.8244886031560492,6,0.6,15,0.75
4020,59,0.7893045002922269,5,0.5,15,0.75
4021,59,0.8449444769140855,7,0.7,17,0.85
4022,59,0.9240794856808886,7,0.7,19,0.95
4023,59,0.9597895967270603,8,0.8,17,0.85
4024,59,0.9093512565751024,6,0.6,16,0.8
4025,59,0.8600233781414378,7,0.7,15,0.75
4026,59,0.87895967270602,6,0.6,16,0.8
4027,59,0.8564582115721802,9,0.9,17,0.85
4028,59,0.9023378141437757,9,0.9,18,0.9
4029,59,0.8606078316773818,8,0.8,16,0.8
4030,59,0.8960257159555817,7,0.7,17,0.85
4031,59,0.8376388077147868,7,0.7,16,0.8
4032,59,0.8801285797779077,6,0.6,15,0.75
4033,59,0.9257159555815315,8,0.8,18,0.9
4034,59,0.9151373465809469,7,0.7,15,0.75
4035,59,0.9362945645821159,7,0.7,17,0.85
4036,59,0.9244301578024549,8,0.8,18,0.9
4037,59,0.9022793687901812,7,0.7,16,0.8
4038,59,0.804032729398013,7,0.7,15,0.75
4039,59,0.8853886616014028,6,0.6,17,0.85
4040,59,0.9220338983050849,7,0.7,16,0.8
4041,59,0.8387492694330801,6,0.6,15,0.75
4042,59,0.8540619520748102,6,0.6,15,0.75
4043,59,0.9195791934541205,7,0.7,17,0.85
4044,59,0.8651081239041498,5,0.5,15,0.75
4045,59,0.8710695499707775,7,0.7,15,0.75
4046,59,0.8208065458796027,6,0.6,15,0.75
4047,59,0.9199883109292811,8,0.8,17,0.85
4048,59,0.9074225599064876,8,0.8,16,0.8
4049,59,0.8706019871420224,7,0.7,17,0.85
4050,59,0.8949152542372883,7,0.7,16,0.8
4051,59,0.8727644652250148,8,0.8,17,0.85
4052,59,0.8805376972530685,8,0.8,16,0.8
4053,59,0.8972530683810638,7,0.7,18,0.9
4054,59,0.9105201636469904,8,0.8,16,0.8
4055,59,0.9165984804208066,7,0.7,16,0.8
4056,59,0.8798363530099359,6,0.6,16,0.8
4057,59,0.8698421975452953,8,0.8,16,0.8
4058,59,0.8628287551139686,6,0.6,15,0.75
4059,59,0.8921683226183519,7,0.7,17,0.85
4060,59,0.9142606662770311,7,0.7,14,0.7
4061,59,0.8789012273524257,6,0.6,18,0.9
4062,59,0.8263004091174753,5,0.5,15,0.75
4063,59,0.9101110461718295,7,0.7,18,0.9
4064,59,0.9023962594973701,9,0.9,17,0.85
4065,59,0.8438924605493864,7,0.7,14,0.7
4066,59,0.8819988310929282,6,0.6,15,0.75
4067,59,0.910929281122151,6,0.6,17,0.85
4068,59,0.8918176504967857,6,0.6,16,0.8
4069,59,0.9065458796025717,7,0.7,17,0.85
4070,59,0.8512565751022796,6,0.6,14,0.7
4071,59,0.9024547048509646,8,0.8,16,0.8
4072,59,0.907013442431327,7,0.7,15,0.75
4073,59,0.8682641729982467,7,0.7,17,0.85
4074,59,0.9139099941554648,7,0.7,17,0.85
4075,59,0.9055523085914671,6,0.6,17,0.85
4076,59,0.8861484511981298,6,0.6,17,0.85
4077,59,0.8734658094681473,6,0.6,17,0.85
4078,59,0.8951490356516659,7,0.7,17,0.85
4079,59,0.8920514319111631,7,0.7,17,0.85
4080,59,0.9153126826417302,6,0.6,17,0.85
4081,59,0.8843366452367037,8,0.8,18,0.9
4082,59,0.9071887784921099,7,0.7,16,0.8
4083,59,0.9265926358854474,8,0.8,18,0.9
4084,59,0.9172413793103451,7,0.7,16,0.8
4085,59,0.8931618936294566,7,0.7,17,0.85
4086,59,0.8838690824079487,5,0.5,17,0.85
4087,59,0.8082992402104033,5,0.5,16,0.8
4088,59,0.91198129748685,8,0.8,17,0.85
4089,59,0.8517241379310346,7,0.7,16,0.8
4090,59,0.9099357101110462,7,0.7,16,0.8
4091,59,0.8059614260666279,8,0.8,16,0.8
4092,59,0.8956750438340153,7,0.7,16,0.8
4093,59,0.8289888953828172,7,0.7,15,0.75
4094,59,0.9114552893045004,7,0.7,17,0.85
4095,59,0.9286966686148452,9,0.9,16,0.8
4096,59,0.8808299240210405,8,0.8,17,0.85
4097,59,0.8741087083576856,7,0.7,16,0.8
4098,59,0.8908240794856811,7,0.7,15,0.75
4099,59,0.8868497954412625,7,0.7,17,0.85
4100,59,0.9144360023378143,8,0.8,16,0.8
4101,59,0.9167738164815898,8,0.8,18,0.9
4102,59,0.829865575686733,7,0.7,17,0.85
4103,59,0.8788427819988313,6,0.6,15,0.75
4104,59,0.8838690824079487,8,0.8,16,0.8
4105,59,0.9251315020455875,9,0.9,15,0.75
4106,59,0.8604324956165985,8,0.8,14,0.7
4107,59,0.9153711279953246,6,0.6,17,0.85
4108,59,0.9115137346580947,7,0.7,17,0.85
4109,59,0.8726475745178259,7,0.7,16,0.8
4110,59,0.9084745762711867,5,0.5,17,0.85
4111,59,0.9386908240794857,7,0.7,16,0.8
4112,59,0.8218585622443016,7,0.7,14,0.7
4113,59,0.8850379894798366,6,0.6,16,0.8
4114,59,0.9187025131502048,6,0.6,17,0.85
4115,59,0.920397428404442,6,0.6,17,0.85
4116,59,0.8946230274693163,8,0.8,16,0.8
4117,59,0.9155464640561077,9,0.9,17,0.85
4118,59,0.9047340736411457,7,0.7,17,0.85
4119,59,0.8606078316773818,7,0.7,16,0.8
4120,59,0.9009935710111048,5,0.5,17,0.85
4121,59,0.9173582700175337,7,0.7,16,0.8
4122,59,0.9264172998246641,7,0.7,19,0.95
4123,59,0.908825248392753,7,0.7,16,0.8
4124,59,0.8682641729982467,8,0.8,16,0.8
4125,59,0.9016364699006431,8,0.8,17,0.85
4126,59,0.9502045587375805,7,0.7,18,0.9
4127,59,0.8852133255406196,8,0.8,18,0.9
4128,59,0.829398012857978,7,0.7,17,0.85
4129,59,0.8906487434248979,5,0.5,15,0.75
4130,59,0.9245470485096436,7,0.7,17,0.85
4131,59,0.8975452951490358,7,0.7,15,0.75
4132,59,0.8720631209818821,7,0.7,16,0.8
4133,59,0.9395675043834018,8,0.8,16,0.8
4134,59,0.9112215078901229,8,0.8,17,0.85
4135,59,0.930040911747516,8,0.8,17,0.85
4136,59,0.8956750438340153,8,0.8,15,0.75
4137,59,0.9095265926358856,7,0.7,17,0.85
4138,59,0.9462302746931619,9,0.9,17,0.85
4139,59,0.8860900058445353,7,0.7,17,0.85
4140,59,0.8962010520163647,7,0.7,17,0.85
4141,59,0.8565166569257744,7,0.7,15,0.75
4142,59,0.8675043834015198,7,0.7,17,0.85
4143,59,0.8906487434248979,6,0.6,15,0.75
4144,59,0.8828170660432497,7,0.7,15,0.75
4145,59,0.8767387492694332,7,0.7,17,0.85
4146,59,0.8757451782583286,8,0.8,17,0.85
4147,59,0.9145528930450032,8,0.8,18,0.9
4148,59,0.9358854471069553,8,0.8,17,0.85
4149,59,0.9314436002337816,8,0.8,16,0.8
4150,59,0.9079485680888372,7,0.7,18,0.9
4151,59,0.8699006428988896,8,0.8,15,0.75
4152,59,0.9027469316189365,7,0.7,19,0.95
4153,59,0.8407948568088838,7,0.7,16,0.8
4154,59,0.9303915838690826,8,0.8,17,0.85
4155,59,0.9396843950905905,8,0.8,18,0.9
4156,59,0.8731151373465812,7,0.7,16,0.8
4157,59,0.9002337814143777,8,0.8,18,0.9
4158,59,0.9084745762711867,7,0.7,18,0.9
4159,59,0.8428404441846874,6,0.6,16,0.8
4160,59,0.8714202220923438,7,0.7,17,0.85
4161,59,0.9189947399181768,5,0.5,18,0.9
4162,59,0.7833430742255992,7,0.7,16,0.8
4163,59,0.9141437755698423,7,0.7,17,0.85
4164,59,0.8563413208649914,6,0.6,17,0.85
4165,59,0.9251899473991819,7,0.7,18,0.9
4166,59,0.8753360607831678,7,0.7,14,0.7
4167,59,0.8757451782583286,7,0.7,16,0.8
4168,59,0.8725891291642316,7,0.7,16,0.8
4169,59,0.8952074810052603,6,0.6,15,0.75
4170,59,0.8557568673290474,6,0.6,16,0.8
4171,59,0.9006428988895384,6,0.6,17,0.85
4172,59,0.8509643483343077,6,0.6,16,0.8
4173,59,0.8836353009935711,7,0.7,18,0.9
4174,59,0.7851548801870252,7,0.7,16,0.8
4175,59,0.9017533606078318,7,0.7,17,0.85
4176,59,0.8147866744593806,8,0.8,16,0.8
4177,59,0.8753360607831678,7,0.7,18,0.9
4178,59,0.880187025131502,7,0.7,16,0.8
4179,59,0.8693746347165402,6,0.6,16,0.8
4180,59,0.9136762127410872,8,0.8,17,0.85
4181,59,0.8995908825248393,7,0.7,16,0.8
4182,59,0.8645821157218001,5,0.5,14,0.7
4183,59,0.9144360023378143,8,0.8,16,0.8
4184,59,0.9220338983050849,8,0.8,17,0.85
4185,59,0.9029222676797195,6,0.6,18,0.9
4186,59,0.9250146113383987,8,0.8,16,0.8
4187,59,0.9067796610169493,7,0.7,16,0.8
4188,59,0.7872004675628288,8,0.8,14,0.7
4189,59,0.8939216832261836,8,0.8,17,0.85
4190,59,0.8899473991817652,7,0.7,17,0.85
4191,59,0.8907656341320868,6,0.6,16,0.8
4192,59,0.9028638223261254,8,0.8,16,0.8
4193,59,0.8749853886616015,6,0.6,17,0.85
4194,59,0.9317942723553478,7,0.7,17,0.85
4195,59,0.8630040911747517,6,0.6,16,0.8
4196,59,0.9144944476914088,6,0.6,16,0.8
4197,59,0.9237872589129166,7,0.7,18,0.9
4198,59,0.8699590882524839,7,0.7,16,0.8
4199,59,0.9553477498538869,7,0.7,18,0.9
4200,59,0.8544710695499709,5,0.5,16,0.8
4201,59,0.9066627703097605,6,0.6,17,0.85
4202,59,0.8710111046171831,7,0.7,15,0.75
4203,59,0.8962594973699591,6,0.6,17,0.85
4204,59,0.8822910578609002,6,0.6,17,0.85
4205,59,0.9417884278199885,7,0.7,19,0.95
4206,59,0.9019871420222094,7,0.7,18,0.9
4207,59,0.8483927527761544,8,0.8,15,0.75
4208,59,0.8733489187609585,8,0.8,17,0.85
4209,59,0.8976621858562246,7,0.7,18,0.9
4210,59,0.8882524839275279,7,0.7,17,0.85
4211,59,0.9179427235534776,8,0.8,18,0.9
4212,59,0.8874926943308009,7,0.7,16,0.8
4213,59,0.9353594389246057,8,0.8,17,0.85
4214,59,0.901344243132671,7,0.7,18,0.9
4215,59,0.8877264757451783,7,0.7,15,0.75
4216,59,0.8895967270601988,8,0.8,16,0.8
4217,59,0.8587960257159557,6,0.6,17,0.85
4218,59,0.8724137931034482,8,0.8,16,0.8
4219,59,0.901344243132671,7,0.7,18,0.9
4220,59,0.8110461718293397,7,0.7,16,0.8
4221,59,0.8706604324956168,8,0.8,16,0.8
4222,59,0.8341320864991234,7,0.7,15,0.75
4223,59,0.8629456458211574,6,0.6,17,0.85
4224,59,0.8180596142606664,8,0.8,15,0.75
4225,59,0.905844535359439,8,0.8,16,0.8
4226,59,0.8503798947983636,7,0.7,15,0.75
4227,59,0.9096434833430744,8,0.8,17,0.85
4228,59,0.8629456458211574,6,0.6,17,0.85
4229,59,0.8904149620105202,4,0.4,18,0.9
4230,59,0.8954997077732321,5,0.5,18,0.9
4231,59,0.8988310929281124,6,0.6,18,0.9
4232,59,0.8484511981297488,6,0.6,14,0.7
4233,59,0.9080070134424313,7,0.7,18,0.9
4234,59,0.8766803039158387,8,0.8,17,0.85
4235,59,0.8529514903565169,6,0.6,16,0.8
4236,59,0.8764465225014613,7,0.7,16,0.8
4237,59,0.8744009351256575,6,0.6,17,0.85
4238,59,0.8805376972530685,7,0.7,16,0.8
4239,59,0.9135593220338984,7,0.7,17,0.85
4240,59,0.8179427235534776,6,0.6,16,0.8
4241,59,0.8758620689655173,7,0.7,16,0.8
4242,59,0.9272355347749855,8,0.8,17,0.85
4243,59,0.8755698421975455,7,0.7,15,0.75
4244,59,0.8791350087668033,7,0.7,15,0.75
4245,59,0.9212741087083579,8,0.8,17,0.85
4246,59,0.9120981881940388,7,0.7,18,0.9
4247,59,0.8486265341905319,7,0.7,13,0.65
4248,59,0.9033313851548803,7,0.7,17,0.85
4249,59,0.9335476329631794,9,0.9,17,0.85
4250,59,0.8639392168322619,7,0.7,16,0.8
4251,59,0.9179427235534776,7,0.7,18,0.9
4252,59,0.8654587960257161,7,0.7,16,0.8
4253,59,0.8826417299824665,5,0.5,17,0.85
4254,59,0.8909409701928699,7,0.7,19,0.95
4255,59,0.9063120981881941,7,0.7,18,0.9
4256,59,0.8727060198714204,9,0.9,14,0.7
4257,59,0.8916423144360025,7,0.7,15,0.75
4258,59,0.8729982466393924,7,0.7,17,0.85
4259,59,0.9489772063120984,8,0.8,19,0.95
4260,59,0.870543541788428,7,0.7,18,0.9
4261,59,0.9035067212156636,7,0.7,16,0.8
4262,59,0.9046171829339569,6,0.6,15,0.75
4263,59,0.8820572764465225,6,0.6,17,0.85
4264,59,0.9059614260666279,7,0.7,18,0.9
4265,59,0.8986557568673293,7,0.7,18,0.9
4266,59,0.8724137931034482,7,0.7,15,0.75
4267,59,0.9215663354763297,7,0.7,16,0.8
4268,59,0.8806545879602574,6,0.6,16,0.8
4269,59,0.8566335476329633,6,0.6,17,0.85
4270,59,0.8798947983635302,7,0.7,18,0.9
4271,59,0.9353594389246057,7,0.7,18,0.9
4272,59,0.8651665692577442,7,0.7,16,0.8
4273,59,0.9026300409117477,6,0.6,17,0.85
4274,59,0.909000584453536,7,0.7,18,0.9
4275,59,0.8733489187609585,5,0.5,17,0.85
4276,59,0.9343658679135008,6,0.6,18,0.9
4277,59,0.908825248392753,8,0.8,17,0.85
4278,59,0.905084745762712,6,0.6,18,0.9
4279,59,0.9110461718293398,8,0.8,16,0.8
4280,59,0.9111630625365286,8,0.8,17,0.85
4281,59,0.900876680303916,7,0.7,16,0.8
4282,59,0.8447691408533022,6,0.6,15,0.75
4283,59,0.8620105201636472,7,0.7,17,0.85
4284,59,0.9126241963763883,7,0.7,18,0.9
4285,59,0.9069549970777325,7,0.7,15,0.75
4286,59,0.8311513734658096,8,0.8,16,0.8
4287,59,0.9028638223261254,8,0.8,17,0.85
4288,59,0.8492694330800703,6,0.6,15,0.75
4289,59,0.8695499707773233,8,0.8,16,0.8
4290,59,0.8668030391583871,8,0.8,16,0.8
4291,59,0.8463471654003507,6,0.6,14,0.7
4292,59,0.8932787843366454,7,0.7,17,0.85
4293,59,0.8851548801870252,8,0.8,17,0.85
4294,59,0.918293395675044,7,0.7,18,0.9
4295,59,0.8980713033313852,8,0.8,16,0.8
4296,59,0.86364699006429,7,0.7,17,0.85
4297,59,0.9043834015195793,7,0.7,16,0.8
4298,59,0.9292226767971947,7,0.7,18,0.9
4299,59,0.8866744593804795,7,0.7,16,0.8
4300,59,0.9175336060783168,8,0.8,16,0.8
4301,59,0.8038573933372298,6,0.6,15,0.75
4302,59,0.9239041496201054,6,0.6,18,0.9
4303,59,0.8888369374634718,7,0.7,15,0.75
4304,59,0.8970192869666862,8,0.8,17,0.85
4305,59,0.8947983635300996,8,0.8,17,0.85
4306,59,0.8756867329047343,7,0.7,17,0.85
4307,59,0.9044418468731737,9,0.9,16,0.8
4308,59,0.8943308007013444,8,0.8,16,0.8
4309,59,0.9378725891291643,7,0.7,16,0.8
4310,59,0.9371127995324373,9,0.9,16,0.8
4311,59,0.9080654587960257,6,0.6,15,0.75
4312,59,0.9196960841613093,9,0.9,15,0.75
4313,59,0.9119228521332555,8,0.8,18,0.9
4314,59,0.8348334307422561,7,0.7,15,0.75
4315,59,0.8656341320864993,8,0.8,16,0.8
4316,59,0.8668614845119814,6,0.6,15,0.75
4317,59,0.9045587375803626,9,0.9,17,0.85
4318,59,0.91198129748685,8,0.8,17,0.85
4319,59,0.9002337814143777,6,0.6,18,0.9
4320,59,0.8180596142606664,6,0.6,13,0.65
4321,59,0.923085914669784,6,0.6,17,0.85
4322,59,0.8833430742255993,6,0.6,18,0.9
4323,59,0.8757451782583286,7,0.7,15,0.75
4324,59,0.8948568088836939,6,0.6,17,0.85
4325,59,0.9319696084161311,7,0.7,16,0.8
4326,59,0.8435417884278201,5,0.5,17,0.85
4327,59,0.8755698421975455,7,0.7,17,0.85
4328,59,0.8518994739918178,7,0.7,15,0.75
4329,59,0.8615429573348921,8,0.8,16,0.8
4330,59,0.885096434833431,7,0.7,17,0.85
4331,59,0.855230859146698,6,0.6,17,0.85
4332,59,0.8903565166569258,7,0.7,17,0.85
4333,59,0.9199883109292811,7,0.7,18,0.9
4334,59,0.8369959088252487,7,0.7,16,0.8
4335,59,0.9081823495032145,5,0.5,16,0.8
4336,59,0.91437755698422,10,1.0,17,0.85
4337,59,0.897428404441847,7,0.7,16,0.8
4338,59,0.8798947983635302,6,0.6,18,0.9
4339,59,0.9194623027469317,8,0.8,17,0.85
4340,59,0.9195791934541205,8,0.8,18,0.9
4341,59,0.8846873173582702,5,0.5,17,0.85
4342,59,0.9245470485096436,8,0.8,17,0.85
4343,59,0.9015780245470486,6,0.6,19,0.95
4344,59,0.8895382817066044,6,0.6,17,0.85
4345,59,0.9109877264757453,8,0.8,16,0.8
4346,59,0.7929865575686733,6,0.6,15,0.75
4347,59,0.9007597895967272,8,0.8,17,0.85
4348,59,0.8966686148451201,6,0.6,17,0.85
4349,59,0.9009935710111048,9,0.9,17,0.85
4350,59,0.8643483343074226,6,0.6,15,0.75
4351,59,0.8782583284628874,6,0.6,16,0.8
4352,59,0.882407948568089,7,0.7,16,0.8
4353,59,0.9130333138515491,7,0.7,17,0.85
4354,59,0.919637638807715,7,0.7,17,0.85
4355,59,0.8489772063120984,6,0.6,15,0.75
4356,59,0.9316773816481593,8,0.8,16,0.8
4357,59,0.8807714786674462,5,0.5,17,0.85
4358,59,0.8324371712448861,7,0.7,16,0.8
4359,59,0.9343074225599065,7,0.7,18,0.9
4360,59,0.9153711279953246,8,0.8,15,0.75
4361,59,0.8468731735827003,6,0.6,16,0.8
4362,59,0.8987726475745179,6,0.6,15,0.75
4363,59,0.8084161309175921,7,0.7,16,0.8
4364,59,0.8419053185271772,7,0.7,16,0.8
4365,59,0.8964348334307424,8,0.8,18,0.9
4366,59,0.8727060198714204,6,0.6,16,0.8
4367,59,0.8594973699590883,6,0.6,14,0.7
4368,59,0.9020455873758039,7,0.7,17,0.85
4369,59,0.8780245470485097,7,0.7,16,0.8
4370,59,0.8576855639976624,6,0.6,14,0.7
4371,59,0.9056691992986559,7,0.7,17,0.85
4372,59,0.8870251315020456,7,0.7,16,0.8
4373,59,0.9059614260666279,6,0.6,17,0.85
4374,59,0.9082992402104033,5,0.5,17,0.85
4375,59,0.8842197545295151,7,0.7,16,0.8
4376,59,0.8519579193454121,7,0.7,16,0.8
4377,59,0.8650496785505554,8,0.8,17,0.85
4378,59,0.8763880771478669,5,0.5,16,0.8
4379,59,0.8748100526008185,7,0.7,18,0.9
4380,59,0.860783167738165,7,0.7,15,0.75
4381,59,0.8641145528930452,8,0.8,15,0.75
4382,59,0.8903565166569258,8,0.8,16,0.8
4383,59,0.8918760958503801,7,0.7,17,0.85
4384,59,0.8853886616014028,6,0.6,16,0.8
4385,59,0.915897136177674,8,0.8,18,0.9
4386,59,0.9023962594973701,7,0.7,15,0.75
4387,59,0.884511981297487,7,0.7,15,0.75
4388,59,0.9354763296317945,8,0.8,18,0.9
4389,59,0.9201636469900644,8,0.8,17,0.85
4390,59,0.8531852717708943,8,0.8,13,0.65
4391,59,0.9104032729398014,7,0.7,16,0.8
4392,59,0.8589129164231446,4,0.4,17,0.85
4393,59,0.9130917592051433,6,0.6,16,0.8
4394,59,0.919345412039743,6,0.6,16,0.8
4395,59,0.8978959672706021,6,0.6,18,0.9
4396,59,0.916656925774401,7,0.7,17,0.85
4397,59,0.8800116890707191,6,0.6,17,0.85
4398,59,0.8811805961426068,8,0.8,17,0.85
4399,59,0.8915838690824082,6,0.6,16,0.8
4400,59,0.8969023962594976,7,0.7,17,0.85
4401,59,0.8949152542372883,7,0.7,17,0.85
4402,59,0.9462887200467563,7,0.7,18,0.9
4403,59,0.9000584453535945,8,0.8,17,0.85
4404,59,0.9136762127410872,7,0.7,18,0.9
4405,59,0.9176504967855057,7,0.7,16,0.8
4406,59,0.8676797194623028,8,0.8,18,0.9
4407,59,0.9039158386908241,6,0.6,17,0.85
4408,59,0.879076563413209,8,0.8,16,0.8
4409,59,0.9026884862653421,6,0.6,17,0.85
4410,59,0.8819988310929282,7,0.7,16,0.8
4411,59,0.9181180596142609,9,0.9,18,0.9
4412,59,0.9327878433664525,7,0.7,18,0.9
4413,59,0.9150204558737581,7,0.7,17,0.85
4414,59,0.9450029222676799,7,0.7,16,0.8
4415,59,0.8915838690824082,7,0.7,15,0.75
4416,59,0.8862068965517242,8,0.8,15,0.75
4417,59,0.8909994155464643,7,0.7,16,0.8
4418,59,0.897428404441847,8,0.8,17,0.85
4419,59,0.804500292226768,8,0.8,16,0.8
4420,59,0.8940970192869668,7,0.7,16,0.8
4421,59,0.876271186440678,6,0.6,15,0.75
4422,59,0.8805961426066629,7,0.7,18,0.9
4423,59,0.8885447106954998,7,0.7,17,0.85
4424,59,0.9045587375803626,7,0.7,15,0.75
4425,59,0.8703097603740504,6,0.6,16,0.8
4426,59,0.8784921098772648,7,0.7,17,0.85
4427,59,0.9216832261835185,6,0.6,17,0.85
4428,59,0.8864991233196962,7,0.7,16,0.8
4429,59,0.92250146113384,6,0.6,16,0.8
4430,59,0.9296317942723554,7,0.7,19,0.95
4431,59,0.8780829924021042,6,0.6,18,0.9
4432,59,0.9015780245470486,9,0.9,17,0.85
4433,59,0.8921098772647575,7,0.7,15,0.75
4434,59,0.8793687901811806,6,0.6,17,0.85
4435,59,0.8661016949152543,6,0.6,15,0.75
4436,59,0.9204558737580365,8,0.8,18,0.9
4437,59,0.8642314436002339,8,0.8,16,0.8
4438,59,0.8874342489772065,8,0.8,16,0.8
4439,59,0.835242548217417,8,0.8,16,0.8
4440,59,0.8899473991817652,7,0.7,19,0.95
4441,59,0.8443600233781415,7,0.7,17,0.85
4442,59,0.7934541203974286,6,0.6,15,0.75
4443,59,0.8869666861484513,8,0.8,17,0.85
4444,59,0.9304500292226769,8,0.8,17,0.85
4445,59,0.889012273524255,8,0.8,16,0.8
4446,59,0.9068965517241382,6,0.6,18,0.9
4447,59,0.9026884862653421,5,0.5,18,0.9
4448,59,0.9134424313267097,7,0.7,18,0.9
4449,59,0.9154880187025134,6,0.6,18,0.9
4450,59,0.9383401519579195,8,0.8,17,0.85
4451,59,0.8420806545879604,9,0.9,16,0.8
4452,59,0.9056107539450614,8,0.8,17,0.85
4453,59,0.8949736995908827,7,0.7,16,0.8
4454,59,0.9068965517241382,4,0.4,17,0.85
4455,59,0.8621858562244302,7,0.7,17,0.85
4456,59,0.9222092343658681,6,0.6,15,0.75
4457,59,0.9004091174751608,7,0.7,17,0.85
4458,59,0.8372881355932205,7,0.7,16,0.8
4459,59,0.92729398012858,7,0.7,16,0.8
4460,59,0.8727644652250148,9,0.9,17,0.85
4461,59,0.9123319696084162,8,0.8,15,0.75
4462,59,0.9130333138515491,6,0.6,15,0.75
4463,59,0.9213325540619522,6,0.6,17,0.85
4464,59,0.9032144944476915,9,0.9,17,0.85
4465,59,0.8770894213909995,7,0.7,15,0.75
4466,59,0.8989479836353012,8,0.8,16,0.8
4467,59,0.8427819988310931,6,0.6,15,0.75
4468,59,0.8685563997662187,5,0.5,16,0.8
4469,59,0.8939216832261836,7,0.7,16,0.8
4470,59,0.8786674459380481,7,0.7,16,0.8
4471,59,0.8927527761542958,8,0.8,17,0.85
4472,59,0.9008182349503217,6,0.6,16,0.8
4473,59,0.9000000000000001,9,0.9,19,0.95
4474,59,0.85552308591467,7,0.7,17,0.85
4475,59,0.8917592051431913,8,0.8,17,0.85
4476,59,0.9383985973115139,8,0.8,16,0.8
4477,59,0.9127995324371715,7,0.7,18,0.9
4478,59,0.889304500292227,7,0.7,16,0.8
4479,59,0.8586206896551726,5,0.5,17,0.85
4480,59,0.9303915838690826,8,0.8,17,0.85
4481,59,0.893980128579778,7,0.7,16,0.8
4482,59,0.8943308007013444,9,0.9,17,0.85
4483,59,0.918585622443016,7,0.7,16,0.8
4484,59,0.9194038573933374,7,0.7,15,0.75
4485,59,0.9197545295149038,7,0.7,17,0.85
4486,59,0.9176504967855057,7,0.7,16,0.8
4487,59,0.9387492694330801,8,0.8,17,0.85
4488,59,0.9328462887200469,7,0.7,17,0.85
4489,59,0.9243717124488605,8,0.8,17,0.85
4490,59,0.9170075978959674,8,0.8,18,0.9
4491,59,0.8254237288135595,5,0.5,17,0.85
4492,59,0.9071303331385158,7,0.7,16,0.8
4493,59,0.849386323787259,7,0.7,16,0.8
4494,59,0.8819988310929282,6,0.6,17,0.85
4495,59,0.8735242548217418,8,0.8,17,0.85
4496,59,0.9523085914669785,8,0.8,17,0.85
4497,59,0.869491525423729,8,0.8,17,0.85
4498,59,0.8639392168322619,7,0.7,17,0.85
4499,59,0.8904734073641147,8,0.8,17,0.85
4500,59,0.9229690239625952,7,0.7,17,0.85
4501,59,0.8651081239041498,8,0.8,14,0.7
4502,59,0.8843950905902981,8,0.8,15,0.75
4503,59,0.9071303331385158,8,0.8,17,0.85
4504,59,0.8945061367621275,9,0.9,16,0.8
4505,59,0.8814728229105788,8,0.8,17,0.85
4506,59,0.8706019871420224,6,0.6,17,0.85
4507,59,0.9053185271770896,9,0.9,17,0.85
4508,59,0.9040911747516074,7,0.7,17,0.85
4509,59,0.9194623027469317,7,0.7,18,0.9
4510,59,0.9245470485096436,8,0.8,17,0.85
4511,59,0.9025715955581534,7,0.7,17,0.85
4512,59,0.9342489772063123,7,0.7,17,0.85
4513,59,0.8949736995908827,6,0.6,16,0.8
4514,59,0.905844535359439,9,0.9,15,0.75
4515,59,0.8711279953243719,7,0.7,17,0.85
4516,59,0.8960841613091761,7,0.7,18,0.9
4517,59,0.8662770309760375,6,0.6,15,0.75
4518,59,0.8970192869666862,9,0.9,17,0.85
4519,59,0.8843366452367037,5,0.5,17,0.85
4520,59,0.8897136177673876,7,0.7,15,0.75
4521,59,0.8623611922852135,6,0.6,15,0.75
4522,59,0.8482174167153712,7,0.7,16,0.8
4523,59,0.8614845119812976,9,0.9,15,0.75
4524,59,0.9007013442431329,9,0.9,18,0.9
4525,59,0.8153711279953246,8,0.8,15,0.75
4526,59,0.8818819403857394,8,0.8,16,0.8
4527,59,0.8477498538866162,8,0.8,15,0.75
4528,59,0.8789012273524257,8,0.8,17,0.85
4529,59,0.9206896551724141,8,0.8,18,0.9
4530,59,0.9371712448860317,8,0.8,18,0.9
4531,59,0.9054354178842784,7,0.7,17,0.85
4532,59,0.9305084745762714,8,0.8,18,0.9
4533,59,0.8655172413793104,7,0.7,18,0.9
4534,59,0.8830508474576273,7,0.7,16,0.8
4535,59,0.9297486849795443,7,0.7,18,0.9
4536,59,0.7931034482758621,7,0.7,15,0.75
4537,59,0.8614845119812976,7,0.7,17,0.85
4538,59,0.8935710111046175,6,0.6,16,0.8
4539,59,0.9016949152542374,7,0.7,17,0.85
4540,59,0.884804208065459,9,0.9,17,0.85
4541,59,0.9035651665692579,6,0.6,17,0.85
4542,59,0.8361192285213327,7,0.7,15,0.75
4543,59,0.8718293395675045,7,0.7,16,0.8
4544,59,0.9369374634716541,7,0.7,17,0.85
4545,59,0.9289888953828173,6,0.6,16,0.8
4546,59,0.8693161893629457,5,0.5,15,0.75
4547,59,0.8897136177673876,7,0.7,17,0.85
4548,59,0.9208065458796026,8,0.8,17,0.85
4549,59,0.9012857977790766,7,0.7,19,0.95
4550,59,0.9195207481005262,8,0.8,16,0.8
4551,59,0.8751022793687903,7,0.7,18,0.9
4552,59,0.9026300409117477,7,0.7,17,0.85
4553,59,0.8926358854471073,8,0.8,18,0.9
4554,59,0.9064289888953829,6,0.6,16,0.8
4555,59,0.9066043249561662,5,0.5,17,0.85
4556,59,0.8886616014026886,6,0.6,18,0.9
4557,59,0.8857393337229692,6,0.6,17,0.85
4558,59,0.918585622443016,8,0.8,18,0.9
4559,59,0.8537697253068383,6,0.6,17,0.85
4560,59,0.7790181180596143,5,0.5,16,0.8
4561,59,0.868614845119813,7,0.7,16,0.8
4562,59,0.8941554646405612,8,0.8,18,0.9
4563,59,0.8853302162478084,7,0.7,17,0.85
4564,59,0.9223845704266512,6,0.6,17,0.85
4565,59,0.9096434833430744,7,0.7,17,0.85
4566,59,0.8554646405610755,6,0.6,15,0.75
4567,59,0.8670368205727647,8,0.8,16,0.8
4568,59,0.9078901227352427,8,0.8,16,0.8
4569,59,0.8554646405610755,8,0.8,18,0.9
4570,59,0.8922852133255407,6,0.6,17,0.85
4571,59,0.8829924021040328,8,0.8,17,0.85
4572,59,0.9101694915254238,9,0.9,17,0.85
4573,59,0.902104032729398,7,0.7,18,0.9
4574,59,0.9043834015195793,7,0.7,16,0.8
4575,59,0.8962594973699591,6,0.6,16,0.8
4576,59,0.8720046756282877,7,0.7,17,0.85
4577,59,0.8983635300993572,7,0.7,15,0.75
4578,59,0.9247223845704269,7,0.7,18,0.9
4579,59,0.8243717124488604,5,0.5,17,0.85
4580,59,0.8323202805376974,8,0.8,16,0.8
4581,59,0.8741087083576856,7,0.7,15,0.75
4582,59,0.9014611338398598,8,0.8,18,0.9
4583,59,0.885856224430158,6,0.6,16,0.8
4584,59,0.9326125073056692,6,0.6,18,0.9
4585,59,0.9009935710111048,6,0.6,16,0.8
4586,59,0.9099357101110462,8,0.8,15,0.75
4587,59,0.9056691992986559,5,0.5,15,0.75
4588,59,0.8832846288720049,7,0.7,16,0.8
4589,59,0.9005844535359441,8,0.8,18,0.9
4590,59,0.9028638223261254,8,0.8,14,0.7
4591,59,0.8936294564582116,8,0.8,17,0.85
4592,59,0.9062536528345998,8,0.8,17,0.85
4593,59,0.8528930450029224,5,0.5,17,0.85
4594,59,0.9208065458796026,7,0.7,17,0.85
4595,59,0.8423144360023379,4,0.4,16,0.8
4596,59,0.8922267679719463,9,0.9,16,0.8
4597,59,0.8962594973699591,5,0.5,16,0.8
4598,59,0.8925774400935128,8,0.8,16,0.8
4599,59,0.8985388661601406,7,0.7,16,0.8
4600,59,0.9155464640561077,7,0.7,18,0.9
4601,59,0.8988895382817067,7,0.7,17,0.85
4602,59,0.8895967270601988,8,0.8,16,0.8
4603,59,0.9190531852717709,7,0.7,18,0.9
4604,59,0.9015780245470486,6,0.6,15,0.75
4605,59,0.8886616014026886,7,0.7,17,0.85
4606,59,0.8943892460549389,6,0.6,16,0.8
4607,59,0.9026300409117477,6,0.6,14,0.7
4608,59,0.8455873758036238,6,0.6,16,0.8
4609,59,0.8990064289888955,8,0.8,18,0.9
4610,59,0.9328462887200469,7,0.7,17,0.85
4611,59,0.9094097019286969,8,0.8,17,0.85
4612,59,0.8836937463471655,7,0.7,16,0.8
4613,59,0.8751022793687903,8,0.8,16,0.8
4614,59,0.8763296317942725,7,0.7,15,0.75
4615,59,0.9209818819403859,8,0.8,16,0.8
4616,59,0.9165984804208066,6,0.6,17,0.85
4617,59,0.9342489772063123,7,0.7,18,0.9
4618,59,0.9223845704266512,7,0.7,18,0.9
4619,59,0.8938047925189948,7,0.7,16,0.8
4620,59,0.8941554646405612,7,0.7,17,0.85
4621,59,0.8628287551139686,6,0.6,16,0.8
4622,59,0.9040911747516074,8,0.8,16,0.8
4623,59,0.908825248392753,8,0.8,17,0.85
4624,59,0.909000584453536,7,0.7,18,0.9
4625,59,0.8765049678550557,9,0.9,17,0.85
4626,59,0.8840444184687319,7,0.7,17,0.85
4627,59,0.8717708942139101,6,0.6,16,0.8
4628,59,0.9140853302162478,6,0.6,17,0.85
4629,59,0.9257744009351259,8,0.8,17,0.85
4630,59,0.9151957919345414,8,0.8,16,0.8
4631,59,0.9015780245470486,6,0.6,16,0.8
4632,59,0.9314436002337816,8,0.8,17,0.85
4633,59,0.8996493278784338,7,0.7,15,0.75
4634,59,0.9010520163646992,8,0.8,18,0.9
4635,59,0.8637638807714788,7,0.7,18,0.9
4636,59,0.893980128579778,8,0.8,18,0.9
4637,59,0.908825248392753,7,0.7,16,0.8
4638,59,0.9232028053769727,9,0.9,17,0.85
4639,59,0.9110461718293398,9,0.9,17,0.85
4640,59,0.9025131502045589,7,0.7,18,0.9
4641,59,0.869783752191701,7,0.7,17,0.85
4642,59,0.906136762127411,8,0.8,16,0.8
4643,59,0.9321449444769143,8,0.8,16,0.8
4644,59,0.9317942723553478,7,0.7,18,0.9
4645,59,0.9125073056691995,8,0.8,18,0.9
4646,59,0.9094681472822912,6,0.6,17,0.85
4647,59,0.9212741087083579,7,0.7,16,0.8
4648,59,0.8482174167153712,8,0.8,15,0.75
4649,59,0.9000584453535945,6,0.6,16,0.8
4650,59,0.8688486265341908,8,0.8,16,0.8
4651,59,0.9248977206312101,8,0.8,18,0.9
4652,59,0.9008182349503217,7,0.7,16,0.8
4653,59,0.916656925774401,7,0.7,16,0.8
4654,59,0.8776738749269434,8,0.8,17,0.85
4655,59,0.9243717124488605,7,0.7,18,0.9
4656,59,0.9201052016364699,7,0.7,15,0.75
4657,59,0.9019286966686151,6,0.6,17,0.85
4658,59,0.8758620689655173,6,0.6,15,0.75
4659,59,0.9272355347749855,8,0.8,18,0.9
4660,59,0.8961426066627703,7,0.7,17,0.85
4661,59,0.8873758036236121,7,0.7,16,0.8
4662,59,0.8784336645236703,7,0.7,16,0.8
4663,59,0.8825248392752778,4,0.4,15,0.75
4664,59,0.889012273524255,7,0.7,17,0.85
4665,59,0.9119228521332555,7,0.7,18,0.9
4666,59,0.8639392168322619,8,0.8,17,0.85
4667,59,0.9247808299240212,7,0.7,17,0.85
4668,59,0.9270601987142024,8,0.8,16,0.8
4669,59,0.9194623027469317,8,0.8,17,0.85
4670,59,0.9022793687901812,8,0.8,16,0.8
4671,59,0.8572180011689072,5,0.5,15,0.75
4672,59,0.8990064289888955,8,0.8,17,0.85
4673,59,0.893687901811806,8,0.8,16,0.8
4674,59,0.9152542372881357,7,0.7,18,0.9
4675,59,0.923085914669784,7,0.7,18,0.9
4676,59,0.9132086499123321,7,0.7,19,0.95
4677,59,0.8593804792518996,8,0.8,15,0.75
4678,59,0.9181765049678552,8,0.8,19,0.95
4679,59,0.9101110461718295,6,0.6,19,0.95
4680,59,0.9049094097019288,8,0.8,18,0.9
4681,59,0.9391583869082409,8,0.8,18,0.9
4682,59,0.8958503798947985,7,0.7,17,0.85
4683,59,0.9113383985973117,8,0.8,17,0.85
4684,59,0.9011104617182937,8,0.8,16,0.8
4685,59,0.8531268264173,9,0.9,16,0.8
4686,59,0.8720631209818821,7,0.7,17,0.85
4687,59,0.9048509643483345,6,0.6,16,0.8
4688,59,0.8500292226767974,7,0.7,16,0.8
4689,59,0.893512565751023,7,0.7,17,0.85
4690,59,0.8806545879602574,8,0.8,16,0.8
4691,59,0.900876680303916,7,0.7,16,0.8
4692,59,0.9010520163646992,5,0.5,17,0.85
4693,59,0.8702513150204559,6,0.6,17,0.85
4694,59,0.8399766218585624,8,0.8,16,0.8
4695,59,0.8962594973699591,7,0.7,17,0.85
4696,59,0.8872589129164233,7,0.7,16,0.8
4697,59,0.9139099941554648,7,0.7,16,0.8
4698,59,0.9308591466978378,8,0.8,17,0.85
4699,59,0.8624196376388079,6,0.6,15,0.75
4700,59,0.9156633547632963,6,0.6,17,0.85
4701,59,0.8548217416715372,7,0.7,17,0.85
4702,59,0.8576855639976624,7,0.7,16,0.8
4703,59,0.896960841613092,7,0.7,19,0.95
4704,59,0.8900058445353596,6,0.6,15,0.75
4705,59,0.8916423144360025,7,0.7,17,0.85
4706,59,0.9297486849795443,7,0.7,17,0.85
4707,59,0.8795441262419639,8,0.8,15,0.75
4708,59,0.7883693746347166,5,0.5,16,0.8
4709,59,0.9230274693161896,7,0.7,15,0.75
4710,59,0.9202805376972533,7,0.7,17,0.85
4711,59,0.9019286966686151,8,0.8,16,0.8
4712,59,0.9245470485096436,8,0.8,17,0.85
4713,59,0.8791934541203975,7,0.7,16,0.8
4714,59,0.8908825248392755,8,0.8,17,0.85
4715,59,0.8324371712448861,7,0.7,16,0.8
4716,59,0.8107539450613678,8,0.8,17,0.85
4717,59,0.829865575686733,7,0.7,16,0.8
4718,59,0.8943308007013444,7,0.7,17,0.85
4719,59,0.893980128579778,6,0.6,17,0.85
4720,59,0.8367036820572765,7,0.7,16,0.8
4721,59,0.8829924021040328,8,0.8,16,0.8
4722,59,0.909000584453536,7,0.7,16,0.8
4723,59,0.8919929865575688,8,0.8,17,0.85
4724,59,0.8870835768556401,7,0.7,14,0.7
4725,59,0.8565751022793688,7,0.7,16,0.8
4726,59,0.8611338398597314,7,0.7,16,0.8
4727,59,0.9080070134424313,6,0.6,16,0.8
4728,59,0.8604324956165985,6,0.6,17,0.85
4729,59,0.898188194038574,6,0.6,18,0.9
4730,59,0.9026300409117477,8,0.8,16,0.8
4731,59,0.8290473407364116,7,0.7,14,0.7
4732,59,0.8623611922852135,8,0.8,15,0.75
4733,59,0.86604324956166,7,0.7,15,0.75
4734,59,0.8653419053185274,7,0.7,17,0.85
4735,59,0.8780829924021042,7,0.7,16,0.8
4736,59,0.8003506721215664,5,0.5,16,0.8
4737,59,0.8406195207481006,6,0.6,14,0.7
4738,59,0.887843366452367,7,0.7,16,0.8
4739,59,0.9171829339567507,9,0.9,17,0.85
4740,59,0.8646990064289891,7,0.7,16,0.8
4741,59,0.9099941554646407,8,0.8,16,0.8
4742,59,0.9126241963763883,6,0.6,17,0.85
4743,59,0.7872589129164234,7,0.7,14,0.7
4744,59,0.8886031560490942,7,0.7,16,0.8
4745,59,0.9140853302162478,7,0.7,18,0.9
4746,59,0.9035651665692579,6,0.6,16,0.8
4747,59,0.8770894213909995,6,0.6,15,0.75
4748,59,0.9289888953828173,8,0.8,15,0.75
4749,59,0.9086499123319698,5,0.5,18,0.9
4750,59,0.9128579777907658,7,0.7,16,0.8
4751,59,0.7778492109877266,7,0.7,15,0.75
4752,59,0.8666277030976038,7,0.7,17,0.85
4753,59,0.8434248977206313,6,0.6,16,0.8
4754,59,0.8776154295733489,8,0.8,16,0.8
4755,59,0.921449444769141,6,0.6,18,0.9
4756,59,0.8962010520163647,6,0.6,16,0.8
4757,59,0.9163062536528348,9,0.9,16,0.8
4758,59,0.8479836353009937,6,0.6,16,0.8
4759,59,0.921449444769141,7,0.7,16,0.8
4760,59,0.9254237288135595,6,0.6,18,0.9
4761,59,0.9163646990064291,8,0.8,17,0.85
4762,59,0.8738164815897138,6,0.6,16,0.8
4763,59,0.9016949152542374,7,0.7,17,0.85
4764,59,0.8827586206896553,6,0.6,16,0.8
4765,59,0.8804792518994741,7,0.7,18,0.9
4766,59,0.8054938632378728,7,0.7,15,0.75
4767,59,0.8980128579777908,6,0.6,16,0.8
4768,59,0.8973699590882526,5,0.5,16,0.8
4769,59,0.8701928696668616,7,0.7,15,0.75
4770,59,0.8714202220923438,8,0.8,16,0.8
4771,59,0.8829339567504385,8,0.8,17,0.85
4772,59,0.9075394506136764,8,0.8,15,0.75
4773,59,0.8873758036236121,9,0.9,14,0.7
4774,59,0.8606078316773818,9,0.9,17,0.85
4775,59,0.8895967270601988,4,0.4,17,0.85
4776,59,0.8751022793687903,7,0.7,17,0.85
4777,59,0.893980128579778,8,0.8,16,0.8
4778,59,0.9170660432495619,8,0.8,18,0.9
4779,59,0.9088836937463473,7,0.7,17,0.85
4780,59,0.9118059614260667,7,0.7,16,0.8
4781,59,0.8900058445353596,5,0.5,18,0.9
4782,59,0.8950321449444771,7,0.7,15,0.75
4783,59,0.90479251899474,7,0.7,17,0.85
4784,59,0.8961426066627703,7,0.7,18,0.9
4785,59,0.8915254237288137,5,0.5,17,0.85
4786,59,0.9107539450613678,7,0.7,17,0.85
4787,59,0.8721800116890709,7,0.7,16,0.8
4788,59,0.8893629456458212,7,0.7,17,0.85
4789,59,0.9178842781998833,8,0.8,17,0.85
4790,59,0.9182349503214495,6,0.6,16,0.8
4791,59,0.8644652250146114,7,0.7,16,0.8
4792,59,0.9243717124488605,8,0.8,17,0.85
4793,59,0.8720046756282877,8,0.8,15,0.75
4794,59,0.8785505552308592,6,0.6,17,0.85
4795,59,0.9120981881940388,7,0.7,15,0.75
4796,59,0.9160140268848628,7,0.7,16,0.8
4797,59,0.9316189362945649,7,0.7,19,0.95
4798,59,0.8797194623027471,7,0.7,16,0.8
4799,59,0.8947983635300996,7,0.7,17,0.85
4800,59,0.9199883109292811,8,0.8,16,0.8
4801,59,0.8782583284628874,6,0.6,15,0.75
4802,59,0.9249561659848042,8,0.8,18,0.9
4803,59,0.8599649327878435,6,0.6,16,0.8
4804,59,0.9228521332554064,7,0.7,18,0.9
4805,59,0.9143191116306255,9,0.9,17,0.85
4806,59,0.897136177673875,8,0.8,15,0.75
4807,59,0.906721215663355,8,0.8,15,0.75
4808,59,0.8797779076563415,7,0.7,17,0.85
4809,59,0.8898889538281708,8,0.8,18,0.9
4810,59,0.8900058445353596,7,0.7,17,0.85
4811,59,0.8611338398597314,7,0.7,16,0.8
4812,59,0.8985973115137349,7,0.7,16,0.8
4813,59,0.8502045587375804,7,0.7,17,0.85
4814,59,0.9134424313267097,7,0.7,17,0.85
4815,59,0.9132670952659264,6,0.6,15,0.75
4816,59,0.9029222676797195,7,0.7,17,0.85
4817,59,0.8566335476329633,6,0.6,16,0.8
4818,59,0.869199298655757,6,0.6,17,0.85
4819,59,0.8957919345412041,6,0.6,18,0.9
4820,59,0.8868497954412625,6,0.6,17,0.85
4821,59,0.8721800116890709,7,0.7,17,0.85
4822,59,0.8963763880771479,7,0.7,17,0.85
4823,59,0.9438340151957921,9,0.9,18,0.9
4824,59,0.9000000000000001,8,0.8,17,0.85
4825,59,0.9182349503214495,8,0.8,16,0.8
4826,59,0.8578609000584454,8,0.8,18,0.9
4827,59,0.8690239625949737,6,0.6,17,0.85
4828,59,0.9348918760958504,8,0.8,17,0.85
4829,59,0.8811221507890123,7,0.7,16,0.8
4830,59,0.8621858562244302,8,0.8,13,0.65
4831,59,0.9106954997077733,6,0.6,16,0.8
4832,59,0.9137346580946817,7,0.7,15,0.75
4833,59,0.9009351256575104,8,0.8,14,0.7
4834,59,0.9157218001168907,8,0.8,18,0.9
4835,59,0.9189362945645824,8,0.8,16,0.8
4836,59,0.8517241379310346,7,0.7,15,0.75
4837,59,0.9016949152542374,8,0.8,14,0.7
4838,59,0.8521917007597898,7,0.7,16,0.8
4839,59,0.8721215663354764,8,0.8,17,0.85
4840,59,0.8980713033313852,7,0.7,16,0.8
4841,59,0.9250146113383987,8,0.8,16,0.8
4842,59,0.8587375803623614,6,0.6,15,0.75
4843,59,0.9116306253652835,5,0.5,18,0.9
4844,59,0.8645236703682059,7,0.7,18,0.9
4845,59,0.8941554646405612,8,0.8,15,0.75
4846,59,0.918585622443016,7,0.7,18,0.9
4847,59,0.9015195791934543,7,0.7,17,0.85
4848,59,0.898480420806546,6,0.6,19,0.95
4849,59,0.9064874342489774,8,0.8,18,0.9
4850,59,0.9024547048509646,7,0.7,16,0.8
4851,59,0.910637054354179,8,0.8,16,0.8
4852,59,0.8959088252483929,7,0.7,17,0.85
4853,59,0.9066627703097605,7,0.7,18,0.9
4854,59,0.8569257744009353,6,0.6,17,0.85
4855,59,0.9383985973115139,9,0.9,16,0.8
4856,59,0.9153711279953246,8,0.8,16,0.8
4857,59,0.8648743424897722,6,0.6,15,0.75
4858,59,0.8953243717124489,7,0.7,17,0.85
4859,59,0.8802454704850965,7,0.7,18,0.9
4860,59,0.8753360607831678,7,0.7,18,0.9
4861,59,0.9195791934541205,7,0.7,16,0.8
4862,59,0.8922267679719463,6,0.6,17,0.85
4863,59,0.8807130333138518,6,0.6,18,0.9
4864,59,0.8912916423144361,9,0.9,16,0.8
4865,59,0.930742255990649,6,0.6,17,0.85
4866,59,0.9112215078901229,8,0.8,16,0.8
4867,59,0.9026300409117477,7,0.7,18,0.9
4868,59,0.9079485680888372,7,0.7,16,0.8
4869,59,0.7961426066627705,8,0.8,15,0.75
4870,59,0.878375219170076,7,0.7,15,0.75
4871,59,0.8990064289888955,9,0.9,17,0.85
4872,59,0.9154880187025134,9,0.9,18,0.9
4873,59,0.8724137931034482,8,0.8,15,0.75
4874,59,0.9161893629456459,8,0.8,17,0.85
4875,59,0.9021624780829924,7,0.7,16,0.8
4876,59,0.9276446522501461,9,0.9,17,0.85
4877,59,0.8690239625949737,8,0.8,16,0.8
4878,59,0.885096434833431,7,0.7,16,0.8
4879,59,0.9102863822326126,8,0.8,18,0.9
4880,59,0.8786674459380481,7,0.7,15,0.75
4881,59,0.9101110461718295,6,0.6,17,0.85
4882,59,0.9240210403272942,8,0.8,17,0.85
4883,59,0.8661601402688488,6,0.6,15,0.75
4884,59,0.9129164231443603,8,0.8,16,0.8
4885,59,0.8441262419637641,7,0.7,15,0.75
4886,59,0.8602571595558155,8,0.8,17,0.85
4887,59,0.860783167738165,5,0.5,17,0.85
4888,59,0.9092343658679136,6,0.6,17,0.85
4889,59,0.9396259497369961,8,0.8,16,0.8
4890,59,0.8926943308007016,7,0.7,16,0.8
4891,59,0.9111046171829341,8,0.8,18,0.9
4892,59,0.8358854471069551,7,0.7,15,0.75
4893,59,0.9317942723553478,9,0.9,17,0.85
4894,59,0.8991817650496787,6,0.6,18,0.9
4895,59,0.923261250730567,6,0.6,17,0.85
4896,59,0.8508474576271189,7,0.7,15,0.75
4897,59,0.9030391583869083,7,0.7,16,0.8
4898,59,0.8733489187609585,7,0.7,15,0.75
4899,59,0.8680888369374636,6,0.6,16,0.8
4900,59,0.8918760958503801,8,0.8,15,0.75
4901,59,0.8856224430157804,7,0.7,16,0.8
4902,59,0.8654587960257161,7,0.7,16,0.8
4903,59,0.9018702513150206,9,0.9,16,0.8
4904,59,0.8970192869666862,9,0.9,16,0.8
4905,59,0.9144944476914088,7,0.7,16,0.8
4906,59,0.8653419053185274,5,0.5,15,0.75
4907,59,0.8609585037989481,7,0.7,15,0.75
4908,59,0.8685563997662187,6,0.6,16,0.8
4909,59,0.8932787843366454,9,0.9,17,0.85
4910,59,0.9313267095265928,8,0.8,17,0.85
4911,59,0.8945645821157219,6,0.6,17,0.85
4912,59,0.900876680303916,7,0.7,16,0.8
4913,59,0.8684395090590299,5,0.5,14,0.7
4914,59,0.9027469316189365,6,0.6,15,0.75
4915,59,0.8966686148451201,6,0.6,17,0.85
4916,59,0.908825248392753,6,0.6,18,0.9
4917,59,0.9200467562828756,6,0.6,17,0.85
4918,59,0.8283459964932789,6,0.6,16,0.8
4919,59,0.9141437755698423,7,0.7,17,0.85
4920,59,0.8789012273524257,7,0.7,17,0.85
4921,59,0.9195207481005262,7,0.7,17,0.85
4922,59,0.885563997662186,7,0.7,17,0.85
4923,59,0.9321449444769143,7,0.7,18,0.9
4924,59,0.8370543541788429,7,0.7,16,0.8
4925,59,0.8731735827001755,7,0.7,17,0.85
4926,59,0.8760958503798949,8,0.8,17,0.85
4927,59,0.893512565751023,7,0.7,15,0.75
4928,59,0.9145528930450032,8,0.8,17,0.85
4929,59,0.9286382232612509,6,0.6,18,0.9
4930,59,0.8819988310929282,6,0.6,15,0.75
4931,59,0.8839859731151375,6,0.6,18,0.9
4932,59,0.8345412039742841,7,0.7,16,0.8
4933,59,0.9120397428404443,6,0.6,18,0.9
4934,59,0.9226767971946231,8,0.8,16,0.8
4935,59,0.8689655172413796,6,0.6,15,0.75
4936,59,0.8862068965517242,6,0.6,17,0.85
4937,59,0.9004675628287552,7,0.7,17,0.85
4938,59,0.9040911747516074,6,0.6,18,0.9
4939,59,0.9015195791934543,6,0.6,17,0.85
4940,59,0.8693161893629457,8,0.8,16,0.8
4941,59,0.8230859146697839,7,0.7,16,0.8
4942,59,0.9236703682057278,7,0.7,17,0.85
4943,59,0.8732904734073642,6,0.6,18,0.9
4944,59,0.8679719462302748,6,0.6,17,0.85
4945,59,0.8746347165400352,4,0.4,15,0.75
4946,59,0.9299824663939219,7,0.7,17,0.85
4947,59,0.9046756282875512,8,0.8,17,0.85
4948,59,0.8717124488603156,7,0.7,18,0.9
4949,59,0.9228521332554064,8,0.8,17,0.85
4950,59,0.8664523670368207,7,0.7,16,0.8
4951,59,0.8970192869666862,8,0.8,16,0.8
4952,59,0.9018118059614262,5,0.5,17,0.85
4953,59,0.8420806545879604,7,0.7,15,0.75
4954,59,0.9275862068965518,9,0.9,17,0.85
4955,59,0.9014026884862655,8,0.8,17,0.85
4956,59,0.8972530683810638,7,0.7,16,0.8
4957,59,0.9054938632378726,7,0.7,17,0.85
4958,59,0.898188194038574,8,0.8,18,0.9
4959,59,0.9126241963763883,8,0.8,18,0.9
4960,59,0.910461718293396,8,0.8,17,0.85
4961,59,0.9355932203389833,6,0.6,16,0.8
4962,59,0.8739918176504969,7,0.7,17,0.85
4963,59,0.917416715371128,7,0.7,16,0.8
4964,59,0.8907656341320868,9,0.9,18,0.9
4965,59,0.8880187025131503,7,0.7,18,0.9
4966,59,0.8857393337229692,9,0.9,17,0.85
4967,59,0.8614260666277033,7,0.7,15,0.75
4968,59,0.8530099357101112,7,0.7,15,0.75
4969,59,0.8875511396843953,6,0.6,17,0.85
4970,59,0.9276446522501461,7,0.7,17,0.85
4971,59,0.8738749269433082,6,0.6,16,0.8
4972,59,0.8353009935710113,7,0.7,18,0.9
4973,59,0.854938632378726,7,0.7,18,0.9
4974,59,0.9068965517241382,8,0.8,17,0.85
4975,59,0.9105786090005845,8,0.8,17,0.85
4976,59,0.9372881355932204,7,0.7,18,0.9
4977,59,0.8784921098772648,9,0.9,16,0.8
4978,59,0.9212156633547635,9,0.9,16,0.8
4979,59,0.9111630625365286,9,0.9,16,0.8
4980,59,0.919345412039743,6,0.6,17,0.85
4981,59,0.8911163062536529,7,0.7,16,0.8
4982,59,0.8639392168322619,8,0.8,16,0.8
4983,59,0.9199298655756868,6,0.6,17,0.85
4984,59,0.8838690824079487,7,0.7,17,0.85
4985,59,0.8945645821157219,8,0.8,15,0.75
4986,59,0.8653419053185274,8,0.8,17,0.85
4987,59,0.9111046171829341,7,0.7,17,0.85
4988,59,0.8919929865575688,6,0.6,14,0.7
4989,59,0.8979544126241964,6,0.6,16,0.8
4990,59,0.8770894213909995,6,0.6,16,0.8
4991,59,0.842898889538282,7,0.7,16,0.8
4992,59,0.8949736995908827,9,0.9,15,0.75
4993,59,0.8925189947399184,7,0.7,18,0.9
4994,59,0.8860900058445353,7,0.7,17,0.85
4995,59,0.9239625949736998,8,0.8,15,0.75
4996,59,0.8873173582700177,7,0.7,14,0.7
4997,59,0.90479251899474,7,0.7,16,0.8
4998,59,0.8735827001753361,6,0.6,15,0.75
4999,59,0.8811805961426068,7,0.7,17,0.85
5000,59,0.930157802454705,7,0.7,16,0.8
