bootstrap_iteration,valid_players,rank_correlation_with_original,top_10_overlap_count,top_10_overlap_rate,top_20_overlap_count,top_20_overlap_rate
1,68,0.8738023437798221,7,0.7,16,0.8
2,68,0.84433332060923,6,0.6,17,0.85
3,68,0.8967439019735083,5,0.5,16,0.8
4,68,0.888460510745505,8,0.8,16,0.8
5,68,0.887887926098408,6,0.6,18,0.9
6,68,0.9283505744932624,8,0.8,18,0.9
7,68,0.8776959193800816,7,0.7,17,0.85
8,68,0.9230064511203572,7,0.7,15,0.75
9,68,0.8646028171164637,8,0.8,16,0.8
10,68,0.9159445738061609,8,0.8,16,0.8
11,68,0.8491048593350382,8,0.8,17,0.85
12,68,0.8949116311027979,6,0.6,14,0.7
13,68,0.9125472382333853,8,0.8,16,0.8
14,68,0.8833835935412452,6,0.6,14,0.7
15,68,0.9094171088292552,7,0.7,17,0.85
16,68,0.9172042600297744,8,0.8,17,0.85
17,68,0.85956407222201,6,0.6,15,0.75
18,68,0.9262129251441003,8,0.8,16,0.8
19,68,0.9246096881322288,8,0.8,16,0.8
20,68,0.8492575485742642,7,0.7,16,0.8
21,68,0.9266328205519715,6,0.6,16,0.8
22,68,0.8326525938084512,7,0.7,15,0.75
23,68,0.8049013245791502,7,0.7,14,0.7
24,68,0.8847196243844715,8,0.8,17,0.85
25,68,0.8915524678398289,4,0.4,18,0.9
26,68,0.9258312020460356,5,0.5,18,0.9
27,68,0.8853303813413749,7,0.7,15,0.75
28,68,0.8894529908004731,7,0.7,16,0.8
29,68,0.8780776424781462,5,0.5,16,0.8
30,68,0.8630377524143985,6,0.6,16,0.8
31,68,0.9071267702408673,8,0.8,17,0.85
32,68,0.8612054815436881,8,0.8,17,0.85
33,68,0.896476695804863,7,0.7,16,0.8
34,68,0.901782646867962,7,0.7,15,0.75
35,68,0.9299156391953276,8,0.8,16,0.8
36,68,0.9041493300759628,8,0.8,16,0.8
37,68,0.9249914112302934,7,0.7,16,0.8
38,68,0.8203992823605756,6,0.6,16,0.8
39,68,0.9085773180135129,5,0.5,16,0.8
40,68,0.8548688781158147,7,0.7,16,0.8
41,68,0.9221284879948085,5,0.5,17,0.85
42,68,0.889109440012215,6,0.6,16,0.8
43,68,0.9484292094514637,7,0.7,16,0.8
44,68,0.8938428064282168,8,0.8,14,0.7
45,68,0.8811314272626635,7,0.7,16,0.8
46,68,0.9435813261060426,7,0.7,17,0.85
47,68,0.9043401916249951,7,0.7,17,0.85
48,68,0.877886780929114,7,0.7,15,0.75
49,68,0.8800244302782759,6,0.6,16,0.8
50,68,0.8916288124594418,7,0.7,16,0.8
51,68,0.9078138718173836,8,0.8,16,0.8
52,68,0.9428560522197197,7,0.7,17,0.85
53,68,0.8655952971714317,7,0.7,16,0.8
54,68,0.8780012978585333,6,0.6,16,0.8
55,68,0.8646409894262701,5,0.5,17,0.85
56,68,0.8801771195175019,7,0.7,15,0.75
57,68,0.8593350383631713,4,0.4,14,0.7
58,68,0.9023170592052523,8,0.8,15,0.75
59,68,0.9047982593426728,6,0.6,18,0.9
60,68,0.839180058785357,6,0.6,16,0.8
61,68,0.8836889720196969,5,0.5,16,0.8
62,68,0.9011337176012519,8,0.8,16,0.8
63,68,0.9187693247318394,6,0.6,17,0.85
64,68,0.8853685536511813,8,0.8,16,0.8
65,68,0.8487994808565864,7,0.7,17,0.85
66,68,0.8926212925144099,5,0.5,16,0.8
67,68,0.8852922090315682,8,0.8,16,0.8
68,68,0.9176623277474518,7,0.7,19,0.95
69,68,0.9359850364545558,7,0.7,16,0.8
70,68,0.9072031148604802,8,0.8,15,0.75
71,68,0.8663587433675611,7,0.7,16,0.8
72,68,0.9172042600297744,7,0.7,16,0.8
73,68,0.8873153414513111,6,0.6,17,0.85
74,68,0.931747910066038,7,0.7,15,0.75
75,68,0.9063251517349313,6,0.6,15,0.75
76,68,0.9397259228155895,8,0.8,17,0.85
77,68,0.9016681299385425,7,0.7,15,0.75
78,68,0.8768943008741458,7,0.7,14,0.7
79,68,0.8564721151276862,8,0.8,17,0.85
80,68,0.8889567507729893,6,0.6,17,0.85
81,68,0.9142649921746765,7,0.7,17,0.85
82,68,0.8916669847692482,8,0.8,17,0.85
83,68,0.8644119555674311,6,0.6,13,0.65
84,68,0.9326640455013931,8,0.8,15,0.75
85,68,0.8451731114249722,6,0.6,15,0.75
86,68,0.8930030156124747,6,0.6,18,0.9
87,68,0.8817803565293735,7,0.7,16,0.8
88,68,0.8629232354849791,5,0.5,17,0.85
89,68,0.9096079703782876,6,0.6,16,0.8
90,68,0.9037676069778982,8,0.8,15,0.75
91,68,0.9204870786731303,7,0.7,15,0.75
92,68,0.9150284383708056,6,0.6,16,0.8
93,68,0.8486086193075543,6,0.6,16,0.8
94,68,0.9067450471428025,7,0.7,16,0.8
95,68,0.9298774668855213,7,0.7,16,0.8
96,68,0.9094171088292552,9,0.9,16,0.8
97,68,0.9018208191777685,8,0.8,17,0.85
98,68,0.9384280642821696,7,0.7,17,0.85
99,68,0.8933083940909264,7,0.7,17,0.85
100,68,0.8895675077298927,9,0.9,17,0.85
101,68,0.9043783639348018,8,0.8,16,0.8
102,68,0.9091499026606099,6,0.6,16,0.8
103,68,0.9203343894339046,7,0.7,18,0.9
104,68,0.9002175821658968,7,0.7,16,0.8
105,68,0.8746039622857578,5,0.5,16,0.8
106,68,0.9002939267855097,6,0.6,15,0.75
107,68,0.9212886971790661,6,0.6,18,0.9
108,68,0.9084628010840935,8,0.8,17,0.85
109,68,0.8938809787380234,8,0.8,16,0.8
110,68,0.9085391457037065,7,0.7,15,0.75
111,68,0.9039202962171239,7,0.7,14,0.7
112,68,0.8568920105355574,6,0.6,18,0.9
113,68,0.881971218078406,6,0.6,18,0.9
114,68,0.8893384738710537,7,0.7,17,0.85
115,68,0.8606328968965912,8,0.8,15,0.75
116,68,0.8877352368591823,6,0.6,15,0.75
117,68,0.932816734740619,8,0.8,18,0.9
118,68,0.8426155666679389,6,0.6,14,0.7
119,68,0.8872771691415047,7,0.7,16,0.8
120,68,0.8866664121846012,7,0.7,17,0.85
121,68,0.913425201358934,7,0.7,17,0.85
122,68,0.8614726877123333,6,0.6,16,0.8
123,68,0.8926212925144099,7,0.7,12,0.6
124,68,0.9277016452265525,7,0.7,18,0.9
125,68,0.9128144444020306,6,0.6,17,0.85
126,68,0.8730007252738863,7,0.7,15,0.75
127,68,0.8778486086193076,6,0.6,16,0.8
128,68,0.877085162423178,7,0.7,17,0.85
129,68,0.8987288620834447,8,0.8,17,0.85
130,68,0.9041875023857692,8,0.8,15,0.75
131,68,0.9323968393327479,6,0.6,15,0.75
132,68,0.9215940756575178,9,0.9,15,0.75
133,68,0.8952170095812496,8,0.8,15,0.75
134,68,0.8787265717448562,7,0.7,15,0.75
135,68,0.8731915868229185,6,0.6,16,0.8
136,68,0.9375119288468143,7,0.7,17,0.85
137,68,0.9325877008817802,8,0.8,16,0.8
138,68,0.889605680039699,6,0.6,17,0.85
139,68,0.8873153414513111,6,0.6,14,0.7
140,68,0.9093407642096422,8,0.8,18,0.9
141,68,0.8889567507729893,6,0.6,15,0.75
142,68,0.8897201969691184,7,0.7,16,0.8
143,68,0.8503263732488452,6,0.6,16,0.8
144,68,0.9014390960797036,8,0.8,16,0.8
145,68,0.9044547085544145,6,0.6,16,0.8
146,68,0.9393060274077184,9,0.9,18,0.9
147,68,0.9092644195900292,9,0.9,18,0.9
148,68,0.9270908882696491,6,0.6,16,0.8
149,68,0.8646028171164637,8,0.8,16,0.8
150,68,0.8917433293888612,6,0.6,17,0.85
151,68,0.9143795091040958,6,0.6,16,0.8
152,68,0.8839180058785356,8,0.8,17,0.85
153,68,0.8969729358323472,6,0.6,18,0.9
154,68,0.8785357101958239,7,0.7,15,0.75
155,68,0.8893003015612474,5,0.5,16,0.8
156,68,0.8979272435775086,7,0.7,16,0.8
157,68,0.9126999274726113,6,0.6,16,0.8
158,68,0.900484788334542,7,0.7,16,0.8
159,68,0.8419284650914226,6,0.6,16,0.8
160,68,0.9323586670229416,8,0.8,16,0.8
161,68,0.8792228117723402,5,0.5,16,0.8
162,68,0.9005229606443484,7,0.7,17,0.85
163,68,0.894339046455701,6,0.6,18,0.9
164,68,0.8734969653013702,5,0.5,14,0.7
165,68,0.8957132496087337,6,0.6,17,0.85
166,68,0.898843379012864,7,0.7,18,0.9
167,68,0.940985609039203,6,0.6,17,0.85
168,68,0.8993396190403479,6,0.6,16,0.8
169,68,0.9403366797724928,7,0.7,18,0.9
170,68,0.8850631751727296,6,0.6,16,0.8
171,68,0.911783792037256,8,0.8,17,0.85
172,68,0.9173187769591937,7,0.7,16,0.8
173,68,0.8755964423407259,7,0.7,15,0.75
174,68,0.8907126770240866,7,0.7,15,0.75
175,68,0.918731152422033,8,0.8,16,0.8
176,68,0.8577318013512997,4,0.4,15,0.75
177,68,0.9183494293239683,5,0.5,17,0.85
178,68,0.9214032141084857,8,0.8,17,0.85
179,68,0.9081574226056417,7,0.7,16,0.8
180,68,0.8976982097186699,7,0.7,18,0.9
181,68,0.8685345650265296,7,0.7,18,0.9
182,68,0.894415391075314,7,0.7,15,0.75
183,68,0.894339046455701,7,0.7,16,0.8
184,68,0.9229682788105508,9,0.9,16,0.8
185,68,0.8649081955949154,6,0.6,17,0.85
186,68,0.8947971141733786,5,0.5,17,0.85
187,68,0.8203992823605756,6,0.6,14,0.7
188,68,0.9272054051990685,8,0.8,17,0.85
189,68,0.8641065770889794,5,0.5,17,0.85
190,68,0.8965530404244759,7,0.7,13,0.65
191,68,0.9147612322021603,6,0.6,18,0.9
192,68,0.8924686032751841,8,0.8,16,0.8
193,68,0.9161354353551932,8,0.8,16,0.8
194,68,0.9456808031453982,9,0.9,17,0.85
195,68,0.9232736572890025,5,0.5,17,0.85
196,68,0.9275107836775202,7,0.7,16,0.8
197,68,0.8494484101232965,6,0.6,17,0.85
198,68,0.9288849868305531,7,0.7,16,0.8
199,68,0.9239225865557124,6,0.6,16,0.8
200,68,0.8856357598198266,7,0.7,16,0.8
201,68,0.8802152918273084,9,0.9,16,0.8
202,68,0.8414322250639386,6,0.6,15,0.75
203,68,0.8541054319196855,7,0.7,14,0.7
204,68,0.8645646448066571,8,0.8,16,0.8
205,68,0.8786883994350496,7,0.7,15,0.75
206,68,0.8998740313776387,6,0.6,17,0.85
207,68,0.9194945986181623,8,0.8,17,0.85
208,68,0.878459365576211,6,0.6,17,0.85
209,68,0.8994923082795738,8,0.8,15,0.75
210,68,0.8491812039546512,7,0.7,17,0.85
211,68,0.9001794098560904,8,0.8,15,0.75
212,68,0.9030041607817688,8,0.8,17,0.85
213,68,0.9226629003320991,9,0.9,15,0.75
214,68,0.9083101118448677,7,0.7,16,0.8
215,68,0.8652135740733672,6,0.6,13,0.65
216,68,0.838683818757873,6,0.6,14,0.7
217,68,0.9289995037599724,7,0.7,16,0.8
218,68,0.9007901668129937,6,0.6,17,0.85
219,68,0.9137687521471923,7,0.7,18,0.9
220,68,0.8873916860709241,8,0.8,16,0.8
221,68,0.9062488071153184,7,0.7,16,0.8
222,68,0.9311371531091346,7,0.7,16,0.8
223,68,0.9043020193151887,8,0.8,17,0.85
224,68,0.8717410390502729,6,0.6,14,0.7
225,68,0.8977363820284765,6,0.6,16,0.8
226,68,0.8781921594075657,6,0.6,15,0.75
227,68,0.927167232889262,5,0.5,17,0.85
228,68,0.910218727335191,7,0.7,16,0.8
229,68,0.8842615566667938,5,0.5,17,0.85
230,68,0.913425201358934,7,0.7,18,0.9
231,68,0.9062869794251248,9,0.9,16,0.8
232,68,0.9215177310379051,7,0.7,17,0.85
233,68,0.9398786120548153,6,0.6,16,0.8
234,68,0.9314425315875863,6,0.6,16,0.8
235,68,0.907355804099706,6,0.6,17,0.85
236,68,0.9009046837424131,7,0.7,15,0.75
237,68,0.9107913119822879,7,0.7,17,0.85
238,68,0.9222048326144214,6,0.6,16,0.8
239,68,0.9026224376837042,8,0.8,15,0.75
240,68,0.9094552811390616,7,0.7,16,0.8
241,68,0.8978127266480893,6,0.6,16,0.8
242,68,0.9056762224682214,7,0.7,16,0.8
243,68,0.8731534145131121,6,0.6,15,0.75
244,68,0.8889185784631827,7,0.7,17,0.85
245,68,0.8504408901782645,9,0.9,16,0.8
246,68,0.8798717410390502,8,0.8,16,0.8
247,68,0.899988548307058,7,0.7,17,0.85
248,68,0.9106386227430621,7,0.7,17,0.85
249,68,0.917013398480742,7,0.7,16,0.8
250,68,0.8838416612589226,5,0.5,15,0.75
251,68,0.8893384738710537,6,0.6,17,0.85
252,68,0.9170515707905484,6,0.6,17,0.85
253,68,0.9100660380959651,5,0.5,16,0.8
254,68,0.8765507500858877,6,0.6,14,0.7
255,68,0.9079665610566093,8,0.8,17,0.85
256,68,0.9004084437149292,7,0.7,16,0.8
257,68,0.8825438027255027,8,0.8,15,0.75
258,68,0.8545253273275564,5,0.5,16,0.8
259,68,0.9378173073252662,8,0.8,17,0.85
260,68,0.9362522426232011,6,0.6,17,0.85
261,68,0.9090735580409969,7,0.7,18,0.9
262,68,0.9230064511203572,6,0.6,17,0.85
263,68,0.907355804099706,7,0.7,18,0.9
264,68,0.9315570485170056,8,0.8,17,0.85
265,68,0.8850250028629232,6,0.6,16,0.8
266,68,0.8713593159522081,6,0.6,16,0.8
267,68,0.8668931557048516,7,0.7,16,0.8
268,68,0.8869336183532465,5,0.5,16,0.8
269,68,0.8694888727716914,6,0.6,16,0.8
270,68,0.8426537389777455,6,0.6,15,0.75
271,68,0.8781539870977593,7,0.7,18,0.9
272,68,0.8918196740084742,7,0.7,17,0.85
273,68,0.911440241248998,6,0.6,16,0.8
274,68,0.9411001259686224,6,0.6,17,0.85
275,68,0.8252471657059967,8,0.8,13,0.65
276,68,0.8773905409016299,5,0.5,16,0.8
277,68,0.8396762988128411,6,0.6,15,0.75
278,68,0.9055235332289957,7,0.7,18,0.9
279,68,0.9067068748329961,6,0.6,16,0.8
280,68,0.8868191014238271,8,0.8,17,0.85
281,68,0.9054090162995762,6,0.6,18,0.9
282,68,0.9143413367942894,6,0.6,18,0.9
283,68,0.9209069740810015,8,0.8,17,0.85
284,68,0.878230331717372,8,0.8,14,0.7
285,68,0.8866664121846012,7,0.7,16,0.8
286,68,0.8858266213688589,6,0.6,15,0.75
287,68,0.8727335191052409,5,0.5,16,0.8
288,68,0.9064014963545444,8,0.8,17,0.85
289,68,0.8367370309577432,6,0.6,13,0.65
290,68,0.9297629499561018,6,0.6,18,0.9
291,68,0.9026606099935106,6,0.6,17,0.85
292,68,0.9378936519448792,9,0.9,16,0.8
293,68,0.8801771195175019,5,0.5,17,0.85
294,68,0.8884223384356986,5,0.5,17,0.85
295,68,0.9111730350803527,6,0.6,17,0.85
296,68,0.9015536130091232,7,0.7,17,0.85
297,68,0.8812841165018894,5,0.5,16,0.8
298,68,0.831163873725999,6,0.6,17,0.85
299,68,0.8444096652288429,7,0.7,15,0.75
300,68,0.8607855861358169,7,0.7,16,0.8
301,68,0.8758636485093712,6,0.6,18,0.9
302,68,0.8790701225331145,8,0.8,19,0.95
303,68,0.8864755506355688,7,0.7,19,0.95
304,68,0.9031568500209948,6,0.6,16,0.8
305,68,0.8890712677024086,7,0.7,17,0.85
306,68,0.8561667366492345,3,0.3,16,0.8
307,68,0.912585410543192,6,0.6,15,0.75
308,68,0.8871626522120851,6,0.6,14,0.7
309,68,0.9254113066381646,8,0.8,15,0.75
310,68,0.937397411917395,7,0.7,18,0.9
311,68,0.8989578959422834,6,0.6,15,0.75
312,68,0.9161354353551932,6,0.6,17,0.85
313,68,0.9116311027980303,7,0.7,17,0.85
314,68,0.9022788868954459,6,0.6,15,0.75
315,68,0.8791846394625339,8,0.8,17,0.85
316,68,0.9097988319273198,7,0.7,15,0.75
317,68,0.8609764476848493,7,0.7,16,0.8
318,68,0.9084628010840935,7,0.7,16,0.8
319,68,0.8888804061533763,8,0.8,16,0.8
320,68,0.8879642707180211,6,0.6,16,0.8
321,68,0.9345726609917164,6,0.6,18,0.9
322,68,0.8935756002595715,6,0.6,15,0.75
323,68,0.8679238080696262,8,0.8,17,0.85
324,68,0.9048746039622856,7,0.7,16,0.8
325,68,0.8849486582433103,5,0.5,17,0.85
326,68,0.8800626025880826,5,0.5,16,0.8
327,68,0.9220139710653891,7,0.7,16,0.8
328,68,0.869298011222659,6,0.6,17,0.85
329,68,0.8901019200671832,7,0.7,17,0.85
330,68,0.9011337176012519,6,0.6,16,0.8
331,68,0.8841470397373743,7,0.7,14,0.7
332,68,0.8977745543382829,5,0.5,16,0.8
333,68,0.9103332442646104,6,0.6,18,0.9
334,68,0.8844142459060196,7,0.7,14,0.7
335,68,0.8883078215062792,7,0.7,17,0.85
336,68,0.9136924075275793,7,0.7,16,0.8
337,68,0.8980035881971216,6,0.6,16,0.8
338,68,0.9219376264457761,8,0.8,18,0.9
339,68,0.9208306294613886,7,0.7,17,0.85
340,68,0.9092644195900292,8,0.8,18,0.9
341,68,0.889109440012215,8,0.8,16,0.8
342,68,0.9248387219910676,9,0.9,18,0.9
343,68,0.9001030652364773,7,0.7,15,0.75
344,68,0.8804824979959537,7,0.7,17,0.85
345,68,0.9068977363820283,7,0.7,17,0.85
346,68,0.8573119059434285,4,0.4,17,0.85
347,68,0.864793678665496,7,0.7,17,0.85
348,68,0.8993777913501545,5,0.5,16,0.8
349,68,0.9086154903233195,6,0.6,18,0.9
350,68,0.9078138718173836,5,0.5,18,0.9
351,68,0.9241897927243576,5,0.5,15,0.75
352,68,0.8938428064282168,7,0.7,16,0.8
353,68,0.8725426575562086,6,0.6,14,0.7
354,68,0.8921250524869259,5,0.5,14,0.7
355,68,0.8618544108103979,8,0.8,18,0.9
356,68,0.8789937779135015,6,0.6,15,0.75
357,68,0.8538763980608466,9,0.9,15,0.75
358,68,0.8946062526243462,7,0.7,14,0.7
359,68,0.9093025918998356,8,0.8,19,0.95
360,68,0.8830018704431803,8,0.8,14,0.7
361,68,0.8974691758598312,6,0.6,14,0.7
362,68,0.907699354887964,8,0.8,15,0.75
363,68,0.9138450967668053,7,0.7,16,0.8
364,68,0.8919341909378937,6,0.6,16,0.8
365,68,0.9151429553002252,7,0.7,16,0.8
366,68,0.8576172844218802,8,0.8,16,0.8
367,68,0.901057372981639,6,0.6,16,0.8
368,68,0.8582280413787837,7,0.7,14,0.7
369,68,0.9082719395350612,7,0.7,17,0.85
370,68,0.9128144444020306,6,0.6,16,0.8
371,68,0.9083864564644806,7,0.7,16,0.8
372,68,0.9307172577012633,8,0.8,16,0.8
373,68,0.8809023934038248,5,0.5,16,0.8
374,68,0.9128144444020306,7,0.7,15,0.75
375,68,0.9126617551628049,8,0.8,15,0.75
376,68,0.902202542275833,6,0.6,18,0.9
377,68,0.8044814291712791,5,0.5,15,0.75
378,68,0.9109058289117073,6,0.6,16,0.8
379,68,0.8639920601595603,7,0.7,15,0.75
380,68,0.9198763217162269,6,0.6,16,0.8
381,68,0.8930793602320877,6,0.6,16,0.8
382,68,0.9227774172615184,7,0.7,17,0.85
383,68,0.914646715272741,7,0.7,15,0.75
384,68,0.9096843149979005,8,0.8,17,0.85
385,68,0.9044547085544145,6,0.6,16,0.8
386,68,0.8713974882620147,8,0.8,15,0.75
387,68,0.8631522693438178,6,0.6,16,0.8
388,68,0.8963621788754437,7,0.7,17,0.85
389,68,0.878879260984082,9,0.9,16,0.8
390,68,0.9115929304882238,7,0.7,18,0.9
391,68,0.89327022178112,8,0.8,16,0.8
392,68,0.9065160132839637,9,0.9,16,0.8
393,68,0.8926212925144099,7,0.7,15,0.75
394,68,0.9000267206168644,8,0.8,16,0.8
395,68,0.9145321983433216,8,0.8,17,0.85
396,68,0.9278161621559718,8,0.8,17,0.85
397,68,0.8605947245867847,5,0.5,14,0.7
398,68,0.8804824979959537,7,0.7,16,0.8
399,68,0.9136924075275793,7,0.7,17,0.85
400,68,0.8934610833301523,7,0.7,15,0.75
401,68,0.8963240065656373,6,0.6,16,0.8
402,68,0.8882696491964728,6,0.6,15,0.75
403,68,0.911440241248998,6,0.6,16,0.8
404,68,0.8420429820208419,7,0.7,15,0.75
405,68,0.8745276176661448,5,0.5,15,0.75
406,68,0.8585715921670418,5,0.5,15,0.75
407,68,0.8914761232202159,6,0.6,17,0.85
408,68,0.9197236324770012,7,0.7,18,0.9
409,68,0.859716761461236,7,0.7,16,0.8
410,68,0.9031568500209948,5,0.5,14,0.7
411,68,0.9156010230179028,6,0.6,16,0.8
412,68,0.8948734587929916,5,0.5,16,0.8
413,68,0.8948734587929916,7,0.7,17,0.85
414,68,0.8636103370614955,6,0.6,15,0.75
415,68,0.9060197732564796,6,0.6,18,0.9
416,68,0.9075084933389319,6,0.6,17,0.85
417,68,0.9452227354277207,7,0.7,17,0.85
418,68,0.9208688017711951,7,0.7,18,0.9
419,68,0.9142268198648699,7,0.7,16,0.8
420,68,0.9028132992327366,6,0.6,18,0.9
421,68,0.9152192999198381,5,0.5,14,0.7
422,68,0.8899492308279573,8,0.8,18,0.9
423,68,0.9359850364545558,6,0.6,16,0.8
424,68,0.8770088178035651,7,0.7,16,0.8
425,68,0.8030308813986332,6,0.6,15,0.75
426,68,0.9123563766843531,7,0.7,16,0.8
427,68,0.8947207695537657,8,0.8,15,0.75
428,68,0.936901171889911,7,0.7,16,0.8
429,68,0.8958277665381532,7,0.7,16,0.8
430,68,0.8703286635874337,5,0.5,16,0.8
431,68,0.9151429553002252,6,0.6,18,0.9
432,68,0.9053708439897697,5,0.5,18,0.9
433,68,0.8676184295911745,8,0.8,14,0.7
434,68,0.8588769706454937,8,0.8,14,0.7
435,68,0.8945299080047333,5,0.5,15,0.75
436,68,0.9221284879948085,8,0.8,19,0.95
437,68,0.8989578959422834,7,0.7,18,0.9
438,68,0.9093789365194486,7,0.7,16,0.8
439,68,0.9002175821658968,6,0.6,17,0.85
440,68,0.9103714165744168,7,0.7,16,0.8
441,68,0.8949879757224107,6,0.6,15,0.75
442,68,0.9015154406993167,7,0.7,17,0.85
443,68,0.8752910638622742,7,0.7,16,0.8
444,68,0.894339046455701,6,0.6,16,0.8
445,68,0.8907890216436996,7,0.7,14,0.7
446,68,0.8960186280871856,7,0.7,16,0.8
447,68,0.8991487574913157,4,0.4,16,0.8
448,68,0.9123563766843531,8,0.8,15,0.75
449,68,0.8671221895636904,8,0.8,15,0.75
450,68,0.8797953964194372,6,0.6,17,0.85
451,68,0.8469672099858763,7,0.7,15,0.75
452,68,0.8854448982707942,6,0.6,18,0.9
453,68,0.9341145932740389,7,0.7,17,0.85
454,68,0.8443714929190365,6,0.6,15,0.75
455,68,0.9099515211665458,6,0.6,18,0.9
456,68,0.8263541626903842,7,0.7,14,0.7
457,68,0.9225102110928731,7,0.7,16,0.8
458,68,0.8686872542657555,5,0.5,16,0.8
459,68,0.9094934534488681,6,0.6,17,0.85
460,68,0.8620834446692368,6,0.6,16,0.8
461,68,0.8694125281520784,7,0.7,16,0.8
462,68,0.8724281406267893,8,0.8,15,0.75
463,68,0.871092109783563,8,0.8,15,0.75
464,68,0.899835859067832,8,0.8,16,0.8
465,68,0.9199908386456465,8,0.8,16,0.8
466,68,0.9336183532465548,7,0.7,18,0.9
467,68,0.8910180555025383,6,0.6,16,0.8
468,68,0.9254113066381646,6,0.6,17,0.85
469,68,0.8582662136885904,7,0.7,14,0.7
470,68,0.827384815055159,8,0.8,17,0.85
471,68,0.9211360079398404,8,0.8,17,0.85
472,68,0.9189601862808717,7,0.7,17,0.85
473,68,0.9000267206168644,8,0.8,15,0.75
474,68,0.8805206703057601,6,0.6,17,0.85
475,68,0.8838034889491161,7,0.7,15,0.75
476,68,0.9079665610566093,6,0.6,15,0.75
477,68,0.9351452456388134,9,0.9,18,0.9
478,68,0.8892239569416346,8,0.8,15,0.75
479,68,0.872657174485628,7,0.7,18,0.9
480,68,0.9186166354926136,6,0.6,16,0.8
481,68,0.8466236591976181,8,0.8,16,0.8
482,68,0.8599457953200746,6,0.6,17,0.85
483,68,0.8982326220559606,8,0.8,17,0.85
484,68,0.8942245295262814,7,0.7,17,0.85
485,68,0.8939954956674427,6,0.6,16,0.8
486,68,0.8879642707180211,7,0.7,16,0.8
487,68,0.8555941520021375,7,0.7,15,0.75
488,68,0.8756346146505324,3,0.3,16,0.8
489,68,0.9122800320647401,8,0.8,16,0.8
490,68,0.9347253502309424,7,0.7,17,0.85
491,68,0.8983853112951864,7,0.7,17,0.85
492,68,0.8403634003893574,6,0.6,14,0.7
493,68,0.9444974615413978,9,0.9,17,0.85
494,68,0.851280680994007,6,0.6,17,0.85
495,68,0.8135664389052182,7,0.7,13,0.65
496,68,0.9070885979310607,8,0.8,16,0.8
497,68,0.866435087987174,6,0.6,17,0.85
498,68,0.9145321983433216,7,0.7,17,0.85
499,68,0.8897965415887313,8,0.8,16,0.8
500,68,0.8706340420658853,7,0.7,15,0.75
501,68,0.8339122800320647,7,0.7,13,0.65
502,68,0.8976600374088635,7,0.7,16,0.8
503,68,0.8542581211589113,6,0.6,14,0.7
504,68,0.9098751765469328,7,0.7,15,0.75
505,68,0.8541436042294919,7,0.7,15,0.75
506,68,0.9080429056762224,8,0.8,18,0.9
507,68,0.9110203458411268,6,0.6,15,0.75
508,68,0.8877352368591823,7,0.7,16,0.8
509,68,0.9380081688742985,9,0.9,17,0.85
510,68,0.8962476619460242,8,0.8,16,0.8
511,68,0.8837271443295033,7,0.7,15,0.75
512,68,0.9161736076649996,7,0.7,14,0.7
513,68,0.863801198610528,6,0.6,17,0.85
514,68,0.8916288124594418,5,0.5,16,0.8
515,68,0.8236057563843187,9,0.9,18,0.9
516,68,0.9371683780585561,6,0.6,17,0.85
517,68,0.8538382257510402,6,0.6,15,0.75
518,68,0.8415085696835516,8,0.8,14,0.7
519,68,0.895331526510669,7,0.7,16,0.8
520,68,0.9151047829904186,8,0.8,17,0.85
521,68,0.8994923082795738,7,0.7,16,0.8
522,68,0.9004466160247356,7,0.7,15,0.75
523,68,0.9147230598923539,8,0.8,15,0.75
524,68,0.9213650417986792,7,0.7,17,0.85
525,68,0.8855975875100202,7,0.7,15,0.75
526,68,0.8628468908653661,6,0.6,13,0.65
527,68,0.8357827232125816,9,0.9,16,0.8
528,68,0.8758254761995647,7,0.7,15,0.75
529,68,0.9032331946406076,7,0.7,16,0.8
530,68,0.900141237546284,6,0.6,17,0.85
531,68,0.8863228613963431,7,0.7,19,0.95
532,68,0.8957895942283466,8,0.8,17,0.85
533,68,0.863724853990915,5,0.5,17,0.85
534,68,0.8601748291789134,7,0.7,16,0.8
535,68,0.9003320990953163,8,0.8,16,0.8
536,68,0.9144558537237089,8,0.8,17,0.85
537,68,0.91800587853571,7,0.7,16,0.8
538,68,0.8851395197923425,8,0.8,15,0.75
539,68,0.8744512730465319,6,0.6,17,0.85
540,68,0.8389128526167118,6,0.6,17,0.85
541,68,0.8833454212314387,6,0.6,14,0.7
542,68,0.8962094896362178,8,0.8,15,0.75
543,68,0.8892239569416346,7,0.7,14,0.7
544,68,0.8968965912127342,6,0.6,16,0.8
545,68,0.894339046455701,6,0.6,16,0.8
546,68,0.9236553803870671,8,0.8,17,0.85
547,68,0.9030423330915752,5,0.5,16,0.8
548,68,0.8995304805893803,5,0.5,16,0.8
549,68,0.919151047829904,8,0.8,16,0.8
550,68,0.893041187922281,7,0.7,16,0.8
551,68,0.889529335420086,8,0.8,17,0.85
552,68,0.9397259228155895,6,0.6,17,0.85
553,68,0.911783792037256,6,0.6,15,0.75
554,68,0.8557850135511699,8,0.8,16,0.8
555,68,0.9110966904607397,7,0.7,16,0.8
556,68,0.8782685040271786,5,0.5,16,0.8
557,68,0.8829636981333739,7,0.7,15,0.75
558,68,0.8967439019735083,7,0.7,17,0.85
559,68,0.905714394778028,7,0.7,16,0.8
560,68,0.9103714165744168,8,0.8,15,0.75
561,68,0.8954460434400884,6,0.6,17,0.85
562,68,0.9276634729167461,8,0.8,18,0.9
563,68,0.877085162423178,6,0.6,15,0.75
564,68,0.8646791617360765,6,0.6,17,0.85
565,68,0.8804824979959537,7,0.7,16,0.8
566,68,0.9003320990953163,7,0.7,17,0.85
567,68,0.9323204947131349,6,0.6,16,0.8
568,68,0.9107149673626749,7,0.7,17,0.85
569,68,0.9130816505706759,6,0.6,16,0.8
570,68,0.9235408634576477,8,0.8,15,0.75
571,68,0.9105622781234491,5,0.5,15,0.75
572,68,0.9074703210291253,8,0.8,15,0.75
573,68,0.9108294842920944,6,0.6,15,0.75
574,68,0.8873153414513111,6,0.6,15,0.75
575,68,0.8827346642745351,7,0.7,18,0.9
576,68,0.8680764973088522,8,0.8,16,0.8
577,68,0.8387983356872925,7,0.7,14,0.7
578,68,0.9047600870328661,6,0.6,15,0.75
579,68,0.9288468145207465,7,0.7,17,0.85
580,68,0.9083864564644806,8,0.8,18,0.9
581,68,0.9068977363820283,7,0.7,16,0.8
582,68,0.9208306294613886,8,0.8,16,0.8
583,68,0.913157995190289,5,0.5,17,0.85
584,68,0.9064396686643508,8,0.8,17,0.85
585,68,0.8416612589227773,7,0.7,15,0.75
586,68,0.9164789861434515,8,0.8,16,0.8
587,68,0.8741077222582736,7,0.7,14,0.7
588,68,0.8812459441920829,7,0.7,15,0.75
589,68,0.9211741802496468,7,0.7,17,0.85
590,68,0.8813222888116958,7,0.7,17,0.85
591,68,0.9152956445394509,5,0.5,16,0.8
592,68,0.896629385044089,6,0.6,15,0.75
593,68,0.8927739817536358,7,0.7,15,0.75
594,68,0.8859793106080848,8,0.8,17,0.85
595,68,0.8877352368591823,7,0.7,15,0.75
596,68,0.8790701225331145,8,0.8,15,0.75
597,68,0.9164026415238384,7,0.7,17,0.85
598,68,0.9058289117074474,8,0.8,18,0.9
599,68,0.8865900675649881,6,0.6,16,0.8
600,68,0.8274229873649654,8,0.8,17,0.85
601,68,0.9472840401572697,8,0.8,18,0.9
602,68,0.8815894949803411,6,0.6,15,0.75
603,68,0.9179677062259036,8,0.8,16,0.8
604,68,0.9048364316524792,7,0.7,18,0.9
605,68,0.8748711684544032,7,0.7,16,0.8
606,68,0.8583043859983966,5,0.5,16,0.8
607,68,0.8754819254113064,6,0.6,16,0.8
608,68,0.8363553078596784,5,0.5,15,0.75
609,68,0.8765889223956941,8,0.8,17,0.85
610,68,0.847119899225102,5,0.5,15,0.75
611,68,0.8950261480322174,7,0.7,17,0.85
612,68,0.9097606596175134,6,0.6,18,0.9
613,68,0.9365194487918463,7,0.7,16,0.8
614,68,0.8992251021109285,8,0.8,15,0.75
615,68,0.8968965912127342,6,0.6,18,0.9
616,68,0.9450700461884948,8,0.8,16,0.8
617,68,0.9068213917624154,6,0.6,16,0.8
618,68,0.9003702714051227,7,0.7,17,0.85
619,68,0.9119364812764819,6,0.6,17,0.85
620,68,0.86528991869298,6,0.6,16,0.8
621,68,0.8156659159445737,6,0.6,13,0.65
622,68,0.9294957437874565,7,0.7,17,0.85
623,68,0.9061724624957055,8,0.8,14,0.7
624,68,0.9260984082146809,7,0.7,16,0.8
625,68,0.9025842653738976,7,0.7,17,0.85
626,68,0.9081574226056417,6,0.6,17,0.85
627,68,0.8830782150627934,5,0.5,17,0.85
628,68,0.8810169103332441,8,0.8,15,0.75
629,68,0.9054090162995762,7,0.7,17,0.85
630,68,0.9029659884719624,10,1.0,18,0.9
631,68,0.9098751765469328,6,0.6,15,0.75
632,68,0.9202580448142916,9,0.9,17,0.85
633,68,0.9116692751078367,7,0.7,17,0.85
634,68,0.9153719891590639,6,0.6,16,0.8
635,68,0.8922777417261516,6,0.6,16,0.8
636,68,0.8901019200671832,6,0.6,14,0.7
637,68,0.9358323472153298,8,0.8,17,0.85
638,68,0.9160590907355802,7,0.7,16,0.8
639,68,0.8880024430278275,6,0.6,16,0.8
640,68,0.9227010726419055,6,0.6,16,0.8
641,68,0.8913616062907965,6,0.6,17,0.85
642,68,0.8748711684544032,6,0.6,14,0.7
643,68,0.823224033286254,6,0.6,15,0.75
644,68,0.8909798831927319,5,0.5,15,0.75
645,68,0.92438065427339,7,0.7,16,0.8
646,68,0.91865480780242,6,0.6,16,0.8
647,68,0.8739168607092415,7,0.7,15,0.75
648,68,0.9268618544108105,7,0.7,18,0.9
649,68,0.9136924075275793,7,0.7,16,0.8
650,68,0.8271939535061266,8,0.8,16,0.8
651,68,0.8806351872351795,8,0.8,16,0.8
652,68,0.924953238920487,6,0.6,17,0.85
653,68,0.9227774172615184,5,0.5,17,0.85
654,68,0.8655189525518188,8,0.8,15,0.75
655,68,0.8395999541932281,6,0.6,16,0.8
656,68,0.9090735580409969,8,0.8,15,0.75
657,68,0.9109821735313204,6,0.6,17,0.85
658,68,0.8875825476199564,8,0.8,17,0.85
659,68,0.8776959193800816,6,0.6,14,0.7
660,68,0.9252586173989387,8,0.8,16,0.8
661,68,0.8697942512501431,6,0.6,16,0.8
662,68,0.8958277665381532,7,0.7,15,0.75
663,68,0.9239989311753254,7,0.7,18,0.9
664,68,0.8312783906554185,6,0.6,15,0.75
665,68,0.9134633736687406,6,0.6,16,0.8
666,68,0.9011337176012519,8,0.8,16,0.8
667,68,0.9409474367293964,8,0.8,16,0.8
668,68,0.8780012978585333,5,0.5,14,0.7
669,68,0.9124708936137724,8,0.8,16,0.8
670,68,0.9107913119822879,7,0.7,17,0.85
671,68,0.8340267969614841,6,0.6,16,0.8
672,68,0.8825056304156964,6,0.6,16,0.8
673,68,0.8291789136160628,6,0.6,15,0.75
674,68,0.8843379012864067,7,0.7,18,0.9
675,68,0.9317097377562316,7,0.7,17,0.85
676,68,0.893041187922281,7,0.7,15,0.75
677,68,0.8929648433026681,9,0.9,15,0.75
678,68,0.9107531396724815,6,0.6,16,0.8
679,68,0.8751765469328548,6,0.6,16,0.8
680,68,0.8961331450166049,7,0.7,16,0.8
681,68,0.8791464671527275,6,0.6,17,0.85
682,68,0.8848341413138908,6,0.6,15,0.75
683,68,0.9491544833377866,7,0.7,17,0.85
684,68,0.9332748024582965,9,0.9,17,0.85
685,68,0.8627323739359468,7,0.7,16,0.8
686,68,0.9171279154101614,6,0.6,15,0.75
687,68,0.8946062526243462,7,0.7,16,0.8
688,68,0.927167232889262,7,0.7,17,0.85
689,68,0.8901019200671832,6,0.6,17,0.85
690,68,0.8983853112951864,6,0.6,16,0.8
691,68,0.8739550330190479,6,0.6,13,0.65
692,68,0.9531625758674657,7,0.7,17,0.85
693,68,0.8673893957323356,6,0.6,16,0.8
694,68,0.9151429553002252,7,0.7,17,0.85
695,68,0.9071649425506736,7,0.7,17,0.85
696,68,0.8924686032751841,7,0.7,16,0.8
697,68,0.8267358857884489,7,0.7,14,0.7
698,68,0.931328014658167,7,0.7,18,0.9
699,68,0.8913616062907965,9,0.9,17,0.85
700,68,0.8968202465931212,9,0.9,18,0.9
701,68,0.9123182043745467,7,0.7,18,0.9
702,68,0.9325113562621674,7,0.7,19,0.95
703,68,0.889605680039699,7,0.7,15,0.75
704,68,0.9033858838798335,6,0.6,17,0.85
705,68,0.9005993052639614,7,0.7,14,0.7
706,68,0.847768828491812,7,0.7,15,0.75
707,68,0.9094171088292552,6,0.6,18,0.9
708,68,0.8773905409016299,6,0.6,16,0.8
709,68,0.8971256250715729,7,0.7,15,0.75
710,68,0.9146085429629346,7,0.7,17,0.85
711,68,0.9004084437149292,7,0.7,17,0.85
712,68,0.861930755430011,6,0.6,16,0.8
713,68,0.865442607932206,6,0.6,15,0.75
714,68,0.8428446005267779,7,0.7,14,0.7
715,68,0.9128907890216437,9,0.9,17,0.85
716,68,0.902202542275833,8,0.8,16,0.8
717,68,0.8297514982631597,8,0.8,15,0.75
718,68,0.8212390731763178,6,0.6,14,0.7
719,68,0.8822384242470511,6,0.6,15,0.75
720,68,0.9254876512577775,7,0.7,17,0.85
721,68,0.8773523685918233,9,0.9,16,0.8
722,68,0.8375768217734854,6,0.6,15,0.75
723,68,0.9029278161621559,7,0.7,16,0.8
724,68,0.8991869298011221,7,0.7,15,0.75
725,68,0.911783792037256,7,0.7,17,0.85
726,68,0.9178150169866778,7,0.7,18,0.9
727,68,0.9246860327518417,9,0.9,17,0.85
728,68,0.9145321983433216,8,0.8,16,0.8
729,68,0.8560903920296216,6,0.6,15,0.75
730,68,0.8982326220559606,6,0.6,16,0.8
731,68,0.9402603351528799,6,0.6,18,0.9
732,68,0.877085162423178,8,0.8,14,0.7
733,68,0.9052181547505438,7,0.7,17,0.85
734,68,0.9223575218536472,7,0.7,19,0.95
735,68,0.9186929801122266,8,0.8,16,0.8
736,68,0.8772760239722104,7,0.7,16,0.8
737,68,0.9081574226056417,3,0.3,15,0.75
738,68,0.91800587853571,9,0.9,17,0.85
739,68,0.8736496545405962,8,0.8,15,0.75
740,68,0.8878115814787954,8,0.8,19,0.95
741,68,0.9166316753826774,8,0.8,16,0.8
742,68,0.9281978852540367,8,0.8,18,0.9
743,68,0.8945299080047333,7,0.7,18,0.9
744,68,0.8823911134862769,8,0.8,15,0.75
745,68,0.9456044585257852,9,0.9,16,0.8
746,68,0.9299156391953276,7,0.7,18,0.9
747,68,0.9185402908730006,8,0.8,16,0.8
748,68,0.9201817001946786,7,0.7,16,0.8
749,68,0.9115929304882238,7,0.7,16,0.8
750,68,0.8952170095812496,8,0.8,17,0.85
751,68,0.9331984578386836,7,0.7,15,0.75
752,68,0.8488376531663929,7,0.7,16,0.8
753,68,0.9101423827155781,7,0.7,15,0.75
754,68,0.9080810779860289,6,0.6,17,0.85
755,68,0.8820857350078253,6,0.6,16,0.8
756,68,0.8652517463831736,6,0.6,12,0.6
757,68,0.8358590678321945,8,0.8,16,0.8
758,68,0.9031568500209948,8,0.8,16,0.8
759,68,0.8781921594075657,7,0.7,17,0.85
760,68,0.8661297095087223,6,0.6,14,0.7
761,68,0.9109440012215138,7,0.7,15,0.75
762,68,0.8296369813337404,5,0.5,14,0.7
763,68,0.8753674084818871,6,0.6,16,0.8
764,68,0.9343436271328776,7,0.7,18,0.9
765,68,0.9256403404970035,7,0.7,16,0.8
766,68,0.8587242814062678,7,0.7,16,0.8
767,68,0.895407871130282,8,0.8,17,0.85
768,68,0.9159827461159674,7,0.7,16,0.8
769,68,0.9172806046493873,7,0.7,17,0.85
770,68,0.9278925067755849,7,0.7,15,0.75
771,68,0.85956407222201,7,0.7,16,0.8
772,68,0.9130816505706759,8,0.8,17,0.85
773,68,0.8717410390502729,7,0.7,15,0.75
774,68,0.8798717410390502,8,0.8,16,0.8
775,68,0.9355651410466846,8,0.8,16,0.8
776,68,0.8706722143756918,6,0.6,15,0.75
777,68,0.8870099629728594,7,0.7,17,0.85
778,68,0.8996831698286062,8,0.8,16,0.8
779,68,0.9011337176012519,8,0.8,17,0.85
780,68,0.8852158644119553,8,0.8,15,0.75
781,68,0.8612436538534946,7,0.7,17,0.85
782,68,0.9184257739435813,7,0.7,18,0.9
783,68,0.8880024430278275,7,0.7,16,0.8
784,68,0.9188074970416458,7,0.7,17,0.85
785,68,0.9026606099935106,6,0.6,15,0.75
786,68,0.9150666106806122,7,0.7,15,0.75
787,68,0.8994541359697674,7,0.7,15,0.75
788,68,0.8797190517998242,8,0.8,15,0.75
789,68,0.8816276672901477,6,0.6,15,0.75
790,68,0.9511776157575292,7,0.7,17,0.85
791,68,0.8915906401496354,7,0.7,15,0.75
792,68,0.8978127266480893,5,0.5,17,0.85
793,68,0.9353742794976524,8,0.8,17,0.85
794,68,0.9076230102683512,7,0.7,17,0.85
795,68,0.9071649425506736,5,0.5,15,0.75
796,68,0.8901019200671832,9,0.9,16,0.8
797,68,0.9036149177386722,7,0.7,15,0.75
798,68,0.8696033897011107,5,0.5,16,0.8
799,68,0.8712829713325951,6,0.6,14,0.7
800,68,0.8513570256136198,9,0.9,16,0.8
801,68,0.9131961675000954,8,0.8,15,0.75
802,68,0.9017063022483489,7,0.7,15,0.75
803,68,0.8692216666030461,7,0.7,13,0.65
804,68,0.836317135549872,8,0.8,16,0.8
805,68,0.9031568500209948,8,0.8,18,0.9
806,68,0.9200671832652593,7,0.7,16,0.8
807,68,0.8928121540634422,8,0.8,15,0.75
808,68,0.8775432301408557,8,0.8,17,0.85
809,68,0.8524640225980074,7,0.7,15,0.75
810,68,0.9088826964919646,8,0.8,18,0.9
811,68,0.9111348627705461,6,0.6,15,0.75
812,68,0.9064014963545444,6,0.6,15,0.75
813,68,0.9328549070504255,8,0.8,19,0.95
814,68,0.8978127266480893,7,0.7,15,0.75
815,68,0.8829636981333739,7,0.7,16,0.8
816,68,0.876665267015307,4,0.4,15,0.75
817,68,0.9067450471428025,8,0.8,17,0.85
818,68,0.8982326220559606,8,0.8,16,0.8
819,68,0.918731152422033,8,0.8,16,0.8
820,68,0.8994541359697674,8,0.8,17,0.85
821,68,0.843111806695423,6,0.6,14,0.7
822,68,0.9217085925869373,6,0.6,17,0.85
823,68,0.8922013971065388,8,0.8,16,0.8
824,68,0.8376531663930983,4,0.4,15,0.75
825,68,0.8923922586555711,5,0.5,18,0.9
826,68,0.9144558537237089,8,0.8,16,0.8
827,68,0.924800549681261,7,0.7,17,0.85
828,68,0.8734587929915638,6,0.6,14,0.7
829,68,0.865786158720464,5,0.5,16,0.8
830,68,0.920219872504485,7,0.7,17,0.85
831,68,0.8771233347329846,6,0.6,16,0.8
832,68,0.8854830705806006,7,0.7,15,0.75
833,68,0.8886513722945374,7,0.7,15,0.75
834,68,0.9158300568767415,6,0.6,16,0.8
835,68,0.9123182043745467,7,0.7,16,0.8
836,68,0.877237851662404,6,0.6,16,0.8
837,68,0.8844905905256326,6,0.6,16,0.8
838,68,0.8941863572164751,8,0.8,16,0.8
839,68,0.8932320494713134,8,0.8,15,0.75
840,68,0.863724853990915,7,0.7,14,0.7
841,68,0.8407069511776157,6,0.6,17,0.85
842,68,0.8969729358323472,5,0.5,15,0.75
843,68,0.9312134977287475,7,0.7,18,0.9
844,68,0.870443180516853,7,0.7,16,0.8
845,68,0.8774287132114363,8,0.8,15,0.75
846,68,0.8971637973813795,6,0.6,15,0.75
847,68,0.8859793106080848,8,0.8,15,0.75
848,68,0.8427682559071649,7,0.7,16,0.8
849,68,0.9162881245944191,7,0.7,17,0.85
850,68,0.9112875520097721,6,0.6,17,0.85
851,68,0.9529717143184333,7,0.7,16,0.8
852,68,0.8727335191052409,8,0.8,16,0.8
853,68,0.8616635492613656,7,0.7,15,0.75
854,68,0.8618544108103979,7,0.7,16,0.8
855,68,0.8761308546780164,8,0.8,18,0.9
856,68,0.8619689277398175,8,0.8,15,0.75
857,68,0.8669695003244645,8,0.8,17,0.85
858,68,0.9039584685269305,6,0.6,15,0.75
859,68,0.8787265717448562,6,0.6,14,0.7
860,68,0.8121922357521854,8,0.8,15,0.75
861,68,0.8893384738710537,5,0.5,15,0.75
862,68,0.8997976867580256,7,0.7,16,0.8
863,68,0.8973546589304118,8,0.8,17,0.85
864,68,0.9194945986181623,8,0.8,16,0.8
865,68,0.9228919341909377,6,0.6,16,0.8
866,68,0.9289613314501658,6,0.6,17,0.85
867,68,0.9196854601671947,6,0.6,17,0.85
868,68,0.9083482841546742,6,0.6,18,0.9
869,68,0.9049509485818985,6,0.6,18,0.9
870,68,0.9344963163721035,7,0.7,17,0.85
871,68,0.8609001030652365,6,0.6,14,0.7
872,68,0.9281978852540367,7,0.7,17,0.85
873,68,0.877886780929114,7,0.7,16,0.8
874,68,0.8086040386303774,7,0.7,15,0.75
875,68,0.9265183036225522,5,0.5,16,0.8
876,68,0.8833454212314387,7,0.7,17,0.85
877,68,0.8715883498110469,6,0.6,15,0.75
878,68,0.8799862579684695,6,0.6,16,0.8
879,68,0.9157537122571288,6,0.6,17,0.85
880,68,0.912585410543192,7,0.7,17,0.85
881,68,0.9331221132190708,6,0.6,16,0.8
882,68,0.8709775928541436,7,0.7,16,0.8
883,68,0.9320151162346832,8,0.8,19,0.95
884,68,0.9152192999198381,8,0.8,18,0.9
885,68,0.9115929304882238,6,0.6,16,0.8
886,68,0.8645264724968507,6,0.6,16,0.8
887,68,0.91865480780242,7,0.7,18,0.9
888,68,0.850555407107684,6,0.6,15,0.75
889,68,0.9236553803870671,7,0.7,16,0.8
890,68,0.8909035385731189,7,0.7,16,0.8
891,68,0.8951788372714431,7,0.7,18,0.9
892,68,0.887620719929763,5,0.5,15,0.75
893,68,0.8562049089590409,8,0.8,16,0.8
894,68,0.9062488071153184,7,0.7,15,0.75
895,68,0.9128526167118373,7,0.7,17,0.85
896,68,0.8675802572813679,8,0.8,14,0.7
897,68,0.8773523685918233,7,0.7,15,0.75
898,68,0.8668549833950452,6,0.6,16,0.8
899,68,0.9286177806619078,7,0.7,17,0.85
900,68,0.8645264724968507,7,0.7,16,0.8
901,68,0.8938809787380234,7,0.7,18,0.9
902,68,0.8620071000496239,6,0.6,15,0.75
903,68,0.9218994541359695,6,0.6,16,0.8
904,68,0.9020116807268006,8,0.8,15,0.75
905,68,0.8765125777760813,7,0.7,16,0.8
906,68,0.9177768446768714,7,0.7,17,0.85
907,68,0.9235790357674541,6,0.6,19,0.95
908,68,0.9210978356300339,5,0.5,16,0.8
909,68,0.8975455204794441,8,0.8,16,0.8
910,68,0.9086918349429325,6,0.6,16,0.8
911,68,0.9325113562621674,6,0.6,16,0.8
912,68,0.8839943504981485,7,0.7,17,0.85
913,68,0.9050272932015114,7,0.7,17,0.85
914,68,0.8912852616711836,8,0.8,16,0.8
915,68,0.907355804099706,6,0.6,16,0.8
916,68,0.904416536244608,7,0.7,15,0.75
917,68,0.9029659884719624,7,0.7,14,0.7
918,68,0.8786502271252432,8,0.8,16,0.8
919,68,0.8672367064931097,7,0.7,13,0.65
920,68,0.9308699469404893,8,0.8,18,0.9
921,68,0.9164026415238384,8,0.8,16,0.8
922,68,0.8904072985456349,6,0.6,17,0.85
923,68,0.9456044585257852,8,0.8,18,0.9
924,68,0.8933847387105394,7,0.7,16,0.8
925,68,0.9475894186357217,7,0.7,17,0.85
926,68,0.9053708439897697,7,0.7,15,0.75
927,68,0.8749093407642095,7,0.7,15,0.75
928,68,0.9289231591403595,7,0.7,17,0.85
929,68,0.8954460434400884,9,0.9,17,0.85
930,68,0.870443180516853,8,0.8,17,0.85
931,68,0.8683437034774972,10,1.0,17,0.85
932,68,0.9109058289117073,6,0.6,16,0.8
933,68,0.9104095888842232,7,0.7,16,0.8
934,68,0.9400694736038475,8,0.8,17,0.85
935,68,0.8930793602320877,8,0.8,17,0.85
936,68,0.8870099629728594,7,0.7,18,0.9
937,68,0.8914379509104096,7,0.7,17,0.85
938,68,0.926022063595068,6,0.6,16,0.8
939,68,0.907775699507577,6,0.6,16,0.8
940,68,0.9135397182883536,7,0.7,18,0.9
941,68,0.9136542352177729,7,0.7,17,0.85
942,68,0.8940718402870557,5,0.5,17,0.85
943,68,0.9035767454288658,7,0.7,14,0.7
944,68,0.9304500515326181,7,0.7,17,0.85
945,68,0.8210482116272855,5,0.5,15,0.75
946,68,0.896476695804863,4,0.4,14,0.7
947,68,0.9163644692140321,7,0.7,16,0.8
948,68,0.8476543115623925,7,0.7,17,0.85
949,68,0.878879260984082,7,0.7,17,0.85
950,68,0.9388479596900406,8,0.8,17,0.85
951,68,0.8905599877848609,7,0.7,15,0.75
952,68,0.9206015956025498,8,0.8,16,0.8
953,68,0.886399206015956,5,0.5,16,0.8
954,68,0.8772760239722104,8,0.8,17,0.85
955,68,0.9177768446768714,6,0.6,15,0.75
956,68,0.8956369049891209,8,0.8,16,0.8
957,68,0.9062488071153184,9,0.9,15,0.75
958,68,0.8959422834675725,6,0.6,15,0.75
959,68,0.8763980608466617,8,0.8,18,0.9
960,68,0.9060197732564796,7,0.7,16,0.8
961,68,0.8867427568042141,8,0.8,16,0.8
962,68,0.878306676336985,7,0.7,14,0.7
963,68,0.8134137496659922,6,0.6,16,0.8
964,68,0.9073176317898995,7,0.7,16,0.8
965,68,0.8926212925144099,8,0.8,16,0.8
966,68,0.8539527426804596,5,0.5,16,0.8
967,68,0.9177386723670647,6,0.6,16,0.8
968,68,0.8679238080696262,5,0.5,15,0.75
969,68,0.9031186777111883,7,0.7,16,0.8
970,68,0.894339046455701,6,0.6,16,0.8
971,68,0.859067832194526,7,0.7,16,0.8
972,68,0.8518532656411038,7,0.7,16,0.8
973,68,0.8906363324044738,6,0.6,16,0.8
974,68,0.9461388708630758,6,0.6,16,0.8
975,68,0.9217085925869373,7,0.7,17,0.85
976,68,0.9063251517349313,6,0.6,16,0.8
977,68,0.8870481352826658,7,0.7,16,0.8
978,68,0.8965530404244759,5,0.5,16,0.8
979,68,0.9115929304882238,6,0.6,16,0.8
980,68,0.8935756002595715,5,0.5,16,0.8
981,68,0.8819330457685994,8,0.8,15,0.75
982,68,0.9087300072527388,7,0.7,18,0.9
983,68,0.8756727869603388,7,0.7,15,0.75
984,68,0.9119746535862884,9,0.9,15,0.75
985,68,0.896056800396992,5,0.5,15,0.75
986,68,0.9180822231553231,8,0.8,16,0.8
987,68,0.8674657403519486,7,0.7,15,0.75
988,68,0.9253731343283582,6,0.6,16,0.8
989,68,0.8707867313051113,6,0.6,17,0.85
990,68,0.9346108333015228,9,0.9,18,0.9
991,68,0.9159445738061609,8,0.8,16,0.8
992,68,0.8855975875100202,7,0.7,15,0.75
993,68,0.8776195747604687,6,0.6,13,0.65
994,68,0.906859564072222,8,0.8,17,0.85
995,68,0.9132725121197081,6,0.6,16,0.8
996,68,0.8965530404244759,6,0.6,15,0.75
997,68,0.9217085925869373,7,0.7,17,0.85
998,68,0.8531892964843301,7,0.7,17,0.85
999,68,0.836164446310646,6,0.6,15,0.75
1000,68,0.8973928312402182,7,0.7,15,0.75
1001,68,0.8985380005344121,6,0.6,16,0.8
1002,68,0.9191892201397106,7,0.7,17,0.85
1003,68,0.9030423330915752,7,0.7,15,0.75
1004,68,0.8702141466580141,6,0.6,16,0.8
1005,68,0.8474634500133601,7,0.7,14,0.7
1006,68,0.9292667099286177,7,0.7,18,0.9
1007,68,0.9269000267206168,8,0.8,16,0.8
1008,68,0.9301446730541664,8,0.8,15,0.75
1009,68,0.8908653662633124,6,0.6,17,0.85
1010,68,0.8909798831927319,6,0.6,16,0.8
1011,68,0.8905981600946672,8,0.8,15,0.75
1012,68,0.8968584189029276,6,0.6,18,0.9
1013,68,0.8993777913501545,7,0.7,17,0.85
1014,68,0.925525823567584,8,0.8,17,0.85
1015,68,0.9039202962171239,6,0.6,17,0.85
1016,68,0.9196091155475816,6,0.6,17,0.85
1017,68,0.9154101614688704,6,0.6,17,0.85
1018,68,0.9063251517349313,7,0.7,18,0.9
1019,68,0.8717792113600793,6,0.6,17,0.85
1020,68,0.8723517960071763,6,0.6,16,0.8
1021,68,0.8544489827079434,8,0.8,16,0.8
1022,68,0.8923922586555711,6,0.6,15,0.75
1023,68,0.9368248272702981,7,0.7,18,0.9
1024,68,0.8853685536511813,8,0.8,15,0.75
1025,68,0.8990724128717028,6,0.6,16,0.8
1026,68,0.8469290376760696,6,0.6,14,0.7
1027,68,0.9245333435126157,8,0.8,17,0.85
1028,68,0.8558613581707827,8,0.8,14,0.7
1029,68,0.889682024659312,6,0.6,16,0.8
1030,68,0.8503263732488452,6,0.6,14,0.7
1031,68,0.902049853036607,6,0.6,17,0.85
1032,68,0.8882314768866664,8,0.8,18,0.9
1033,68,0.9031950223308012,6,0.6,16,0.8
1034,68,0.9096079703782876,7,0.7,17,0.85
1035,68,0.9483528648318508,7,0.7,18,0.9
1036,68,0.9112875520097721,7,0.7,17,0.85
1037,68,0.9086154903233195,7,0.7,16,0.8
1038,68,0.9232354849791958,8,0.8,15,0.75
1039,68,0.9212505248692598,7,0.7,16,0.8
1040,68,0.9175096385082261,7,0.7,16,0.8
1041,68,0.9158682291865481,9,0.9,16,0.8
1042,68,0.8961713173264114,6,0.6,17,0.85
1043,68,0.8827346642745351,5,0.5,15,0.75
1044,68,0.8791082948429209,6,0.6,17,0.85
1045,68,0.9185784631828072,5,0.5,17,0.85
1046,68,0.9172806046493873,5,0.5,16,0.8
1047,68,0.9111730350803527,7,0.7,15,0.75
1048,68,0.9187693247318394,7,0.7,15,0.75
1049,68,0.9149902660609992,7,0.7,15,0.75
1050,68,0.9086154903233195,7,0.7,18,0.9
1051,68,0.8915142955300225,5,0.5,16,0.8
1052,68,0.9067450471428025,8,0.8,17,0.85
1053,68,0.8990724128717028,8,0.8,14,0.7
1054,68,0.8967057296637019,7,0.7,16,0.8
1055,68,0.8880787876474404,7,0.7,16,0.8
1056,68,0.8512425086842004,6,0.6,18,0.9
1057,68,0.8866664121846012,7,0.7,17,0.85
1058,68,0.8831163873725999,5,0.5,15,0.75
1059,68,0.9042256746955758,8,0.8,16,0.8
1060,68,0.9041493300759628,9,0.9,17,0.85
1061,68,0.8880406153376339,7,0.7,16,0.8
1062,68,0.9028896438523495,7,0.7,16,0.8
1063,68,0.9185402908730006,8,0.8,15,0.75
1064,68,0.8700996297285948,6,0.6,16,0.8
1065,68,0.9131961675000954,7,0.7,17,0.85
1066,68,0.8747184792151772,7,0.7,17,0.85
1067,68,0.8820475626980188,6,0.6,17,0.85
1068,68,0.9106386227430621,7,0.7,16,0.8
1069,68,0.8914379509104096,7,0.7,16,0.8
1070,68,0.9314807038973927,7,0.7,17,0.85
1071,68,0.920296217124098,7,0.7,18,0.9
1072,68,0.8786502271252432,6,0.6,16,0.8
1073,68,0.8929266709928617,6,0.6,15,0.75
1074,68,0.9346871779211359,8,0.8,17,0.85
1075,68,0.9281597129442302,7,0.7,16,0.8
1076,68,0.870519525136466,7,0.7,15,0.75
1077,68,0.9199144940260335,6,0.6,18,0.9
1078,68,0.9108294842920944,7,0.7,17,0.85
1079,68,0.8988052067030575,8,0.8,14,0.7
1080,68,0.8538382257510402,5,0.5,15,0.75
1081,68,0.8717792113600793,7,0.7,17,0.85
1082,68,0.8344085200595487,8,0.8,16,0.8
1083,68,0.8757491315799518,6,0.6,17,0.85
1084,68,0.9175859831278388,7,0.7,17,0.85
1085,68,0.895407871130282,9,0.9,16,0.8
1086,68,0.9051418101309309,6,0.6,16,0.8
1087,68,0.882314768866664,6,0.6,17,0.85
1088,68,0.8822765965568576,7,0.7,15,0.75
1089,68,0.888613199984731,6,0.6,16,0.8
1090,68,0.9464824216513341,5,0.5,17,0.85
1091,68,0.9010192006718326,8,0.8,15,0.75
1092,68,0.8626942016261402,6,0.6,16,0.8
1093,68,0.8985380005344121,6,0.6,17,0.85
1094,68,0.9012864068404779,6,0.6,17,0.85
1095,68,0.865709814100851,6,0.6,16,0.8
1096,68,0.9104095888842232,6,0.6,13,0.65
1097,68,0.9216704202771309,6,0.6,16,0.8
1098,68,0.8773523685918233,6,0.6,16,0.8
1099,68,0.920219872504485,8,0.8,17,0.85
1100,68,0.9223575218536472,8,0.8,18,0.9
1101,68,0.8808260487842118,6,0.6,15,0.75
1102,68,0.9153719891590639,8,0.8,18,0.9
1103,68,0.9513684773065616,7,0.7,17,0.85
1104,68,0.9107531396724815,8,0.8,18,0.9
1105,68,0.8855975875100202,7,0.7,15,0.75
1106,68,0.8922013971065388,6,0.6,16,0.8
1107,68,0.8991105851815092,6,0.6,16,0.8
1108,68,0.8810169103332441,8,0.8,15,0.75
1109,68,0.9201053555750658,9,0.9,17,0.85
1110,68,0.9270145436500362,6,0.6,16,0.8
1111,68,0.923884414245906,8,0.8,15,0.75
1112,68,0.9077375271977707,6,0.6,16,0.8
1113,68,0.8882696491964728,9,0.9,16,0.8
1114,68,0.930030156124747,6,0.6,16,0.8
1115,68,0.930030156124747,7,0.7,18,0.9
1116,68,0.9140359583158376,7,0.7,16,0.8
1117,68,0.8990342405618964,7,0.7,17,0.85
1118,68,0.9051036378211245,8,0.8,16,0.8
1119,68,0.9214032141084857,7,0.7,17,0.85
1120,68,0.915791884566935,5,0.5,18,0.9
1121,68,0.9041111577661565,7,0.7,17,0.85
1122,68,0.9333129747681032,7,0.7,16,0.8
1123,68,0.9196854601671947,7,0.7,15,0.75
1124,68,0.9380463411841049,8,0.8,17,0.85
1125,68,0.9025079207542847,6,0.6,15,0.75
1126,68,0.905638050158415,8,0.8,17,0.85
1127,68,0.8889567507729893,5,0.5,16,0.8
1128,68,0.9266709928617779,7,0.7,15,0.75
1129,68,0.9206015956025498,7,0.7,17,0.85
1130,68,0.899988548307058,6,0.6,16,0.8
1131,68,0.9152956445394509,8,0.8,15,0.75
1132,68,0.9106386227430621,7,0.7,16,0.8
1133,68,0.9045310531740275,7,0.7,18,0.9
1134,68,0.9253349620185516,9,0.9,15,0.75
1135,68,0.9251059281597129,7,0.7,17,0.85
1136,68,0.8746039622857578,6,0.6,17,0.85
1137,68,0.8803679810665342,7,0.7,15,0.75
1138,68,0.9303355346031987,7,0.7,17,0.85
1139,68,0.8897965415887313,6,0.6,17,0.85
1140,68,0.9101042104057717,6,0.6,18,0.9
1141,68,0.8417757758521967,9,0.9,15,0.75
1142,68,0.9306409130816504,7,0.7,18,0.9
1143,68,0.8080314539832805,7,0.7,14,0.7
1144,68,0.8937664618086039,8,0.8,17,0.85
1145,68,0.9463679047219147,6,0.6,17,0.85
1146,68,0.9176241554376454,7,0.7,17,0.85
1147,68,0.8809405657136312,7,0.7,16,0.8
1148,68,0.9053326716799631,5,0.5,17,0.85
1149,68,0.8452112837347787,5,0.5,14,0.7
1150,68,0.9000267206168644,6,0.6,16,0.8
1151,68,0.8817040119097607,7,0.7,17,0.85
1152,68,0.8485704469977479,8,0.8,16,0.8
1153,68,0.9120891705157077,6,0.6,19,0.95
1154,68,0.8694125281520784,5,0.5,16,0.8
1155,68,0.8603656907279459,8,0.8,15,0.75
1156,68,0.8928121540634422,7,0.7,14,0.7
1157,68,0.8978508989578958,8,0.8,15,0.75
1158,68,0.9054090162995762,8,0.8,15,0.75
1159,68,0.8807115318547925,7,0.7,16,0.8
1160,68,0.9231209680497765,7,0.7,16,0.8
1161,68,0.9088826964919646,7,0.7,16,0.8
1162,68,0.8679238080696262,7,0.7,16,0.8
1163,68,0.8505935794174905,8,0.8,14,0.7
1164,68,0.8906363324044738,7,0.7,17,0.85
1165,68,0.8962858342558306,6,0.6,16,0.8
1166,68,0.9283505744932624,6,0.6,17,0.85
1167,68,0.9213650417986792,6,0.6,16,0.8
1168,68,0.8687254265755618,8,0.8,16,0.8
1169,68,0.9210978356300339,7,0.7,18,0.9
1170,68,0.8842233843569873,7,0.7,15,0.75
1171,68,0.8999122036874451,8,0.8,17,0.85
1172,68,0.8951406649616367,7,0.7,17,0.85
1173,68,0.9207924571515822,6,0.6,16,0.8
1174,68,0.8941100125968621,7,0.7,15,0.75
1175,68,0.8748329961445968,6,0.6,15,0.75
1176,68,0.8699469404893688,6,0.6,15,0.75
1177,68,0.9096843149979005,7,0.7,16,0.8
1178,68,0.8497537886017482,6,0.6,16,0.8
1179,68,0.9353742794976524,9,0.9,15,0.75
1180,68,0.877314196282017,6,0.6,14,0.7
1181,68,0.9026224376837042,7,0.7,17,0.85
1182,68,0.9376646180860403,8,0.8,17,0.85
1183,68,0.9212123525594534,9,0.9,17,0.85
1184,68,0.8959041111577661,7,0.7,16,0.8
1185,68,0.9098751765469328,6,0.6,15,0.75
1186,68,0.8310111844867732,6,0.6,16,0.8
1187,68,0.9075848379585447,9,0.9,16,0.8
1188,68,0.8759399931289841,6,0.6,15,0.75
1189,68,0.8717410390502729,6,0.6,15,0.75
1190,68,0.9020880253464136,6,0.6,16,0.8
1191,68,0.8844524182158262,7,0.7,17,0.85
1192,68,0.8689162881245944,7,0.7,14,0.7
1193,68,0.9133870290491276,8,0.8,16,0.8
1194,68,0.9067450471428025,7,0.7,16,0.8
1195,68,0.9138450967668053,8,0.8,15,0.75
1196,68,0.8579990075199451,6,0.6,14,0.7
1197,68,0.883612627400084,7,0.7,18,0.9
1198,68,0.9156773676375157,7,0.7,17,0.85
1199,68,0.9092644195900292,6,0.6,15,0.75
1200,68,0.8863228613963431,7,0.7,18,0.9
1201,68,0.8635339924418824,7,0.7,15,0.75
1202,68,0.9166316753826774,6,0.6,17,0.85
1203,68,0.88754437531015,8,0.8,15,0.75
1204,68,0.9037294346680916,7,0.7,16,0.8
1205,68,0.9106767950528685,6,0.6,18,0.9
1206,68,0.8843760735962133,6,0.6,17,0.85
1207,68,0.9072412871702866,8,0.8,17,0.85
1208,68,0.9115547581784174,7,0.7,16,0.8
1209,68,0.9120509982059014,7,0.7,17,0.85
1210,68,0.9073939764095126,6,0.6,17,0.85
1211,68,0.9365957934114593,5,0.5,18,0.9
1212,68,0.929686605336489,7,0.7,18,0.9
1213,68,0.9094171088292552,8,0.8,16,0.8
1214,68,0.8885368553651181,7,0.7,16,0.8
1215,68,0.8995304805893803,8,0.8,15,0.75
1216,68,0.852769401076459,6,0.6,15,0.75
1217,68,0.8319654922319348,7,0.7,16,0.8
1218,68,0.8918960186280871,9,0.9,16,0.8
1219,68,0.8822765965568576,8,0.8,13,0.65
1220,68,0.8967057296637019,8,0.8,16,0.8
1221,68,0.9100278657861587,7,0.7,15,0.75
1222,68,0.8474634500133601,7,0.7,14,0.7
1223,68,0.9013245791502843,6,0.6,18,0.9
1224,68,0.8503263732488452,7,0.7,17,0.85
1225,68,0.9067450471428025,7,0.7,16,0.8
1226,68,0.9132725121197081,7,0.7,17,0.85
1227,68,0.8799480856586631,7,0.7,17,0.85
1228,68,0.9327403901210062,7,0.7,18,0.9
1229,68,0.9327403901210062,7,0.7,17,0.85
1230,68,0.8932320494713134,7,0.7,14,0.7
1231,68,0.9070885979310607,7,0.7,17,0.85
1232,68,0.889262129251441,8,0.8,15,0.75
1233,68,0.9279688513951978,7,0.7,17,0.85
1234,68,0.9436194984158491,7,0.7,18,0.9
1235,68,0.8558613581707827,7,0.7,15,0.75
1236,68,0.9275107836775202,6,0.6,17,0.85
1237,68,0.8823529411764705,8,0.8,15,0.75
1238,68,0.8905218154750545,6,0.6,16,0.8
1239,68,0.9388097873802342,8,0.8,18,0.9
1240,68,0.877237851662404,7,0.7,14,0.7
1241,68,0.8857884490590525,5,0.5,16,0.8
1242,68,0.876665267015307,8,0.8,15,0.75
1243,68,0.9217467648967438,6,0.6,18,0.9
1244,68,0.9133870290491276,7,0.7,17,0.85
1245,68,0.8508989578959422,7,0.7,14,0.7
1246,68,0.823949307172577,6,0.6,15,0.75
1247,68,0.9086154903233195,8,0.8,18,0.9
1248,68,0.8949498034126043,8,0.8,15,0.75
1249,68,0.9047982593426728,8,0.8,18,0.9
1250,68,0.889185784631828,6,0.6,15,0.75
1251,68,0.8428827728365843,7,0.7,13,0.65
1252,68,0.8996068252089934,7,0.7,16,0.8
1253,68,0.9340764209642325,8,0.8,18,0.9
1254,68,0.9288468145207465,5,0.5,17,0.85
1255,68,0.8927358094438294,7,0.7,15,0.75
1256,68,0.8759781654387907,7,0.7,16,0.8
1257,68,0.9040729854563498,8,0.8,16,0.8
1258,68,0.881894873458793,8,0.8,14,0.7
1259,68,0.9072031148604802,6,0.6,17,0.85
1260,68,0.8627705462457532,6,0.6,15,0.75
1261,68,0.8839943504981485,8,0.8,17,0.85
1262,68,0.901057372981639,6,0.6,17,0.85
1263,68,0.9276634729167461,8,0.8,18,0.9
1264,68,0.8910562278123448,8,0.8,15,0.75
1265,68,0.9111348627705461,7,0.7,17,0.85
1266,68,0.8531511241745237,5,0.5,15,0.75
1267,68,0.8967439019735083,8,0.8,16,0.8
1268,68,0.9104095888842232,7,0.7,16,0.8
1269,68,0.8832309043020192,6,0.6,15,0.75
1270,68,0.907699354887964,6,0.6,17,0.85
1271,68,0.8801771195175019,6,0.6,14,0.7
1272,68,0.8962858342558306,7,0.7,19,0.95
1273,68,0.8939191510478298,6,0.6,18,0.9
1274,68,0.926022063595068,7,0.7,18,0.9
1275,68,0.8980799328167346,7,0.7,18,0.9
1276,68,0.8917815016986678,7,0.7,18,0.9
1277,68,0.8994923082795738,7,0.7,17,0.85
1278,68,0.8888422338435698,5,0.5,16,0.8
1279,68,0.9156391953277092,6,0.6,15,0.75
1280,68,0.890750849333893,5,0.5,15,0.75
1281,68,0.8914379509104096,5,0.5,18,0.9
1282,68,0.9013627514600907,6,0.6,16,0.8
1283,68,0.9097988319273198,6,0.6,17,0.85
1284,68,0.9093407642096422,5,0.5,18,0.9
1285,68,0.8881169599572468,7,0.7,15,0.75
1286,68,0.9368248272702981,8,0.8,16,0.8
1287,68,0.9129671336412566,7,0.7,17,0.85
1288,68,0.8813222888116958,6,0.6,16,0.8
1289,68,0.8971637973813795,8,0.8,15,0.75
1290,68,0.8648318509753024,6,0.6,14,0.7
1291,68,0.8762071992976294,9,0.9,17,0.85
1292,68,0.9047982593426728,6,0.6,16,0.8
1293,68,0.893193877161507,7,0.7,15,0.75
1294,68,0.9157155399473221,7,0.7,19,0.95
1295,68,0.9183112570141619,8,0.8,17,0.85
1296,68,0.9118219643470624,6,0.6,16,0.8
1297,68,0.8997595144482191,8,0.8,15,0.75
1298,68,0.8904454708554415,7,0.7,15,0.75
1299,68,0.8937664618086039,7,0.7,15,0.75
1300,68,0.9256403404970035,8,0.8,14,0.7
1301,68,0.8468145207466503,8,0.8,16,0.8
1302,68,0.911211207390159,8,0.8,15,0.75
1303,68,0.8509371302057488,6,0.6,15,0.75
1304,68,0.9308699469404893,7,0.7,16,0.8
1305,68,0.9262892697637133,6,0.6,17,0.85
1306,68,0.8928884986830552,5,0.5,17,0.85
1307,68,0.8961713173264114,9,0.9,16,0.8
1308,68,0.9291140206893918,8,0.8,16,0.8
1309,68,0.9231209680497765,6,0.6,17,0.85
1310,68,0.9201817001946786,7,0.7,17,0.85
1311,68,0.8833454212314387,7,0.7,17,0.85
1312,68,0.9168607092415161,8,0.8,18,0.9
1313,68,0.8631904416536245,6,0.6,18,0.9
1314,68,0.8846432797648586,7,0.7,14,0.7
1315,68,0.9084628010840935,6,0.6,15,0.75
1316,68,0.8630759247242049,6,0.6,14,0.7
1317,68,0.924876894300874,5,0.5,16,0.8
1318,68,0.85448715501775,5,0.5,15,0.75
1319,68,0.9138069244569988,7,0.7,16,0.8
1320,68,0.9146848875825474,5,0.5,18,0.9
1321,68,0.8712447990227887,5,0.5,15,0.75
1322,68,0.8836507997098904,4,0.4,17,0.85
1323,68,0.9142649921746765,5,0.5,17,0.85
1324,68,0.8974310035500248,8,0.8,18,0.9
1325,68,0.8205901439096078,6,0.6,16,0.8
1326,68,0.926174752834294,7,0.7,16,0.8
1327,68,0.9157537122571288,8,0.8,17,0.85
1328,68,0.8531511241745237,7,0.7,16,0.8
1329,68,0.9070504256212543,6,0.6,17,0.85
1330,68,0.8997213421384127,7,0.7,16,0.8
1331,68,0.8980035881971216,6,0.6,16,0.8
1332,68,0.9254876512577775,6,0.6,16,0.8
1333,68,0.9141123029354505,6,0.6,18,0.9
1334,68,0.8334160400045805,7,0.7,14,0.7
1335,68,0.8729243806542732,5,0.5,16,0.8
1336,68,0.8802916364469214,7,0.7,15,0.75
1337,68,0.9120128258960948,7,0.7,16,0.8
1338,68,0.8841470397373743,5,0.5,15,0.75
1339,68,0.8749856853838225,5,0.5,17,0.85
1340,68,0.9098751765469328,8,0.8,16,0.8
1341,68,0.9179677062259036,8,0.8,18,0.9
1342,68,0.9122036874451271,6,0.6,16,0.8
1343,68,0.9118219643470624,8,0.8,16,0.8
1344,68,0.8948734587929916,7,0.7,16,0.8
1345,68,0.9136160629079664,7,0.7,17,0.85
1346,68,0.8053975646066343,6,0.6,14,0.7
1347,68,0.9402221628430735,7,0.7,17,0.85
1348,68,0.8866664121846012,8,0.8,16,0.8
1349,68,0.8860174829178912,7,0.7,16,0.8
1350,68,0.8418902927816161,7,0.7,16,0.8
1351,68,0.8552124289040729,6,0.6,15,0.75
1352,68,0.9241134481047447,8,0.8,16,0.8
1353,68,0.8755582700309195,7,0.7,15,0.75
1354,68,0.9023552315150589,8,0.8,16,0.8
1355,68,0.8429209451463908,6,0.6,16,0.8
1356,68,0.9204107340535174,8,0.8,17,0.85
1357,68,0.8947207695537657,6,0.6,17,0.85
1358,68,0.9004466160247356,7,0.7,16,0.8
1359,68,0.9092262472802228,7,0.7,17,0.85
1360,68,0.8668168110852387,4,0.4,15,0.75
1361,68,0.8997213421384127,7,0.7,15,0.75
1362,68,0.9009810283620261,5,0.5,15,0.75
1363,68,0.9011337176012519,7,0.7,18,0.9
1364,68,0.9334274916975225,7,0.7,16,0.8
1365,68,0.9465969385807534,7,0.7,19,0.95
1366,68,0.9041875023857692,6,0.6,16,0.8
1367,68,0.8903691262358285,6,0.6,15,0.75
1368,68,0.9285414360422948,5,0.5,17,0.85
1369,68,0.9199908386456465,6,0.6,16,0.8
1370,68,0.9260984082146809,8,0.8,16,0.8
1371,68,0.8360117570714203,6,0.6,15,0.75
1372,68,0.817574531434897,9,0.9,16,0.8
1373,68,0.8870099629728594,6,0.6,16,0.8
1374,68,0.8426537389777455,7,0.7,14,0.7
1375,68,0.8855975875100202,6,0.6,16,0.8
1376,68,0.8976218650990572,8,0.8,17,0.85
1377,68,0.8605183799671716,7,0.7,14,0.7
1378,68,0.9074703210291253,6,0.6,15,0.75
1379,68,0.8718173836698857,5,0.5,17,0.85
1380,68,0.9274344390579072,8,0.8,16,0.8
1381,68,0.8997595144482191,7,0.7,16,0.8
1382,68,0.8662442264381417,6,0.6,15,0.75
1383,68,0.9017063022483489,8,0.8,17,0.85
1384,68,0.860136656869107,6,0.6,14,0.7
1385,68,0.8838034889491161,4,0.4,17,0.85
1386,68,0.8812459441920829,7,0.7,17,0.85
1387,68,0.911363896629385,9,0.9,17,0.85
1388,68,0.9227774172615184,6,0.6,19,0.95
1389,68,0.9091499026606099,9,0.9,17,0.85
1390,68,0.8888422338435698,9,0.9,15,0.75
1391,68,0.888613199984731,7,0.7,16,0.8
1392,68,0.9005229606443484,7,0.7,17,0.85
1393,68,0.8807497041645991,7,0.7,14,0.7
1394,68,0.8821620796274383,6,0.6,16,0.8
1395,68,0.9246478604420351,6,0.6,17,0.85
1396,68,0.9237317250066801,8,0.8,16,0.8
1397,68,0.9100660380959651,6,0.6,16,0.8
1398,68,0.9055998778486084,8,0.8,16,0.8
1399,68,0.8460510745505209,7,0.7,16,0.8
1400,68,0.9380845134939115,8,0.8,17,0.85
1401,68,0.9048364316524792,7,0.7,16,0.8
1402,68,0.8734206206817574,6,0.6,15,0.75
1403,68,0.8989578959422834,9,0.9,17,0.85
1404,68,0.8804061533763408,8,0.8,15,0.75
1405,68,0.896629385044089,7,0.7,17,0.85
1406,68,0.8644501278772377,6,0.6,17,0.85
1407,68,0.8412795358247127,6,0.6,16,0.8
1408,68,0.9279306790853914,6,0.6,14,0.7
1409,68,0.8932320494713134,7,0.7,17,0.85
1410,68,0.935259762568233,8,0.8,14,0.7
1411,68,0.8723517960071763,6,0.6,14,0.7
1412,68,0.9009810283620261,6,0.6,16,0.8
1413,68,0.860289346108333,6,0.6,17,0.85
1414,68,0.9031568500209948,7,0.7,16,0.8
1415,68,0.8893003015612474,6,0.6,17,0.85
1416,68,0.9093789365194486,6,0.6,17,0.85
1417,68,0.9414436767568805,7,0.7,18,0.9
1418,68,0.8729243806542732,6,0.6,16,0.8
1419,68,0.93453448868191,7,0.7,18,0.9
1420,68,0.8730007252738863,7,0.7,14,0.7
1421,68,0.8850250028629232,8,0.8,14,0.7
1422,68,0.9162117799748062,7,0.7,16,0.8
1423,68,0.8900637477573766,7,0.7,17,0.85
1424,68,0.8700614574187884,7,0.7,17,0.85
1425,68,0.9121273428255141,6,0.6,16,0.8
1426,68,0.9233500019086154,7,0.7,17,0.85
1427,68,0.9026224376837042,7,0.7,16,0.8
1428,68,0.9152956445394509,7,0.7,18,0.9
1429,68,0.9098751765469328,7,0.7,15,0.75
1430,68,0.9365957934114593,7,0.7,16,0.8
1431,68,0.8822002519372447,8,0.8,15,0.75
1432,68,0.9194945986181623,5,0.5,16,0.8
1433,68,0.8980799328167346,6,0.6,17,0.85
1434,68,0.9414436767568805,8,0.8,19,0.95
1435,68,0.923808069626293,7,0.7,15,0.75
1436,68,0.8904836431652479,7,0.7,17,0.85
1437,68,0.876245371607436,8,0.8,17,0.85
1438,68,0.9215940756575178,7,0.7,18,0.9
1439,68,0.8882696491964728,6,0.6,18,0.9
1440,68,0.9285414360422948,7,0.7,17,0.85
1441,68,0.9268618544108105,8,0.8,16,0.8
1442,68,0.8951788372714431,6,0.6,15,0.75
1443,68,0.8779249532389205,7,0.7,17,0.85
1444,68,0.814215368171928,7,0.7,14,0.7
1445,68,0.9299156391953276,8,0.8,18,0.9
1446,68,0.8552887735236858,5,0.5,17,0.85
1447,68,0.864144749398786,7,0.7,16,0.8
1448,68,0.9493071725770126,7,0.7,15,0.75
1449,68,0.9111730350803527,9,0.9,15,0.75
1450,68,0.8497537886017482,7,0.7,15,0.75
1451,68,0.9236935526968737,8,0.8,16,0.8
1452,68,0.8666259495362065,7,0.7,18,0.9
1453,68,0.8932320494713134,6,0.6,14,0.7
1454,68,0.9019735084169942,7,0.7,17,0.85
1455,68,0.8559377027903956,6,0.6,13,0.65
1456,68,0.9353742794976524,7,0.7,17,0.85
1457,68,0.8699851127991753,7,0.7,18,0.9
1458,68,0.9247623773714546,8,0.8,17,0.85
1459,68,0.9088445241821582,8,0.8,16,0.8
1460,68,0.9198381494064205,8,0.8,17,0.85
1461,68,0.8904072985456349,6,0.6,14,0.7
1462,68,0.8927358094438294,6,0.6,15,0.75
1463,68,0.906057945566286,7,0.7,16,0.8
1464,68,0.9070504256212543,7,0.7,15,0.75
1465,68,0.856930182845364,7,0.7,16,0.8
1466,68,0.9037294346680916,6,0.6,15,0.75
1467,68,0.8912089170515706,6,0.6,16,0.8
1468,68,0.9214413864182921,8,0.8,16,0.8
1469,68,0.8356300339733557,6,0.6,15,0.75
1470,68,0.8796045348704049,5,0.5,16,0.8
1471,68,0.9498797572241096,8,0.8,17,0.85
1472,68,0.9364431041722333,8,0.8,16,0.8
1473,68,0.8735733099209833,7,0.7,15,0.75
1474,68,0.830018704431805,6,0.6,15,0.75
1475,68,0.9096843149979005,7,0.7,17,0.85
1476,68,0.836164446310646,5,0.5,14,0.7
1477,68,0.8773523685918233,7,0.7,15,0.75
1478,68,0.8875062030003434,6,0.6,15,0.75
1479,68,0.9151429553002252,7,0.7,15,0.75
1480,68,0.8914379509104096,6,0.6,18,0.9
1481,68,0.8832690766118256,7,0.7,17,0.85
1482,68,0.9073176317898995,8,0.8,17,0.85
1483,68,0.9074703210291253,6,0.6,15,0.75
1484,68,0.8552887735236858,7,0.7,16,0.8
1485,68,0.877085162423178,6,0.6,16,0.8
1486,68,0.8907126770240866,8,0.8,16,0.8
1487,68,0.869450700461885,7,0.7,16,0.8
1488,68,0.9083864564644806,8,0.8,16,0.8
1489,68,0.9241516204145512,4,0.4,15,0.75
1490,68,0.8905599877848609,8,0.8,16,0.8
1491,68,0.920296217124098,7,0.7,17,0.85
1492,68,0.8479596900408443,4,0.4,16,0.8
1493,68,0.9289613314501658,8,0.8,16,0.8
1494,68,0.894415391075314,6,0.6,14,0.7
1495,68,0.9117456197274497,8,0.8,15,0.75
1496,68,0.8965148681146694,5,0.5,16,0.8
1497,68,0.8932320494713134,7,0.7,16,0.8
1498,68,0.924800549681261,6,0.6,16,0.8
1499,68,0.8552506012138795,7,0.7,15,0.75
1500,68,0.9480474863533993,6,0.6,16,0.8
1501,68,0.8655571248616253,7,0.7,17,0.85
1502,68,0.9164789861434515,6,0.6,17,0.85
1503,68,0.9455281139061722,7,0.7,18,0.9
1504,68,0.8789556056036949,8,0.8,16,0.8
1505,68,0.8962094896362178,6,0.6,16,0.8
1506,68,0.9001030652364773,6,0.6,17,0.85
1507,68,0.9107913119822879,5,0.5,16,0.8
1508,68,0.93453448868191,7,0.7,16,0.8
1509,68,0.9286559529717141,5,0.5,18,0.9
1510,68,0.9017444745581555,7,0.7,17,0.85
1511,68,0.913157995190289,9,0.9,14,0.7
1512,68,0.9075466656487383,6,0.6,17,0.85
1513,68,0.901057372981639,4,0.4,15,0.75
1514,68,0.904416536244608,8,0.8,17,0.85
1515,68,0.8910180555025383,7,0.7,16,0.8
1516,68,0.9042256746955758,7,0.7,17,0.85
1517,68,0.8568920105355574,8,0.8,17,0.85
1518,68,0.8889185784631827,6,0.6,16,0.8
1519,68,0.8546016719471693,7,0.7,16,0.8
1520,68,0.9174714661984195,8,0.8,15,0.75
1521,68,0.889185784631828,6,0.6,16,0.8
1522,68,0.9183876016337748,6,0.6,17,0.85
1523,68,0.8889949230827957,6,0.6,16,0.8
1524,68,0.9196854601671947,7,0.7,17,0.85
1525,68,0.8626178570065274,6,0.6,16,0.8
1526,68,0.886399206015956,7,0.7,16,0.8
1527,68,0.9010955452914454,9,0.9,14,0.7
1528,68,0.9452990800473335,6,0.6,17,0.85
1529,68,0.9095316257586745,7,0.7,16,0.8
1530,68,0.8736878268504028,6,0.6,16,0.8
1531,68,0.8987288620834447,7,0.7,17,0.85
1532,68,0.9084628010840935,6,0.6,17,0.85
1533,68,0.9073939764095126,6,0.6,16,0.8
1534,68,0.8941100125968621,8,0.8,16,0.8
1535,68,0.889262129251441,9,0.9,16,0.8
1536,68,0.9325495285719738,7,0.7,16,0.8
1537,68,0.9288468145207465,6,0.6,18,0.9
1538,68,0.9059052563270603,7,0.7,16,0.8
1539,68,0.8787265717448562,7,0.7,16,0.8
1540,68,0.8662060541283353,6,0.6,16,0.8
1541,68,0.9279688513951978,7,0.7,15,0.75
1542,68,0.896629385044089,7,0.7,18,0.9
1543,68,0.901629957628736,7,0.7,17,0.85
1544,68,0.917013398480742,7,0.7,16,0.8
1545,68,0.9075084933389319,7,0.7,16,0.8
1546,68,0.893346566400733,7,0.7,16,0.8
1547,68,0.8484177577585219,7,0.7,17,0.85
1548,68,0.8978890712677022,7,0.7,17,0.85
1549,68,0.9120891705157077,7,0.7,16,0.8
1550,68,0.9164408138336448,6,0.6,16,0.8
1551,68,0.9094934534488681,7,0.7,18,0.9
1552,68,0.9048746039622856,7,0.7,15,0.75
1553,68,0.8913616062907965,6,0.6,17,0.85
1554,68,0.8938046341184104,7,0.7,15,0.75
1555,68,0.907699354887964,7,0.7,15,0.75
1556,68,0.8799480856586631,6,0.6,14,0.7
1557,68,0.890827193953506,6,0.6,15,0.75
1558,68,0.8857502767492459,6,0.6,15,0.75
1559,68,0.9183494293239683,6,0.6,15,0.75
1560,68,0.8938046341184104,6,0.6,14,0.7
1561,68,0.8527312287666526,7,0.7,17,0.85
1562,68,0.9130816505706759,6,0.6,17,0.85
1563,68,0.8711302820933694,7,0.7,17,0.85
1564,68,0.8452876283543918,6,0.6,14,0.7
1565,68,0.8741077222582736,8,0.8,16,0.8
1566,68,0.8614726877123333,8,0.8,13,0.65
1567,68,0.9447646677100431,7,0.7,17,0.85
1568,68,0.8400961942207124,7,0.7,15,0.75
1569,68,0.8970492804519601,6,0.6,16,0.8
1570,68,0.8883841661258921,7,0.7,15,0.75
1571,68,0.9087300072527388,7,0.7,16,0.8
1572,68,0.9318242546856509,7,0.7,17,0.85
1573,68,0.8957132496087337,6,0.6,16,0.8
1574,68,0.9360995533839751,8,0.8,17,0.85
1575,68,0.9029278161621559,7,0.7,17,0.85
1576,68,0.9020116807268006,7,0.7,15,0.75
1577,68,0.9154865060884835,6,0.6,18,0.9
1578,68,0.9118601366568688,6,0.6,17,0.85
1579,68,0.829522464404321,6,0.6,12,0.6
1580,68,0.8676947742107874,6,0.6,16,0.8
1581,68,0.9317097377562316,7,0.7,17,0.85
1582,68,0.8736114822307898,8,0.8,17,0.85
1583,68,0.8951024926518302,6,0.6,19,0.95
1584,68,0.8864373783257624,9,0.9,16,0.8
1585,68,0.8773523685918233,7,0.7,16,0.8
1586,68,0.9230827957399701,7,0.7,16,0.8
1587,68,0.9225483834026798,7,0.7,16,0.8
1588,68,0.8849868305531168,6,0.6,17,0.85
1589,68,0.8696415620109171,7,0.7,16,0.8
1590,68,0.9252204450891323,7,0.7,16,0.8
1591,68,0.8617017215711722,5,0.5,16,0.8
1592,68,0.9432759476275909,8,0.8,18,0.9
1593,68,0.8937282894987975,7,0.7,15,0.75
1594,68,0.9136924075275793,6,0.6,16,0.8
1595,68,0.9284269191128754,6,0.6,16,0.8
1596,68,0.9008665114326067,7,0.7,16,0.8
1597,68,0.9129671336412566,7,0.7,17,0.85
1598,68,0.9032713669504141,5,0.5,16,0.8
1599,68,0.7831812802992708,6,0.6,16,0.8
1600,68,0.8884223384356986,7,0.7,15,0.75
1601,68,0.9272435775088749,8,0.8,18,0.9
1602,68,0.9299919838149404,7,0.7,17,0.85
1603,68,0.9125472382333853,8,0.8,14,0.7
1604,68,0.8663969156773675,6,0.6,15,0.75
1605,68,0.927167232889262,7,0.7,17,0.85
1606,68,0.8845287628354391,7,0.7,16,0.8
1607,68,0.8749093407642095,7,0.7,13,0.65
1608,68,0.8959422834675725,6,0.6,16,0.8
1609,68,0.9211360079398404,7,0.7,16,0.8
1610,68,0.8613199984731076,7,0.7,16,0.8
1611,68,0.9163644692140321,7,0.7,18,0.9
1612,68,0.9293430545482306,7,0.7,17,0.85
1613,68,0.9105241058136425,7,0.7,16,0.8
1614,68,0.8301332213612246,9,0.9,17,0.85
1615,68,0.9279688513951978,8,0.8,17,0.85
1616,68,0.9222048326144214,8,0.8,16,0.8
1617,68,0.8922777417261516,7,0.7,16,0.8
1618,68,0.9258312020460356,6,0.6,15,0.75
1619,68,0.8949498034126043,6,0.6,16,0.8
1620,68,0.9104859335038362,7,0.7,15,0.75
1621,68,0.889834713898538,8,0.8,16,0.8
1622,68,0.8473107607741344,8,0.8,15,0.75
1623,68,0.9088445241821582,7,0.7,15,0.75
1624,68,0.8939191510478298,7,0.7,16,0.8
1625,68,0.8516624040920715,6,0.6,15,0.75
1626,68,0.9052181547505438,5,0.5,15,0.75
1627,68,0.9023934038248653,8,0.8,15,0.75
1628,68,0.8916669847692482,6,0.6,16,0.8
1629,68,0.9120891705157077,7,0.7,15,0.75
1630,68,0.8992632744207351,8,0.8,15,0.75
1631,68,0.9222811772340344,7,0.7,17,0.85
1632,68,0.9065160132839637,6,0.6,17,0.85
1633,68,0.8521586441195557,7,0.7,15,0.75
1634,68,0.8848341413138908,6,0.6,15,0.75
1635,68,0.9165935030728708,8,0.8,18,0.9
1636,68,0.9013245791502843,6,0.6,18,0.9
1637,68,0.8951024926518302,7,0.7,16,0.8
1638,68,0.9046837424132534,7,0.7,18,0.9
1639,68,0.9086536626331259,8,0.8,15,0.75
1640,68,0.8679619803794327,5,0.5,15,0.75
1641,68,0.9266328205519715,7,0.7,17,0.85
1642,68,0.8809787380234377,7,0.7,16,0.8
1643,68,0.9153719891590639,6,0.6,14,0.7
1644,68,0.8620834446692368,6,0.6,16,0.8
1645,68,0.925945718975455,6,0.6,18,0.9
1646,68,0.8991487574913157,7,0.7,15,0.75
1647,68,0.9217085925869373,7,0.7,17,0.85
1648,68,0.904569225483834,8,0.8,17,0.85
1649,68,0.91800587853571,6,0.6,16,0.8
1650,68,0.9451845631179142,7,0.7,16,0.8
1651,68,0.8820857350078253,7,0.7,16,0.8
1652,68,0.8936901171889908,9,0.9,16,0.8
1653,68,0.8881933045768597,8,0.8,16,0.8
1654,68,0.9050272932015114,7,0.7,17,0.85
1655,68,0.917089743100355,6,0.6,17,0.85
1656,68,0.9086918349429325,8,0.8,16,0.8
1657,68,0.907775699507577,6,0.6,16,0.8
1658,68,0.8752910638622742,7,0.7,15,0.75
1659,68,0.9118601366568688,7,0.7,17,0.85
1660,68,0.9177005000572583,6,0.6,16,0.8
1661,68,0.9403748520822994,7,0.7,17,0.85
1662,68,0.9133488567393211,7,0.7,17,0.85
1663,68,0.8896438523495056,6,0.6,16,0.8
1664,68,0.8728480360346603,8,0.8,16,0.8
1665,68,0.8899492308279573,7,0.7,18,0.9
1666,68,0.8991105851815092,7,0.7,18,0.9
1667,68,0.9040729854563498,6,0.6,16,0.8
1668,68,0.9159827461159674,6,0.6,15,0.75
1669,68,0.8927739817536358,8,0.8,16,0.8
1670,68,0.9104477611940298,7,0.7,17,0.85
1671,68,0.8888804061533763,9,0.9,16,0.8
1672,68,0.8770088178035651,6,0.6,16,0.8
1673,68,0.8789556056036949,7,0.7,17,0.85
1674,68,0.8605565522769782,8,0.8,15,0.75
1675,68,0.901210062220865,8,0.8,16,0.8
1676,68,0.931595220826812,8,0.8,18,0.9
1677,68,0.9325877008817802,8,0.8,16,0.8
1678,68,0.8863610337061495,7,0.7,14,0.7
1679,68,0.8757873038897581,7,0.7,16,0.8
1680,68,0.854334465778524,8,0.8,16,0.8
1681,68,0.8371187540558078,6,0.6,16,0.8
1682,68,0.9015536130091232,7,0.7,17,0.85
1683,68,0.8682291865480779,5,0.5,17,0.85
1684,68,0.9054471886093827,5,0.5,17,0.85
1685,68,0.9059434286368667,6,0.6,17,0.85
1686,68,0.889529335420086,8,0.8,17,0.85
1687,68,0.9236935526968737,5,0.5,17,0.85
1688,68,0.9252967897087453,6,0.6,16,0.8
1689,68,0.8951406649616367,7,0.7,17,0.85
1690,68,0.9140741306256441,7,0.7,14,0.7
1691,68,0.8402107111501317,6,0.6,16,0.8
1692,68,0.9018589914875749,7,0.7,17,0.85
1693,68,0.9241134481047447,6,0.6,16,0.8
1694,68,0.8826583196549221,6,0.6,14,0.7
1695,68,0.8327671107378708,7,0.7,16,0.8
1696,68,0.888613199984731,7,0.7,17,0.85
1697,68,0.8283009504905141,7,0.7,16,0.8
1698,68,0.8992632744207351,6,0.6,16,0.8
1699,68,0.8903691262358285,7,0.7,15,0.75
1700,68,0.8668931557048516,5,0.5,16,0.8
1701,68,0.8502500286292323,7,0.7,16,0.8
1702,68,0.9234263465282284,5,0.5,15,0.75
1703,68,0.9246860327518417,9,0.9,17,0.85
1704,68,0.848341413138909,7,0.7,17,0.85
1705,68,0.9208306294613886,9,0.9,16,0.8
1706,68,0.8823529411764705,8,0.8,16,0.8
1707,68,0.9443829446119782,6,0.6,18,0.9
1708,68,0.888460510745505,8,0.8,16,0.8
1709,68,0.8961331450166049,6,0.6,16,0.8
1710,68,0.9153719891590639,8,0.8,18,0.9
1711,68,0.8946062526243462,6,0.6,17,0.85
1712,68,0.9171279154101614,7,0.7,14,0.7
1713,68,0.8863228613963431,6,0.6,15,0.75
1714,68,0.911363896629385,6,0.6,18,0.9
1715,68,0.8774287132114363,6,0.6,15,0.75
1716,68,0.8349811047066457,7,0.7,17,0.85
1717,68,0.9217467648967438,7,0.7,17,0.85
1718,68,0.8823529411764705,7,0.7,15,0.75
1719,68,0.8802534641371148,5,0.5,18,0.9
1720,68,0.8781539870977593,6,0.6,16,0.8
1721,68,0.8786502271252432,7,0.7,17,0.85
1722,68,0.8745657899759515,7,0.7,18,0.9
1723,68,0.812001374203153,7,0.7,14,0.7
1724,68,0.888613199984731,6,0.6,16,0.8
1725,68,0.8704050082070465,7,0.7,15,0.75
1726,68,0.8490666870252317,6,0.6,15,0.75
1727,68,0.8650990571439476,5,0.5,15,0.75
1728,68,0.8916288124594418,8,0.8,16,0.8
1729,68,0.8902927816162155,6,0.6,14,0.7
1730,68,0.9021643699660266,5,0.5,13,0.65
1731,68,0.8969347635225406,8,0.8,18,0.9
1732,68,0.8843760735962133,6,0.6,16,0.8
1733,68,0.9024315761346718,6,0.6,17,0.85
1734,68,0.8801771195175019,7,0.7,16,0.8
1735,68,0.8803298087567278,7,0.7,16,0.8
1736,68,0.9214795587280985,8,0.8,17,0.85
1737,68,0.9085391457037065,9,0.9,13,0.65
1738,68,0.9384280642821696,7,0.7,17,0.85
1739,68,0.9182730847043553,7,0.7,16,0.8
1740,68,0.8777340916898881,6,0.6,15,0.75
1741,68,0.9103332442646104,6,0.6,16,0.8
1742,68,0.9049891208917051,6,0.6,16,0.8
1743,68,0.8850250028629232,7,0.7,16,0.8
1744,68,0.8754819254113064,7,0.7,15,0.75
1745,68,0.9011337176012519,6,0.6,17,0.85
1746,68,0.8413558804443256,5,0.5,15,0.75
1747,68,0.9159064014963545,8,0.8,16,0.8
1748,68,0.9165553307630644,7,0.7,14,0.7
1749,68,0.9174714661984195,8,0.8,16,0.8
1750,68,0.8858266213688589,8,0.8,15,0.75
1751,68,0.8650990571439476,8,0.8,15,0.75
1752,68,0.8901782646867962,7,0.7,16,0.8
1753,68,0.865862503340077,8,0.8,17,0.85
1754,68,0.8721227621483376,6,0.6,16,0.8
1755,68,0.9277398175363591,8,0.8,17,0.85
1756,68,0.908004733366416,7,0.7,16,0.8
1757,68,0.895407871130282,6,0.6,17,0.85
1758,68,0.8848723136236972,7,0.7,16,0.8
1759,68,0.8772760239722104,7,0.7,15,0.75
1760,68,0.8583807306180097,7,0.7,15,0.75
1761,68,0.8989578959422834,6,0.6,16,0.8
1762,68,0.8794900179409856,6,0.6,16,0.8
1763,68,0.8241783410314156,8,0.8,15,0.75
1764,68,0.9322441500935221,7,0.7,18,0.9
1765,68,0.8980417605069282,7,0.7,15,0.75
1766,68,0.8947589418635722,6,0.6,15,0.75
1767,68,0.881894873458793,7,0.7,17,0.85
1768,68,0.8806351872351795,6,0.6,15,0.75
1769,68,0.9191128755200977,8,0.8,17,0.85
1770,68,0.8667022941558192,7,0.7,16,0.8
1771,68,0.8835744550902775,7,0.7,16,0.8
1772,68,0.9286559529717141,8,0.8,17,0.85
1773,68,0.8995686528991867,7,0.7,16,0.8
1774,68,0.8915142955300225,7,0.7,17,0.85
1775,68,0.9306790853914569,8,0.8,16,0.8
1776,68,0.8964385234950566,8,0.8,16,0.8
1777,68,0.9032713669504141,7,0.7,19,0.95
1778,68,0.9368629995801045,6,0.6,17,0.85
1779,68,0.911363896629385,10,1.0,17,0.85
1780,68,0.8930793602320877,7,0.7,17,0.85
1781,68,0.9299919838149404,6,0.6,16,0.8
1782,68,0.9106004504332555,6,0.6,16,0.8
1783,68,0.8951406649616367,5,0.5,16,0.8
1784,68,0.9087300072527388,5,0.5,17,0.85
1785,68,0.8815894949803411,6,0.6,17,0.85
1786,68,0.9021643699660266,6,0.6,16,0.8
1787,68,0.9447646677100431,8,0.8,19,0.95
1788,68,0.9367866549604916,7,0.7,16,0.8
1789,68,0.9117074474176431,7,0.7,15,0.75
1790,68,0.899835859067832,7,0.7,15,0.75
1791,68,0.8999503759972515,5,0.5,17,0.85
1792,68,0.8946444249341526,6,0.6,15,0.75
1793,68,0.8994541359697674,6,0.6,15,0.75
1794,68,0.8826964919647287,7,0.7,16,0.8
1795,68,0.9051036378211245,6,0.6,17,0.85
1796,68,0.9107913119822879,6,0.6,15,0.75
1797,68,0.926022063595068,8,0.8,17,0.85
1798,68,0.9322823224033285,7,0.7,18,0.9
1799,68,0.894339046455701,6,0.6,16,0.8
1800,68,0.8947589418635722,6,0.6,18,0.9
1801,68,0.9128907890216437,6,0.6,15,0.75
1802,68,0.8912470893613772,7,0.7,14,0.7
1803,68,0.9058289117074474,6,0.6,15,0.75
1804,68,0.8720082452189182,5,0.5,16,0.8
1805,68,0.8859793106080848,7,0.7,15,0.75
1806,68,0.8609382753750429,7,0.7,16,0.8
1807,68,0.9302210176737793,7,0.7,19,0.95
1808,68,0.8400961942207124,7,0.7,16,0.8
1809,68,0.920296217124098,8,0.8,17,0.85
1810,68,0.8912470893613772,7,0.7,14,0.7
1811,68,0.8661678818185287,6,0.6,15,0.75
1812,68,0.8651372294537543,7,0.7,14,0.7
1813,68,0.913425201358934,6,0.6,16,0.8
1814,68,0.8371950986754209,6,0.6,15,0.75
1815,68,0.8696797343207238,8,0.8,16,0.8
1816,68,0.8996068252089934,8,0.8,15,0.75
1817,68,0.8790319502233079,6,0.6,14,0.7
1818,68,0.8382639233500019,8,0.8,15,0.75
1819,68,0.9036149177386722,7,0.7,18,0.9
1820,68,0.8853685536511813,7,0.7,18,0.9
1821,68,0.8943008741458944,8,0.8,17,0.85
1822,68,0.8950261480322174,6,0.6,17,0.85
1823,68,0.8934992556399587,8,0.8,16,0.8
1824,68,0.9264801313127456,7,0.7,16,0.8
1825,68,0.9195327709279687,7,0.7,16,0.8
1826,68,0.9086536626331259,5,0.5,15,0.75
1827,68,0.9244188265831964,6,0.6,19,0.95
1828,68,0.9205252509829369,7,0.7,17,0.85
1829,68,0.8651372294537543,9,0.9,15,0.75
1830,68,0.8263159903805779,6,0.6,15,0.75
1831,68,0.9037294346680916,6,0.6,17,0.85
1832,68,0.9097988319273198,6,0.6,15,0.75
1833,68,0.9033858838798335,8,0.8,16,0.8
1834,68,0.9235790357674541,7,0.7,17,0.85
1835,68,0.8817421842195671,9,0.9,14,0.7
1836,68,0.8909798831927319,6,0.6,18,0.9
1837,68,0.9105241058136425,6,0.6,16,0.8
1838,68,0.8983471389853799,6,0.6,16,0.8
1839,68,0.8921632247967323,7,0.7,16,0.8
1840,68,0.8872771691415047,6,0.6,15,0.75
1841,68,0.9252204450891323,7,0.7,15,0.75
1842,68,0.9052944993701568,6,0.6,15,0.75
1843,68,0.8914379509104096,6,0.6,16,0.8
1844,68,0.8678474634500132,7,0.7,13,0.65
1845,68,0.8880024430278275,8,0.8,16,0.8
1846,68,0.907699354887964,7,0.7,17,0.85
1847,68,0.9267855097911974,8,0.8,16,0.8
1848,68,0.9256403404970035,7,0.7,15,0.75
1849,68,0.9062488071153184,7,0.7,16,0.8
1850,68,0.8796427071802113,8,0.8,15,0.75
1851,68,0.8773905409016299,7,0.7,17,0.85
1852,68,0.9108676566019008,7,0.7,16,0.8
1853,68,0.920219872504485,6,0.6,17,0.85
1854,68,0.9049891208917051,6,0.6,14,0.7
1855,68,0.8823529411764705,7,0.7,18,0.9
1856,68,0.8276520212238041,5,0.5,17,0.85
1857,68,0.9275871282971332,8,0.8,16,0.8
1858,68,0.9026224376837042,7,0.7,17,0.85
1859,68,0.8411268465854868,7,0.7,16,0.8
1860,68,0.8752147192426614,6,0.6,16,0.8
1861,68,0.8888040615337633,7,0.7,17,0.85
1862,68,0.8793755010115661,9,0.9,17,0.85
1863,68,0.9178531892964842,6,0.6,17,0.85
1864,68,0.9096843149979005,6,0.6,16,0.8
1865,68,0.8800244302782759,6,0.6,17,0.85
1866,68,0.8718937282894986,5,0.5,16,0.8
1867,68,0.8853685536511813,8,0.8,17,0.85
1868,68,0.9028514715425429,6,0.6,16,0.8
1869,68,0.9250677558499063,7,0.7,15,0.75
1870,68,0.911211207390159,5,0.5,17,0.85
1871,68,0.8847959690040844,8,0.8,17,0.85
1872,68,0.9159827461159674,7,0.7,16,0.8
1873,68,0.9310608084895217,7,0.7,17,0.85
1874,68,0.9106767950528685,7,0.7,17,0.85
1875,68,0.9270527159598427,5,0.5,17,0.85
1876,68,0.8724281406267893,6,0.6,15,0.75
1877,68,0.912432721303966,8,0.8,15,0.75
1878,68,0.8882314768866664,6,0.6,16,0.8
1879,68,0.8985380005344121,7,0.7,16,0.8
1880,68,0.9131198228804823,8,0.8,17,0.85
1881,68,0.8800244302782759,8,0.8,15,0.75
1882,68,0.8492575485742642,8,0.8,15,0.75
1883,68,0.9195327709279687,5,0.5,16,0.8
1884,68,0.900561132954155,7,0.7,14,0.7
1885,68,0.9343054548230711,6,0.6,17,0.85
1886,68,0.8873535137611177,7,0.7,15,0.75
1887,68,0.9026987823033171,7,0.7,17,0.85
1888,68,0.8973928312402182,6,0.6,17,0.85
1889,68,0.9167080200022901,8,0.8,16,0.8
1890,68,0.9158300568767415,7,0.7,15,0.75
1891,68,0.8839943504981485,6,0.6,16,0.8
1892,68,0.8918196740084742,7,0.7,16,0.8
1893,68,0.9257930297362292,6,0.6,17,0.85
1894,68,0.8520441271901361,7,0.7,17,0.85
1895,68,0.8752910638622742,6,0.6,15,0.75
1896,68,0.8617017215711722,8,0.8,16,0.8
1897,68,0.8957895942283466,8,0.8,18,0.9
1898,68,0.8897965415887313,7,0.7,16,0.8
1899,68,0.9197618047868076,7,0.7,18,0.9
1900,68,0.929381226858037,6,0.6,15,0.75
1901,68,0.9050272932015114,6,0.6,17,0.85
1902,68,0.9140359583158376,7,0.7,15,0.75
1903,68,0.9237317250066801,6,0.6,17,0.85
1904,68,0.8673512234225292,8,0.8,17,0.85
1905,68,0.8811695995724699,7,0.7,18,0.9
1906,68,0.9014009237698972,7,0.7,14,0.7
1907,68,0.9128144444020306,6,0.6,16,0.8
1908,68,0.8981181051265411,6,0.6,16,0.8
1909,68,0.8969347635225406,7,0.7,17,0.85
1910,68,0.9227774172615184,10,1.0,18,0.9
1911,68,0.8912470893613772,8,0.8,16,0.8
1912,68,0.929610260716876,6,0.6,17,0.85
1913,68,0.8848723136236972,5,0.5,16,0.8
1914,68,0.9234263465282284,8,0.8,15,0.75
1915,68,0.9088445241821582,8,0.8,17,0.85
1916,68,0.8779249532389205,6,0.6,16,0.8
1917,68,0.889605680039699,7,0.7,16,0.8
1918,68,0.9151429553002252,7,0.7,17,0.85
1919,68,0.9147230598923539,9,0.9,16,0.8
1920,68,0.9029278161621559,9,0.9,17,0.85
1921,68,0.9228919341909377,7,0.7,18,0.9
1922,68,0.8739168607092415,7,0.7,15,0.75
1923,68,0.8728098637248539,5,0.5,16,0.8
1924,68,0.9043401916249951,7,0.7,14,0.7
1925,68,0.8509371302057488,8,0.8,17,0.85
1926,68,0.902049853036607,8,0.8,16,0.8
1927,68,0.8979272435775086,7,0.7,15,0.75
1928,68,0.8840706951177614,8,0.8,18,0.9
1929,68,0.8889567507729893,6,0.6,16,0.8
1930,68,0.914646715272741,6,0.6,16,0.8
1931,68,0.8967820742833147,6,0.6,16,0.8
1932,68,0.9078138718173836,8,0.8,18,0.9
1933,68,0.9433904645570103,8,0.8,17,0.85
1934,68,0.8992251021109285,5,0.5,17,0.85
1935,68,0.923159140359583,8,0.8,17,0.85
1936,68,0.9029278161621559,8,0.8,17,0.85
1937,68,0.9207161125319692,7,0.7,16,0.8
1938,68,0.8975455204794441,6,0.6,15,0.75
1939,68,0.8712066267129823,6,0.6,16,0.8
1940,68,0.831812802992709,6,0.6,15,0.75
1941,68,0.9258312020460356,7,0.7,17,0.85
1942,68,0.9253349620185516,7,0.7,16,0.8
1943,68,0.9440775661335266,7,0.7,18,0.9
1944,68,0.8792609840821468,6,0.6,17,0.85
1945,68,0.8834217658510516,6,0.6,16,0.8
1946,68,0.9483528648318508,7,0.7,17,0.85
1947,68,0.8894529908004731,6,0.6,14,0.7
1948,68,0.8778486086193076,6,0.6,16,0.8
1949,68,0.9178531892964842,6,0.6,17,0.85
1950,68,0.9043783639348018,7,0.7,17,0.85
1951,68,0.8853303813413749,7,0.7,17,0.85
1952,68,0.9339237317250068,6,0.6,17,0.85
1953,68,0.9346871779211359,7,0.7,18,0.9
1954,68,0.9159064014963545,6,0.6,17,0.85
1955,68,0.8770469901133716,6,0.6,15,0.75
1956,68,0.9062488071153184,6,0.6,18,0.9
1957,68,0.8669695003244645,7,0.7,14,0.7
1958,68,0.8922395694163452,5,0.5,16,0.8
1959,68,0.9027369546131235,6,0.6,16,0.8
1960,68,0.8779249532389205,6,0.6,15,0.75
1961,68,0.9037676069778982,7,0.7,17,0.85
1962,68,0.89640035118525,6,0.6,17,0.85
1963,68,0.8624651677673015,7,0.7,16,0.8
1964,68,0.9257548574264228,9,0.9,16,0.8
1965,68,0.8957514219185403,7,0.7,15,0.75
1966,68,0.9180822231553231,7,0.7,15,0.75
1967,68,0.8802534641371148,5,0.5,17,0.85
1968,68,0.8918196740084742,6,0.6,17,0.85
1969,68,0.9310608084895217,6,0.6,18,0.9
1970,68,0.8944535633851204,6,0.6,17,0.85
1971,68,0.9270145436500362,7,0.7,17,0.85
1972,68,0.865442607932206,6,0.6,17,0.85
1973,68,0.9069359086918349,8,0.8,15,0.75
1974,68,0.8615108600221398,7,0.7,17,0.85
1975,68,0.8901782646867962,7,0.7,14,0.7
1976,68,0.852349505668588,5,0.5,15,0.75
1977,68,0.906783219452609,6,0.6,16,0.8
1978,68,0.90785204412719,5,0.5,16,0.8
1979,68,0.8791082948429209,6,0.6,18,0.9
1980,68,0.888460510745505,8,0.8,15,0.75
1981,68,0.8959041111577661,6,0.6,18,0.9
1982,68,0.9005229606443484,6,0.6,17,0.85
1983,68,0.8951024926518302,8,0.8,16,0.8
1984,68,0.8844142459060196,8,0.8,14,0.7
1985,68,0.9317097377562316,6,0.6,16,0.8
1986,68,0.8059701492537313,8,0.8,16,0.8
1987,68,0.9175478108180325,7,0.7,17,0.85
1988,68,0.8781158147879526,7,0.7,14,0.7
1989,68,0.8917433293888612,7,0.7,16,0.8
1990,68,0.9043401916249951,9,0.9,17,0.85
1991,68,0.905790739397641,6,0.6,17,0.85
1992,68,0.9126617551628049,7,0.7,16,0.8
1993,68,0.8525021949078138,7,0.7,15,0.75
1994,68,0.9085009733938999,6,0.6,17,0.85
1995,68,0.9384280642821696,8,0.8,19,0.95
1996,68,0.8639920601595603,5,0.5,17,0.85
1997,68,0.8451731114249722,6,0.6,16,0.8
1998,68,0.9168225369317097,8,0.8,18,0.9
1999,68,0.9122036874451271,8,0.8,17,0.85
2000,68,0.9257548574264228,8,0.8,16,0.8
2001,68,0.8865137229453754,8,0.8,14,0.7
2002,68,0.8953696988204755,7,0.7,16,0.8
2003,68,0.9120128258960948,7,0.7,17,0.85
2004,68,0.9172424323395808,6,0.6,16,0.8
2005,68,0.886399206015956,6,0.6,15,0.75
2006,68,0.8550597396648469,7,0.7,16,0.8
2007,68,0.8582280413787837,7,0.7,15,0.75
2008,68,0.842119326640455,7,0.7,17,0.85
2009,68,0.8975455204794441,6,0.6,16,0.8
2010,68,0.8859411382982785,8,0.8,15,0.75
2011,68,0.8688781158147878,6,0.6,15,0.75
2012,68,0.9059816009466732,7,0.7,16,0.8
2013,68,0.9042638470053822,8,0.8,17,0.85
2014,68,0.8841088674275679,7,0.7,15,0.75
2015,68,0.9312134977287475,8,0.8,17,0.85
2016,68,0.9043020193151887,8,0.8,16,0.8
2017,68,0.9026224376837042,5,0.5,15,0.75
2018,68,0.8832309043020192,8,0.8,15,0.75
2019,68,0.9090735580409969,6,0.6,16,0.8
2020,68,0.9184639462533877,7,0.7,16,0.8
2021,68,0.8673512234225292,6,0.6,13,0.65
2022,68,0.9254113066381646,7,0.7,17,0.85
2023,68,0.9223575218536472,8,0.8,17,0.85
2024,68,0.8889567507729893,7,0.7,16,0.8
2025,68,0.8135282665954116,6,0.6,16,0.8
2026,68,0.8860174829178912,5,0.5,17,0.85
2027,68,0.9088826964919646,8,0.8,17,0.85
2028,68,0.9156010230179028,9,0.9,17,0.85
2029,68,0.9193419093789363,10,1.0,16,0.8
2030,68,0.8933847387105394,8,0.8,18,0.9
2031,68,0.8680001526892391,6,0.6,16,0.8
2032,68,0.9195327709279687,8,0.8,15,0.75
2033,68,0.8833072489216323,7,0.7,16,0.8
2034,68,0.9144940260335153,8,0.8,18,0.9
2035,68,0.9308317746306829,8,0.8,15,0.75
2036,68,0.8598694507004617,7,0.7,14,0.7
2037,68,0.9070885979310607,9,0.9,17,0.85
2038,68,0.8775432301408557,8,0.8,14,0.7
2039,68,0.8995304805893803,7,0.7,14,0.7
2040,68,0.9257930297362292,8,0.8,17,0.85
2041,68,0.8890330953926022,7,0.7,16,0.8
2042,68,0.8804061533763408,6,0.6,16,0.8
2043,68,0.9175859831278388,8,0.8,16,0.8
2044,68,0.9058289117074474,6,0.6,16,0.8
2045,68,0.9218994541359695,8,0.8,15,0.75
2046,68,0.7941367332137268,8,0.8,14,0.7
2047,68,0.8884986830553117,7,0.7,15,0.75
2048,68,0.9200290109554529,6,0.6,17,0.85
2049,68,0.8884986830553117,6,0.6,17,0.85
2050,68,0.9462915601023018,8,0.8,15,0.75
2051,68,0.9128144444020306,7,0.7,17,0.85
2052,68,0.893346566400733,4,0.4,16,0.8
2053,68,0.9048364316524792,6,0.6,17,0.85
2054,68,0.908997213421384,7,0.7,16,0.8
2055,68,0.9242279650341643,6,0.6,16,0.8
2056,68,0.8744894453563384,5,0.5,16,0.8
2057,68,0.9118601366568688,6,0.6,18,0.9
2058,68,0.9140741306256441,6,0.6,16,0.8
2059,68,0.9071649425506736,7,0.7,17,0.85
2060,68,0.847196243844715,6,0.6,14,0.7
2061,68,0.8936901171889908,5,0.5,16,0.8
2062,68,0.8884986830553117,8,0.8,17,0.85
2063,68,0.8803298087567278,8,0.8,15,0.75
2064,68,0.913501545978547,5,0.5,16,0.8
2065,68,0.9161736076649996,7,0.7,16,0.8
2066,68,0.8890712677024086,7,0.7,16,0.8
2067,68,0.9235408634576477,7,0.7,18,0.9
2068,68,0.8796427071802113,6,0.6,15,0.75
2069,68,0.8921250524869259,8,0.8,15,0.75
2070,68,0.8984616559147994,6,0.6,16,0.8
2071,68,0.8983853112951864,9,0.9,17,0.85
2072,68,0.8881551322670533,8,0.8,14,0.7
2073,68,0.9139596136962246,6,0.6,16,0.8
2074,68,0.9120891705157077,7,0.7,15,0.75
2075,68,0.8847196243844715,7,0.7,15,0.75
2076,68,0.8820475626980188,7,0.7,16,0.8
2077,68,0.94976524029469,8,0.8,17,0.85
2078,68,0.8992632744207351,7,0.7,15,0.75
2079,68,0.8044432568614726,7,0.7,16,0.8
2080,68,0.9241134481047447,6,0.6,17,0.85
2081,68,0.8842997289766003,7,0.7,17,0.85
2082,68,0.9280833683246171,9,0.9,16,0.8
2083,68,0.9175096385082261,6,0.6,17,0.85
2084,68,0.8929648433026681,7,0.7,15,0.75
2085,68,0.9033477115700269,6,0.6,15,0.75
2086,68,0.8805970149253731,6,0.6,16,0.8
2087,68,0.9171279154101614,8,0.8,17,0.85
2088,68,0.9159445738061609,8,0.8,16,0.8
2089,68,0.895331526510669,9,0.9,15,0.75
2090,68,0.8769324731839522,7,0.7,16,0.8
2091,68,0.9052181547505438,7,0.7,16,0.8
2092,68,0.8696415620109171,6,0.6,17,0.85
2093,68,0.8844524182158262,5,0.5,17,0.85
2094,68,0.9144558537237089,6,0.6,16,0.8
2095,68,0.893346566400733,5,0.5,18,0.9
2096,68,0.9065541855937701,7,0.7,16,0.8
2097,68,0.8781539870977593,7,0.7,18,0.9
2098,68,0.8970874527617665,7,0.7,15,0.75
2099,68,0.8926976371340228,6,0.6,14,0.7
2100,68,0.9162499522846126,8,0.8,17,0.85
2101,68,0.9427415352903004,7,0.7,18,0.9
2102,68,0.9143413367942894,8,0.8,16,0.8
2103,68,0.8991105851815092,8,0.8,16,0.8
2104,68,0.9156010230179028,8,0.8,18,0.9
2105,68,0.8820475626980188,6,0.6,17,0.85
2106,68,0.8580371798297514,6,0.6,14,0.7
2107,68,0.917433293888613,7,0.7,17,0.85
2108,68,0.9167461923120968,6,0.6,16,0.8
2109,68,0.8970874527617665,9,0.9,15,0.75
2110,68,0.9123182043745467,8,0.8,16,0.8
2111,68,0.8918578463182807,6,0.6,14,0.7
2112,68,0.9002175821658968,8,0.8,17,0.85
2113,68,0.894415391075314,6,0.6,16,0.8
2114,68,0.9014772683895103,9,0.9,16,0.8
2115,68,0.895407871130282,8,0.8,16,0.8
2116,68,0.8911325724319576,5,0.5,16,0.8
2117,68,0.9201435278848722,6,0.6,19,0.95
2118,68,0.9208306294613886,7,0.7,16,0.8
2119,68,0.8827728365843417,8,0.8,18,0.9
2120,68,0.9106767950528685,6,0.6,16,0.8
2121,68,0.9125090659235789,9,0.9,14,0.7
2122,68,0.9160590907355802,6,0.6,18,0.9
2123,68,0.9040348131465434,6,0.6,16,0.8
2124,68,0.8384547848990341,6,0.6,17,0.85
2125,68,0.840974157346261,5,0.5,14,0.7
2126,68,0.8784211932664043,7,0.7,16,0.8
2127,68,0.8901019200671832,6,0.6,17,0.85
2128,68,0.9204870786731303,7,0.7,17,0.85
2129,68,0.913157995190289,6,0.6,15,0.75
2130,68,0.8978890712677022,6,0.6,18,0.9
2131,68,0.8084513493911516,6,0.6,15,0.75
2132,68,0.9101423827155781,6,0.6,16,0.8
2133,68,0.8850631751727296,7,0.7,14,0.7
2134,68,0.9251822727793259,6,0.6,18,0.9
2135,68,0.852425850288201,7,0.7,16,0.8
2136,68,0.8394472649540022,6,0.6,15,0.75
2137,68,0.9444211169217849,6,0.6,19,0.95
2138,68,0.9323968393327479,6,0.6,18,0.9
2139,68,0.8725426575562086,6,0.6,16,0.8
2140,68,0.8549452227354276,5,0.5,16,0.8
2141,68,0.8786502271252432,6,0.6,15,0.75
2142,68,0.8752147192426614,6,0.6,15,0.75
2143,68,0.8926594648242164,7,0.7,15,0.75
2144,68,0.8810932549528571,6,0.6,15,0.75
2145,68,0.8741077222582736,8,0.8,16,0.8
2146,68,0.9278161621559718,7,0.7,16,0.8
2147,68,0.8645646448066571,8,0.8,15,0.75
2148,68,0.9199908386456465,7,0.7,16,0.8
2149,68,0.9229301065007444,7,0.7,15,0.75
2150,68,0.9127762720922242,8,0.8,16,0.8
2151,68,0.8673893957323356,7,0.7,17,0.85
2152,68,0.893346566400733,8,0.8,16,0.8
2153,68,0.8947207695537657,8,0.8,16,0.8
2154,68,0.9530480589380461,6,0.6,18,0.9
2155,68,0.8577318013512997,6,0.6,18,0.9
2156,68,0.8802916364469214,6,0.6,15,0.75
2157,68,0.8957895942283466,4,0.4,15,0.75
2158,68,0.8746421345955642,5,0.5,18,0.9
2159,68,0.8765507500858877,7,0.7,16,0.8
2160,68,0.9008283391228001,8,0.8,16,0.8
2161,68,0.8860174829178912,7,0.7,17,0.85
2162,68,0.8687254265755618,7,0.7,15,0.75
2163,68,0.8673512234225292,7,0.7,16,0.8
2164,68,0.901210062220865,8,0.8,17,0.85
2165,68,0.89327022178112,8,0.8,18,0.9
2166,68,0.922739244951712,7,0.7,17,0.85
2167,68,0.9026224376837042,8,0.8,16,0.8
2168,68,0.9214032141084857,8,0.8,17,0.85
2169,68,0.8880406153376339,7,0.7,16,0.8
2170,68,0.8765125777760813,9,0.9,15,0.75
2171,68,0.8872389968316982,7,0.7,16,0.8
2172,68,0.9407184028705576,6,0.6,17,0.85
2173,68,0.8740313776386608,7,0.7,14,0.7
2174,68,0.8903691262358285,6,0.6,17,0.85
2175,68,0.9104477611940298,6,0.6,16,0.8
2176,68,0.9234645188380347,7,0.7,16,0.8
2177,68,0.9068213917624154,8,0.8,16,0.8
2178,68,0.900064892926671,8,0.8,13,0.65
2179,68,0.8446768713974881,6,0.6,17,0.85
2180,68,0.8830018704431803,7,0.7,14,0.7
2181,68,0.9327785624308126,8,0.8,16,0.8
2182,68,0.8484559300683285,6,0.6,16,0.8
2183,68,0.9123945489941596,6,0.6,17,0.85
2184,68,0.8973928312402182,6,0.6,15,0.75
2185,68,0.9217467648967438,7,0.7,14,0.7
2186,68,0.8852158644119553,6,0.6,15,0.75
2187,68,0.8786120548154367,7,0.7,16,0.8
2188,68,0.9027751269229299,8,0.8,18,0.9
2189,68,0.8339504523418712,6,0.6,15,0.75
2190,68,0.8978508989578958,7,0.7,14,0.7
2191,68,0.8997595144482191,7,0.7,16,0.8
2192,68,0.8462801084093597,5,0.5,14,0.7
2193,68,0.8420429820208419,6,0.6,18,0.9
2194,68,0.9145321983433216,7,0.7,18,0.9
2195,68,0.8887658892239569,6,0.6,16,0.8
2196,68,0.877161507042791,8,0.8,16,0.8
2197,68,0.9188456693514523,7,0.7,16,0.8
2198,68,0.8940336679772491,8,0.8,16,0.8
2199,68,0.8968584189029276,5,0.5,16,0.8
2200,68,0.9014772683895103,7,0.7,18,0.9
2201,68,0.8931175325418941,6,0.6,16,0.8
2202,68,0.9174714661984195,9,0.9,17,0.85
2203,68,0.889262129251441,8,0.8,15,0.75
2204,68,0.9046455701034468,6,0.6,18,0.9
2205,68,0.904416536244608,8,0.8,15,0.75
2206,68,0.8968584189029276,6,0.6,17,0.85
2207,68,0.8925067755849905,5,0.5,18,0.9
2208,68,0.8574264228728479,6,0.6,17,0.85
2209,68,0.8983853112951864,8,0.8,18,0.9
2210,68,0.8566248043669121,7,0.7,16,0.8
2211,68,0.8495629270527159,5,0.5,14,0.7
2212,68,0.9322059777837156,6,0.6,18,0.9
2213,68,0.8854830705806006,5,0.5,16,0.8
2214,68,0.8871626522120851,5,0.5,14,0.7
2215,68,0.8779249532389205,8,0.8,17,0.85
2216,68,0.8531511241745237,6,0.6,16,0.8
2217,68,0.8986525174638317,7,0.7,15,0.75
2218,68,0.90342405618964,9,0.9,14,0.7
2219,68,0.8513951979234263,8,0.8,16,0.8
2220,68,0.8424247051189067,8,0.8,15,0.75
2221,68,0.890254609306409,8,0.8,15,0.75
2222,68,0.889605680039699,8,0.8,15,0.75
2223,68,0.9004466160247356,7,0.7,17,0.85
2224,68,0.8814749780509218,6,0.6,15,0.75
2225,68,0.9019353361071877,7,0.7,19,0.95
2226,68,0.9065541855937701,7,0.7,16,0.8
2227,68,0.889262129251441,6,0.6,16,0.8
2228,68,0.9197618047868076,7,0.7,16,0.8
2229,68,0.8281482612512882,6,0.6,14,0.7
2230,68,0.878459365576211,7,0.7,14,0.7
2231,68,0.9213650417986792,7,0.7,18,0.9
2232,68,0.9303355346031987,8,0.8,17,0.85
2233,68,0.869450700461885,6,0.6,17,0.85
2234,68,0.8889949230827957,7,0.7,16,0.8
2235,68,0.9272054051990685,8,0.8,16,0.8
2236,68,0.8358590678321945,5,0.5,16,0.8
2237,68,0.9060197732564796,6,0.6,16,0.8
2238,68,0.9117456197274497,7,0.7,18,0.9
2239,68,0.9199526663358399,7,0.7,18,0.9
2240,68,0.8459747299309078,6,0.6,16,0.8
2241,68,0.9040348131465434,7,0.7,14,0.7
2242,68,0.8897201969691184,5,0.5,17,0.85
2243,68,0.9052944993701568,6,0.6,17,0.85
2244,68,0.8463182807191661,7,0.7,16,0.8
2245,68,0.8877734091689887,7,0.7,15,0.75
2246,68,0.9039584685269305,8,0.8,16,0.8
2247,68,0.8688017711951749,7,0.7,15,0.75
2248,68,0.8679619803794327,8,0.8,15,0.75
2249,68,0.8756727869603388,9,0.9,15,0.75
2250,68,0.8510516471351681,6,0.6,15,0.75
2251,68,0.8916288124594418,7,0.7,17,0.85
2252,68,0.9318624269954573,7,0.7,16,0.8
2253,68,0.8940718402870557,7,0.7,16,0.8
2254,68,0.9036530900484786,7,0.7,16,0.8
2255,68,0.8942245295262814,6,0.6,16,0.8
2256,68,0.8615490323319462,3,0.3,16,0.8
2257,68,0.9349925563995877,7,0.7,16,0.8
2258,68,0.859716761461236,7,0.7,14,0.7
2259,68,0.9091117303508033,6,0.6,18,0.9
2260,68,0.9122418597549337,8,0.8,18,0.9
2261,68,0.876665267015307,8,0.8,16,0.8
2262,68,0.9099896934763522,6,0.6,15,0.75
2263,68,0.8877352368591823,7,0.7,14,0.7
2264,68,0.9180440508455167,8,0.8,17,0.85
2265,68,0.8691834942932397,8,0.8,15,0.75
2266,68,0.8538000534412337,4,0.4,14,0.7
2267,68,0.8567774936061381,7,0.7,16,0.8
2268,68,0.8993396190403479,7,0.7,16,0.8
2269,68,0.9033095392602205,7,0.7,16,0.8
2270,68,0.8954460434400884,7,0.7,18,0.9
2271,68,0.8997213421384127,7,0.7,17,0.85
2272,68,0.8536091918922013,6,0.6,15,0.75
2273,68,0.9172424323395808,7,0.7,17,0.85
2274,68,0.906630530213383,6,0.6,16,0.8
2275,68,0.9365576211016529,7,0.7,17,0.85
2276,68,0.9075848379585447,9,0.9,15,0.75
2277,68,0.908997213421384,7,0.7,17,0.85
2278,68,0.8882314768866664,6,0.6,17,0.85
2279,68,0.8961331450166049,7,0.7,15,0.75
2280,68,0.8934610833301523,6,0.6,16,0.8
2281,68,0.9329694239798448,6,0.6,17,0.85
2282,68,0.9393060274077184,7,0.7,16,0.8
2283,68,0.9102950719548039,8,0.8,18,0.9
2284,68,0.8798335687292436,5,0.5,17,0.85
2285,68,0.9146085429629346,7,0.7,16,0.8
2286,68,0.877085162423178,6,0.6,17,0.85
2287,68,0.8817421842195671,7,0.7,14,0.7
2288,68,0.9141504752452569,9,0.9,16,0.8
2289,68,0.9244569988930028,8,0.8,16,0.8
2290,68,0.9031568500209948,6,0.6,16,0.8
2291,68,0.9158682291865481,6,0.6,16,0.8
2292,68,0.8889567507729893,6,0.6,14,0.7
2293,68,0.898919723632477,7,0.7,16,0.8
2294,68,0.8922013971065388,8,0.8,16,0.8
2295,68,0.928465091422682,6,0.6,17,0.85
2296,68,0.8439897698209718,7,0.7,14,0.7
2297,68,0.9264419590029392,7,0.7,17,0.85
2298,68,0.8469290376760696,7,0.7,15,0.75
2299,68,0.8837271443295033,7,0.7,16,0.8
2300,68,0.8963240065656373,8,0.8,18,0.9
2301,68,0.8842233843569873,6,0.6,15,0.75
2302,68,0.8889567507729893,7,0.7,17,0.85
2303,68,0.8480742069702637,8,0.8,15,0.75
2304,68,0.8616253769515593,6,0.6,16,0.8
2305,68,0.8917051570790548,7,0.7,15,0.75
2306,68,0.8886513722945374,8,0.8,16,0.8
2307,68,0.9180822231553231,7,0.7,17,0.85
2308,68,0.907699354887964,7,0.7,15,0.75
2309,68,0.8950261480322174,8,0.8,14,0.7
2310,68,0.8985380005344121,6,0.6,17,0.85
2311,68,0.9275871282971332,8,0.8,17,0.85
2312,68,0.8344085200595487,6,0.6,15,0.75
2313,68,0.9281597129442302,5,0.5,17,0.85
2314,68,0.9188838416612587,7,0.7,17,0.85
2315,68,0.8785738825056303,8,0.8,17,0.85
2316,68,0.8867427568042141,6,0.6,17,0.85
2317,68,0.8461655914799404,7,0.7,15,0.75
2318,68,0.9299919838149404,6,0.6,17,0.85
2319,68,0.9091117303508033,8,0.8,18,0.9
2320,68,0.9291521929991984,7,0.7,18,0.9
2321,68,0.9041875023857692,7,0.7,14,0.7
2322,68,0.8912470893613772,6,0.6,17,0.85
2323,68,0.8864373783257624,7,0.7,17,0.85
2324,68,0.8347138985380004,7,0.7,16,0.8
2325,68,0.9458334923846241,9,0.9,15,0.75
2326,68,0.8504790624880709,7,0.7,15,0.75
2327,68,0.8573882505630415,7,0.7,15,0.75
2328,68,0.9187693247318394,7,0.7,15,0.75
2329,68,0.8701378020384012,6,0.6,18,0.9
2330,68,0.9344199717524906,8,0.8,17,0.85
2331,68,0.9065541855937701,7,0.7,14,0.7
2332,68,0.8583425583082033,8,0.8,17,0.85
2333,68,0.8831545596824063,6,0.6,18,0.9
2334,68,0.907699354887964,6,0.6,17,0.85
2335,68,0.9080429056762224,7,0.7,16,0.8
2336,68,0.9242661373439707,6,0.6,15,0.75
2337,68,0.8696415620109171,6,0.6,17,0.85
2338,68,0.8938428064282168,6,0.6,19,0.95
2339,68,0.9009810283620261,8,0.8,16,0.8
2340,68,0.8483032408291026,6,0.6,16,0.8
2341,68,0.8605565522769782,6,0.6,13,0.65
2342,68,0.9052563270603504,7,0.7,17,0.85
2343,68,0.9058289117074474,6,0.6,16,0.8
2344,68,0.9160590907355802,6,0.6,16,0.8
2345,68,0.8560903920296216,7,0.7,15,0.75
2346,68,0.9158682291865481,7,0.7,18,0.9
2347,68,0.9162499522846126,8,0.8,16,0.8
2348,68,0.9347253502309424,7,0.7,18,0.9
2349,68,0.8925831202046035,7,0.7,17,0.85
2350,68,0.8587242814062678,7,0.7,14,0.7
2351,68,0.894339046455701,5,0.5,17,0.85
2352,68,0.9130816505706759,7,0.7,16,0.8
2353,68,0.8247890979883192,6,0.6,16,0.8
2354,68,0.9270145436500362,8,0.8,16,0.8
2355,68,0.9071649425506736,7,0.7,17,0.85
2356,68,0.8890330953926022,8,0.8,18,0.9
2357,68,0.8759018208191777,6,0.6,17,0.85
2358,68,0.8806351872351795,8,0.8,16,0.8
2359,68,0.9031568500209948,5,0.5,15,0.75
2360,68,0.8810550826430505,6,0.6,16,0.8
2361,68,0.9218994541359695,6,0.6,16,0.8
2362,68,0.8579990075199451,7,0.7,14,0.7
2363,68,0.8801007748978888,5,0.5,16,0.8
2364,68,0.8903309539260219,6,0.6,18,0.9
2365,68,0.8843379012864067,7,0.7,16,0.8
2366,68,0.8841852120471809,6,0.6,18,0.9
2367,68,0.8890330953926022,6,0.6,15,0.75
2368,68,0.8739932053288543,7,0.7,15,0.75
2369,68,0.8677711188304005,7,0.7,14,0.7
2370,68,0.8093674848265068,7,0.7,13,0.65
2371,68,0.8834981104706646,5,0.5,14,0.7
2372,68,0.8865900675649881,6,0.6,16,0.8
2373,68,0.8711684544031757,7,0.7,17,0.85
2374,68,0.8825438027255027,6,0.6,15,0.75
2375,68,0.9033477115700269,7,0.7,14,0.7
2376,68,0.8934229110203458,6,0.6,16,0.8
2377,68,0.8618544108103979,7,0.7,15,0.75
2378,68,0.9345726609917164,7,0.7,16,0.8
2379,68,0.9104477611940298,7,0.7,16,0.8
2380,68,0.9126617551628049,6,0.6,15,0.75
2381,68,0.8157040882543801,7,0.7,15,0.75
2382,68,0.9149139214413863,8,0.8,16,0.8
2383,68,0.793258770088178,7,0.7,15,0.75
2384,68,0.8752528915524678,8,0.8,16,0.8
2385,68,0.8814749780509218,7,0.7,15,0.75
2386,68,0.9066687025231897,8,0.8,17,0.85
2387,68,0.875100202313242,7,0.7,15,0.75
2388,68,0.9052181547505438,7,0.7,16,0.8
2389,68,0.9096461426880939,8,0.8,16,0.8
2390,68,0.8987670343932511,8,0.8,15,0.75
2391,68,0.9206779402221626,6,0.6,17,0.85
2392,68,0.8692216666030461,6,0.6,16,0.8
2393,68,0.9217849372065502,8,0.8,18,0.9
2394,68,0.8836889720196969,7,0.7,16,0.8
2395,68,0.9119364812764819,9,0.9,16,0.8
2396,68,0.9007519945031873,6,0.6,16,0.8
2397,68,0.8894529908004731,6,0.6,16,0.8
2398,68,0.8542199488491049,6,0.6,15,0.75
2399,68,0.8379585448715502,7,0.7,14,0.7
2400,68,0.9361377256937816,7,0.7,18,0.9
2401,68,0.8878115814787954,5,0.5,15,0.75
2402,68,0.908004733366416,8,0.8,17,0.85
2403,68,0.8983471389853799,8,0.8,15,0.75
2404,68,0.910218727335191,6,0.6,17,0.85
2405,68,0.8980799328167346,8,0.8,16,0.8
2406,68,0.9065160132839637,6,0.6,16,0.8
2407,68,0.8690308050540138,8,0.8,14,0.7
2408,68,0.8530366072451041,7,0.7,15,0.75
2409,68,0.9102568996449975,7,0.7,15,0.75
2410,68,0.9218231095163566,6,0.6,17,0.85
2411,68,0.8701378020384012,8,0.8,15,0.75
2412,68,0.8570065274649769,6,0.6,15,0.75
2413,68,0.9083482841546742,9,0.9,17,0.85
2414,68,0.8910944001221512,8,0.8,17,0.85
2415,68,0.9151047829904186,7,0.7,18,0.9
2416,68,0.8790319502233079,6,0.6,17,0.85
2417,68,0.905714394778028,8,0.8,17,0.85
2418,68,0.881894873458793,6,0.6,14,0.7
2419,68,0.9023170592052523,6,0.6,17,0.85
2420,68,0.9041111577661565,7,0.7,17,0.85
2421,68,0.9193037370691299,7,0.7,17,0.85
2422,68,0.8680383249990458,4,0.4,16,0.8
2423,68,0.871512005191434,7,0.7,16,0.8
2424,68,0.8857502767492459,8,0.8,16,0.8
2425,68,0.8719319005993053,8,0.8,13,0.65
2426,68,0.9281597129442302,6,0.6,16,0.8
2427,68,0.8893766461808603,5,0.5,16,0.8
2428,68,0.9107531396724815,8,0.8,19,0.95
2429,68,0.8704813528266594,8,0.8,16,0.8
2430,68,0.8728480360346603,6,0.6,17,0.85
2431,68,0.9340382486544261,7,0.7,18,0.9
2432,68,0.8699469404893688,7,0.7,16,0.8
2433,68,0.8790701225331145,7,0.7,14,0.7
2434,68,0.8920868801771195,6,0.6,16,0.8
2435,68,0.9227774172615184,8,0.8,17,0.85
2436,68,0.8999122036874451,7,0.7,14,0.7
2437,68,0.8753292361720807,6,0.6,16,0.8
2438,68,0.8707103866854983,5,0.5,16,0.8
2439,68,0.8779249532389205,7,0.7,17,0.85
2440,68,0.9090735580409969,8,0.8,17,0.85
2441,68,0.8891476123220216,6,0.6,18,0.9
2442,68,0.8883841661258921,9,0.9,16,0.8
2443,68,0.9072031148604802,7,0.7,15,0.75
2444,68,0.8849104859335039,7,0.7,14,0.7
2445,68,0.9273580944382943,7,0.7,18,0.9
2446,68,0.8573500782532348,7,0.7,17,0.85
2447,68,0.8753674084818871,6,0.6,14,0.7
2448,68,0.9264037866931326,7,0.7,15,0.75
2449,68,0.9440775661335266,8,0.8,17,0.85
2450,68,0.8983089666755735,6,0.6,18,0.9
2451,68,0.9044547085544145,5,0.5,17,0.85
2452,68,0.8749856853838225,7,0.7,16,0.8
2453,68,0.8721991067679505,6,0.6,17,0.85
2454,68,0.9263656143833262,6,0.6,17,0.85
2455,68,0.9160209184257738,5,0.5,17,0.85
2456,68,0.9221284879948085,8,0.8,16,0.8
2457,68,0.8946444249341526,7,0.7,16,0.8
2458,68,0.8777340916898881,7,0.7,14,0.7
2459,68,0.8655189525518188,6,0.6,15,0.75
2460,68,0.8502118563194256,7,0.7,16,0.8
2461,68,0.9236553803870671,7,0.7,15,0.75
2462,68,0.8821620796274383,6,0.6,14,0.7
2463,68,0.9304118792228117,7,0.7,17,0.85
2464,68,0.9014390960797036,7,0.7,18,0.9
2465,68,0.9150284383708056,6,0.6,16,0.8
2466,68,0.9270527159598427,7,0.7,16,0.8
2467,68,0.8862846890865365,7,0.7,16,0.8
2468,68,0.9268618544108105,8,0.8,15,0.75
2469,68,0.9114020689391914,6,0.6,16,0.8
2470,68,0.9009428560522197,7,0.7,15,0.75
2471,68,0.8877352368591823,6,0.6,15,0.75
2472,68,0.8481887238996833,7,0.7,15,0.75
2473,68,0.8861319998473107,4,0.4,16,0.8
2474,68,0.9299156391953276,7,0.7,18,0.9
2475,68,0.8178035652937359,6,0.6,15,0.75
2476,68,0.8995686528991867,5,0.5,15,0.75
2477,68,0.9103714165744168,7,0.7,18,0.9
2478,68,0.9093407642096422,7,0.7,17,0.85
2479,68,0.9137687521471923,6,0.6,18,0.9
2480,68,0.88181852883918,7,0.7,16,0.8
2481,68,0.8878497537886016,6,0.6,15,0.75
2482,68,0.9054090162995762,7,0.7,15,0.75
2483,68,0.8914379509104096,6,0.6,17,0.85
2484,68,0.8914761232202159,7,0.7,18,0.9
2485,68,0.8605565522769782,7,0.7,15,0.75
2486,68,0.8478451731114249,7,0.7,15,0.75
2487,68,0.906210634805512,7,0.7,15,0.75
2488,68,0.895407871130282,7,0.7,16,0.8
2489,68,0.9182730847043553,8,0.8,15,0.75
2490,68,0.8712066267129823,7,0.7,15,0.75
2491,68,0.8555559796923311,7,0.7,15,0.75
2492,68,0.8889567507729893,8,0.8,16,0.8
2493,68,0.8143680574111538,7,0.7,15,0.75
2494,68,0.9319005993052639,7,0.7,16,0.8
2495,68,0.9072031148604802,8,0.8,16,0.8
2496,68,0.8645646448066571,8,0.8,18,0.9
2497,68,0.9388479596900406,8,0.8,17,0.85
2498,68,0.9156391953277092,7,0.7,18,0.9
2499,68,0.8893766461808603,8,0.8,15,0.75
2500,68,0.8997595144482191,7,0.7,15,0.75
2501,68,0.9206779402221626,8,0.8,16,0.8
2502,68,0.8848341413138908,8,0.8,15,0.75
2503,68,0.9106767950528685,6,0.6,15,0.75
2504,68,0.9217467648967438,8,0.8,15,0.75
2505,68,0.8752147192426614,5,0.5,18,0.9
2506,68,0.8968965912127342,8,0.8,16,0.8
2507,68,0.9051418101309309,7,0.7,15,0.75
2508,68,0.881894873458793,6,0.6,17,0.85
2509,68,0.9021643699660266,7,0.7,14,0.7
2510,68,0.91800587853571,6,0.6,17,0.85
2511,68,0.9353742794976524,7,0.7,18,0.9
2512,68,0.859716761461236,5,0.5,16,0.8
2513,68,0.8650990571439476,8,0.8,16,0.8
2514,68,0.9079283887468029,8,0.8,18,0.9
2515,68,0.9344581440622971,8,0.8,17,0.85
2516,68,0.9105241058136425,7,0.7,15,0.75
2517,68,0.8856739321296331,7,0.7,16,0.8
2518,68,0.8804443256861472,7,0.7,15,0.75
2519,68,0.882887353513761,4,0.4,18,0.9
2520,68,0.902202542275833,8,0.8,14,0.7
2521,68,0.8920105355575065,7,0.7,17,0.85
2522,68,0.8915142955300225,8,0.8,17,0.85
2523,68,0.9005229606443484,7,0.7,16,0.8
2524,68,0.8857502767492459,7,0.7,16,0.8
2525,68,0.9364812764820399,6,0.6,16,0.8
2526,68,0.8866282398747946,6,0.6,16,0.8
2527,68,0.9233881742184218,6,0.6,16,0.8
2528,68,0.8452494560445851,7,0.7,13,0.65
2529,68,0.9204489063633239,5,0.5,16,0.8
2530,68,0.9247242050616481,6,0.6,17,0.85
2531,68,0.9172042600297744,7,0.7,17,0.85
2532,68,0.8505172347978776,7,0.7,14,0.7
2533,68,0.9047982593426728,6,0.6,16,0.8
2534,68,0.8581898690689773,7,0.7,15,0.75
2535,68,0.9098751765469328,4,0.4,18,0.9
2536,68,0.8678474634500132,7,0.7,16,0.8
2537,68,0.8752910638622742,5,0.5,18,0.9
2538,68,0.9101805550253845,5,0.5,15,0.75
2539,68,0.8659006756498834,6,0.6,15,0.75
2540,68,0.8952170095812496,7,0.7,16,0.8
2541,68,0.8922777417261516,7,0.7,16,0.8
2542,68,0.8853685536511813,6,0.6,17,0.85
2543,68,0.8788410886742756,8,0.8,14,0.7
2544,68,0.900484788334542,7,0.7,15,0.75
2545,68,0.8900255754475702,7,0.7,16,0.8
2546,68,0.9114020689391914,8,0.8,18,0.9
2547,68,0.9003702714051227,6,0.6,18,0.9
2548,68,0.8600221399396877,5,0.5,18,0.9
2549,68,0.889605680039699,5,0.5,16,0.8
2550,68,0.8831545596824063,4,0.4,16,0.8
2551,68,0.8987288620834447,8,0.8,18,0.9
2552,68,0.9054471886093827,7,0.7,17,0.85
2553,68,0.8851395197923425,7,0.7,16,0.8
2554,68,0.9225102110928731,7,0.7,16,0.8
2555,68,0.8548307058060083,7,0.7,15,0.75
2556,68,0.8383784402794212,6,0.6,17,0.85
2557,68,0.9106386227430621,7,0.7,16,0.8
2558,68,0.8928121540634422,7,0.7,16,0.8
2559,68,0.9125090659235789,6,0.6,14,0.7
2560,68,0.9208306294613886,7,0.7,17,0.85
2561,68,0.9027369546131235,7,0.7,14,0.7
2562,68,0.8347520708478068,5,0.5,14,0.7
2563,68,0.8914379509104096,7,0.7,17,0.85
2564,68,0.8849868305531168,5,0.5,15,0.75
2565,68,0.848341413138909,6,0.6,15,0.75
2566,68,0.8975455204794441,8,0.8,17,0.85
2567,68,0.8703286635874337,7,0.7,15,0.75
2568,68,0.8785357101958239,7,0.7,15,0.75
2569,68,0.9366721380310723,8,0.8,18,0.9
2570,68,0.885254036721762,7,0.7,17,0.85
2571,68,0.9287704699011335,7,0.7,16,0.8
2572,68,0.8811314272626635,7,0.7,15,0.75
2573,68,0.893193877161507,8,0.8,17,0.85
2574,68,0.8914379509104096,8,0.8,16,0.8
2575,68,0.8968202465931212,7,0.7,15,0.75
2576,68,0.8742222391876932,8,0.8,16,0.8
2577,68,0.9037676069778982,8,0.8,18,0.9
2578,68,0.9302973622933923,8,0.8,17,0.85
2579,68,0.8928503263732488,5,0.5,14,0.7
2580,68,0.9335801809367484,7,0.7,18,0.9
2581,68,0.8871244799022788,7,0.7,15,0.75
2582,68,0.9231209680497765,6,0.6,17,0.85
2583,68,0.9145321983433216,9,0.9,18,0.9
2584,68,0.8899492308279573,6,0.6,17,0.85
2585,68,0.8633431308928502,8,0.8,17,0.85
2586,68,0.8880024430278275,6,0.6,15,0.75
2587,68,0.8861701721571171,7,0.7,17,0.85
2588,68,0.8991105851815092,6,0.6,17,0.85
2589,68,0.8221552086116729,7,0.7,14,0.7
2590,68,0.88181852883918,7,0.7,16,0.8
2591,68,0.8856739321296331,5,0.5,15,0.75
2592,68,0.8364316524792914,7,0.7,16,0.8
2593,68,0.8935756002595715,7,0.7,17,0.85
2594,68,0.9201435278848722,7,0.7,17,0.85
2595,68,0.8916288124594418,6,0.6,15,0.75
2596,68,0.883459938160858,4,0.4,16,0.8
2597,68,0.8418902927816161,6,0.6,16,0.8
2598,68,0.9133488567393211,7,0.7,18,0.9
2599,68,0.9309081192502957,8,0.8,15,0.75
2600,68,0.9132343398099018,7,0.7,17,0.85
2601,68,0.9126617551628049,8,0.8,16,0.8
2602,68,0.8775050578310493,6,0.6,14,0.7
2603,68,0.8730770698934992,6,0.6,15,0.75
2604,68,0.8779249532389205,6,0.6,16,0.8
2605,68,0.9264419590029392,7,0.7,16,0.8
2606,68,0.8832309043020192,9,0.9,16,0.8
2607,68,0.9214032141084857,6,0.6,16,0.8
2608,68,0.8969347635225406,9,0.9,16,0.8
2609,68,0.8797572241096306,8,0.8,16,0.8
2610,68,0.8429972897660036,6,0.6,15,0.75
2611,68,0.912432721303966,8,0.8,15,0.75
2612,68,0.9275871282971332,7,0.7,16,0.8
2613,68,0.9164789861434515,7,0.7,17,0.85
2614,68,0.8358590678321945,6,0.6,16,0.8
2615,68,0.8870099629728594,7,0.7,17,0.85
2616,68,0.8949498034126043,7,0.7,16,0.8
2617,68,0.8572355613238155,7,0.7,15,0.75
2618,68,0.9173951215788066,7,0.7,18,0.9
2619,68,0.870290491277627,6,0.6,16,0.8
2620,68,0.9168225369317097,7,0.7,17,0.85
2621,68,0.8994541359697674,7,0.7,19,0.95
2622,68,0.8763217162270488,6,0.6,14,0.7
2623,68,0.9221666603046149,7,0.7,19,0.95
2624,68,0.881971218078406,7,0.7,17,0.85
2625,68,0.8916669847692482,6,0.6,16,0.8
2626,68,0.822804137878383,7,0.7,15,0.75
2627,68,0.8804061533763408,5,0.5,14,0.7
2628,68,0.8833835935412452,7,0.7,15,0.75
2629,68,0.8581135244493644,7,0.7,13,0.65
2630,68,0.9186166354926136,6,0.6,16,0.8
2631,68,0.9104859335038362,6,0.6,17,0.85
2632,68,0.8837271443295033,7,0.7,16,0.8
2633,68,0.893041187922281,8,0.8,15,0.75
2634,68,0.8630759247242049,7,0.7,17,0.85
2635,68,0.8943772187655074,7,0.7,16,0.8
2636,68,0.895255181891056,8,0.8,16,0.8
2637,68,0.9206397679123562,6,0.6,16,0.8
2638,68,0.9107913119822879,6,0.6,16,0.8
2639,68,0.8829636981333739,6,0.6,17,0.85
2640,68,0.9043783639348018,7,0.7,16,0.8
2641,68,0.8880406153376339,9,0.9,15,0.75
2642,68,0.9176623277474518,6,0.6,18,0.9
2643,68,0.8598312783906553,8,0.8,17,0.85
2644,68,0.932816734740619,7,0.7,16,0.8
2645,68,0.8927358094438294,7,0.7,15,0.75
2646,68,0.9079283887468029,6,0.6,18,0.9
2647,68,0.8934992556399587,6,0.6,16,0.8
2648,68,0.8869336183532465,7,0.7,14,0.7
2649,68,0.905790739397641,7,0.7,16,0.8
2650,68,0.8922777417261516,7,0.7,16,0.8
2651,68,0.9269381990304232,7,0.7,17,0.85
2652,68,0.889605680039699,7,0.7,18,0.9
2653,68,0.8898728862083444,9,0.9,15,0.75
2654,68,0.9273199221284879,10,1.0,17,0.85
2655,68,0.8673512234225292,7,0.7,17,0.85
2656,68,0.9072794594800931,8,0.8,15,0.75
2657,68,0.9151429553002252,7,0.7,18,0.9
2658,68,0.9080429056762224,7,0.7,16,0.8
2659,68,0.9073176317898995,6,0.6,16,0.8
2660,68,0.9211741802496468,7,0.7,17,0.85
2661,68,0.8737259991602091,6,0.6,19,0.95
2662,68,0.8553651181432989,6,0.6,16,0.8
2663,68,0.9059434286368667,6,0.6,15,0.75
2664,68,0.911211207390159,7,0.7,18,0.9
2665,68,0.8444860098484558,6,0.6,15,0.75
2666,68,0.8847196243844715,7,0.7,15,0.75
2667,68,0.9042638470053822,6,0.6,16,0.8
2668,68,0.907355804099706,7,0.7,17,0.85
2669,68,0.8425010497385196,7,0.7,15,0.75
2670,68,0.8919723632477001,8,0.8,16,0.8
2671,68,0.9126999274726113,6,0.6,17,0.85
2672,68,0.8993396190403479,7,0.7,15,0.75
2673,68,0.8831163873725999,8,0.8,16,0.8
2674,68,0.9110966904607397,5,0.5,14,0.7
2675,68,0.923159140359583,9,0.9,15,0.75
2676,68,0.9057525670878344,7,0.7,17,0.85
2677,68,0.8502500286292323,6,0.6,17,0.85
2678,68,0.9129671336412566,7,0.7,17,0.85
2679,68,0.9058289117074474,8,0.8,14,0.7
2680,68,0.9147230598923539,8,0.8,17,0.85
2681,68,0.8933083940909264,8,0.8,16,0.8
2682,68,0.876665267015307,6,0.6,18,0.9
2683,68,0.9060197732564796,8,0.8,14,0.7
2684,68,0.8586861090964614,9,0.9,18,0.9
2685,68,0.9181967400847424,6,0.6,17,0.85
2686,68,0.8591060045043324,6,0.6,14,0.7
2687,68,0.8820475626980188,7,0.7,17,0.85
2688,68,0.8831545596824063,7,0.7,15,0.75
2689,68,0.9199144940260335,7,0.7,15,0.75
2690,68,0.901210062220865,7,0.7,16,0.8
2691,68,0.8961331450166049,5,0.5,16,0.8
2692,68,0.8597931060808489,6,0.6,17,0.85
2693,68,0.8905218154750545,6,0.6,18,0.9
2694,68,0.8845669351452455,6,0.6,16,0.8
2695,68,0.887887926098408,7,0.7,17,0.85
2696,68,0.9023934038248653,4,0.4,13,0.65
2697,68,0.931175325418941,8,0.8,17,0.85
2698,68,0.9209451463908079,8,0.8,18,0.9
2699,68,0.9062869794251248,9,0.9,16,0.8
2700,68,0.8637630263007214,6,0.6,16,0.8
2701,68,0.9209069740810015,7,0.7,16,0.8
2702,68,0.8872008245218918,7,0.7,16,0.8
2703,68,0.9246096881322288,7,0.7,18,0.9
2704,68,0.8981944497461541,6,0.6,17,0.85
2705,68,0.900484788334542,8,0.8,15,0.75
2706,68,0.8506317517272969,4,0.4,15,0.75
2707,68,0.9327022178111998,7,0.7,18,0.9
2708,68,0.9327403901210062,8,0.8,15,0.75
2709,68,0.8918578463182807,7,0.7,18,0.9
2710,68,0.9033477115700269,6,0.6,16,0.8
2711,68,0.8836507997098904,4,0.4,14,0.7
2712,68,0.8617017215711722,6,0.6,13,0.65
2713,68,0.8695270450814978,6,0.6,15,0.75
2714,68,0.8794136733213725,7,0.7,16,0.8
2715,68,0.9237698973164866,5,0.5,17,0.85
2716,68,0.9465969385807534,6,0.6,17,0.85
2717,68,0.9365194487918463,8,0.8,15,0.75
2718,68,0.8752147192426614,6,0.6,15,0.75
2719,68,0.9181967400847424,9,0.9,16,0.8
2720,68,0.9149902660609992,8,0.8,17,0.85
2721,68,0.8838416612589226,6,0.6,16,0.8
2722,68,0.928465091422682,7,0.7,16,0.8
2723,68,0.8762071992976294,5,0.5,14,0.7
2724,68,0.9173951215788066,7,0.7,14,0.7
2725,68,0.8460510745505209,7,0.7,13,0.65
2726,68,0.9242661373439707,7,0.7,15,0.75
2727,68,0.8962476619460242,6,0.6,16,0.8
2728,68,0.9052944993701568,6,0.6,15,0.75
2729,68,0.88181852883918,8,0.8,18,0.9
2730,68,0.8391037141657439,7,0.7,16,0.8
2731,68,0.8931175325418941,6,0.6,16,0.8
2732,68,0.8957514219185403,8,0.8,16,0.8
2733,68,0.9096079703782876,8,0.8,18,0.9
2734,68,0.906210634805512,6,0.6,14,0.7
2735,68,0.8973928312402182,7,0.7,15,0.75
2736,68,0.8637630263007214,6,0.6,17,0.85
2737,68,0.9238462419360994,7,0.7,17,0.85
2738,68,0.9187693247318394,8,0.8,15,0.75
2739,68,0.8920105355575065,8,0.8,17,0.85
2740,68,0.9002175821658968,8,0.8,14,0.7
2741,68,0.9050272932015114,6,0.6,15,0.75
2742,68,0.9020116807268006,8,0.8,16,0.8
2743,68,0.8448295606367139,7,0.7,14,0.7
2744,68,0.9086536626331259,6,0.6,17,0.85
2745,68,0.9144176814139022,8,0.8,16,0.8
2746,68,0.8958277665381532,7,0.7,16,0.8
2747,68,0.8442951482994235,8,0.8,16,0.8
2748,68,0.9160590907355802,7,0.7,16,0.8
2749,68,0.9089590411115775,7,0.7,16,0.8
2750,68,0.8743749284269189,7,0.7,16,0.8
2751,68,0.9065541855937701,8,0.8,16,0.8
2752,68,0.9016681299385425,7,0.7,16,0.8
2753,68,0.8746803069053708,7,0.7,16,0.8
2754,68,0.9240371034851319,7,0.7,16,0.8
2755,68,0.89640035118525,8,0.8,15,0.75
2756,68,0.8712829713325951,8,0.8,16,0.8
2757,68,0.8718937282894986,7,0.7,15,0.75
2758,68,0.918731152422033,5,0.5,16,0.8
2759,68,0.8771233347329846,6,0.6,15,0.75
2760,68,0.907355804099706,6,0.6,15,0.75
2761,68,0.9149902660609992,7,0.7,16,0.8
2762,68,0.836240790930259,6,0.6,15,0.75
2763,68,0.9183876016337748,6,0.6,17,0.85
2764,68,0.9055998778486084,6,0.6,17,0.85
2765,68,0.9311371531091346,7,0.7,16,0.8
2766,68,0.907432148719319,7,0.7,15,0.75
2767,68,0.7797457724166889,5,0.5,16,0.8
2768,68,0.8847959690040844,6,0.6,13,0.65
2769,68,0.877237851662404,9,0.9,16,0.8
2770,68,0.8581516967591708,8,0.8,16,0.8
2771,68,0.9029659884719624,7,0.7,17,0.85
2772,68,0.8812077718822765,6,0.6,16,0.8
2773,68,0.842119326640455,5,0.5,14,0.7
2774,68,0.8897201969691184,7,0.7,16,0.8
2775,68,0.9246096881322288,7,0.7,16,0.8
2776,68,0.8854067259609878,6,0.6,15,0.75
2777,68,0.8786120548154367,6,0.6,14,0.7
2778,68,0.9214413864182921,7,0.7,17,0.85
2779,68,0.9013245791502843,7,0.7,14,0.7
2780,68,0.9064396686643508,7,0.7,15,0.75
2781,68,0.9309462915601022,9,0.9,18,0.9
2782,68,0.8383784402794212,6,0.6,16,0.8
2783,68,0.8994541359697674,6,0.6,17,0.85
2784,68,0.8764362331564683,6,0.6,16,0.8
2785,68,0.8720464175287246,7,0.7,17,0.85
2786,68,0.812001374203153,6,0.6,15,0.75
2787,68,0.8515097148528455,5,0.5,15,0.75
2788,68,0.9354506241172653,7,0.7,18,0.9
2789,68,0.8938809787380234,7,0.7,18,0.9
2790,68,0.9314425315875863,7,0.7,17,0.85
2791,68,0.9346490056113295,6,0.6,17,0.85
2792,68,0.8786120548154367,6,0.6,15,0.75
2793,68,0.8688399435049814,6,0.6,16,0.8
2794,68,0.9267091651715845,7,0.7,17,0.85
2795,68,0.9026606099935106,6,0.6,14,0.7
2796,68,0.8901400923769897,7,0.7,18,0.9
2797,68,0.931747910066038,6,0.6,16,0.8
2798,68,0.8743749284269189,8,0.8,15,0.75
2799,68,0.8973928312402182,9,0.9,16,0.8
2800,68,0.8811695995724699,7,0.7,15,0.75
2801,68,0.9154865060884835,8,0.8,16,0.8
2802,68,0.9285414360422948,7,0.7,15,0.75
2803,68,0.938542581211589,7,0.7,16,0.8
2804,68,0.8905981600946672,6,0.6,15,0.75
2805,68,0.8624269954574951,7,0.7,16,0.8
2806,68,0.9209069740810015,8,0.8,16,0.8
2807,68,0.919799977096614,9,0.9,16,0.8
2808,68,0.9065923579035766,8,0.8,16,0.8
2809,68,0.8859793106080848,6,0.6,15,0.75
2810,68,0.8623506508378821,6,0.6,15,0.75
2811,68,0.8968202465931212,5,0.5,16,0.8
2812,68,0.931328014658167,7,0.7,16,0.8
2813,68,0.9361377256937816,7,0.7,16,0.8
2814,68,0.8991105851815092,6,0.6,17,0.85
2815,68,0.906859564072222,6,0.6,17,0.85
2816,68,0.8957132496087337,6,0.6,15,0.75
2817,68,0.8891476123220216,6,0.6,16,0.8
2818,68,0.9185021185631943,6,0.6,17,0.85
2819,68,0.8814368057411152,8,0.8,17,0.85
2820,68,0.8922777417261516,8,0.8,17,0.85
2821,68,0.9278161621559718,7,0.7,18,0.9
2822,68,0.894415391075314,6,0.6,17,0.85
2823,68,0.8912852616711836,7,0.7,17,0.85
2824,68,0.8368515478871625,5,0.5,15,0.75
2825,68,0.8610146199946559,7,0.7,14,0.7
2826,68,0.8746421345955642,6,0.6,17,0.85
2827,68,0.8894148184906667,6,0.6,18,0.9
2828,68,0.8909417108829253,6,0.6,17,0.85
2829,68,0.8638775432301408,6,0.6,17,0.85
2830,68,0.9182730847043553,9,0.9,16,0.8
2831,68,0.9176623277474518,8,0.8,17,0.85
2832,68,0.869450700461885,6,0.6,15,0.75
2833,68,0.8789937779135015,7,0.7,16,0.8
2834,68,0.8970492804519601,6,0.6,16,0.8
2835,68,0.8712066267129823,5,0.5,17,0.85
2836,68,0.8897583692789249,7,0.7,16,0.8
2837,68,0.8897583692789249,5,0.5,16,0.8
2838,68,0.8144444020307668,5,0.5,17,0.85
2839,68,0.8609001030652365,7,0.7,16,0.8
2840,68,0.9061342901858991,7,0.7,18,0.9
2841,68,0.8947589418635722,7,0.7,17,0.85
2842,68,0.9138069244569988,8,0.8,17,0.85
2843,68,0.926022063595068,8,0.8,17,0.85
2844,68,0.914646715272741,6,0.6,16,0.8
2845,68,0.8867427568042141,7,0.7,15,0.75
2846,68,0.8913234339809901,7,0.7,18,0.9
2847,68,0.9199526663358399,7,0.7,17,0.85
2848,68,0.8579608352101384,6,0.6,15,0.75
2849,68,0.887887926098408,5,0.5,15,0.75
2850,68,0.8840706951177614,6,0.6,16,0.8
2851,68,0.846547314578005,7,0.7,16,0.8
2852,68,0.9092644195900292,6,0.6,17,0.85
2853,68,0.8915524678398289,7,0.7,15,0.75
2854,68,0.9061342901858991,6,0.6,17,0.85
2855,68,0.8915906401496354,6,0.6,17,0.85
2856,68,0.8846432797648586,7,0.7,17,0.85
2857,68,0.8531511241745237,7,0.7,17,0.85
2858,68,0.8867045844944076,8,0.8,16,0.8
2859,68,0.9145703706531282,6,0.6,14,0.7
2860,68,0.8676184295911745,6,0.6,16,0.8
2861,68,0.9040729854563498,8,0.8,15,0.75
2862,68,0.8823529411764705,5,0.5,16,0.8
2863,68,0.8692216666030461,8,0.8,16,0.8
2864,68,0.8540290873000725,7,0.7,14,0.7
2865,68,0.839180058785357,6,0.6,15,0.75
2866,68,0.8928884986830552,8,0.8,15,0.75
2867,68,0.8684582204069166,6,0.6,14,0.7
2868,68,0.8787647440546626,8,0.8,15,0.75
2869,68,0.9030805054013819,7,0.7,17,0.85
2870,68,0.9117456197274497,6,0.6,17,0.85
2871,68,0.9151429553002252,9,0.9,16,0.8
2872,68,0.9311371531091346,6,0.6,18,0.9
2873,68,0.9199908386456465,9,0.9,16,0.8
2874,68,0.8364698247890979,7,0.7,16,0.8
2875,68,0.8801771195175019,7,0.7,16,0.8
2876,68,0.9093025918998356,8,0.8,16,0.8
2877,68,0.8869336183532465,9,0.9,15,0.75
2878,68,0.9131961675000954,7,0.7,15,0.75
2879,68,0.8984234836049928,8,0.8,15,0.75
2880,68,0.8971637973813795,8,0.8,16,0.8
2881,68,0.9204107340535174,7,0.7,16,0.8
2882,68,0.9004466160247356,8,0.8,15,0.75
2883,68,0.8759018208191777,7,0.7,17,0.85
2884,68,0.9274344390579072,8,0.8,18,0.9
2885,68,0.8874298583807305,8,0.8,15,0.75
2886,68,0.8593350383631713,8,0.8,17,0.85
2887,68,0.923884414245906,8,0.8,17,0.85
2888,68,0.9049509485818985,7,0.7,16,0.8
2889,68,0.8533801580333624,6,0.6,17,0.85
2890,68,0.9100660380959651,8,0.8,17,0.85
2891,68,0.8770088178035651,7,0.7,17,0.85
2892,68,0.9320532885444897,6,0.6,17,0.85
2893,68,0.9359086918349427,7,0.7,17,0.85
2894,68,0.8900255754475702,7,0.7,16,0.8
2895,68,0.9121655151353207,6,0.6,18,0.9
2896,68,0.9133488567393211,9,0.9,17,0.85
2897,68,0.9087681795625452,6,0.6,17,0.85
2898,68,0.8860174829178912,7,0.7,14,0.7
2899,68,0.9072412871702866,6,0.6,17,0.85
2900,68,0.9023170592052523,7,0.7,16,0.8
2901,68,0.8957895942283466,6,0.6,15,0.75
2902,68,0.9154865060884835,7,0.7,18,0.9
2903,68,0.9224338664732602,7,0.7,18,0.9
2904,68,0.8988815513226704,8,0.8,16,0.8
2905,68,0.9162881245944191,8,0.8,18,0.9
2906,68,0.9049127762720921,6,0.6,16,0.8
2907,68,0.8980799328167346,7,0.7,17,0.85
2908,68,0.8220025193724472,8,0.8,17,0.85
2909,68,0.8833072489216323,6,0.6,15,0.75
2910,68,0.8650990571439476,7,0.7,15,0.75
2911,68,0.8818567011489864,6,0.6,17,0.85
2912,68,0.8776195747604687,6,0.6,17,0.85
2913,68,0.904569225483834,8,0.8,16,0.8
2914,68,0.8788029163644692,8,0.8,16,0.8
2915,68,0.8641065770889794,6,0.6,15,0.75
2916,68,0.8675802572813679,6,0.6,15,0.75
2917,68,0.8804443256861472,6,0.6,18,0.9
2918,68,0.8979272435775086,8,0.8,17,0.85
2919,68,0.8639538878497537,7,0.7,17,0.85
2920,68,0.922815589571325,6,0.6,17,0.85
2921,68,0.9206015956025498,7,0.7,15,0.75
2922,68,0.8801771195175019,6,0.6,17,0.85
2923,68,0.9173187769591937,5,0.5,17,0.85
2924,68,0.8494102378134899,4,0.4,14,0.7
2925,68,0.929533916097263,6,0.6,17,0.85
2926,68,0.9109440012215138,8,0.8,15,0.75
2927,68,0.9121273428255141,7,0.7,16,0.8
2928,68,0.8916669847692482,7,0.7,16,0.8
2929,68,0.8913616062907965,7,0.7,17,0.85
2930,68,0.8677711188304005,6,0.6,14,0.7
2931,68,0.8402488834599381,6,0.6,13,0.65
2932,68,0.8977745543382829,7,0.7,17,0.85
2933,68,0.869450700461885,6,0.6,14,0.7
2934,68,0.8934229110203458,7,0.7,16,0.8
2935,68,0.9007519945031873,7,0.7,17,0.85
2936,68,0.9028132992327366,7,0.7,16,0.8
2937,68,0.8862465167767302,7,0.7,17,0.85
2938,68,0.9111730350803527,7,0.7,17,0.85
2939,68,0.9136924075275793,8,0.8,16,0.8
2940,68,0.8868191014238271,7,0.7,17,0.85
2941,68,0.9293048822384241,7,0.7,17,0.85
2942,68,0.8711684544031757,5,0.5,14,0.7
2943,68,0.9177386723670647,7,0.7,17,0.85
2944,68,0.8752147192426614,5,0.5,15,0.75
2945,68,0.9041875023857692,8,0.8,15,0.75
2946,68,0.9207161125319692,9,0.9,18,0.9
2947,68,0.8708630759247242,5,0.5,17,0.85
2948,68,0.8960186280871856,6,0.6,17,0.85
2949,68,0.8495247547429094,8,0.8,16,0.8
2950,68,0.8912470893613772,7,0.7,18,0.9
2951,68,0.8734969653013702,8,0.8,15,0.75
2952,68,0.8861319998473107,6,0.6,16,0.8
2953,68,0.8812459441920829,6,0.6,17,0.85
2954,68,0.9169752261709354,6,0.6,16,0.8
2955,68,0.9179295339160971,6,0.6,17,0.85
2956,68,0.9088445241821582,7,0.7,18,0.9
2957,68,0.9101805550253845,7,0.7,16,0.8
2958,68,0.8402870557697445,6,0.6,15,0.75
2959,68,0.9232736572890025,7,0.7,16,0.8
2960,68,0.8918960186280871,6,0.6,16,0.8
2961,68,0.9054471886093827,7,0.7,17,0.85
2962,68,0.898843379012864,7,0.7,19,0.95
2963,68,0.9412146428980417,7,0.7,16,0.8
2964,68,0.9075084933389319,6,0.6,16,0.8
2965,68,0.8395999541932281,7,0.7,14,0.7
2966,68,0.8853303813413749,7,0.7,17,0.85
2967,68,0.8761308546780164,5,0.5,17,0.85
2968,68,0.8890712677024086,7,0.7,17,0.85
2969,68,0.9345726609917164,6,0.6,17,0.85
2970,68,0.895407871130282,6,0.6,15,0.75
2971,68,0.8730770698934992,7,0.7,13,0.65
2972,68,0.8531892964843301,7,0.7,16,0.8
2973,68,0.8718937282894986,7,0.7,15,0.75
2974,68,0.8802152918273084,8,0.8,16,0.8
2975,68,0.8683818757873039,6,0.6,17,0.85
2976,68,0.8943772187655074,8,0.8,15,0.75
2977,68,0.8815894949803411,8,0.8,17,0.85
2978,68,0.8413177081345192,7,0.7,15,0.75
2979,68,0.8734969653013702,7,0.7,15,0.75
2980,68,0.8870863075924724,7,0.7,16,0.8
2981,68,0.9044547085544145,8,0.8,16,0.8
2982,68,0.9024315761346718,7,0.7,15,0.75
2983,68,0.8915906401496354,6,0.6,15,0.75
2984,68,0.8894911631102796,7,0.7,16,0.8
2985,68,0.9145321983433216,7,0.7,18,0.9
2986,68,0.9257166851166163,8,0.8,17,0.85
2987,68,0.9088445241821582,8,0.8,15,0.75
2988,68,0.883879833568729,7,0.7,16,0.8
2989,68,0.8909798831927319,7,0.7,16,0.8
2990,68,0.8954842157498949,6,0.6,15,0.75
2991,68,0.9210978356300339,8,0.8,17,0.85
2992,68,0.8699469404893688,7,0.7,15,0.75
2993,68,0.9183876016337748,6,0.6,15,0.75
2994,68,0.9075848379585447,7,0.7,16,0.8
2995,68,0.9261365805244873,6,0.6,17,0.85
2996,68,0.9187693247318394,8,0.8,17,0.85
2997,68,0.8912089170515706,6,0.6,16,0.8
2998,68,0.8896438523495056,7,0.7,18,0.9
2999,68,0.9039584685269305,8,0.8,16,0.8
3000,68,0.9229301065007444,6,0.6,16,0.8
3001,68,0.9094171088292552,8,0.8,15,0.75
3002,68,0.8657479864106576,5,0.5,16,0.8
3003,68,0.9067450471428025,6,0.6,17,0.85
3004,68,0.9142268198648699,8,0.8,16,0.8
3005,68,0.8875825476199564,4,0.4,17,0.85
3006,68,0.8620834446692368,7,0.7,14,0.7
3007,68,0.9388097873802342,6,0.6,19,0.95
3008,68,0.8837271443295033,6,0.6,16,0.8
3009,68,0.8602130014887199,7,0.7,16,0.8
3010,68,0.9009810283620261,6,0.6,15,0.75
3011,68,0.9116311027980303,7,0.7,15,0.75
3012,68,0.8981181051265411,7,0.7,16,0.8
3013,68,0.9037676069778982,7,0.7,17,0.85
3014,68,0.8744894453563384,7,0.7,15,0.75
3015,68,0.9330839409092643,7,0.7,17,0.85
3016,68,0.8671603618734969,5,0.5,17,0.85
3017,68,0.8739550330190479,7,0.7,15,0.75
3018,68,0.9052563270603504,7,0.7,17,0.85
3019,68,0.8907126770240866,5,0.5,16,0.8
3020,68,0.8875062030003434,5,0.5,17,0.85
3021,68,0.9164026415238384,7,0.7,18,0.9
3022,68,0.8972019696911859,8,0.8,17,0.85
3023,68,0.846547314578005,8,0.8,17,0.85
3024,68,0.9538496774439821,7,0.7,18,0.9
3025,68,0.8898728862083444,5,0.5,16,0.8
3026,68,0.8769706454937587,7,0.7,14,0.7
3027,68,0.9051799824407374,5,0.5,17,0.85
3028,68,0.90785204412719,7,0.7,16,0.8
3029,68,0.8977363820284765,6,0.6,16,0.8
3030,68,0.9086536626331259,6,0.6,17,0.85
3031,68,0.8802152918273084,8,0.8,16,0.8
3032,68,0.9161354353551932,7,0.7,18,0.9
3033,68,0.8945680803145397,8,0.8,15,0.75
3034,68,0.9150284383708056,8,0.8,16,0.8
3035,68,0.9164026415238384,7,0.7,16,0.8
3036,68,0.8806351872351795,5,0.5,16,0.8
3037,68,0.9173951215788066,6,0.6,16,0.8
3038,68,0.9123945489941596,8,0.8,15,0.75
3039,68,0.9003320990953163,7,0.7,16,0.8
3040,68,0.9166698476924838,7,0.7,17,0.85
3041,68,0.9035767454288658,5,0.5,17,0.85
3042,68,0.9128907890216437,8,0.8,15,0.75
3043,68,0.8743749284269189,6,0.6,17,0.85
3044,68,0.947703935565141,8,0.8,17,0.85
3045,68,0.918234912394549,6,0.6,17,0.85
3046,68,0.9256021681871969,6,0.6,18,0.9
3047,68,0.8753292361720807,8,0.8,17,0.85
3048,68,0.8292552582356757,6,0.6,16,0.8
3049,68,0.8842615566667938,8,0.8,18,0.9
3050,68,0.9119364812764819,7,0.7,16,0.8
3051,68,0.9217085925869373,7,0.7,16,0.8
3052,68,0.9089208688017711,6,0.6,17,0.85
3053,68,0.9028132992327366,7,0.7,17,0.85
3054,68,0.8977745543382829,7,0.7,17,0.85
3055,68,0.8753674084818871,7,0.7,15,0.75
3056,68,0.8822765965568576,8,0.8,16,0.8
3057,68,0.8919723632477001,8,0.8,17,0.85
3058,68,0.8917433293888612,7,0.7,16,0.8
3059,68,0.9173569492690001,8,0.8,17,0.85
3060,68,0.924953238920487,8,0.8,16,0.8
3061,68,0.929610260716876,7,0.7,18,0.9
3062,68,0.8840706951177614,6,0.6,16,0.8
3063,68,0.9266709928617779,8,0.8,18,0.9
3064,68,0.9132725121197081,6,0.6,16,0.8
3065,68,0.8756346146505324,6,0.6,16,0.8
3066,68,0.9205252509829369,7,0.7,15,0.75
3067,68,0.8897201969691184,7,0.7,15,0.75
3068,68,0.8688017711951749,6,0.6,16,0.8
3069,68,0.9098751765469328,5,0.5,17,0.85
3070,68,0.8979272435775086,6,0.6,17,0.85
3071,68,0.86528991869298,6,0.6,14,0.7
3072,68,0.9262510974539069,7,0.7,17,0.85
3073,68,0.9019735084169942,6,0.6,16,0.8
3074,68,0.9272817498186813,7,0.7,16,0.8
3075,68,0.8825438027255027,7,0.7,17,0.85
3076,68,0.877085162423178,7,0.7,17,0.85
3077,68,0.8999503759972515,7,0.7,17,0.85
3078,68,0.8929266709928617,6,0.6,17,0.85
3079,68,0.8842997289766003,7,0.7,17,0.85
3080,68,0.9212505248692598,5,0.5,16,0.8
3081,68,0.8919723632477001,6,0.6,16,0.8
3082,68,0.9115547581784174,6,0.6,17,0.85
3083,68,0.7644768484941022,8,0.8,16,0.8
3084,68,0.9180440508455167,7,0.7,18,0.9
3085,68,0.8936137725693781,6,0.6,17,0.85
3086,68,0.8997213421384127,8,0.8,15,0.75
3087,68,0.8629995801045919,6,0.6,16,0.8
3088,68,0.8835362827804709,7,0.7,16,0.8
3089,68,0.9041875023857692,8,0.8,15,0.75
3090,68,0.924876894300874,8,0.8,17,0.85
3091,68,0.9130816505706759,9,0.9,18,0.9
3092,68,0.9338855594152001,8,0.8,16,0.8
3093,68,0.8790319502233079,8,0.8,17,0.85
3094,68,0.9009428560522197,8,0.8,16,0.8
3095,68,0.9092262472802228,8,0.8,19,0.95
3096,68,0.9051799824407374,5,0.5,16,0.8
3097,68,0.8919723632477001,5,0.5,16,0.8
3098,68,0.922739244951712,8,0.8,17,0.85
3099,68,0.8951024926518302,8,0.8,17,0.85
3100,68,0.9183876016337748,9,0.9,18,0.9
3101,68,0.887620719929763,5,0.5,15,0.75
3102,68,0.9009810283620261,6,0.6,17,0.85
3103,68,0.9018208191777685,7,0.7,17,0.85
3104,68,0.9123563766843531,6,0.6,16,0.8
3105,68,0.9493071725770126,7,0.7,17,0.85
3106,68,0.9214795587280985,8,0.8,16,0.8
3107,68,0.8771996793525975,6,0.6,15,0.75
3108,68,0.9137687521471923,8,0.8,15,0.75
3109,68,0.8891476123220216,8,0.8,17,0.85
3110,68,0.9234645188380347,8,0.8,16,0.8
3111,68,0.9081574226056417,7,0.7,17,0.85
3112,68,0.9052563270603504,7,0.7,17,0.85
3113,68,0.870443180516853,6,0.6,15,0.75
3114,68,0.9143031644844829,6,0.6,14,0.7
3115,68,0.8436462190327135,8,0.8,16,0.8
3116,68,0.882887353513761,7,0.7,15,0.75
3117,68,0.8871626522120851,7,0.7,14,0.7
3118,68,0.894339046455701,8,0.8,18,0.9
3119,68,0.9207924571515822,7,0.7,18,0.9
3120,68,0.9216704202771309,7,0.7,16,0.8
3121,68,0.9053326716799631,6,0.6,18,0.9
3122,68,0.8659006756498834,8,0.8,15,0.75
3123,68,0.9203343894339046,7,0.7,17,0.85
3124,68,0.8963240065656373,8,0.8,15,0.75
3125,68,0.9379318242546856,8,0.8,16,0.8
3126,68,0.9072412871702866,5,0.5,16,0.8
3127,68,0.9253731343283582,6,0.6,18,0.9
3128,68,0.9241516204145512,8,0.8,19,0.95
3129,68,0.9178531892964842,8,0.8,18,0.9
3130,68,0.8792991563919532,6,0.6,17,0.85
3131,68,0.9109058289117073,7,0.7,18,0.9
3132,68,0.8947207695537657,6,0.6,15,0.75
3133,68,0.8877734091689887,7,0.7,16,0.8
3134,68,0.9035004008092529,7,0.7,17,0.85
3135,68,0.9291521929991984,6,0.6,17,0.85
3136,68,0.9378173073252662,7,0.7,17,0.85
3137,68,0.8801771195175019,7,0.7,15,0.75
3138,68,0.9153338168492575,8,0.8,15,0.75
3139,68,0.9294193991678437,7,0.7,16,0.8
3140,68,0.8699469404893688,8,0.8,19,0.95
3141,68,0.8231095163568347,9,0.9,15,0.75
3142,68,0.8502882009390386,7,0.7,17,0.85
3143,68,0.9126999274726113,6,0.6,18,0.9
3144,68,0.9081574226056417,7,0.7,14,0.7
3145,68,0.9148757491315799,8,0.8,16,0.8
3146,68,0.8781539870977593,7,0.7,16,0.8
3147,68,0.9060197732564796,7,0.7,16,0.8
3148,68,0.8686490819559489,7,0.7,15,0.75
3149,68,0.9209833187006146,9,0.9,18,0.9
3150,68,0.9223575218536472,6,0.6,16,0.8
3151,68,0.8455166622132304,7,0.7,17,0.85
3152,68,0.8970874527617665,6,0.6,17,0.85
3153,68,0.9239225865557124,5,0.5,17,0.85
3154,68,0.9126617551628049,7,0.7,16,0.8
3155,68,0.9307172577012633,8,0.8,17,0.85
3156,68,0.8712447990227887,7,0.7,17,0.85
3157,68,0.8915524678398289,8,0.8,17,0.85
3158,68,0.900064892926671,7,0.7,16,0.8
3159,68,0.8586861090964614,5,0.5,16,0.8
3160,68,0.8464709699583921,8,0.8,15,0.75
3161,68,0.8887277169141503,6,0.6,16,0.8
3162,68,0.9302591899835857,7,0.7,16,0.8
3163,68,0.9518647173340458,7,0.7,18,0.9
3164,68,0.8923922586555711,6,0.6,15,0.75
3165,68,0.9144176814139022,7,0.7,17,0.85
3166,68,0.8068862846890864,6,0.6,18,0.9
3167,68,0.8709012482345306,6,0.6,15,0.75
3168,68,0.8850250028629232,6,0.6,15,0.75
3169,68,0.9093407642096422,7,0.7,17,0.85
3170,68,0.889262129251441,6,0.6,17,0.85
3171,68,0.8862846890865365,6,0.6,15,0.75
3172,68,0.8686872542657555,8,0.8,14,0.7
3173,68,0.8679619803794327,6,0.6,15,0.75
3174,68,0.9130816505706759,7,0.7,16,0.8
3175,68,0.8529220903156848,6,0.6,15,0.75
3176,68,0.9499561018437224,8,0.8,18,0.9
3177,68,0.9121273428255141,7,0.7,17,0.85
3178,68,0.9245333435126157,7,0.7,16,0.8
3179,68,0.9233881742184218,6,0.6,16,0.8
3180,68,0.9096461426880939,6,0.6,16,0.8
3181,68,0.9223193495438408,7,0.7,18,0.9
3182,68,0.8660533648891093,6,0.6,16,0.8
3183,68,0.9106767950528685,7,0.7,17,0.85
3184,68,0.9100278657861587,8,0.8,15,0.75
3185,68,0.8860938275375042,8,0.8,16,0.8
3186,68,0.9084628010840935,8,0.8,14,0.7
3187,68,0.9104859335038362,7,0.7,16,0.8
3188,68,0.9112493796999657,7,0.7,18,0.9
3189,68,0.8875825476199564,8,0.8,15,0.75
3190,68,0.898843379012864,7,0.7,17,0.85
3191,68,0.8961331450166049,6,0.6,18,0.9
3192,68,0.9072412871702866,8,0.8,16,0.8
3193,68,0.8594495552925907,8,0.8,15,0.75
3194,68,0.9010192006718326,9,0.9,17,0.85
3195,68,0.9396877505057831,7,0.7,16,0.8
3196,68,0.9230827957399701,6,0.6,17,0.85
3197,68,0.8319654922319348,7,0.7,15,0.75
3198,68,0.8857884490590525,7,0.7,15,0.75
3199,68,0.8618162385005915,8,0.8,14,0.7
3200,68,0.9038439515975111,6,0.6,15,0.75
3201,68,0.853494674962782,6,0.6,16,0.8
3202,68,0.9168225369317097,7,0.7,18,0.9
3203,68,0.8913234339809901,7,0.7,16,0.8
3204,68,0.8699851127991753,6,0.6,18,0.9
3205,68,0.9114784135588043,7,0.7,15,0.75
3206,68,0.8356682062831622,8,0.8,16,0.8
3207,68,0.9167461923120968,8,0.8,17,0.85
3208,68,0.9091117303508033,5,0.5,17,0.85
3209,68,0.9103714165744168,7,0.7,15,0.75
3210,68,0.89640035118525,7,0.7,18,0.9
3211,68,0.8655952971714317,6,0.6,17,0.85
3212,68,0.8776577470702752,6,0.6,15,0.75
3213,68,0.8464709699583921,7,0.7,16,0.8
3214,68,0.8670458449440773,8,0.8,16,0.8
3215,68,0.901210062220865,7,0.7,17,0.85
3216,68,0.9326640455013931,6,0.6,19,0.95
3217,68,0.9141504752452569,7,0.7,16,0.8
3218,68,0.9097224873077069,6,0.6,17,0.85
3219,68,0.9103332442646104,6,0.6,18,0.9
3220,68,0.9229682788105508,6,0.6,18,0.9
3221,68,0.8962094896362178,6,0.6,16,0.8
3222,68,0.871092109783563,5,0.5,18,0.9
3223,68,0.8790319502233079,8,0.8,18,0.9
3224,68,0.9336565255563614,7,0.7,16,0.8
3225,68,0.8741077222582736,7,0.7,14,0.7
3226,68,0.8804443256861472,7,0.7,16,0.8
3227,68,0.8892239569416346,6,0.6,17,0.85
3228,68,0.8941863572164751,7,0.7,15,0.75
3229,68,0.8853303813413749,7,0.7,16,0.8
3230,68,0.9176241554376454,8,0.8,17,0.85
3231,68,0.8829255258235674,8,0.8,15,0.75
3232,68,0.8232622055960607,7,0.7,18,0.9
3233,68,0.9336565255563614,7,0.7,16,0.8
3234,68,0.9121273428255141,7,0.7,16,0.8
3235,68,0.8478070008016184,7,0.7,16,0.8
3236,68,0.9185402908730006,7,0.7,16,0.8
3237,68,0.915791884566935,8,0.8,17,0.85
3238,68,0.8703668358972401,6,0.6,15,0.75
3239,68,0.8838416612589226,8,0.8,16,0.8
3240,68,0.8759018208191777,7,0.7,16,0.8
3241,68,0.8937282894987975,7,0.7,16,0.8
3242,68,0.8834981104706646,7,0.7,16,0.8
3243,68,0.9019353361071877,5,0.5,15,0.75
3244,68,0.8875062030003434,8,0.8,16,0.8
3245,68,0.8617017215711722,8,0.8,14,0.7
3246,68,0.8755582700309195,6,0.6,17,0.85
3247,68,0.8870481352826658,6,0.6,16,0.8
3248,68,0.9167080200022901,8,0.8,18,0.9
3249,68,0.8865518952551819,7,0.7,17,0.85
3250,68,0.8908653662633124,5,0.5,16,0.8
3251,68,0.9040348131465434,7,0.7,17,0.85
3252,68,0.8783448486467914,5,0.5,15,0.75
3253,68,0.9065923579035766,7,0.7,15,0.75
3254,68,0.8982326220559606,6,0.6,14,0.7
3255,68,0.8982707943657668,7,0.7,17,0.85
3256,68,0.9386570981410083,6,0.6,16,0.8
3257,68,0.9154483337786768,7,0.7,16,0.8
3258,68,0.9090353857311905,8,0.8,17,0.85
3259,68,0.9152574722296445,7,0.7,17,0.85
3260,68,0.9084246287742872,6,0.6,16,0.8
3261,68,0.8728862083444668,6,0.6,14,0.7
3262,68,0.8655571248616253,6,0.6,16,0.8
3263,68,0.8729243806542732,7,0.7,17,0.85
3264,68,0.9036530900484786,8,0.8,16,0.8
3265,68,0.8882696491964728,6,0.6,17,0.85
3266,68,0.9157537122571288,9,0.9,17,0.85
3267,68,0.9230064511203572,8,0.8,16,0.8
3268,68,0.91800587853571,8,0.8,17,0.85
3269,68,0.8781921594075657,8,0.8,13,0.65
3270,68,0.91800587853571,9,0.9,16,0.8
3271,68,0.8875825476199564,7,0.7,16,0.8
3272,68,0.8844524182158262,8,0.8,13,0.65
3273,68,0.9104859335038362,6,0.6,17,0.85
3274,68,0.8895675077298927,7,0.7,15,0.75
3275,68,0.896629385044089,7,0.7,17,0.85
3276,68,0.9528190250792075,8,0.8,17,0.85
3277,68,0.8878115814787954,6,0.6,15,0.75
3278,68,0.9356414856662975,6,0.6,17,0.85
3279,68,0.847539794632973,6,0.6,14,0.7
3280,68,0.9357178302859104,7,0.7,17,0.85
3281,68,0.8825819750353091,7,0.7,18,0.9
3282,68,0.8825819750353091,6,0.6,16,0.8
3283,68,0.8990724128717028,5,0.5,17,0.85
3284,68,0.8905599877848609,5,0.5,17,0.85
3285,68,0.9160209184257738,7,0.7,15,0.75
3286,68,0.9246478604420351,7,0.7,16,0.8
3287,68,0.8541436042294919,6,0.6,15,0.75
3288,68,0.9092644195900292,6,0.6,17,0.85
3289,68,0.9333511470779096,7,0.7,17,0.85
3290,68,0.8490285147154253,7,0.7,14,0.7
3291,68,0.9278925067755849,7,0.7,18,0.9
3292,68,0.9433904645570103,8,0.8,18,0.9
3293,68,0.8846432797648586,6,0.6,15,0.75
3294,68,0.9275489559873266,7,0.7,17,0.85
3295,68,0.9009046837424131,6,0.6,17,0.85
3296,68,0.8374623048440659,7,0.7,15,0.75
3297,68,0.9118601366568688,8,0.8,18,0.9
3298,68,0.919074703210291,8,0.8,16,0.8
3299,68,0.8318509753025155,7,0.7,16,0.8
3300,68,0.8926976371340228,6,0.6,16,0.8
3301,68,0.9097224873077069,9,0.9,18,0.9
3302,68,0.8735733099209833,6,0.6,13,0.65
3303,68,0.8838034889491161,8,0.8,16,0.8
3304,68,0.9042256746955758,7,0.7,15,0.75
3305,68,0.9291903653090048,7,0.7,17,0.85
3306,68,0.9291140206893918,6,0.6,17,0.85
3307,68,0.8885368553651181,7,0.7,16,0.8
3308,68,0.886399206015956,7,0.7,17,0.85
3309,68,0.8695270450814978,6,0.6,16,0.8
3310,68,0.8711684544031757,5,0.5,16,0.8
3311,68,0.8432644959346489,6,0.6,15,0.75
3312,68,0.8837653166393097,6,0.6,15,0.75
3313,68,0.9002557544757033,5,0.5,17,0.85
3314,68,0.9046455701034468,6,0.6,17,0.85
3315,68,0.8821620796274383,6,0.6,15,0.75
3316,68,0.9200671832652593,6,0.6,17,0.85
3317,68,0.9269381990304232,7,0.7,18,0.9
3318,68,0.8889949230827957,7,0.7,17,0.85
3319,68,0.9144558537237089,7,0.7,16,0.8
3320,68,0.9087681795625452,7,0.7,16,0.8
3321,68,0.862503340077108,8,0.8,15,0.75
3322,68,0.8799099133488566,6,0.6,15,0.75
3323,68,0.9087300072527388,6,0.6,16,0.8
3324,68,0.9172042600297744,8,0.8,17,0.85
3325,68,0.930030156124747,6,0.6,16,0.8
3326,68,0.8573500782532348,8,0.8,17,0.85
3327,68,0.9054471886093827,8,0.8,16,0.8
3328,68,0.9054853609191891,8,0.8,18,0.9
3329,68,0.873306103752338,7,0.7,16,0.8
3330,68,0.9145321983433216,7,0.7,16,0.8
3331,68,0.8937282894987975,8,0.8,15,0.75
3332,68,0.87609268236821,6,0.6,17,0.85
3333,68,0.8823529411764705,8,0.8,15,0.75
3334,68,0.9367866549604916,7,0.7,15,0.75
3335,68,0.907355804099706,7,0.7,15,0.75
3336,68,0.9018208191777685,7,0.7,16,0.8
3337,68,0.9093025918998356,6,0.6,17,0.85
3338,68,0.9026606099935106,5,0.5,16,0.8
3339,68,0.8695270450814978,7,0.7,17,0.85
3340,68,0.869298011222659,8,0.8,16,0.8
3341,68,0.8365079970989043,5,0.5,16,0.8
3342,68,0.9015917853189296,9,0.9,17,0.85
3343,68,0.8860174829178912,7,0.7,15,0.75
3344,68,0.8944535633851204,8,0.8,17,0.85
3345,68,0.9023934038248653,6,0.6,16,0.8
3346,68,0.9274344390579072,8,0.8,16,0.8
3347,68,0.906783219452609,8,0.8,17,0.85
3348,68,0.9009810283620261,7,0.7,17,0.85
3349,68,0.9199526663358399,6,0.6,18,0.9
3350,68,0.9149520937511928,9,0.9,16,0.8
3351,68,0.9246478604420351,7,0.7,15,0.75
3352,68,0.8845669351452455,6,0.6,15,0.75
3353,68,0.8764362331564683,6,0.6,14,0.7
3354,68,0.8719319005993053,9,0.9,15,0.75
3355,68,0.9103332442646104,6,0.6,17,0.85
3356,68,0.8679238080696262,6,0.6,16,0.8
3357,68,0.9237317250066801,7,0.7,16,0.8
3358,68,0.9284269191128754,7,0.7,17,0.85
3359,68,0.901629957628736,7,0.7,16,0.8
3360,68,0.9018589914875749,5,0.5,17,0.85
3361,68,0.8283009504905141,6,0.6,14,0.7
3362,68,0.9134633736687406,7,0.7,16,0.8
3363,68,0.883879833568729,7,0.7,15,0.75
3364,68,0.9073939764095126,8,0.8,16,0.8
3365,68,0.9110966904607397,7,0.7,17,0.85
3366,68,0.8959422834675725,7,0.7,14,0.7
3367,68,0.8804443256861472,6,0.6,14,0.7
3368,68,0.8855212428904072,8,0.8,15,0.75
3369,68,0.9043020193151887,8,0.8,16,0.8
3370,68,0.8710539374737564,7,0.7,18,0.9
3371,68,0.9093025918998356,7,0.7,15,0.75
3372,68,0.8872771691415047,7,0.7,15,0.75
3373,68,0.8911325724319576,8,0.8,17,0.85
3374,68,0.9049509485818985,8,0.8,16,0.8
3375,68,0.8803679810665342,6,0.6,17,0.85
3376,68,0.878230331717372,6,0.6,15,0.75
3377,68,0.8832309043020192,6,0.6,16,0.8
3378,68,0.9285796083521012,7,0.7,18,0.9
3379,68,0.8763217162270488,7,0.7,16,0.8
3380,68,0.9026606099935106,7,0.7,17,0.85
3381,68,0.8978127266480893,6,0.6,13,0.65
3382,68,0.8970492804519601,7,0.7,16,0.8
3383,68,0.9137305798373859,7,0.7,17,0.85
3384,68,0.878879260984082,5,0.5,16,0.8
3385,68,0.8803679810665342,7,0.7,17,0.85
3386,68,0.901629957628736,8,0.8,17,0.85
3387,68,0.9093407642096422,6,0.6,17,0.85
3388,68,0.8623888231476887,6,0.6,14,0.7
3389,68,0.9324350116425545,7,0.7,17,0.85
3390,68,0.9126235828529984,6,0.6,16,0.8
3391,68,0.8610527923044623,6,0.6,14,0.7
3392,68,0.8867809291140205,6,0.6,17,0.85
3393,68,0.865862503340077,7,0.7,15,0.75
3394,68,0.9321296331641026,8,0.8,18,0.9
3395,68,0.8914379509104096,8,0.8,15,0.75
3396,68,0.9229301065007444,5,0.5,16,0.8
3397,68,0.9357560025957168,8,0.8,16,0.8
3398,68,0.9338473871053937,8,0.8,16,0.8
3399,68,0.9140741306256441,6,0.6,16,0.8
3400,68,0.8757491315799518,7,0.7,14,0.7
3401,68,0.9085009733938999,7,0.7,16,0.8
3402,68,0.8939191510478298,7,0.7,16,0.8
3403,68,0.8996449975187998,8,0.8,16,0.8
3404,68,0.8902164369966026,8,0.8,14,0.7
3405,68,0.9049509485818985,7,0.7,16,0.8
3406,68,0.8967820742833147,5,0.5,16,0.8
3407,68,0.9229682788105508,6,0.6,17,0.85
3408,68,0.9291521929991984,6,0.6,17,0.85
3409,68,0.8838416612589226,7,0.7,17,0.85
3410,68,0.8519677825705232,7,0.7,18,0.9
3411,68,0.8541436042294919,6,0.6,14,0.7
3412,68,0.8438370805817459,8,0.8,16,0.8
3413,68,0.9138069244569988,8,0.8,17,0.85
3414,68,0.8427682559071649,6,0.6,16,0.8
3415,68,0.8914379509104096,7,0.7,17,0.85
3416,68,0.9473222124670764,8,0.8,16,0.8
3417,68,0.9087300072527388,7,0.7,18,0.9
3418,68,0.8792228117723402,8,0.8,16,0.8
3419,68,0.9327403901210062,8,0.8,18,0.9
3420,68,0.89327022178112,7,0.7,16,0.8
3421,68,0.9173951215788066,7,0.7,17,0.85
3422,68,0.896476695804863,7,0.7,15,0.75
3423,68,0.8834217658510516,7,0.7,16,0.8
3424,68,0.9013245791502843,7,0.7,17,0.85
3425,68,0.9086536626331259,9,0.9,17,0.85
3426,68,0.9353742794976524,7,0.7,17,0.85
3427,68,0.9283124021834561,8,0.8,16,0.8
3428,68,0.9168225369317097,8,0.8,16,0.8
3429,68,0.9079283887468029,7,0.7,18,0.9
3430,68,0.9001794098560904,7,0.7,16,0.8
3431,68,0.8857121044394395,7,0.7,17,0.85
3432,68,0.8977745543382829,5,0.5,15,0.75
3433,68,0.8723517960071763,7,0.7,17,0.85
3434,68,0.8811314272626635,6,0.6,15,0.75
3435,68,0.8642210940183989,7,0.7,16,0.8
3436,68,0.9212123525594534,7,0.7,17,0.85
3437,68,0.9015154406993167,8,0.8,15,0.75
3438,68,0.9196854601671947,7,0.7,18,0.9
3439,68,0.8565866320571057,5,0.5,16,0.8
3440,68,0.9069740810016413,6,0.6,16,0.8
3441,68,0.9347253502309424,6,0.6,18,0.9
3442,68,0.8304385998396763,6,0.6,16,0.8
3443,68,0.8509371302057488,6,0.6,14,0.7
3444,68,0.9205634232927433,6,0.6,16,0.8
3445,68,0.8933847387105394,8,0.8,14,0.7
3446,68,0.9206397679123562,6,0.6,17,0.85
3447,68,0.931671565446425,6,0.6,17,0.85
3448,68,0.9103714165744168,7,0.7,17,0.85
3449,68,0.8911325724319576,6,0.6,15,0.75
3450,68,0.9151429553002252,6,0.6,15,0.75
3451,68,0.8900255754475702,7,0.7,15,0.75
3452,68,0.8848723136236972,6,0.6,15,0.75
3453,68,0.9081955949154482,5,0.5,17,0.85
3454,68,0.9181203954651295,7,0.7,17,0.85
3455,68,0.9308699469404893,8,0.8,18,0.9
3456,68,0.937321067297782,9,0.9,17,0.85
3457,68,0.8926976371340228,4,0.4,15,0.75
3458,68,0.8479596900408443,8,0.8,15,0.75
3459,68,0.8554414627629118,5,0.5,15,0.75
3460,68,0.9156391953277092,8,0.8,18,0.9
3461,68,0.8756727869603388,6,0.6,15,0.75
3462,68,0.8200939038821239,6,0.6,16,0.8
3463,68,0.9609497270679846,7,0.7,19,0.95
3464,68,0.8833072489216323,7,0.7,18,0.9
3465,68,0.8882314768866664,6,0.6,17,0.85
3466,68,0.9069740810016413,5,0.5,18,0.9
3467,68,0.8442951482994235,6,0.6,17,0.85
3468,68,0.8202847654311561,4,0.4,15,0.75
3469,68,0.8584570752376226,7,0.7,16,0.8
3470,68,0.9130816505706759,6,0.6,15,0.75
3471,68,0.854067259609879,8,0.8,15,0.75
3472,68,0.9214795587280985,8,0.8,17,0.85
3473,68,0.8857121044394395,7,0.7,18,0.9
3474,68,0.9023934038248653,7,0.7,17,0.85
3475,68,0.8792991563919532,7,0.7,16,0.8
3476,68,0.8861701721571171,6,0.6,14,0.7
3477,68,0.8983853112951864,9,0.9,16,0.8
3478,68,0.8652517463831736,6,0.6,15,0.75
3479,68,0.8968965912127342,6,0.6,16,0.8
3480,68,0.85513608428446,6,0.6,13,0.65
3481,68,0.9098751765469328,6,0.6,16,0.8
3482,68,0.8706340420658853,8,0.8,16,0.8
3483,68,0.8931175325418941,6,0.6,18,0.9
3484,68,0.9086918349429325,7,0.7,17,0.85
3485,68,0.9272435775088749,7,0.7,16,0.8
3486,68,0.8817040119097607,7,0.7,17,0.85
3487,68,0.9100660380959651,8,0.8,16,0.8
3488,68,0.8962858342558306,7,0.7,18,0.9
3489,68,0.8704813528266594,7,0.7,15,0.75
3490,68,0.8629995801045919,7,0.7,16,0.8
3491,68,0.9004084437149292,10,1.0,16,0.8
3492,68,0.9148375768217732,7,0.7,17,0.85
3493,68,0.8418521204718097,8,0.8,16,0.8
3494,68,0.8982707943657668,7,0.7,17,0.85
3495,68,0.8830018704431803,7,0.7,15,0.75
3496,68,0.9275871282971332,8,0.8,17,0.85
3497,68,0.866435087987174,7,0.7,16,0.8
3498,68,0.9028514715425429,7,0.7,16,0.8
3499,68,0.9186929801122266,8,0.8,18,0.9
3500,68,0.8943008741458944,6,0.6,18,0.9
3501,68,0.8620834446692368,7,0.7,15,0.75
3502,68,0.9270908882696491,8,0.8,17,0.85
3503,68,0.9131198228804823,7,0.7,15,0.75
3504,68,0.9158682291865481,6,0.6,16,0.8
3505,68,0.9101805550253845,8,0.8,16,0.8
3506,68,0.9022407145856394,8,0.8,17,0.85
3507,68,0.914799404511967,6,0.6,16,0.8
3508,68,0.9088826964919646,8,0.8,17,0.85
3509,68,0.8792228117723402,8,0.8,16,0.8
3510,68,0.8615108600221398,6,0.6,14,0.7
3511,68,0.9011337176012519,7,0.7,16,0.8
3512,68,0.8894529908004731,6,0.6,16,0.8
3513,68,0.9249914112302934,7,0.7,18,0.9
3514,68,0.8821239073176317,7,0.7,17,0.85
3515,68,0.9309844638699086,6,0.6,17,0.85
3516,68,0.900064892926671,6,0.6,17,0.85
3517,68,0.9111348627705461,8,0.8,16,0.8
3518,68,0.8914379509104096,8,0.8,16,0.8
3519,68,0.9246860327518417,7,0.7,17,0.85
3520,68,0.8132610604267663,5,0.5,14,0.7
3521,68,0.8922013971065388,7,0.7,17,0.85
3522,68,0.9064778409741572,5,0.5,18,0.9
3523,68,0.9194182539985494,8,0.8,15,0.75
3524,68,0.8707485589953047,6,0.6,17,0.85
3525,68,0.9206015956025498,6,0.6,18,0.9
3526,68,0.8627705462457532,8,0.8,15,0.75
3527,68,0.8882696491964728,7,0.7,16,0.8
3528,68,0.8739168607092415,7,0.7,17,0.85
3529,68,0.8333778676947742,7,0.7,15,0.75
3530,68,0.9205634232927433,7,0.7,18,0.9
3531,68,0.9175478108180325,7,0.7,16,0.8
3532,68,0.9233881742184218,8,0.8,16,0.8
3533,68,0.8860174829178912,6,0.6,15,0.75
3534,68,0.8753292361720807,6,0.6,17,0.85
3535,68,0.9331221132190708,7,0.7,19,0.95
3536,68,0.900064892926671,8,0.8,16,0.8
3537,68,0.9120891705157077,7,0.7,16,0.8
3538,68,0.883040042752987,7,0.7,16,0.8
3539,68,0.8983853112951864,8,0.8,17,0.85
3540,68,0.8843760735962133,6,0.6,16,0.8
3541,68,0.8873153414513111,7,0.7,15,0.75
3542,68,0.9147230598923539,7,0.7,16,0.8
3543,68,0.9165935030728708,6,0.6,18,0.9
3544,68,0.9272435775088749,7,0.7,17,0.85
3545,68,0.9224338664732602,7,0.7,18,0.9
3546,68,0.8682673588578844,7,0.7,15,0.75
3547,68,0.8753292361720807,8,0.8,14,0.7
3548,68,0.8960186280871856,8,0.8,16,0.8
3549,68,0.8923540863457646,8,0.8,16,0.8
3550,68,0.9132725121197081,6,0.6,16,0.8
3551,68,0.8782685040271786,6,0.6,15,0.75
3552,68,0.8635721647516891,7,0.7,17,0.85
3553,68,0.9118219643470624,7,0.7,15,0.75
3554,68,0.8841470397373743,7,0.7,17,0.85
3555,68,0.8496392716723289,6,0.6,15,0.75
3556,68,0.8821620796274383,5,0.5,16,0.8
3557,68,0.8515097148528455,6,0.6,17,0.85
3558,68,0.8727335191052409,6,0.6,17,0.85
3559,68,0.8791846394625339,7,0.7,18,0.9
3560,68,0.8939954956674427,7,0.7,16,0.8
3561,68,0.8855594152002136,7,0.7,16,0.8
3562,68,0.8936901171889908,8,0.8,16,0.8
3563,68,0.9310989807993282,7,0.7,17,0.85
3564,68,0.8872389968316982,7,0.7,17,0.85
3565,68,0.9049127762720921,6,0.6,17,0.85
3566,68,0.8859029659884718,7,0.7,14,0.7
3567,68,0.9005229606443484,7,0.7,16,0.8
3568,68,0.9015154406993167,7,0.7,16,0.8
3569,68,0.889682024659312,5,0.5,17,0.85
3570,68,0.9109440012215138,6,0.6,16,0.8
3571,68,0.9124708936137724,9,0.9,17,0.85
3572,68,0.8904836431652479,6,0.6,18,0.9
3573,68,0.8253616826354162,7,0.7,14,0.7
3574,68,0.8521204718097491,6,0.6,16,0.8
3575,68,0.9082719395350612,6,0.6,17,0.85
3576,68,0.9104095888842232,8,0.8,16,0.8
3577,68,0.880673359544986,7,0.7,16,0.8
3578,68,0.9169752261709354,4,0.4,15,0.75
3579,68,0.8644119555674311,6,0.6,17,0.85
3580,68,0.9087300072527388,8,0.8,18,0.9
3581,68,0.9015917853189296,7,0.7,16,0.8
3582,68,0.8613963430927203,6,0.6,16,0.8
3583,68,0.8963621788754437,9,0.9,16,0.8
3584,68,0.9014772683895103,5,0.5,16,0.8
3585,68,0.8910944001221512,6,0.6,16,0.8
3586,68,0.8980417605069282,7,0.7,16,0.8
3587,68,0.8832690766118256,7,0.7,17,0.85
3588,68,0.9157537122571288,5,0.5,16,0.8
3589,68,0.8972401420009924,5,0.5,16,0.8
3590,68,0.9427797076001067,8,0.8,17,0.85
3591,68,0.889109440012215,7,0.7,17,0.85
3592,68,0.8970874527617665,4,0.4,16,0.8
3593,68,0.8841088674275679,8,0.8,16,0.8
3594,68,0.8664732602969806,6,0.6,17,0.85
3595,68,0.902202542275833,7,0.7,17,0.85
3596,68,0.8936137725693781,9,0.9,18,0.9
3597,68,0.9044547085544145,7,0.7,17,0.85
3598,68,0.920219872504485,7,0.7,17,0.85
3599,68,0.9337328701759742,7,0.7,17,0.85
3600,68,0.9169370538611291,8,0.8,17,0.85
3601,68,0.8901019200671832,5,0.5,15,0.75
3602,68,0.8828491812039546,6,0.6,14,0.7
3603,68,0.9097224873077069,7,0.7,16,0.8
3604,68,0.9405275413215254,6,0.6,17,0.85
3605,68,0.9072031148604802,8,0.8,16,0.8
3606,68,0.8989578959422834,7,0.7,16,0.8
3607,68,0.8690689773638202,7,0.7,17,0.85
3608,68,0.8879642707180211,6,0.6,13,0.65
3609,68,0.8803679810665342,8,0.8,16,0.8
3610,68,0.9070504256212543,7,0.7,16,0.8
3611,68,0.8896438523495056,5,0.5,16,0.8
3612,68,0.8937282894987975,7,0.7,16,0.8
3613,68,0.8758636485093712,6,0.6,16,0.8
3614,68,0.8872389968316982,7,0.7,14,0.7
3615,68,0.8949116311027979,8,0.8,15,0.75
3616,68,0.8917051570790548,7,0.7,15,0.75
3617,68,0.8758254761995647,6,0.6,16,0.8
3618,68,0.8634576478222697,7,0.7,16,0.8
3619,68,0.9110966904607397,6,0.6,18,0.9
3620,68,0.9158682291865481,6,0.6,17,0.85
3621,68,0.8846432797648586,7,0.7,16,0.8
3622,68,0.8486849639271672,5,0.5,13,0.65
3623,68,0.9123563766843531,7,0.7,15,0.75
3624,68,0.9431996030079779,8,0.8,17,0.85
3625,68,0.8631522693438178,6,0.6,15,0.75
3626,68,0.8883459938160857,7,0.7,14,0.7
3627,68,0.8900255754475702,6,0.6,15,0.75
3628,68,0.8897965415887313,7,0.7,15,0.75
3629,68,0.936175898003588,7,0.7,17,0.85
3630,68,0.9327022178111998,6,0.6,17,0.85
3631,68,0.8960186280871856,6,0.6,15,0.75
3632,68,0.8897583692789249,9,0.9,16,0.8
3633,68,0.8421956712600679,5,0.5,16,0.8
3634,68,0.9318624269954573,7,0.7,18,0.9
3635,68,0.8703668358972401,9,0.9,16,0.8
3636,68,0.8626942016261402,4,0.4,16,0.8
3637,68,0.9132725121197081,6,0.6,17,0.85
3638,68,0.8744894453563384,6,0.6,17,0.85
3639,68,0.9217467648967438,8,0.8,18,0.9
3640,68,0.8592586937435583,7,0.7,17,0.85
3641,68,0.9323204947131349,6,0.6,17,0.85
3642,68,0.9209451463908079,7,0.7,15,0.75
3643,68,0.9191892201397106,6,0.6,16,0.8
3644,68,0.9070504256212543,7,0.7,17,0.85
3645,68,0.9151047829904186,6,0.6,18,0.9
3646,68,0.8945299080047333,6,0.6,17,0.85
3647,68,0.9117456197274497,6,0.6,17,0.85
3648,68,0.8463946253387791,7,0.7,15,0.75
3649,68,0.8867045844944076,7,0.7,17,0.85
3650,68,0.9109058289117073,8,0.8,17,0.85
3651,68,0.9017444745581555,7,0.7,17,0.85
3652,68,0.889185784631828,7,0.7,18,0.9
3653,68,0.9021643699660266,7,0.7,18,0.9
3654,68,0.8863228613963431,8,0.8,16,0.8
3655,68,0.878230331717372,7,0.7,16,0.8
3656,68,0.8546016719471693,9,0.9,15,0.75
3657,68,0.9072794594800931,7,0.7,16,0.8
3658,68,0.8763217162270488,7,0.7,15,0.75
3659,68,0.9282360575638431,6,0.6,18,0.9
3660,68,0.8767034393251134,9,0.9,17,0.85
3661,68,0.8571210443943962,8,0.8,17,0.85
3662,68,0.8538763980608466,6,0.6,16,0.8
3663,68,0.8874298583807305,8,0.8,17,0.85
3664,68,0.8755200977211128,7,0.7,16,0.8
3665,68,0.9236935526968737,8,0.8,16,0.8
3666,68,0.8410886742756803,7,0.7,15,0.75
3667,68,0.8988815513226704,8,0.8,15,0.75
3668,68,0.8947589418635722,7,0.7,17,0.85
3669,68,0.9004084437149292,8,0.8,15,0.75
3670,68,0.918234912394549,6,0.6,17,0.85
3671,68,0.8365843417185173,7,0.7,16,0.8
3672,68,0.8162003282818644,8,0.8,16,0.8
3673,68,0.888460510745505,8,0.8,15,0.75
3674,68,0.919380081688743,6,0.6,16,0.8
3675,68,0.9054471886093827,7,0.7,16,0.8
3676,68,0.9275107836775202,6,0.6,17,0.85
3677,68,0.8721227621483376,7,0.7,17,0.85
3678,68,0.8708249036149177,6,0.6,15,0.75
3679,68,0.8949879757224107,7,0.7,17,0.85
3680,68,0.9542314005420467,8,0.8,17,0.85
3681,68,0.8899492308279573,7,0.7,17,0.85
3682,68,0.9413673321372674,8,0.8,17,0.85
3683,68,0.8623506508378821,6,0.6,16,0.8
3684,68,0.875100202313242,6,0.6,16,0.8
3685,68,0.8231858609764476,7,0.7,16,0.8
3686,68,0.9081955949154482,6,0.6,14,0.7
3687,68,0.8780394701683398,7,0.7,17,0.85
3688,68,0.901210062220865,7,0.7,17,0.85
3689,68,0.8649845402145283,7,0.7,16,0.8
3690,68,0.8917051570790548,8,0.8,15,0.75
3691,68,0.8738405160896285,6,0.6,16,0.8
3692,68,0.8418139481620031,6,0.6,16,0.8
3693,68,0.8797572241096306,8,0.8,16,0.8
3694,68,0.8763980608466617,5,0.5,15,0.75
3695,68,0.8967439019735083,6,0.6,17,0.85
3696,68,0.9078138718173836,9,0.9,15,0.75
3697,68,0.9227010726419055,7,0.7,16,0.8
3698,68,0.8810169103332441,6,0.6,19,0.95
3699,68,0.880673359544986,8,0.8,17,0.85
3700,68,0.8942245295262814,8,0.8,16,0.8
3701,68,0.8972401420009924,7,0.7,16,0.8
3702,68,0.9149902660609992,7,0.7,17,0.85
3703,68,0.8860174829178912,9,0.9,16,0.8
3704,68,0.8763598885368553,7,0.7,16,0.8
3705,68,0.8825819750353091,6,0.6,15,0.75
3706,68,0.944192083062946,7,0.7,17,0.85
3707,68,0.9083101118448677,7,0.7,17,0.85
3708,68,0.8849104859335039,7,0.7,16,0.8
3709,68,0.9189983585906781,7,0.7,18,0.9
3710,68,0.8813986334313088,7,0.7,16,0.8
3711,68,0.9185021185631943,9,0.9,16,0.8
3712,68,0.919227392449517,7,0.7,16,0.8
3713,68,0.9069359086918349,9,0.9,15,0.75
3714,68,0.8462037637897468,6,0.6,16,0.8
3715,68,0.9172042600297744,8,0.8,15,0.75
3716,68,0.8518914379509102,7,0.7,15,0.75
3717,68,0.8914761232202159,5,0.5,17,0.85
3718,68,0.8888422338435698,5,0.5,16,0.8
3719,68,0.919380081688743,8,0.8,16,0.8
3720,68,0.9104095888842232,7,0.7,15,0.75
3721,68,0.8678856357598198,5,0.5,17,0.85
3722,68,0.86593884795969,6,0.6,14,0.7
3723,68,0.9081574226056417,6,0.6,17,0.85
3724,68,0.9165935030728708,7,0.7,16,0.8
3725,68,0.9036149177386722,7,0.7,17,0.85
3726,68,0.9099896934763522,8,0.8,17,0.85
3727,68,0.9441539107531396,8,0.8,17,0.85
3728,68,0.8605183799671716,7,0.7,16,0.8
3729,68,0.9167080200022901,8,0.8,17,0.85
3730,68,0.9259838912852616,6,0.6,16,0.8
3731,68,0.8971637973813795,6,0.6,16,0.8
3732,68,0.8555178073825248,6,0.6,13,0.65
3733,68,0.9047600870328661,7,0.7,17,0.85
3734,68,0.9117074474176431,7,0.7,16,0.8
3735,68,0.8839943504981485,7,0.7,13,0.65
3736,68,0.9047982593426728,8,0.8,17,0.85
3737,68,0.9350689010192007,6,0.6,18,0.9
3738,68,0.9109058289117073,5,0.5,17,0.85
3739,68,0.8400198496010993,7,0.7,16,0.8
3740,68,0.9230446234301636,7,0.7,16,0.8
3741,68,0.9295720884070694,7,0.7,17,0.85
3742,68,0.9158682291865481,8,0.8,17,0.85
3743,68,0.9485055540710767,7,0.7,18,0.9
3744,68,0.876169026987823,7,0.7,16,0.8
3745,68,0.8997976867580256,7,0.7,18,0.9
3746,68,0.9046455701034468,7,0.7,16,0.8
3747,68,0.8622361339084628,8,0.8,16,0.8
3748,68,0.9014390960797036,6,0.6,18,0.9
3749,68,0.8993396190403479,7,0.7,17,0.85
3750,68,0.907355804099706,6,0.6,16,0.8
3751,68,0.8501736840096192,7,0.7,16,0.8
3752,68,0.8825056304156964,7,0.7,16,0.8
3753,68,0.8472344161545213,6,0.6,15,0.75
3754,68,0.9048364316524792,7,0.7,15,0.75
3755,68,0.8709775928541436,7,0.7,15,0.75
3756,68,0.8842233843569873,8,0.8,15,0.75
3757,68,0.894262701836088,7,0.7,16,0.8
3758,68,0.8700614574187884,7,0.7,16,0.8
3759,68,0.9209451463908079,7,0.7,18,0.9
3760,68,0.9014390960797036,8,0.8,16,0.8
3761,68,0.8609764476848493,6,0.6,17,0.85
3762,68,0.927167232889262,7,0.7,17,0.85
3763,68,0.7680650456159102,7,0.7,17,0.85
3764,68,0.9185021185631943,7,0.7,16,0.8
3765,68,0.9236553803870671,7,0.7,16,0.8
3766,68,0.9115547581784174,6,0.6,15,0.75
3767,68,0.8952170095812496,7,0.7,18,0.9
3768,68,0.8749093407642095,7,0.7,16,0.8
3769,68,0.9250295835400999,8,0.8,15,0.75
3770,68,0.8699851127991753,6,0.6,15,0.75
3771,68,0.9337328701759742,8,0.8,17,0.85
3772,68,0.9051418101309309,6,0.6,17,0.85
3773,68,0.8358590678321945,5,0.5,16,0.8
3774,68,0.9065160132839637,5,0.5,18,0.9
3775,68,0.9220139710653891,6,0.6,17,0.85
3776,68,0.8850250028629232,8,0.8,16,0.8
3777,68,0.9070504256212543,7,0.7,17,0.85
3778,68,0.9233881742184218,8,0.8,16,0.8
3779,68,0.9106386227430621,5,0.5,15,0.75
3780,68,0.9186166354926136,7,0.7,16,0.8
3781,68,0.8463564530289727,7,0.7,15,0.75
3782,68,0.899835859067832,7,0.7,16,0.8
3783,68,0.8978508989578958,7,0.7,16,0.8
3784,68,0.9015536130091232,5,0.5,17,0.85
3785,68,0.9314043592777796,7,0.7,18,0.9
3786,68,0.8804061533763408,8,0.8,16,0.8
3787,68,0.8358590678321945,6,0.6,16,0.8
3788,68,0.870519525136466,6,0.6,18,0.9
3789,68,0.919799977096614,6,0.6,18,0.9
3790,68,0.9156773676375157,8,0.8,15,0.75
3791,68,0.8854067259609878,7,0.7,15,0.75
3792,68,0.9132725121197081,7,0.7,16,0.8
3793,68,0.905638050158415,9,0.9,18,0.9
3794,68,0.9062869794251248,6,0.6,18,0.9
3795,68,0.9292285376188112,6,0.6,17,0.85
3796,68,0.9054471886093827,8,0.8,16,0.8
3797,68,0.8605565522769782,7,0.7,17,0.85
3798,68,0.9019735084169942,7,0.7,18,0.9
3799,68,0.9275871282971332,8,0.8,17,0.85
3800,68,0.9178531892964842,6,0.6,17,0.85
3801,68,0.9111730350803527,8,0.8,14,0.7
3802,68,0.8946444249341526,7,0.7,16,0.8
3803,68,0.9118601366568688,7,0.7,16,0.8
3804,68,0.92438065427339,8,0.8,16,0.8
3805,68,0.9213650417986792,8,0.8,16,0.8
3806,68,0.8676566019009809,7,0.7,16,0.8
3807,68,0.8903691262358285,7,0.7,17,0.85
3808,68,0.8983089666755735,8,0.8,16,0.8
3809,68,0.9050654655113178,6,0.6,17,0.85
3810,68,0.9196091155475816,7,0.7,17,0.85
3811,68,0.8920105355575065,6,0.6,15,0.75
3812,68,0.9106386227430621,8,0.8,16,0.8
3813,68,0.8916288124594418,6,0.6,17,0.85
3814,68,0.8410123296560674,8,0.8,15,0.75
3815,68,0.87101576516395,7,0.7,17,0.85
3816,68,0.9206779402221626,6,0.6,17,0.85
3817,68,0.9139214413864183,9,0.9,16,0.8
3818,68,0.9215559033477115,5,0.5,18,0.9
3819,68,0.8644119555674311,7,0.7,16,0.8
3820,68,0.8857121044394395,7,0.7,14,0.7
3821,68,0.8742604114974996,8,0.8,16,0.8
3822,68,0.8614726877123333,5,0.5,14,0.7
3823,68,0.9174714661984195,6,0.6,18,0.9
3824,68,0.9082337672252546,8,0.8,16,0.8
3825,68,0.8980035881971216,8,0.8,18,0.9
3826,68,0.9145321983433216,9,0.9,16,0.8
3827,68,0.9016681299385425,7,0.7,17,0.85
3828,68,0.9266328205519715,7,0.7,15,0.75
3829,68,0.882314768866664,6,0.6,15,0.75
3830,68,0.9028132992327366,6,0.6,17,0.85
3831,68,0.8727335191052409,5,0.5,16,0.8
3832,68,0.9216704202771309,6,0.6,17,0.85
3833,68,0.9024315761346718,7,0.7,16,0.8
3834,68,0.9220521433751955,7,0.7,17,0.85
3835,68,0.8452494560445851,8,0.8,16,0.8
3836,68,0.8952933542008626,6,0.6,17,0.85
3837,68,0.9126999274726113,7,0.7,17,0.85
3838,68,0.8801007748978888,6,0.6,16,0.8
3839,68,0.9401839905332671,6,0.6,18,0.9
3840,68,0.9082337672252546,7,0.7,19,0.95
3841,68,0.9266328205519715,7,0.7,19,0.95
3842,68,0.9084246287742872,6,0.6,16,0.8
3843,68,0.8504790624880709,5,0.5,16,0.8
3844,68,0.907432148719319,7,0.7,15,0.75
3845,68,0.9047219147230597,7,0.7,17,0.85
3846,68,0.8270030919570942,6,0.6,16,0.8
3847,68,0.7932969423979844,8,0.8,14,0.7
3848,68,0.8962094896362178,6,0.6,18,0.9
3849,68,0.9150666106806122,8,0.8,16,0.8
3850,68,0.9087681795625452,7,0.7,16,0.8
3851,68,0.852349505668588,7,0.7,16,0.8
3852,68,0.9332748024582965,8,0.8,17,0.85
3853,68,0.8483795854487155,6,0.6,15,0.75
3854,68,0.9325113562621674,6,0.6,17,0.85
3855,68,0.9068213917624154,8,0.8,18,0.9
3856,68,0.888689544604344,6,0.6,17,0.85
3857,68,0.8976600374088635,7,0.7,16,0.8
3858,68,0.9003320990953163,8,0.8,15,0.75
3859,68,0.9028132992327366,6,0.6,18,0.9
3860,68,0.849333893193877,7,0.7,17,0.85
3861,68,0.911783792037256,8,0.8,16,0.8
3862,68,0.8557850135511699,7,0.7,15,0.75
3863,68,0.9121273428255141,7,0.7,18,0.9
3864,68,0.8726953467954344,7,0.7,18,0.9
3865,68,0.8078024201244417,6,0.6,17,0.85
3866,68,0.9006756498835744,7,0.7,16,0.8
3867,68,0.8979272435775086,8,0.8,15,0.75
3868,68,0.8599457953200746,6,0.6,17,0.85
3869,68,0.8467763484368438,8,0.8,16,0.8
3870,68,0.8904072985456349,8,0.8,18,0.9
3871,68,0.9528571973890139,7,0.7,17,0.85
3872,68,0.8902927816162155,7,0.7,17,0.85
3873,68,0.8714356605718211,5,0.5,15,0.75
3874,68,0.8805970149253731,7,0.7,17,0.85
3875,68,0.90785204412719,7,0.7,18,0.9
3876,68,0.9352979348780394,6,0.6,17,0.85
3877,68,0.9175859831278388,6,0.6,15,0.75
3878,68,0.8945680803145397,8,0.8,15,0.75
3879,68,0.8631522693438178,6,0.6,16,0.8
3880,68,0.875023857693629,7,0.7,16,0.8
3881,68,0.9014009237698972,8,0.8,17,0.85
3882,68,0.9264037866931326,5,0.5,18,0.9
3883,68,0.8992251021109285,6,0.6,16,0.8
3884,68,0.9023934038248653,7,0.7,16,0.8
3885,68,0.9383135473527502,6,0.6,17,0.85
3886,68,0.8643737832576248,8,0.8,16,0.8
3887,68,0.8473489330839408,7,0.7,14,0.7
3888,68,0.9069740810016413,8,0.8,17,0.85
3889,68,0.8934229110203458,8,0.8,16,0.8
3890,68,0.9535442989655304,7,0.7,19,0.95
3891,68,0.8851395197923425,6,0.6,15,0.75
3892,68,0.8920868801771195,8,0.8,16,0.8
3893,68,0.9232736572890025,6,0.6,17,0.85
3894,68,0.8863228613963431,6,0.6,15,0.75
3895,68,0.8883841661258921,6,0.6,14,0.7
3896,68,0.9177768446768714,6,0.6,15,0.75
3897,68,0.8622743062182692,6,0.6,17,0.85
3898,68,0.9155246783982898,8,0.8,16,0.8
3899,68,0.8967057296637019,7,0.7,17,0.85
3900,68,0.9094552811390616,7,0.7,17,0.85
3901,68,0.8890330953926022,8,0.8,14,0.7
3902,68,0.8738405160896285,6,0.6,16,0.8
3903,68,0.8918960186280871,8,0.8,14,0.7
3904,68,0.9033477115700269,7,0.7,17,0.85
3905,68,0.8178799099133487,7,0.7,17,0.85
3906,68,0.8802916364469214,7,0.7,15,0.75
3907,68,0.8983853112951864,6,0.6,16,0.8
3908,68,0.9047982593426728,7,0.7,16,0.8
3909,68,0.9164408138336448,6,0.6,18,0.9
3910,68,0.911363896629385,8,0.8,17,0.85
3911,68,0.8749856853838225,8,0.8,15,0.75
3912,68,0.8815131503607282,7,0.7,16,0.8
3913,68,0.8788410886742756,6,0.6,17,0.85
3914,68,0.8851395197923425,6,0.6,16,0.8
3915,68,0.901629957628736,8,0.8,17,0.85
3916,68,0.8854067259609878,9,0.9,16,0.8
3917,68,0.8803679810665342,7,0.7,15,0.75
3918,68,0.8977745543382829,8,0.8,16,0.8
3919,68,0.8583807306180097,6,0.6,17,0.85
3920,68,0.8981181051265411,7,0.7,16,0.8
3921,68,0.8939191510478298,6,0.6,16,0.8
3922,68,0.8514333702332327,7,0.7,16,0.8
3923,68,0.8720464175287246,7,0.7,18,0.9
3924,68,0.9140741306256441,7,0.7,16,0.8
3925,68,0.8728098637248539,8,0.8,15,0.75
3926,68,0.8035652937359239,7,0.7,16,0.8
3927,68,0.8972783143107989,6,0.6,16,0.8
3928,68,0.9005229606443484,8,0.8,17,0.85
3929,68,0.9121655151353207,6,0.6,18,0.9
3930,68,0.8975836927892508,6,0.6,17,0.85
3931,68,0.8665496049165935,6,0.6,17,0.85
3932,68,0.9387334427606213,5,0.5,18,0.9
3933,68,0.9035385731190593,7,0.7,18,0.9
3934,68,0.8982707943657668,8,0.8,15,0.75
3935,68,0.7689811810512653,6,0.6,17,0.85
3936,68,0.8304004275298696,6,0.6,14,0.7
3937,68,0.8845287628354391,8,0.8,16,0.8
3938,68,0.8452494560445851,7,0.7,14,0.7
3939,68,0.8916288124594418,8,0.8,17,0.85
3940,68,0.9057525670878344,8,0.8,16,0.8
3941,68,0.9191128755200977,5,0.5,19,0.95
3942,68,0.9205252509829369,7,0.7,17,0.85
3943,68,0.9176623277474518,6,0.6,17,0.85
3944,68,0.9161736076649996,5,0.5,18,0.9
3945,68,0.8819330457685994,6,0.6,16,0.8
3946,68,0.9217467648967438,8,0.8,16,0.8
3947,68,0.9048364316524792,7,0.7,16,0.8
3948,68,0.8921250524869259,7,0.7,14,0.7
3949,68,0.8055502538458602,6,0.6,13,0.65
3950,68,0.9322059777837156,8,0.8,17,0.85
3951,68,0.8296369813337404,5,0.5,15,0.75
3952,68,0.8980417605069282,8,0.8,16,0.8
3953,68,0.9254113066381646,5,0.5,17,0.85
3954,68,0.919227392449517,7,0.7,17,0.85
3955,68,0.8954842157498949,8,0.8,16,0.8
3956,68,0.9302591899835857,6,0.6,18,0.9
3957,68,0.9148757491315799,5,0.5,16,0.8
3958,68,0.9281597129442302,7,0.7,15,0.75
3959,68,0.8966675573538954,7,0.7,18,0.9
3960,68,0.9103714165744168,8,0.8,17,0.85
3961,68,0.8712066267129823,7,0.7,15,0.75
3962,68,0.9224338664732602,8,0.8,17,0.85
3963,68,0.9129671336412566,6,0.6,17,0.85
3964,68,0.907775699507577,8,0.8,16,0.8
3965,68,0.8967820742833147,8,0.8,16,0.8
3966,68,0.8806351872351795,8,0.8,16,0.8
3967,68,0.8565866320571057,8,0.8,13,0.65
3968,68,0.889185784631828,6,0.6,16,0.8
3969,68,0.9156773676375157,7,0.7,16,0.8
3970,68,0.8952933542008626,7,0.7,15,0.75
3971,68,0.9018208191777685,8,0.8,15,0.75
3972,68,0.9105622781234491,5,0.5,18,0.9
3973,68,0.9184257739435813,8,0.8,16,0.8
3974,68,0.8880406153376339,8,0.8,16,0.8
3975,68,0.8816276672901477,8,0.8,17,0.85
3976,68,0.8523876779783944,7,0.7,13,0.65
3977,68,0.8731534145131121,7,0.7,15,0.75
3978,68,0.9130434782608695,7,0.7,17,0.85
3979,68,0.9129289613314502,7,0.7,16,0.8
3980,68,0.9376264457762339,5,0.5,17,0.85
3981,68,0.8961331450166049,5,0.5,17,0.85
3982,68,0.8923159140359582,6,0.6,16,0.8
3983,68,0.9180440508455167,9,0.9,16,0.8
3984,68,0.9244569988930028,6,0.6,18,0.9
3985,68,0.9032331946406076,5,0.5,16,0.8
3986,68,0.8945680803145397,5,0.5,14,0.7
3987,68,0.9037294346680916,8,0.8,16,0.8
3988,68,0.9151811276100316,7,0.7,15,0.75
3989,68,0.9148375768217732,6,0.6,17,0.85
3990,68,0.9273199221284879,7,0.7,17,0.85
3991,68,0.9062869794251248,6,0.6,15,0.75
3992,68,0.8722754513875635,7,0.7,17,0.85
3993,68,0.9270527159598427,7,0.7,16,0.8
3994,68,0.9086154903233195,7,0.7,15,0.75
3995,68,0.8597931060808489,8,0.8,14,0.7
3996,68,0.8732297591327249,7,0.7,15,0.75
3997,68,0.9079283887468029,7,0.7,18,0.9
3998,68,0.8996068252089934,7,0.7,17,0.85
3999,68,0.8783830209565979,8,0.8,17,0.85
4000,68,0.9127380997824177,8,0.8,18,0.9
4001,68,0.9205252509829369,8,0.8,17,0.85
4002,68,0.847616139252586,7,0.7,16,0.8
4003,68,0.8927358094438294,6,0.6,15,0.75
4004,68,0.8412413635149063,7,0.7,14,0.7
4005,68,0.9174714661984195,6,0.6,16,0.8
4006,68,0.9488872771691413,8,0.8,18,0.9
4007,68,0.9151811276100316,6,0.6,17,0.85
4008,68,0.8213154177959308,4,0.4,13,0.65
4009,68,0.8884986830553117,7,0.7,16,0.8
4010,68,0.8416994312325837,6,0.6,15,0.75
4011,68,0.9180440508455167,6,0.6,18,0.9
4012,68,0.9230446234301636,6,0.6,18,0.9
4013,68,0.8742604114974996,7,0.7,15,0.75
4014,68,0.7955872809863724,5,0.5,14,0.7
4015,68,0.9098370042371264,6,0.6,16,0.8
4016,68,0.8894529908004731,6,0.6,16,0.8
4017,68,0.8457075237622628,6,0.6,15,0.75
4018,68,0.9085009733938999,6,0.6,18,0.9
4019,68,0.8606328968965912,6,0.6,14,0.7
4020,68,0.8266595411688359,4,0.4,13,0.65
4021,68,0.8807115318547925,7,0.7,17,0.85
4022,68,0.9320914608542962,7,0.7,17,0.85
4023,68,0.9612169332366299,8,0.8,17,0.85
4024,68,0.9150284383708056,6,0.6,15,0.75
4025,68,0.8750620300034354,6,0.6,15,0.75
4026,68,0.8736496545405962,6,0.6,16,0.8
4027,68,0.8829636981333739,9,0.9,17,0.85
4028,68,0.9214413864182921,9,0.9,17,0.85
4029,68,0.8511661640645874,8,0.8,17,0.85
4030,68,0.8959422834675725,6,0.6,16,0.8
4031,68,0.8704050082070465,7,0.7,17,0.85
4032,68,0.905790739397641,6,0.6,15,0.75
4033,68,0.937321067297782,7,0.7,18,0.9
4034,68,0.9116311027980303,7,0.7,14,0.7
4035,68,0.8858647936786654,6,0.6,17,0.85
4036,68,0.9325877008817802,8,0.8,18,0.9
4037,68,0.9091117303508033,7,0.7,16,0.8
4038,68,0.8329197999770965,7,0.7,15,0.75
4039,68,0.8944535633851204,4,0.4,16,0.8
4040,68,0.9127380997824177,7,0.7,17,0.85
4041,68,0.8695652173913043,5,0.5,15,0.75
4042,68,0.8796427071802113,6,0.6,15,0.75
4043,68,0.9293048822384241,7,0.7,17,0.85
4044,68,0.8423865328091003,5,0.5,14,0.7
4045,68,0.8702523189678207,7,0.7,15,0.75
4046,68,0.8210863839370919,6,0.6,15,0.75
4047,68,0.9208306294613886,7,0.7,17,0.85
4048,68,0.9091117303508033,7,0.7,16,0.8
4049,68,0.8730007252738863,7,0.7,15,0.75
4050,68,0.8847196243844715,7,0.7,15,0.75
4051,68,0.8781921594075657,8,0.8,17,0.85
4052,68,0.896056800396992,8,0.8,16,0.8
4053,68,0.9063633240447377,7,0.7,18,0.9
4054,68,0.9214413864182921,8,0.8,15,0.75
4055,68,0.9279306790853914,6,0.6,17,0.85
4056,68,0.8978890712677022,6,0.6,15,0.75
4057,68,0.8584189029278161,8,0.8,16,0.8
4058,68,0.883612627400084,6,0.6,15,0.75
4059,68,0.8741458945680802,7,0.7,17,0.85
4060,68,0.917166087719968,7,0.7,14,0.7
4061,68,0.8505172347978776,6,0.6,17,0.85
4062,68,0.8678474634500132,5,0.5,16,0.8
4063,68,0.9172806046493873,7,0.7,18,0.9
4064,68,0.8592586937435583,9,0.9,16,0.8
4065,68,0.8383784402794212,7,0.7,13,0.65
4066,68,0.8927358094438294,5,0.5,16,0.8
4067,68,0.9156773676375157,6,0.6,17,0.85
4068,68,0.8862083444669238,6,0.6,17,0.85
4069,68,0.9211360079398404,7,0.7,16,0.8
4070,68,0.8684963927167232,6,0.6,14,0.7
4071,68,0.9230827957399701,8,0.8,15,0.75
4072,68,0.9062869794251248,7,0.7,16,0.8
4073,68,0.8587624537160742,7,0.7,17,0.85
4074,68,0.9330075962896512,7,0.7,17,0.85
4075,68,0.9085773180135129,6,0.6,16,0.8
4076,68,0.8984234836049928,5,0.5,17,0.85
4077,68,0.8824674581058898,6,0.6,17,0.85
4078,68,0.8708630759247242,7,0.7,16,0.8
4079,68,0.8712066267129823,7,0.7,17,0.85
4080,68,0.9152956445394509,6,0.6,16,0.8
4081,68,0.8894529908004731,8,0.8,19,0.95
4082,68,0.9253731343283582,7,0.7,16,0.8
4083,68,0.9280070237050044,8,0.8,18,0.9
4084,68,0.908004733366416,7,0.7,16,0.8
4085,68,0.8984998282246058,7,0.7,17,0.85
4086,68,0.892048707867313,5,0.5,17,0.85
4087,68,0.8400198496010993,5,0.5,15,0.75
4088,68,0.9135397182883536,8,0.8,18,0.9
4089,68,0.8491812039546512,7,0.7,16,0.8
4090,68,0.9217849372065502,7,0.7,17,0.85
4091,68,0.8365461694087107,7,0.7,16,0.8
4092,68,0.9009428560522197,7,0.7,15,0.75
4093,68,0.8515860594724585,7,0.7,14,0.7
4094,68,0.9236172080772607,6,0.6,16,0.8
4095,68,0.9294193991678437,9,0.9,16,0.8
4096,68,0.8970111081421536,8,0.8,16,0.8
4097,68,0.8985380005344121,7,0.7,15,0.75
4098,68,0.8994541359697674,7,0.7,15,0.75
4099,68,0.894339046455701,7,0.7,17,0.85
4100,68,0.918158567774936,8,0.8,14,0.7
4101,68,0.9088826964919646,7,0.7,18,0.9
4102,68,0.845478489903424,6,0.6,17,0.85
4103,68,0.8873153414513111,6,0.6,15,0.75
4104,68,0.8946444249341526,8,0.8,16,0.8
4105,68,0.9307172577012633,9,0.9,15,0.75
4106,68,0.8817803565293735,7,0.7,14,0.7
4107,68,0.9132725121197081,6,0.6,17,0.85
4108,68,0.925945718975455,7,0.7,15,0.75
4109,68,0.8799480856586631,7,0.7,16,0.8
4110,68,0.8993777913501545,5,0.5,17,0.85
4111,68,0.9374737565370079,7,0.7,16,0.8
4112,68,0.8468908653662633,7,0.7,14,0.7
4113,68,0.8739168607092415,6,0.6,14,0.7
4114,68,0.9206397679123562,6,0.6,17,0.85
4115,68,0.9041111577661565,6,0.6,16,0.8
4116,68,0.9137687521471923,7,0.7,15,0.75
4117,68,0.9164408138336448,7,0.7,17,0.85
4118,68,0.8943772187655074,7,0.7,17,0.85
4119,68,0.8803679810665342,7,0.7,15,0.75
4120,68,0.9100278657861587,5,0.5,15,0.75
4121,68,0.9318624269954573,7,0.7,15,0.75
4122,68,0.9101042104057717,6,0.6,18,0.9
4123,68,0.9279688513951978,7,0.7,16,0.8
4124,68,0.8913997786006029,8,0.8,17,0.85
4125,68,0.8865900675649881,7,0.7,15,0.75
4126,68,0.9570561514677252,6,0.6,18,0.9
4127,68,0.8589151429553,8,0.8,17,0.85
4128,68,0.8503645455586516,7,0.7,15,0.75
4129,68,0.9023934038248653,5,0.5,15,0.75
4130,68,0.9168225369317097,7,0.7,17,0.85
4131,68,0.8971637973813795,6,0.6,16,0.8
4132,68,0.8516242317822649,7,0.7,15,0.75
4133,68,0.9138069244569988,8,0.8,14,0.7
4134,68,0.9151429553002252,7,0.7,16,0.8
4135,68,0.9172424323395808,8,0.8,18,0.9
4136,68,0.8963621788754437,8,0.8,14,0.7
4137,68,0.9091117303508033,6,0.6,17,0.85
4138,68,0.9451845631179142,8,0.8,16,0.8
4139,68,0.9015154406993167,6,0.6,17,0.85
4140,68,0.9106386227430621,6,0.6,17,0.85
4141,68,0.8812459441920829,7,0.7,14,0.7
4142,68,0.8837653166393097,7,0.7,15,0.75
4143,68,0.8608237584456235,6,0.6,16,0.8
4144,68,0.8968584189029276,7,0.7,15,0.75
4145,68,0.8960186280871856,7,0.7,17,0.85
4146,68,0.902049853036607,7,0.7,18,0.9
4147,68,0.9274344390579072,8,0.8,17,0.85
4148,68,0.9445356338512042,8,0.8,18,0.9
4149,68,0.9415200213764934,8,0.8,16,0.8
4150,68,0.9143413367942894,7,0.7,17,0.85
4151,68,0.8162766729014773,7,0.7,14,0.7
4152,68,0.8897201969691184,7,0.7,18,0.9
4153,68,0.805626598465473,7,0.7,14,0.7
4154,68,0.9329312516700383,8,0.8,16,0.8
4155,68,0.9412528152078481,8,0.8,17,0.85
4156,68,0.9012482345306714,7,0.7,16,0.8
4157,68,0.8845287628354391,7,0.7,18,0.9
4158,68,0.9129671336412566,6,0.6,18,0.9
4159,68,0.8584189029278161,6,0.6,16,0.8
4160,68,0.8743367561171125,7,0.7,16,0.8
4161,68,0.922739244951712,5,0.5,18,0.9
4162,68,0.8152841928465089,7,0.7,14,0.7
4163,68,0.9238462419360994,7,0.7,18,0.9
4164,68,0.8678856357598198,6,0.6,15,0.75
4165,68,0.8995686528991867,7,0.7,17,0.85
4166,68,0.8824674581058898,6,0.6,15,0.75
4167,68,0.8901782646867962,7,0.7,15,0.75
4168,68,0.8980417605069282,7,0.7,17,0.85
4169,68,0.8780776424781462,6,0.6,14,0.7
4170,68,0.8819330457685994,6,0.6,14,0.7
4171,68,0.8688781158147878,6,0.6,16,0.8
4172,68,0.8676184295911745,6,0.6,15,0.75
4173,68,0.8810932549528571,7,0.7,17,0.85
4174,68,0.8287590182081918,7,0.7,15,0.75
4175,68,0.9089208688017711,7,0.7,16,0.8
4176,68,0.8520822994999427,8,0.8,14,0.7
4177,68,0.8984998282246058,7,0.7,18,0.9
4178,68,0.8739932053288543,7,0.7,16,0.8
4179,68,0.8881933045768597,5,0.5,16,0.8
4180,68,0.9317097377562316,8,0.8,17,0.85
4181,68,0.9056762224682214,7,0.7,17,0.85
4182,68,0.8349429323968391,5,0.5,12,0.6
4183,68,0.8663587433675611,6,0.6,15,0.75
4184,68,0.9178913616062907,8,0.8,18,0.9
4185,68,0.8888040615337633,6,0.6,17,0.85
4186,68,0.929610260716876,8,0.8,16,0.8
4187,68,0.91800587853571,7,0.7,15,0.75
4188,68,0.8319654922319348,8,0.8,15,0.75
4189,68,0.9165171584532579,8,0.8,16,0.8
4190,68,0.9029659884719624,7,0.7,17,0.85
4191,68,0.9104095888842232,6,0.6,15,0.75
4192,68,0.9105622781234491,8,0.8,16,0.8
4193,68,0.90212619765622,6,0.6,17,0.85
4194,68,0.9385807535213954,7,0.7,17,0.85
4195,68,0.8698705958697559,6,0.6,17,0.85
4196,68,0.9231209680497765,6,0.6,15,0.75
4197,68,0.9119746535862884,7,0.7,17,0.85
4198,68,0.8949879757224107,7,0.7,16,0.8
4199,68,0.9435049814864296,7,0.7,16,0.8
4200,68,0.8807497041645991,5,0.5,16,0.8
4201,68,0.9260602359048744,6,0.6,17,0.85
4202,68,0.8947589418635722,7,0.7,16,0.8
4203,68,0.8986525174638317,6,0.6,17,0.85
4204,68,0.901210062220865,6,0.6,18,0.9
4205,68,0.9490399664083673,7,0.7,17,0.85
4206,68,0.9095316257586745,7,0.7,17,0.85
4207,68,0.8789556056036949,8,0.8,15,0.75
4208,68,0.8704050082070465,8,0.8,17,0.85
4209,68,0.9001030652364773,7,0.7,18,0.9
4210,68,0.8938428064282168,7,0.7,16,0.8
4211,68,0.9243043096537771,8,0.8,18,0.9
4212,68,0.9086918349429325,7,0.7,16,0.8
4213,68,0.9454135969767529,8,0.8,17,0.85
4214,68,0.9248387219910676,7,0.7,18,0.9
4215,68,0.8999122036874451,7,0.7,15,0.75
4216,68,0.9051799824407374,8,0.8,16,0.8
4217,68,0.8739168607092415,6,0.6,16,0.8
4218,68,0.9011718899110583,7,0.7,16,0.8
4219,68,0.899835859067832,6,0.6,18,0.9
4220,68,0.8475016223231667,7,0.7,15,0.75
4221,68,0.8827346642745351,7,0.7,16,0.8
4222,68,0.8552506012138795,6,0.6,16,0.8
4223,68,0.8739168607092415,6,0.6,17,0.85
4224,68,0.8284918120395464,8,0.8,15,0.75
4225,68,0.9246478604420351,8,0.8,17,0.85
4226,68,0.8700996297285948,7,0.7,14,0.7
4227,68,0.8777722639996945,6,0.6,16,0.8
4228,68,0.8835744550902775,6,0.6,16,0.8
4229,68,0.8871626522120851,4,0.4,18,0.9
4230,68,0.8967820742833147,5,0.5,16,0.8
4231,68,0.9120509982059014,6,0.6,16,0.8
4232,68,0.8608619307554299,6,0.6,13,0.65
4233,68,0.9108294842920944,7,0.7,18,0.9
4234,68,0.8810550826430505,8,0.8,16,0.8
4235,68,0.8642592663282054,6,0.6,16,0.8
4236,68,0.8716265221208533,7,0.7,16,0.8
4237,68,0.8739550330190479,6,0.6,17,0.85
4238,68,0.8838034889491161,7,0.7,16,0.8
4239,68,0.9159064014963545,7,0.7,17,0.85
4240,68,0.7951292132686948,6,0.6,14,0.7
4241,68,0.8728098637248539,6,0.6,16,0.8
4242,68,0.9105241058136425,7,0.7,17,0.85
4243,68,0.8625796846967211,6,0.6,13,0.65
4244,68,0.8948734587929916,6,0.6,15,0.75
4245,68,0.9189220139710653,8,0.8,17,0.85
4246,68,0.9026606099935106,7,0.7,17,0.85
4247,68,0.8634194755124631,7,0.7,13,0.65
4248,68,0.8716265221208533,7,0.7,17,0.85
4249,68,0.9463297324121082,9,0.9,18,0.9
4250,68,0.8945680803145397,6,0.6,16,0.8
4251,68,0.9289231591403595,7,0.7,18,0.9
4252,68,0.8728862083444668,7,0.7,15,0.75
4253,68,0.8719319005993053,5,0.5,16,0.8
4254,68,0.8861319998473107,7,0.7,18,0.9
4255,68,0.9221666603046149,6,0.6,18,0.9
4256,68,0.8922013971065388,9,0.9,14,0.7
4257,68,0.9094934534488681,7,0.7,15,0.75
4258,68,0.8951024926518302,6,0.6,18,0.9
4259,68,0.9529335420086268,7,0.7,19,0.95
4260,68,0.8929648433026681,7,0.7,18,0.9
4261,68,0.9130816505706759,7,0.7,16,0.8
4262,68,0.9226629003320991,6,0.6,15,0.75
4263,68,0.9077375271977707,6,0.6,16,0.8
4264,68,0.8968584189029276,7,0.7,17,0.85
4265,68,0.9023170592052523,7,0.7,18,0.9
4266,68,0.8741077222582736,7,0.7,15,0.75
4267,68,0.8909798831927319,6,0.6,15,0.75
4268,68,0.898843379012864,6,0.6,17,0.85
4269,68,0.8299805321219986,6,0.6,15,0.75
4270,68,0.9000267206168644,6,0.6,17,0.85
4271,68,0.9401839905332671,7,0.7,18,0.9
4272,68,0.8798717410390502,6,0.6,16,0.8
4273,68,0.9232354849791958,6,0.6,17,0.85
4274,68,0.8817040119097607,6,0.6,17,0.85
4275,68,0.8801389472076955,5,0.5,16,0.8
4276,68,0.9431996030079779,6,0.6,19,0.95
4277,68,0.9083101118448677,7,0.7,16,0.8
4278,68,0.899988548307058,6,0.6,17,0.85
4279,68,0.8978508989578958,8,0.8,16,0.8
4280,68,0.9246860327518417,7,0.7,16,0.8
4281,68,0.8928884986830552,7,0.7,15,0.75
4282,68,0.8279192273924494,6,0.6,15,0.75
4283,68,0.8562812535786539,6,0.6,15,0.75
4284,68,0.9270145436500362,7,0.7,16,0.8
4285,68,0.9217467648967438,7,0.7,16,0.8
4286,68,0.8700232851089817,8,0.8,15,0.75
4287,68,0.9119746535862884,8,0.8,18,0.9
4288,68,0.8793373287017597,6,0.6,16,0.8
4289,68,0.8809023934038248,8,0.8,16,0.8
4290,68,0.8996449975187998,7,0.7,16,0.8
4291,68,0.8629614077947855,6,0.6,15,0.75
4292,68,0.9028896438523495,6,0.6,16,0.8
4293,68,0.8897201969691184,8,0.8,16,0.8
4294,68,0.9264037866931326,7,0.7,18,0.9
4295,68,0.8399435049814864,7,0.7,14,0.7
4296,68,0.8330343169065161,6,0.6,16,0.8
4297,68,0.9149902660609992,7,0.7,16,0.8
4298,68,0.9168607092415161,7,0.7,18,0.9
4299,68,0.8939191510478298,6,0.6,16,0.8
4300,68,0.929686605336489,8,0.8,15,0.75
4301,68,0.7987555827003091,5,0.5,15,0.75
4302,68,0.9111348627705461,6,0.6,19,0.95
4303,68,0.9132343398099018,7,0.7,15,0.75
4304,68,0.9030805054013819,7,0.7,16,0.8
4305,68,0.8881933045768597,7,0.7,17,0.85
4306,68,0.8719700729091117,7,0.7,16,0.8
4307,68,0.8815894949803411,7,0.7,16,0.8
4308,68,0.8742222391876932,8,0.8,16,0.8
4309,68,0.9367866549604916,7,0.7,15,0.75
4310,68,0.9084246287742872,8,0.8,16,0.8
4311,68,0.9172424323395808,6,0.6,16,0.8
4312,68,0.9241897927243576,9,0.9,16,0.8
4313,68,0.9063633240447377,8,0.8,17,0.85
4314,68,0.8325380768790318,5,0.5,15,0.75
4315,68,0.8779249532389205,6,0.6,16,0.8
4316,68,0.8864755506355688,6,0.6,16,0.8
4317,68,0.9251441004695193,8,0.8,17,0.85
4318,68,0.9145703706531282,8,0.8,17,0.85
4319,68,0.9101805550253845,5,0.5,17,0.85
4320,68,0.8473489330839408,5,0.5,13,0.65
4321,68,0.9230827957399701,6,0.6,16,0.8
4322,68,0.8822384242470511,6,0.6,18,0.9
4323,68,0.8919723632477001,6,0.6,15,0.75
4324,68,0.9189601862808717,6,0.6,18,0.9
4325,68,0.9444974615413978,7,0.7,16,0.8
4326,68,0.8756727869603388,5,0.5,17,0.85
4327,68,0.8924304309653776,7,0.7,16,0.8
4328,68,0.8461274191701338,7,0.7,15,0.75
4329,68,0.8589914875749131,8,0.8,15,0.75
4330,68,0.877314196282017,7,0.7,17,0.85
4331,68,0.8725426575562086,6,0.6,17,0.85
4332,68,0.8980417605069282,7,0.7,17,0.85
4333,68,0.935603313356491,7,0.7,17,0.85
4334,68,0.8517769210214908,7,0.7,15,0.75
4335,68,0.9025079207542847,5,0.5,14,0.7
4336,68,0.9294957437874565,9,0.9,17,0.85
4337,68,0.8982707943657668,6,0.6,16,0.8
4338,68,0.8938046341184104,6,0.6,17,0.85
4339,68,0.9207542848417756,8,0.8,17,0.85
4340,68,0.9236935526968737,8,0.8,18,0.9
4341,68,0.9028896438523495,5,0.5,17,0.85
4342,68,0.902202542275833,6,0.6,17,0.85
4343,68,0.914799404511967,6,0.6,17,0.85
4344,68,0.804710463030118,6,0.6,15,0.75
4345,68,0.9112493796999657,7,0.7,16,0.8
4346,68,0.8259342672825132,6,0.6,15,0.75
4347,68,0.8548307058060083,8,0.8,17,0.85
4348,68,0.9030423330915752,6,0.6,17,0.85
4349,68,0.9151047829904186,9,0.9,15,0.75
4350,68,0.8839943504981485,6,0.6,14,0.7
4351,68,0.8630377524143985,6,0.6,16,0.8
4352,68,0.8751383746230484,7,0.7,15,0.75
4353,68,0.9022788868954459,7,0.7,17,0.85
4354,68,0.9043783639348018,7,0.7,16,0.8
4355,68,0.8555178073825248,6,0.6,16,0.8
4356,68,0.9268618544108105,8,0.8,16,0.8
4357,68,0.896056800396992,5,0.5,17,0.85
4358,68,0.8631904416536245,7,0.7,16,0.8
4359,68,0.8973928312402182,7,0.7,18,0.9
4360,68,0.8967439019735083,6,0.6,16,0.8
4361,68,0.8681528419284651,6,0.6,16,0.8
4362,68,0.91800587853571,6,0.6,16,0.8
4363,68,0.8119632018933466,7,0.7,15,0.75
4364,68,0.8520441271901361,7,0.7,16,0.8
4365,68,0.9025460930640913,8,0.8,17,0.85
4366,68,0.8862083444669238,6,0.6,16,0.8
4367,68,0.8699469404893688,6,0.6,15,0.75
4368,68,0.8977363820284765,7,0.7,16,0.8
4369,68,0.8931557048517005,7,0.7,16,0.8
4370,68,0.8763217162270488,6,0.6,14,0.7
4371,68,0.9189983585906781,7,0.7,17,0.85
4372,68,0.8963621788754437,7,0.7,15,0.75
4373,68,0.9010192006718326,6,0.6,16,0.8
4374,68,0.9244569988930028,5,0.5,16,0.8
4375,68,0.8789937779135015,7,0.7,16,0.8
4376,68,0.8134900942856051,7,0.7,15,0.75
4377,68,0.8725426575562086,8,0.8,17,0.85
4378,68,0.8872008245218918,5,0.5,16,0.8
4379,68,0.8245600641294805,5,0.5,15,0.75
4380,68,0.8722372790777569,7,0.7,14,0.7
4381,68,0.8782685040271786,8,0.8,14,0.7
4382,68,0.900064892926671,7,0.7,17,0.85
4383,68,0.9136542352177729,7,0.7,17,0.85
4384,68,0.8749856853838225,6,0.6,15,0.75
4385,68,0.8721991067679505,6,0.6,17,0.85
4386,68,0.8851395197923425,7,0.7,15,0.75
4387,68,0.8913234339809901,7,0.7,14,0.7
4388,68,0.9322823224033285,8,0.8,18,0.9
4389,68,0.8953696988204755,8,0.8,16,0.8
4390,68,0.8767797839447263,7,0.7,14,0.7
4391,68,0.8494102378134899,7,0.7,15,0.75
4392,68,0.8702523189678207,4,0.4,16,0.8
4393,68,0.9123182043745467,5,0.5,16,0.8
4394,68,0.9355651410466846,6,0.6,17,0.85
4395,68,0.889262129251441,6,0.6,18,0.9
4396,68,0.8890712677024086,7,0.7,17,0.85
4397,68,0.9006756498835744,6,0.6,17,0.85
4398,68,0.9008283391228001,7,0.7,15,0.75
4399,68,0.9056762224682214,6,0.6,15,0.75
4400,68,0.9095316257586745,6,0.6,15,0.75
4401,68,0.9172042600297744,6,0.6,17,0.85
4402,68,0.9411764705882352,7,0.7,19,0.95
4403,68,0.8944535633851204,8,0.8,16,0.8
4404,68,0.931328014658167,7,0.7,19,0.95
4405,68,0.8971256250715729,7,0.7,15,0.75
4406,68,0.8872771691415047,8,0.8,17,0.85
4407,68,0.9084246287742872,6,0.6,17,0.85
4408,68,0.8899874031377637,7,0.7,16,0.8
4409,68,0.9061342901858991,6,0.6,16,0.8
4410,68,0.9068977363820283,7,0.7,17,0.85
4411,68,0.9107531396724815,9,0.9,18,0.9
4412,68,0.9396877505057831,6,0.6,18,0.9
4413,68,0.8957514219185403,6,0.6,15,0.75
4414,68,0.911363896629385,7,0.7,16,0.8
4415,68,0.9088445241821582,7,0.7,14,0.7
4416,68,0.9029659884719624,8,0.8,14,0.7
4417,68,0.8950643203420238,6,0.6,17,0.85
4418,68,0.9146085429629346,7,0.7,16,0.8
4419,68,0.8340267969614841,8,0.8,16,0.8
4420,68,0.8770088178035651,7,0.7,17,0.85
4421,68,0.8651372294537543,5,0.5,13,0.65
4422,68,0.8917815016986678,6,0.6,17,0.85
4423,68,0.8935756002595715,7,0.7,16,0.8
4424,68,0.8907126770240866,5,0.5,14,0.7
4425,68,0.8909417108829253,6,0.6,16,0.8
4426,68,0.8821239073176317,7,0.7,17,0.85
4427,68,0.907699354887964,6,0.6,17,0.85
4428,68,0.8912852616711836,7,0.7,16,0.8
4429,68,0.9266709928617779,6,0.6,17,0.85
4430,68,0.9109440012215138,7,0.7,16,0.8
4431,68,0.8813222888116958,6,0.6,18,0.9
4432,68,0.9038439515975111,9,0.9,18,0.9
4433,68,0.9144176814139022,6,0.6,14,0.7
4434,68,0.8804061533763408,6,0.6,16,0.8
4435,68,0.872657174485628,6,0.6,15,0.75
4436,68,0.8985380005344121,7,0.7,18,0.9
4437,68,0.8877352368591823,8,0.8,16,0.8
4438,68,0.8570065274649769,6,0.6,16,0.8
4439,68,0.8168492575485741,8,0.8,15,0.75
4440,68,0.8823911134862769,7,0.7,18,0.9
4441,68,0.8451349391151658,7,0.7,15,0.75
4442,68,0.8062373554223765,6,0.6,15,0.75
4443,68,0.8864755506355688,8,0.8,16,0.8
4444,68,0.9146085429629346,8,0.8,16,0.8
4445,68,0.8928121540634422,8,0.8,15,0.75
4446,68,0.9143031644844829,6,0.6,18,0.9
4447,68,0.878459365576211,5,0.5,18,0.9
4448,68,0.8691834942932397,7,0.7,17,0.85
4449,68,0.9206779402221626,6,0.6,17,0.85
4450,68,0.9431996030079779,8,0.8,17,0.85
4451,68,0.8689544604344008,9,0.9,16,0.8
4452,68,0.9111730350803527,8,0.8,16,0.8
4453,68,0.9103714165744168,7,0.7,16,0.8
4454,68,0.8960949727067985,4,0.4,17,0.85
4455,68,0.881665839599954,7,0.7,15,0.75
4456,68,0.9030423330915752,5,0.5,16,0.8
4457,68,0.9078138718173836,7,0.7,16,0.8
4458,68,0.8678474634500132,7,0.7,16,0.8
4459,68,0.9268236821010039,5,0.5,15,0.75
4460,68,0.8952933542008626,9,0.9,17,0.85
4461,68,0.9101805550253845,8,0.8,15,0.75
4462,68,0.9182730847043553,5,0.5,16,0.8
4463,68,0.9158300568767415,6,0.6,16,0.8
4464,68,0.9094934534488681,9,0.9,18,0.9
4465,68,0.8775814024506623,7,0.7,15,0.75
4466,68,0.8591060045043324,7,0.7,15,0.75
4467,68,0.8425010497385196,6,0.6,15,0.75
4468,68,0.8610909646142688,5,0.5,16,0.8
4469,68,0.8828491812039546,7,0.7,14,0.7
4470,68,0.8665877772263999,7,0.7,16,0.8
4471,68,0.9080429056762224,8,0.8,16,0.8
4472,68,0.8843760735962133,6,0.6,17,0.85
4473,68,0.9118601366568688,9,0.9,19,0.95
4474,68,0.8833072489216323,7,0.7,18,0.9
4475,68,0.9019735084169942,8,0.8,18,0.9
4476,68,0.9392296827881055,8,0.8,16,0.8
4477,68,0.899988548307058,6,0.6,16,0.8
4478,68,0.8759018208191777,7,0.7,16,0.8
4479,68,0.8642974386380118,5,0.5,17,0.85
4480,68,0.9197236324770012,8,0.8,16,0.8
4481,68,0.9071267702408673,6,0.6,16,0.8
4482,68,0.9082337672252546,9,0.9,15,0.75
4483,68,0.9275489559873266,7,0.7,17,0.85
4484,68,0.9281597129442302,7,0.7,15,0.75
4485,68,0.9134633736687406,7,0.7,16,0.8
4486,68,0.8853685536511813,7,0.7,15,0.75
4487,68,0.9330075962896512,8,0.8,17,0.85
4488,68,0.9132725121197081,7,0.7,16,0.8
4489,68,0.9346871779211359,8,0.8,16,0.8
4490,68,0.8731152422033056,6,0.6,16,0.8
4491,68,0.838683818757873,5,0.5,17,0.85
4492,68,0.9107149673626749,7,0.7,16,0.8
4493,68,0.8802152918273084,7,0.7,16,0.8
4494,68,0.865709814100851,6,0.6,17,0.85
4495,68,0.8777340916898881,8,0.8,17,0.85
4496,68,0.9235026911478411,8,0.8,17,0.85
4497,68,0.8885750276749245,8,0.8,17,0.85
4498,68,0.8867809291140205,7,0.7,17,0.85
4499,68,0.9065541855937701,8,0.8,17,0.85
4500,68,0.9349543840897812,7,0.7,16,0.8
4501,68,0.852273161048975,8,0.8,14,0.7
4502,68,0.8952933542008626,8,0.8,16,0.8
4503,68,0.8911707447417642,8,0.8,16,0.8
4504,68,0.8902164369966026,9,0.9,16,0.8
4505,68,0.907355804099706,8,0.8,17,0.85
4506,68,0.89640035118525,6,0.6,17,0.85
4507,68,0.9146848875825474,8,0.8,18,0.9
4508,68,0.9149520937511928,7,0.7,17,0.85
4509,68,0.9236935526968737,7,0.7,17,0.85
4510,68,0.8742222391876932,8,0.8,15,0.75
4511,68,0.9118601366568688,7,0.7,16,0.8
4512,68,0.9360995533839751,7,0.7,17,0.85
4513,68,0.9011337176012519,6,0.6,16,0.8
4514,68,0.9124708936137724,9,0.9,16,0.8
4515,68,0.8698324235599495,7,0.7,16,0.8
4516,68,0.9120128258960948,7,0.7,19,0.95
4517,68,0.8692216666030461,6,0.6,15,0.75
4518,68,0.8460510745505209,8,0.8,16,0.8
4519,68,0.8967820742833147,5,0.5,16,0.8
4520,68,0.9078138718173836,7,0.7,15,0.75
4521,68,0.854410810398137,6,0.6,15,0.75
4522,68,0.8548307058060083,6,0.6,15,0.75
4523,68,0.86593884795969,9,0.9,14,0.7
4524,68,0.9120509982059014,9,0.9,18,0.9
4525,68,0.8504027178684581,8,0.8,15,0.75
4526,68,0.8724663129365956,8,0.8,16,0.8
4527,68,0.8624651677673015,8,0.8,16,0.8
4528,68,0.8840706951177614,8,0.8,18,0.9
4529,68,0.9096843149979005,8,0.8,17,0.85
4530,68,0.9323968393327479,8,0.8,17,0.85
4531,68,0.8596785891514296,6,0.6,17,0.85
4532,68,0.9052181547505438,8,0.8,19,0.95
4533,68,0.8683055311676908,7,0.7,16,0.8
4534,68,0.8940718402870557,7,0.7,16,0.8
4535,68,0.9266709928617779,7,0.7,19,0.95
4536,68,0.8153223651563155,6,0.6,15,0.75
4537,68,0.8814749780509218,6,0.6,16,0.8
4538,68,0.9156773676375157,5,0.5,16,0.8
4539,68,0.9089590411115775,6,0.6,16,0.8
4540,68,0.900064892926671,8,0.8,16,0.8
4541,68,0.9159064014963545,5,0.5,16,0.8
4542,68,0.850555407107684,7,0.7,15,0.75
4543,68,0.8874298583807305,7,0.7,16,0.8
4544,68,0.9379699965644921,7,0.7,17,0.85
4545,68,0.8865900675649881,6,0.6,16,0.8
4546,68,0.8885750276749245,5,0.5,16,0.8
4547,68,0.8957514219185403,7,0.7,16,0.8
4548,68,0.9012482345306714,8,0.8,17,0.85
4549,68,0.9060197732564796,6,0.6,17,0.85
4550,68,0.9172042600297744,8,0.8,16,0.8
4551,68,0.8998740313776387,7,0.7,19,0.95
4552,68,0.9030041607817688,7,0.7,16,0.8
4553,68,0.8954460434400884,8,0.8,16,0.8
4554,68,0.8860938275375042,6,0.6,15,0.75
4555,68,0.9149520937511928,5,0.5,16,0.8
4556,68,0.9043783639348018,6,0.6,17,0.85
4557,68,0.8931557048517005,6,0.6,17,0.85
4558,68,0.9246860327518417,8,0.8,18,0.9
4559,68,0.8408214681070351,6,0.6,15,0.75
4560,68,0.8244073748902546,5,0.5,16,0.8
4561,68,0.8796045348704049,6,0.6,17,0.85
4562,68,0.9178913616062907,7,0.7,17,0.85
4563,68,0.8841470397373743,7,0.7,17,0.85
4564,68,0.9188456693514523,5,0.5,17,0.85
4565,68,0.927167232889262,7,0.7,16,0.8
4566,68,0.8813222888116958,6,0.6,15,0.75
4567,68,0.809138450967668,7,0.7,14,0.7
4568,68,0.9271290605794555,7,0.7,14,0.7
4569,68,0.8860174829178912,8,0.8,17,0.85
4570,68,0.9018589914875749,6,0.6,15,0.75
4571,68,0.8954460434400884,8,0.8,16,0.8
4572,68,0.917089743100355,9,0.9,17,0.85
4573,68,0.8973164866206055,7,0.7,18,0.9
4574,68,0.9201817001946786,7,0.7,16,0.8
4575,68,0.9051799824407374,6,0.6,17,0.85
4576,68,0.8983471389853799,7,0.7,17,0.85
4577,68,0.9152956445394509,7,0.7,16,0.8
4578,68,0.9322059777837156,6,0.6,17,0.85
4579,68,0.8559377027903956,5,0.5,16,0.8
4580,68,0.8668168110852387,8,0.8,15,0.75
4581,68,0.8852922090315682,7,0.7,15,0.75
4582,68,0.8728862083444668,7,0.7,16,0.8
4583,68,0.8831545596824063,6,0.6,17,0.85
4584,68,0.9040729854563498,6,0.6,18,0.9
4585,68,0.9033477115700269,6,0.6,16,0.8
4586,68,0.8993777913501545,8,0.8,15,0.75
4587,68,0.8949498034126043,5,0.5,13,0.65
4588,68,0.8930030156124747,7,0.7,15,0.75
4589,68,0.9123182043745467,8,0.8,17,0.85
4590,68,0.9217085925869373,7,0.7,14,0.7
4591,68,0.895407871130282,8,0.8,17,0.85
4592,68,0.8961331450166049,8,0.8,16,0.8
4593,68,0.8550215673550405,5,0.5,16,0.8
4594,68,0.901057372981639,6,0.6,17,0.85
4595,68,0.8037561552849563,4,0.4,16,0.8
4596,68,0.9047600870328661,8,0.8,17,0.85
4597,68,0.8867045844944076,5,0.5,15,0.75
4598,68,0.895255181891056,8,0.8,16,0.8
4599,68,0.9096843149979005,7,0.7,15,0.75
4600,68,0.9005229606443484,7,0.7,17,0.85
4601,68,0.9185784631828072,7,0.7,17,0.85
4602,68,0.8728862083444668,8,0.8,15,0.75
4603,68,0.8951788372714431,7,0.7,18,0.9
4604,68,0.911440241248998,6,0.6,14,0.7
4605,68,0.8894148184906667,6,0.6,17,0.85
4606,68,0.8841088674275679,6,0.6,15,0.75
4607,68,0.9055998778486084,6,0.6,15,0.75
4608,68,0.8764362331564683,5,0.5,16,0.8
4609,68,0.8921250524869259,7,0.7,16,0.8
4610,68,0.9291903653090048,7,0.7,17,0.85
4611,68,0.8880024430278275,8,0.8,18,0.9
4612,68,0.9020116807268006,7,0.7,17,0.85
4613,68,0.9014772683895103,8,0.8,15,0.75
4614,68,0.8745276176661448,7,0.7,16,0.8
4615,68,0.9221666603046149,8,0.8,16,0.8
4616,68,0.917433293888613,6,0.6,17,0.85
4617,68,0.8792991563919532,7,0.7,17,0.85
4618,68,0.9274344390579072,7,0.7,17,0.85
4619,68,0.9032713669504141,6,0.6,15,0.75
4620,68,0.9149139214413863,6,0.6,17,0.85
4621,68,0.8668168110852387,6,0.6,15,0.75
4622,68,0.8968202465931212,8,0.8,14,0.7
4623,68,0.8529602626254914,7,0.7,17,0.85
4624,68,0.9152574722296445,7,0.7,18,0.9
4625,68,0.881665839599954,9,0.9,15,0.75
4626,68,0.9086918349429325,7,0.7,15,0.75
4627,68,0.8507462686567164,6,0.6,16,0.8
4628,68,0.9336946978661678,6,0.6,17,0.85
4629,68,0.9263656143833262,8,0.8,16,0.8
4630,68,0.9302973622933923,8,0.8,16,0.8
4631,68,0.9126617551628049,6,0.6,15,0.75
4632,68,0.9393441997175248,8,0.8,16,0.8
4633,68,0.9112875520097721,7,0.7,14,0.7
4634,68,0.9152574722296445,8,0.8,17,0.85
4635,68,0.8888804061533763,7,0.7,18,0.9
4636,68,0.889185784631828,8,0.8,19,0.95
4637,68,0.9184257739435813,7,0.7,16,0.8
4638,68,0.937550101156621,9,0.9,17,0.85
4639,68,0.9141886475550636,9,0.9,18,0.9
4640,68,0.8991487574913157,7,0.7,17,0.85
4641,68,0.8804061533763408,7,0.7,16,0.8
4642,68,0.926174752834294,8,0.8,16,0.8
4643,68,0.9278925067755849,7,0.7,15,0.75
4644,68,0.9348016948505554,6,0.6,19,0.95
4645,68,0.9218612818261632,8,0.8,17,0.85
4646,68,0.8977363820284765,6,0.6,16,0.8
4647,68,0.9276253006069396,7,0.7,17,0.85
4648,68,0.865709814100851,8,0.8,14,0.7
4649,68,0.8802534641371148,5,0.5,16,0.8
4650,68,0.8767797839447263,8,0.8,16,0.8
4651,68,0.8838034889491161,6,0.6,17,0.85
4652,68,0.8925831202046035,7,0.7,17,0.85
4653,68,0.9160209184257738,7,0.7,16,0.8
4654,68,0.904569225483834,7,0.7,18,0.9
4655,68,0.9038821239073175,7,0.7,17,0.85
4656,68,0.9243424819635836,7,0.7,15,0.75
4657,68,0.9155628507080962,6,0.6,16,0.8
4658,68,0.8928121540634422,6,0.6,13,0.65
4659,68,0.8937282894987975,8,0.8,18,0.9
4660,68,0.9131961675000954,7,0.7,16,0.8
4661,68,0.8970874527617665,7,0.7,16,0.8
4662,68,0.8825056304156964,7,0.7,16,0.8
4663,68,0.90342405618964,4,0.4,15,0.75
4664,68,0.8999503759972515,7,0.7,16,0.8
4665,68,0.9246860327518417,7,0.7,17,0.85
4666,68,0.8825819750353091,8,0.8,16,0.8
4667,68,0.9080429056762224,7,0.7,16,0.8
4668,68,0.9284269191128754,8,0.8,15,0.75
4669,68,0.9352215902584264,8,0.8,17,0.85
4670,68,0.9077375271977707,8,0.8,16,0.8
4671,68,0.8518150933312975,5,0.5,13,0.65
4672,68,0.9062488071153184,7,0.7,18,0.9
4673,68,0.9046837424132534,8,0.8,15,0.75
4674,68,0.9110966904607397,7,0.7,17,0.85
4675,68,0.9161736076649996,7,0.7,16,0.8
4676,68,0.87674161163492,6,0.6,18,0.9
4677,68,0.8578844905905255,8,0.8,15,0.75
4678,68,0.9308699469404893,7,0.7,17,0.85
4679,68,0.9226247280222927,6,0.6,18,0.9
4680,68,0.8745657899759515,8,0.8,17,0.85
4681,68,0.9336183532465548,7,0.7,16,0.8
4682,68,0.9022788868954459,7,0.7,17,0.85
4683,68,0.9189220139710653,8,0.8,17,0.85
4684,68,0.9170515707905484,8,0.8,16,0.8
4685,68,0.8865137229453754,9,0.9,17,0.85
4686,68,0.8968965912127342,7,0.7,17,0.85
4687,68,0.911363896629385,6,0.6,15,0.75
4688,68,0.8538000534412337,7,0.7,16,0.8
4689,68,0.9114020689391914,7,0.7,16,0.8
4690,68,0.8870481352826658,7,0.7,16,0.8
4691,68,0.9089590411115775,7,0.7,14,0.7
4692,68,0.8686872542657555,5,0.5,16,0.8
4693,68,0.8615490323319462,6,0.6,17,0.85
4694,68,0.8453639729740045,8,0.8,15,0.75
4695,68,0.8825819750353091,7,0.7,17,0.85
4696,68,0.9041111577661565,7,0.7,16,0.8
4697,68,0.926022063595068,7,0.7,15,0.75
4698,68,0.9337710424857808,8,0.8,15,0.75
4699,68,0.8871244799022788,5,0.5,15,0.75
4700,68,0.9164408138336448,6,0.6,18,0.9
4701,68,0.8525021949078138,7,0.7,16,0.8
4702,68,0.8841088674275679,7,0.7,16,0.8
4703,68,0.9110585181509332,7,0.7,18,0.9
4704,68,0.9083101118448677,5,0.5,16,0.8
4705,68,0.8666259495362065,7,0.7,18,0.9
4706,68,0.907355804099706,6,0.6,17,0.85
4707,68,0.8978127266480893,8,0.8,15,0.75
4708,68,0.8364698247890979,5,0.5,16,0.8
4709,68,0.9270527159598427,7,0.7,15,0.75
4710,68,0.926174752834294,7,0.7,18,0.9
4711,68,0.9041493300759628,8,0.8,15,0.75
4712,68,0.9398022674352025,8,0.8,17,0.85
4713,68,0.8849104859335039,7,0.7,15,0.75
4714,68,0.8744894453563384,7,0.7,14,0.7
4715,68,0.8636103370614955,7,0.7,15,0.75
4716,68,0.7760812306752681,8,0.8,17,0.85
4717,68,0.8345230369889682,6,0.6,14,0.7
4718,68,0.8629995801045919,7,0.7,15,0.75
4719,68,0.9086154903233195,6,0.6,15,0.75
4720,68,0.8634576478222697,7,0.7,16,0.8
4721,68,0.8323090430201929,8,0.8,16,0.8
4722,68,0.9230827957399701,7,0.7,16,0.8
4723,68,0.8700996297285948,7,0.7,18,0.9
4724,68,0.894262701836088,7,0.7,14,0.7
4725,68,0.8857884490590525,7,0.7,15,0.75
4726,68,0.8751383746230484,7,0.7,15,0.75
4727,68,0.9234645188380347,6,0.6,14,0.7
4728,68,0.8899110585181509,5,0.5,18,0.9
4729,68,0.9160209184257738,6,0.6,18,0.9
4730,68,0.9177386723670647,8,0.8,16,0.8
4731,68,0.8516242317822649,6,0.6,14,0.7
4732,68,0.8915906401496354,7,0.7,16,0.8
4733,68,0.823796617933351,6,0.6,14,0.7
4734,68,0.8487231362369736,7,0.7,15,0.75
4735,68,0.9048364316524792,7,0.7,16,0.8
4736,68,0.8332633507653547,5,0.5,16,0.8
4737,68,0.8344848646791617,6,0.6,13,0.65
4738,68,0.9071649425506736,6,0.6,17,0.85
4739,68,0.9243424819635836,9,0.9,17,0.85
4740,68,0.8566629766767188,6,0.6,15,0.75
4741,68,0.8904454708554415,8,0.8,15,0.75
4742,68,0.9302591899835857,5,0.5,16,0.8
4743,68,0.827384815055159,7,0.7,13,0.65
4744,68,0.9023170592052523,5,0.5,17,0.85
4745,68,0.9046837424132534,7,0.7,17,0.85
4746,68,0.9029278161621559,6,0.6,16,0.8
4747,68,0.8825819750353091,6,0.6,14,0.7
4748,68,0.9072794594800931,8,0.8,15,0.75
4749,68,0.8840706951177614,5,0.5,17,0.85
4750,68,0.9146848875825474,6,0.6,16,0.8
4751,68,0.8259342672825132,7,0.7,15,0.75
4752,68,0.8779249532389205,7,0.7,17,0.85
4753,68,0.8451349391151658,5,0.5,14,0.7
4754,68,0.8924304309653776,8,0.8,16,0.8
4755,68,0.9330075962896512,5,0.5,18,0.9
4756,68,0.9039202962171239,5,0.5,15,0.75
4757,68,0.9175096385082261,9,0.9,14,0.7
4758,68,0.8817803565293735,5,0.5,16,0.8
4759,68,0.8940336679772491,6,0.6,14,0.7
4760,68,0.9152192999198381,6,0.6,16,0.8
4761,68,0.8944917356949269,8,0.8,17,0.85
4762,68,0.8968584189029276,6,0.6,16,0.8
4763,68,0.9047600870328661,7,0.7,17,0.85
4764,68,0.8977363820284765,6,0.6,16,0.8
4765,68,0.81192502958354,7,0.7,17,0.85
4766,68,0.8470053822956827,6,0.6,15,0.75
4767,68,0.8503263732488452,6,0.6,15,0.75
4768,68,0.91800587853571,5,0.5,16,0.8
4769,68,0.8752147192426614,7,0.7,14,0.7
4770,68,0.8893003015612474,8,0.8,17,0.85
4771,68,0.8955223880597013,8,0.8,17,0.85
4772,68,0.920296217124098,8,0.8,15,0.75
4773,68,0.9049891208917051,9,0.9,13,0.65
4774,68,0.8608237584456235,9,0.9,18,0.9
4775,68,0.8984616559147994,4,0.4,17,0.85
4776,68,0.89640035118525,7,0.7,17,0.85
4777,68,0.8196358361644462,7,0.7,17,0.85
4778,68,0.9168225369317097,8,0.8,17,0.85
4779,68,0.8913997786006029,7,0.7,17,0.85
4780,68,0.9256403404970035,6,0.6,15,0.75
4781,68,0.8661297095087223,5,0.5,18,0.9
4782,68,0.9072031148604802,7,0.7,15,0.75
4783,68,0.9172042600297744,6,0.6,17,0.85
4784,68,0.8761308546780164,7,0.7,17,0.85
4785,68,0.9093407642096422,5,0.5,17,0.85
4786,68,0.9197236324770012,7,0.7,17,0.85
4787,68,0.8685727373363361,7,0.7,15,0.75
4788,68,0.8792609840821468,7,0.7,17,0.85
4789,68,0.9307172577012633,8,0.8,18,0.9
4790,68,0.9062488071153184,6,0.6,16,0.8
4791,68,0.8712829713325951,7,0.7,16,0.8
4792,68,0.90785204412719,7,0.7,16,0.8
4793,68,0.8670076726342709,8,0.8,14,0.7
4794,68,0.9002557544757033,6,0.6,16,0.8
4795,68,0.9269763713402298,7,0.7,14,0.7
4796,68,0.9137687521471923,7,0.7,16,0.8
4797,68,0.8983853112951864,6,0.6,17,0.85
4798,68,0.8884986830553117,7,0.7,16,0.8
4799,68,0.906057945566286,7,0.7,16,0.8
4800,68,0.9284269191128754,7,0.7,16,0.8
4801,68,0.8972783143107989,6,0.6,15,0.75
4802,68,0.9062869794251248,8,0.8,17,0.85
4803,68,0.8906363324044738,6,0.6,15,0.75
4804,68,0.9219376264457761,6,0.6,17,0.85
4805,68,0.9144176814139022,9,0.9,17,0.85
4806,68,0.9075466656487383,8,0.8,15,0.75
4807,68,0.9160972630453867,7,0.7,16,0.8
4808,68,0.9013245791502843,7,0.7,17,0.85
4809,68,0.8893003015612474,7,0.7,17,0.85
4810,68,0.9108676566019008,7,0.7,17,0.85
4811,68,0.8841852120471809,7,0.7,17,0.85
4812,68,0.8968965912127342,7,0.7,17,0.85
4813,68,0.8417757758521967,6,0.6,17,0.85
4814,68,0.9187693247318394,7,0.7,17,0.85
4815,68,0.9064396686643508,6,0.6,15,0.75
4816,68,0.911211207390159,6,0.6,17,0.85
4817,68,0.860136656869107,6,0.6,16,0.8
4818,68,0.8979272435775086,6,0.6,17,0.85
4819,68,0.9007138221933807,6,0.6,18,0.9
4820,68,0.8859411382982785,6,0.6,17,0.85
4821,68,0.886399206015956,7,0.7,18,0.9
4822,68,0.8899874031377637,7,0.7,16,0.8
4823,68,0.9493453448868191,9,0.9,17,0.85
4824,68,0.9179677062259036,7,0.7,17,0.85
4825,68,0.919227392449517,8,0.8,16,0.8
4826,68,0.8763980608466617,8,0.8,17,0.85
4827,68,0.8536091918922013,6,0.6,16,0.8
4828,68,0.9465205939611404,8,0.8,17,0.85
4829,68,0.8986525174638317,7,0.7,15,0.75
4830,68,0.8868572737336334,7,0.7,13,0.65
4831,68,0.9187693247318394,5,0.5,16,0.8
4832,68,0.8969347635225406,6,0.6,15,0.75
4833,68,0.9108294842920944,8,0.8,14,0.7
4834,68,0.907355804099706,7,0.7,17,0.85
4835,68,0.9133488567393211,8,0.8,14,0.7
4836,68,0.8169637744779935,7,0.7,14,0.7
4837,68,0.8745657899759515,8,0.8,15,0.75
4838,68,0.878230331717372,7,0.7,15,0.75
4839,68,0.8679238080696262,8,0.8,17,0.85
4840,68,0.9084628010840935,6,0.6,16,0.8
4841,68,0.8945680803145397,8,0.8,15,0.75
4842,68,0.8865900675649881,6,0.6,16,0.8
4843,68,0.9110966904607397,5,0.5,18,0.9
4844,68,0.8835744550902775,6,0.6,17,0.85
4845,68,0.8985761728442188,8,0.8,16,0.8
4846,68,0.9030041607817688,7,0.7,18,0.9
4847,68,0.9064778409741572,7,0.7,16,0.8
4848,68,0.8983853112951864,6,0.6,19,0.95
4849,68,0.8589914875749131,7,0.7,19,0.95
4850,68,0.8814368057411152,7,0.7,14,0.7
4851,68,0.9180440508455167,8,0.8,16,0.8
4852,68,0.9009428560522197,7,0.7,17,0.85
4853,68,0.918158567774936,6,0.6,18,0.9
4854,68,0.8646028171164637,6,0.6,17,0.85
4855,68,0.9354124518074589,9,0.9,15,0.75
4856,68,0.8381112341107759,7,0.7,16,0.8
4857,68,0.8738405160896285,6,0.6,14,0.7
4858,68,0.9185021185631943,7,0.7,17,0.85
4859,68,0.894339046455701,7,0.7,16,0.8
4860,68,0.86528991869298,7,0.7,18,0.9
4861,68,0.9288849868305531,7,0.7,17,0.85
4862,68,0.9110966904607397,6,0.6,17,0.85
4863,68,0.9080429056762224,6,0.6,17,0.85
4864,68,0.9011337176012519,8,0.8,16,0.8
4865,68,0.9140741306256441,6,0.6,16,0.8
4866,68,0.914646715272741,8,0.8,16,0.8
4867,68,0.9225102110928731,7,0.7,18,0.9
4868,68,0.8921632247967323,6,0.6,14,0.7
4869,68,0.8185670114898652,8,0.8,15,0.75
4870,68,0.8839943504981485,7,0.7,14,0.7
4871,68,0.904416536244608,9,0.9,16,0.8
4872,68,0.8930793602320877,9,0.9,18,0.9
4873,68,0.8535710195823949,7,0.7,14,0.7
4874,68,0.9191892201397106,8,0.8,16,0.8
4875,68,0.8894911631102796,7,0.7,15,0.75
4876,68,0.9050272932015114,9,0.9,16,0.8
4877,68,0.8984616559147994,8,0.8,17,0.85
4878,68,0.8999503759972515,7,0.7,16,0.8
4879,68,0.9301828453639728,8,0.8,16,0.8
4880,68,0.8965530404244759,7,0.7,14,0.7
4881,68,0.9231209680497765,6,0.6,17,0.85
4882,68,0.9289613314501658,6,0.6,17,0.85
4883,68,0.8926212925144099,6,0.6,15,0.75
4884,68,0.9279306790853914,8,0.8,16,0.8
4885,68,0.8492957208840706,7,0.7,14,0.7
4886,68,0.8914761232202159,8,0.8,17,0.85
4887,68,0.8592968660533647,5,0.5,16,0.8
4888,68,0.9018971637973813,6,0.6,17,0.85
4889,68,0.9252204450891323,8,0.8,17,0.85
4890,68,0.9155246783982898,7,0.7,16,0.8
4891,68,0.9064778409741572,8,0.8,17,0.85
4892,68,0.870939420544337,7,0.7,15,0.75
4893,68,0.937321067297782,9,0.9,17,0.85
4894,68,0.9085391457037065,6,0.6,18,0.9
4895,68,0.9015536130091232,5,0.5,16,0.8
4896,68,0.8794900179409856,7,0.7,16,0.8
4897,68,0.9177386723670647,7,0.7,17,0.85
4898,68,0.8899492308279573,7,0.7,14,0.7
4899,68,0.8777340916898881,6,0.6,15,0.75
4900,68,0.9088445241821582,7,0.7,14,0.7
4901,68,0.8913997786006029,7,0.7,15,0.75
4902,68,0.8498301332213611,7,0.7,15,0.75
4903,68,0.9244569988930028,9,0.9,17,0.85
4904,68,0.9179295339160971,9,0.9,17,0.85
4905,68,0.9001030652364773,7,0.7,17,0.85
4906,68,0.8630377524143985,5,0.5,14,0.7
4907,68,0.8723136236973699,7,0.7,14,0.7
4908,68,0.8534183303431689,6,0.6,16,0.8
4909,68,0.8921632247967323,9,0.9,16,0.8
4910,68,0.9208306294613886,8,0.8,16,0.8
4911,68,0.9049509485818985,6,0.6,17,0.85
4912,68,0.8907126770240866,7,0.7,16,0.8
4913,68,0.8557468412413634,5,0.5,14,0.7
4914,68,0.9138832690766117,6,0.6,15,0.75
4915,68,0.9179677062259036,6,0.6,16,0.8
4916,68,0.913005305951063,6,0.6,17,0.85
4917,68,0.9222811772340344,6,0.6,17,0.85
4918,68,0.848341413138909,6,0.6,15,0.75
4919,68,0.900484788334542,7,0.7,17,0.85
4920,68,0.8957895942283466,7,0.7,18,0.9
4921,68,0.926174752834294,7,0.7,18,0.9
4922,68,0.9044928808642211,7,0.7,17,0.85
4923,68,0.898919723632477,7,0.7,18,0.9
4924,68,0.8606328968965912,7,0.7,15,0.75
4925,68,0.8780394701683398,7,0.7,17,0.85
4926,68,0.8970874527617665,8,0.8,15,0.75
4927,68,0.911363896629385,7,0.7,15,0.75
4928,68,0.9246860327518417,8,0.8,16,0.8
4929,68,0.9309081192502957,6,0.6,17,0.85
4930,68,0.8957132496087337,5,0.5,15,0.75
4931,68,0.895331526510669,6,0.6,16,0.8
4932,68,0.85956407222201,7,0.7,16,0.8
4933,68,0.9097224873077069,6,0.6,18,0.9
4934,68,0.9164026415238384,8,0.8,16,0.8
4935,68,0.8849486582433103,6,0.6,15,0.75
4936,68,0.8867809291140205,6,0.6,16,0.8
4937,68,0.90342405618964,7,0.7,16,0.8
4938,68,0.876665267015307,6,0.6,17,0.85
4939,68,0.9160590907355802,6,0.6,17,0.85
4940,68,0.8675802572813679,8,0.8,16,0.8
4941,68,0.8191395961369622,7,0.7,16,0.8
4942,68,0.9394587166469441,7,0.7,17,0.85
4943,68,0.86528991869298,4,0.4,18,0.9
4944,68,0.8589533152651067,5,0.5,16,0.8
4945,68,0.8888040615337633,4,0.4,15,0.75
4946,68,0.9262510974539069,7,0.7,16,0.8
4947,68,0.8831545596824063,8,0.8,17,0.85
4948,68,0.8690308050540138,6,0.6,17,0.85
4949,68,0.9191128755200977,8,0.8,15,0.75
4950,68,0.8839943504981485,7,0.7,17,0.85
4951,68,0.9099896934763522,8,0.8,15,0.75
4952,68,0.9094171088292552,5,0.5,17,0.85
4953,68,0.8629995801045919,7,0.7,16,0.8
4954,68,0.9164789861434515,9,0.9,16,0.8
4955,68,0.8721609344581439,7,0.7,15,0.75
4956,68,0.8844905905256326,6,0.6,16,0.8
4957,68,0.8888422338435698,6,0.6,16,0.8
4958,68,0.9128907890216437,8,0.8,18,0.9
4959,68,0.9112493796999657,8,0.8,17,0.85
4960,68,0.9135397182883536,8,0.8,17,0.85
4961,68,0.9366721380310723,6,0.6,17,0.85
4962,68,0.8997213421384127,7,0.7,16,0.8
4963,68,0.9037294346680916,6,0.6,15,0.75
4964,68,0.8985380005344121,8,0.8,18,0.9
4965,68,0.9120891705157077,7,0.7,18,0.9
4966,68,0.9015917853189296,9,0.9,15,0.75
4967,68,0.8849104859335039,7,0.7,15,0.75
4968,68,0.8765889223956941,7,0.7,14,0.7
4969,68,0.9090735580409969,6,0.6,17,0.85
4970,68,0.9124708936137724,7,0.7,16,0.8
4971,68,0.8911325724319576,6,0.6,17,0.85
4972,68,0.8157422605641867,7,0.7,16,0.8
4973,68,0.859067832194526,5,0.5,17,0.85
4974,68,0.9158300568767415,7,0.7,17,0.85
4975,68,0.9097224873077069,8,0.8,15,0.75
4976,68,0.9426270183608809,7,0.7,18,0.9
4977,68,0.8912852616711836,8,0.8,15,0.75
4978,68,0.9229301065007444,9,0.9,15,0.75
4979,68,0.9195327709279687,8,0.8,15,0.75
4980,68,0.8722754513875635,6,0.6,17,0.85
4981,68,0.8951024926518302,6,0.6,16,0.8
4982,68,0.895331526510669,7,0.7,15,0.75
4983,68,0.9121273428255141,6,0.6,16,0.8
4984,68,0.8667404664656259,7,0.7,17,0.85
4985,68,0.9041875023857692,8,0.8,16,0.8
4986,68,0.8725044852464022,8,0.8,16,0.8
4987,68,0.9267473374813909,7,0.7,16,0.8
4988,68,0.9005993052639614,6,0.6,14,0.7
4989,68,0.8917051570790548,6,0.6,16,0.8
4990,68,0.8993396190403479,6,0.6,16,0.8
4991,68,0.863801198610528,7,0.7,15,0.75
4992,68,0.9128526167118373,9,0.9,15,0.75
4993,68,0.9109440012215138,7,0.7,17,0.85
4994,68,0.9053708439897697,7,0.7,16,0.8
4995,68,0.9302591899835857,8,0.8,14,0.7
4996,68,0.8667786387754323,7,0.7,14,0.7
4997,68,0.9063633240447377,6,0.6,16,0.8
4998,68,0.8540290873000725,6,0.6,13,0.65
4999,68,0.8920105355575065,7,0.7,16,0.8
5000,68,0.889605680039699,7,0.7,15,0.75
